
*** Running vivado
    with args -log tangerineA7_100_wrapper.vdi -applog -m64 -product Vivado -messageDb vivado.pb -mode batch -source tangerineA7_100_wrapper.tcl -notrace



****** Vivado v2023.1 (64-bit)
  **** SW Build 3865809 on Sun May  7 15:05:29 MDT 2023
  **** IP Build 3864474 on Sun May  7 20:36:21 MDT 2023
  **** SharedData Build 3865790 on Sun May 07 13:33:03 MDT 2023
    ** Copyright 1986-2022 Xilinx, Inc. All Rights Reserved.
    ** Copyright 2022-2023 Advanced Micro Devices, Inc. All Rights Reserved.

source tangerineA7_100_wrapper.tcl -notrace
Command: link_design -top tangerineA7_100_wrapper -part xc7a100tfgg676-1
Design is defaulting to srcset: sources_1
Design is defaulting to constrset: constrs_1
INFO: [Device 21-403] Loading part xc7a100tfgg676-1
INFO: [Project 1-454] Reading design checkpoint 'c:/Users/qubeck/Documents/Development/ProjektyVHDL/WukongBoard/tangerineA7_100/tangerineA7_100.gen/sources_1/ip/mig_7series_tangerine/mig_7series_tangerine.dcp' for cell 'tangerineA7_100_i/tangerineMIGWrapper_0/inst/tangerineMIGInst'
INFO: [Project 1-454] Reading design checkpoint 'c:/Users/qubeck/Documents/Development/ProjektyVHDL/WukongBoard/tangerineA7_100/tangerineA7_100.gen/sources_1/ip/dmaCh2BufRam/dmaCh2BufRam.dcp' for cell 'tangerineA7_100_i/tangerineSOC_0/inst/dmaCh2BufRamInst'
INFO: [Project 1-454] Reading design checkpoint 'c:/Users/qubeck/Documents/Development/ProjektyVHDL/WukongBoard/tangerineA7_100/tangerineA7_100.gen/sources_1/ip/fastRam/fastRam.dcp' for cell 'tangerineA7_100_i/tangerineSOC_0/inst/fastRamInst'
INFO: [Project 1-454] Reading design checkpoint 'c:/Users/qubeck/Documents/Development/ProjektyVHDL/WukongBoard/tangerineA7_100/tangerineA7_100.gen/sources_1/ip/systemRam/systemRam.dcp' for cell 'tangerineA7_100_i/tangerineSOC_0/inst/systemRamInst'
INFO: [Project 1-454] Reading design checkpoint 'c:/Users/qubeck/Documents/Development/ProjektyVHDL/WukongBoard/tangerineA7_100/tangerineA7_100.gen/sources_1/ip/uartFiFo/uartFiFo.dcp' for cell 'tangerineA7_100_i/tangerineSOC_0/inst/UARTInst/rxFiFoInst'
INFO: [Project 1-454] Reading design checkpoint 'c:/Users/qubeck/Documents/Development/ProjektyVHDL/WukongBoard/tangerineA7_100/tangerineA7_100.gen/sources_1/ip/cacheDataRam/cacheDataRam.dcp' for cell 'tangerineA7_100_i/tangerineSOC_0/inst/axiDMAInst/cacheDataRamW0Inst'
INFO: [Project 1-454] Reading design checkpoint 'c:/Users/qubeck/Documents/Development/ProjektyVHDL/WukongBoard/tangerineA7_100/tangerineA7_100.gen/sources_1/ip/cacheTagRam/cacheTagRam.dcp' for cell 'tangerineA7_100_i/tangerineSOC_0/inst/axiDMAInst/cacheTagRamW0Inst'
INFO: [Project 1-454] Reading design checkpoint 'c:/Users/qubeck/Documents/Development/ProjektyVHDL/WukongBoard/tangerineA7_100/tangerineA7_100.gen/sources_1/ip/dmaCh1BufRam/dmaCh1BufRam.dcp' for cell 'tangerineA7_100_i/tangerineSOC_0/inst/axiDMAInst/dmaCh1BufRamInst'
INFO: [Project 1-454] Reading design checkpoint 'c:/Users/qubeck/Documents/Development/ProjektyVHDL/WukongBoard/tangerineA7_100/tangerineA7_100.gen/sources_1/ip/fpAddSub/fpAddSub.dcp' for cell 'tangerineA7_100_i/tangerineSOC_0/inst/fpAluInst/fpAddSubInst'
INFO: [Project 1-454] Reading design checkpoint 'c:/Users/qubeck/Documents/Development/ProjektyVHDL/WukongBoard/tangerineA7_100/tangerineA7_100.gen/sources_1/ip/fpDiv/fpDiv.dcp' for cell 'tangerineA7_100_i/tangerineSOC_0/inst/fpAluInst/fpDivInst'
INFO: [Project 1-454] Reading design checkpoint 'c:/Users/qubeck/Documents/Development/ProjektyVHDL/WukongBoard/tangerineA7_100/tangerineA7_100.gen/sources_1/ip/fpMul/fpMul.dcp' for cell 'tangerineA7_100_i/tangerineSOC_0/inst/fpAluInst/fpMulinst'
INFO: [Project 1-454] Reading design checkpoint 'c:/Users/qubeck/Documents/Development/ProjektyVHDL/WukongBoard/tangerineA7_100/tangerineA7_100.gen/sources_1/ip/ps2ControllerFifo/ps2ControllerFifo.dcp' for cell 'tangerineA7_100_i/tangerineSOC_0/inst/ps2HostInst/ps2aFifoInst'
INFO: [Project 1-454] Reading design checkpoint 'c:/Users/qubeck/Documents/Development/ProjektyVHDL/WukongBoard/tangerineA7_100/tangerineA7_100.gen/sources_1/ip/fontPROM/fontPROM.dcp' for cell 'tangerineA7_100_i/tangerineSOC_0/inst/vgaInst/fontPromInst'
Netlist sorting complete. Time (s): cpu = 00:00:00 ; elapsed = 00:00:00.320 . Memory (MB): peak = 2139.996 ; gain = 0.000
INFO: [Netlist 29-17] Analyzing 2299 Unisim elements for replacement
INFO: [Netlist 29-28] Unisim Transformation completed in 1 CPU seconds
INFO: [Project 1-479] Netlist was created with Vivado 2023.1
INFO: [Project 1-570] Preparing netlist for logic optimization
Parsing XDC File [c:/Users/qubeck/Documents/Development/ProjektyVHDL/WukongBoard/tangerineA7_100/tangerineA7_100.gen/sources_1/bd/tangerineA7_100/ip/tangerineA7_100_clk_wiz_0_0/tangerineA7_100_clk_wiz_0_0_board.xdc] for cell 'tangerineA7_100_i/clk_wiz_0/inst'
Finished Parsing XDC File [c:/Users/qubeck/Documents/Development/ProjektyVHDL/WukongBoard/tangerineA7_100/tangerineA7_100.gen/sources_1/bd/tangerineA7_100/ip/tangerineA7_100_clk_wiz_0_0/tangerineA7_100_clk_wiz_0_0_board.xdc] for cell 'tangerineA7_100_i/clk_wiz_0/inst'
Parsing XDC File [c:/Users/qubeck/Documents/Development/ProjektyVHDL/WukongBoard/tangerineA7_100/tangerineA7_100.gen/sources_1/bd/tangerineA7_100/ip/tangerineA7_100_clk_wiz_0_0/tangerineA7_100_clk_wiz_0_0.xdc] for cell 'tangerineA7_100_i/clk_wiz_0/inst'
Finished Parsing XDC File [c:/Users/qubeck/Documents/Development/ProjektyVHDL/WukongBoard/tangerineA7_100/tangerineA7_100.gen/sources_1/bd/tangerineA7_100/ip/tangerineA7_100_clk_wiz_0_0/tangerineA7_100_clk_wiz_0_0.xdc] for cell 'tangerineA7_100_i/clk_wiz_0/inst'
Parsing XDC File [c:/Users/qubeck/Documents/Development/ProjektyVHDL/WukongBoard/tangerineA7_100/tangerineA7_100.gen/sources_1/bd/tangerineA7_100/ip/tangerineA7_100_clk_wiz_1_0/tangerineA7_100_clk_wiz_1_0_board.xdc] for cell 'tangerineA7_100_i/clk_wiz_1/inst'
Finished Parsing XDC File [c:/Users/qubeck/Documents/Development/ProjektyVHDL/WukongBoard/tangerineA7_100/tangerineA7_100.gen/sources_1/bd/tangerineA7_100/ip/tangerineA7_100_clk_wiz_1_0/tangerineA7_100_clk_wiz_1_0_board.xdc] for cell 'tangerineA7_100_i/clk_wiz_1/inst'
Parsing XDC File [c:/Users/qubeck/Documents/Development/ProjektyVHDL/WukongBoard/tangerineA7_100/tangerineA7_100.gen/sources_1/bd/tangerineA7_100/ip/tangerineA7_100_clk_wiz_1_0/tangerineA7_100_clk_wiz_1_0.xdc] for cell 'tangerineA7_100_i/clk_wiz_1/inst'
Finished Parsing XDC File [c:/Users/qubeck/Documents/Development/ProjektyVHDL/WukongBoard/tangerineA7_100/tangerineA7_100.gen/sources_1/bd/tangerineA7_100/ip/tangerineA7_100_clk_wiz_1_0/tangerineA7_100_clk_wiz_1_0.xdc] for cell 'tangerineA7_100_i/clk_wiz_1/inst'
Parsing XDC File [c:/Users/qubeck/Documents/Development/ProjektyVHDL/WukongBoard/tangerineA7_100/tangerineA7_100.gen/sources_1/bd/tangerineA7_100/ip/tangerineA7_100_system_ila_0_0/bd_0/ip/ip_0/ila_v6_2/constraints/ila_impl.xdc] for cell 'tangerineA7_100_i/system_ila_0/inst/ila_lib/inst'
Finished Parsing XDC File [c:/Users/qubeck/Documents/Development/ProjektyVHDL/WukongBoard/tangerineA7_100/tangerineA7_100.gen/sources_1/bd/tangerineA7_100/ip/tangerineA7_100_system_ila_0_0/bd_0/ip/ip_0/ila_v6_2/constraints/ila_impl.xdc] for cell 'tangerineA7_100_i/system_ila_0/inst/ila_lib/inst'
Parsing XDC File [c:/Users/qubeck/Documents/Development/ProjektyVHDL/WukongBoard/tangerineA7_100/tangerineA7_100.gen/sources_1/bd/tangerineA7_100/ip/tangerineA7_100_system_ila_0_0/bd_0/ip/ip_0/ila_v6_2/constraints/ila.xdc] for cell 'tangerineA7_100_i/system_ila_0/inst/ila_lib/inst'
Finished Parsing XDC File [c:/Users/qubeck/Documents/Development/ProjektyVHDL/WukongBoard/tangerineA7_100/tangerineA7_100.gen/sources_1/bd/tangerineA7_100/ip/tangerineA7_100_system_ila_0_0/bd_0/ip/ip_0/ila_v6_2/constraints/ila.xdc] for cell 'tangerineA7_100_i/system_ila_0/inst/ila_lib/inst'
Parsing XDC File [c:/Users/qubeck/Documents/Development/ProjektyVHDL/WukongBoard/tangerineA7_100/tangerineA7_100.gen/sources_1/bd/tangerineA7_100/ip/tangerineA7_100_clk_wiz_2_0/tangerineA7_100_clk_wiz_2_0_board.xdc] for cell 'tangerineA7_100_i/clk_wiz_2/inst'
Finished Parsing XDC File [c:/Users/qubeck/Documents/Development/ProjektyVHDL/WukongBoard/tangerineA7_100/tangerineA7_100.gen/sources_1/bd/tangerineA7_100/ip/tangerineA7_100_clk_wiz_2_0/tangerineA7_100_clk_wiz_2_0_board.xdc] for cell 'tangerineA7_100_i/clk_wiz_2/inst'
Parsing XDC File [c:/Users/qubeck/Documents/Development/ProjektyVHDL/WukongBoard/tangerineA7_100/tangerineA7_100.gen/sources_1/bd/tangerineA7_100/ip/tangerineA7_100_clk_wiz_2_0/tangerineA7_100_clk_wiz_2_0.xdc] for cell 'tangerineA7_100_i/clk_wiz_2/inst'
Finished Parsing XDC File [c:/Users/qubeck/Documents/Development/ProjektyVHDL/WukongBoard/tangerineA7_100/tangerineA7_100.gen/sources_1/bd/tangerineA7_100/ip/tangerineA7_100_clk_wiz_2_0/tangerineA7_100_clk_wiz_2_0.xdc] for cell 'tangerineA7_100_i/clk_wiz_2/inst'
Parsing XDC File [c:/Users/qubeck/Documents/Development/ProjektyVHDL/WukongBoard/tangerineA7_100/tangerineA7_100.gen/sources_1/ip/uartFiFo/uartFiFo.xdc] for cell 'tangerineA7_100_i/tangerineSOC_0/inst/UARTInst/rxFiFoInst/U0'
Finished Parsing XDC File [c:/Users/qubeck/Documents/Development/ProjektyVHDL/WukongBoard/tangerineA7_100/tangerineA7_100.gen/sources_1/ip/uartFiFo/uartFiFo.xdc] for cell 'tangerineA7_100_i/tangerineSOC_0/inst/UARTInst/rxFiFoInst/U0'
Parsing XDC File [c:/Users/qubeck/Documents/Development/ProjektyVHDL/WukongBoard/tangerineA7_100/tangerineA7_100.gen/sources_1/ip/mig_7series_tangerine/mig_7series_tangerine/user_design/constraints/mig_7series_tangerine.xdc] for cell 'tangerineA7_100_i/tangerineMIGWrapper_0/inst/tangerineMIGInst'
Finished Parsing XDC File [c:/Users/qubeck/Documents/Development/ProjektyVHDL/WukongBoard/tangerineA7_100/tangerineA7_100.gen/sources_1/ip/mig_7series_tangerine/mig_7series_tangerine/user_design/constraints/mig_7series_tangerine.xdc] for cell 'tangerineA7_100_i/tangerineMIGWrapper_0/inst/tangerineMIGInst'
Parsing XDC File [c:/Users/qubeck/Documents/Development/ProjektyVHDL/WukongBoard/tangerineA7_100/tangerineA7_100.gen/sources_1/ip/ps2ControllerFifo/ps2ControllerFifo.xdc] for cell 'tangerineA7_100_i/tangerineSOC_0/inst/ps2HostInst/ps2aFifoInst/U0'
Finished Parsing XDC File [c:/Users/qubeck/Documents/Development/ProjektyVHDL/WukongBoard/tangerineA7_100/tangerineA7_100.gen/sources_1/ip/ps2ControllerFifo/ps2ControllerFifo.xdc] for cell 'tangerineA7_100_i/tangerineSOC_0/inst/ps2HostInst/ps2aFifoInst/U0'
Parsing XDC File [c:/Users/qubeck/Documents/Development/ProjektyVHDL/WukongBoard/tangerineA7_100/tangerineA7_100.gen/sources_1/ip/ps2ControllerFifo/ps2ControllerFifo.xdc] for cell 'tangerineA7_100_i/tangerineSOC_0/inst/ps2HostInst/ps2bFifoInst/U0'
Finished Parsing XDC File [c:/Users/qubeck/Documents/Development/ProjektyVHDL/WukongBoard/tangerineA7_100/tangerineA7_100.gen/sources_1/ip/ps2ControllerFifo/ps2ControllerFifo.xdc] for cell 'tangerineA7_100_i/tangerineSOC_0/inst/ps2HostInst/ps2bFifoInst/U0'
Parsing XDC File [C:/Users/qubeck/Documents/Development/ProjektyVHDL/WukongBoard/tangerineA7_100/tangerineA7_100.srcs/constrs_1/new/tangerineA7_100.xdc]
Finished Parsing XDC File [C:/Users/qubeck/Documents/Development/ProjektyVHDL/WukongBoard/tangerineA7_100/tangerineA7_100.srcs/constrs_1/new/tangerineA7_100.xdc]
Parsing XDC File [c:/Users/qubeck/Documents/Development/ProjektyVHDL/WukongBoard/tangerineA7_100/tangerineA7_100.gen/sources_1/bd/tangerineA7_100/ip/tangerineA7_100_clk_wiz_2_0/tangerineA7_100_clk_wiz_2_0_late.xdc] for cell 'tangerineA7_100_i/clk_wiz_2/inst'
Finished Parsing XDC File [c:/Users/qubeck/Documents/Development/ProjektyVHDL/WukongBoard/tangerineA7_100/tangerineA7_100.gen/sources_1/bd/tangerineA7_100/ip/tangerineA7_100_clk_wiz_2_0/tangerineA7_100_clk_wiz_2_0_late.xdc] for cell 'tangerineA7_100_i/clk_wiz_2/inst'
INFO: [Project 1-1714] 3 XPM XDC files have been applied to the design.
INFO: [Opt 31-138] Pushed 1 inverter(s) to 4 load pin(s).
Netlist sorting complete. Time (s): cpu = 00:00:00 ; elapsed = 00:00:00.020 . Memory (MB): peak = 2348.719 ; gain = 0.000
INFO: [Project 1-111] Unisim Transformation Summary:
  A total of 459 instances were transformed.
  CFGLUT5 => CFGLUT5 (SRL16E, SRLC32E): 316 instances
  IOBUF => IOBUF (IBUF, OBUFT): 4 instances
  IOBUFDS_INTERMDISABLE => IOBUFDS_INTERMDISABLE (IBUFDS_INTERMDISABLE_INT(x2), INV, OBUFTDS(x2)): 2 instances
  IOBUF_INTERMDISABLE => IOBUF_INTERMDISABLE (IBUF_INTERMDISABLE, OBUFT): 16 instances
  LUT6_2 => LUT6_2 (LUT5, LUT6): 24 instances
  OBUFDS => OBUFDS: 4 instances
  OBUFDS => OBUFDS_DUAL_BUF (INV, OBUFDS(x2)): 1 instance 
  RAM256X1S => RAM256X1S (MUXF7(x2), MUXF8, RAMS64E(x4)): 2 instances
  RAM32M => RAM32M (RAMD32(x6), RAMS32(x2)): 88 instances
  RAM32X1D => RAM32X1D (RAMD32(x2)): 2 instances

21 Infos, 0 Warnings, 0 Critical Warnings and 0 Errors encountered.
link_design completed successfully
link_design: Time (s): cpu = 00:00:10 ; elapsed = 00:00:11 . Memory (MB): peak = 2348.719 ; gain = 757.770
Command: opt_design
Attempting to get a license for feature 'Implementation' and/or device 'xc7a100t'
INFO: [Common 17-349] Got license for feature 'Implementation' and/or device 'xc7a100t'
Running DRC as a precondition to command opt_design

Starting DRC Task
INFO: [DRC 23-27] Running DRC with 2 threads
INFO: [Project 1-461] DRC finished with 0 Errors, 4 Warnings
INFO: [Project 1-462] Please refer to the DRC report (report_drc) for more information.

Time (s): cpu = 00:00:01 ; elapsed = 00:00:00.819 . Memory (MB): peak = 2357.781 ; gain = 9.062

Starting Cache Timing Information Task
INFO: [Timing 38-35] Done setting XDC timing constraints.
INFO: [Timing 38-2] Deriving generated clocks
Ending Cache Timing Information Task | Checksum: 1739c122b

Time (s): cpu = 00:00:06 ; elapsed = 00:00:05 . Memory (MB): peak = 2971.336 ; gain = 613.555

Starting Logic Optimization Task

Phase 1 Generate And Synthesize Debug Cores
INFO: [Chipscope 16-329] Generating Script for core instance : dbg_hub 
INFO: [IP_Flow 19-3806] Processing IP xilinx.com:ip:xsdbm:3.0 for cell dbg_hub_CV.
INFO: [Chipscope 16-469] Using cached IP synthesis design for IP xilinx.com:ip:xsdbm:3.0, cache-ID = 10835f4c21c0f31b.
Netlist sorting complete. Time (s): cpu = 00:00:00 ; elapsed = 00:00:00.028 . Memory (MB): peak = 3365.789 ; gain = 0.000
Phase 1 Generate And Synthesize Debug Cores | Checksum: 208eda4fd

Time (s): cpu = 00:00:03 ; elapsed = 00:00:16 . Memory (MB): peak = 3365.789 ; gain = 19.930

Phase 2 Retarget
INFO: [Opt 31-1566] Pulled 14 inverters resulting in an inversion of 96 pins
INFO: [Opt 31-138] Pushed 15 inverter(s) to 32 load pin(s).
INFO: [Opt 31-49] Retargeted 0 cell(s).
Phase 2 Retarget | Checksum: 1df33506c

Time (s): cpu = 00:00:04 ; elapsed = 00:00:17 . Memory (MB): peak = 3365.789 ; gain = 19.930
INFO: [Opt 31-389] Phase Retarget created 220 cells and removed 356 cells
INFO: [Opt 31-1021] In phase Retarget, 146 netlist objects are constrained preventing optimization. Please run opt_design with -debug_log to get more detail. 

Phase 3 Constant propagation
INFO: [Opt 31-138] Pushed 0 inverter(s) to 0 load pin(s).
Phase 3 Constant propagation | Checksum: 15a1fa112

Time (s): cpu = 00:00:04 ; elapsed = 00:00:17 . Memory (MB): peak = 3365.789 ; gain = 19.930
INFO: [Opt 31-389] Phase Constant propagation created 49 cells and removed 124 cells
INFO: [Opt 31-1021] In phase Constant propagation, 110 netlist objects are constrained preventing optimization. Please run opt_design with -debug_log to get more detail. 

Phase 4 Sweep
Phase 4 Sweep | Checksum: 1c4d4475e

Time (s): cpu = 00:00:05 ; elapsed = 00:00:17 . Memory (MB): peak = 3365.789 ; gain = 19.930
INFO: [Opt 31-389] Phase Sweep created 4 cells and removed 352 cells
INFO: [Opt 31-1021] In phase Sweep, 1783 netlist objects are constrained preventing optimization. Please run opt_design with -debug_log to get more detail. 

Phase 5 BUFG optimization
Phase 5 BUFG optimization | Checksum: 1c4d4475e

Time (s): cpu = 00:00:05 ; elapsed = 00:00:18 . Memory (MB): peak = 3365.789 ; gain = 19.930
INFO: [Opt 31-662] Phase BUFG optimization created 0 cells of which 0 are BUFGs and removed 0 cells.

Phase 6 Shift Register Optimization
INFO: [Opt 31-1064] SRL Remap converted 0 SRLs to 0 registers and converted 0 registers of register chains to 0 SRLs
Phase 6 Shift Register Optimization | Checksum: 189e03784

Time (s): cpu = 00:00:06 ; elapsed = 00:00:18 . Memory (MB): peak = 3365.789 ; gain = 19.930
INFO: [Opt 31-389] Phase Shift Register Optimization created 0 cells and removed 0 cells

Phase 7 Post Processing Netlist
Phase 7 Post Processing Netlist | Checksum: 117d30b04

Time (s): cpu = 00:00:06 ; elapsed = 00:00:18 . Memory (MB): peak = 3365.789 ; gain = 19.930
INFO: [Opt 31-389] Phase Post Processing Netlist created 0 cells and removed 0 cells
INFO: [Opt 31-1021] In phase Post Processing Netlist, 125 netlist objects are constrained preventing optimization. Please run opt_design with -debug_log to get more detail. 
Opt_design Change Summary
=========================


-------------------------------------------------------------------------------------------------------------------------
|  Phase                        |  #Cells created  |  #Cells Removed  |  #Constrained objects preventing optimizations  |
-------------------------------------------------------------------------------------------------------------------------
|  Retarget                     |             220  |             356  |                                            146  |
|  Constant propagation         |              49  |             124  |                                            110  |
|  Sweep                        |               4  |             352  |                                           1783  |
|  BUFG optimization            |               0  |               0  |                                              0  |
|  Shift Register Optimization  |               0  |               0  |                                              0  |
|  Post Processing Netlist      |               0  |               0  |                                            125  |
-------------------------------------------------------------------------------------------------------------------------



Starting Connectivity Check Task

Time (s): cpu = 00:00:00 ; elapsed = 00:00:00.047 . Memory (MB): peak = 3365.789 ; gain = 0.000
Ending Logic Optimization Task | Checksum: 117d30b04

Time (s): cpu = 00:00:06 ; elapsed = 00:00:18 . Memory (MB): peak = 3365.789 ; gain = 19.930

Starting Power Optimization Task
INFO: [Pwropt 34-132] Skipping clock gating for clocks with a period < 2.00 ns.
INFO: [Timing 38-35] Done setting XDC timing constraints.
Running Vector-less Activity Propagation...
INFO: [Pwropt 34-9] Applying IDT optimizations ...
INFO: [Pwropt 34-10] Applying ODC optimizations ...

Finished Running Vector-less Activity Propagation


Starting PowerOpt Patch Enables Task
INFO: [Pwropt 34-162] WRITE_MODE attribute of 21 BRAM(s) out of a total of 124 has been updated to save power. Run report_power_opt to get a complete listing of the BRAMs updated.
INFO: [Timing 38-35] Done setting XDC timing constraints.
INFO: [Pwropt 34-201] Structural ODC has moved 25 WE to EN ports
Number of BRAM Ports augmented: 15 newly gated: 34 Total Ports: 248
Number of Flops added for Enable Generation: 6

Ending PowerOpt Patch Enables Task | Checksum: 1ba7cb5d5

Time (s): cpu = 00:00:02 ; elapsed = 00:00:01 . Memory (MB): peak = 3866.691 ; gain = 0.000
Ending Power Optimization Task | Checksum: 1ba7cb5d5

Time (s): cpu = 00:00:13 ; elapsed = 00:00:08 . Memory (MB): peak = 3866.691 ; gain = 500.902

Starting Final Cleanup Task

Starting Logic Optimization Task
INFO: [Timing 38-35] Done setting XDC timing constraints.
Ending Logic Optimization Task | Checksum: 1bdb18c73

Time (s): cpu = 00:00:02 ; elapsed = 00:00:02 . Memory (MB): peak = 3866.691 ; gain = 0.000
Ending Final Cleanup Task | Checksum: 1bdb18c73

Time (s): cpu = 00:00:04 ; elapsed = 00:00:04 . Memory (MB): peak = 3866.691 ; gain = 0.000

Starting Netlist Obfuscation Task
Netlist sorting complete. Time (s): cpu = 00:00:00 ; elapsed = 00:00:00.010 . Memory (MB): peak = 3866.691 ; gain = 0.000
Ending Netlist Obfuscation Task | Checksum: 1bdb18c73

Time (s): cpu = 00:00:00 ; elapsed = 00:00:00.013 . Memory (MB): peak = 3866.691 ; gain = 0.000
INFO: [Common 17-83] Releasing license: Implementation
57 Infos, 0 Warnings, 0 Critical Warnings and 0 Errors encountered.
opt_design completed successfully
opt_design: Time (s): cpu = 00:00:31 ; elapsed = 00:00:37 . Memory (MB): peak = 3866.691 ; gain = 1517.973
INFO: [runtcl-4] Executing : report_drc -file tangerineA7_100_wrapper_drc_opted.rpt -pb tangerineA7_100_wrapper_drc_opted.pb -rpx tangerineA7_100_wrapper_drc_opted.rpx
Command: report_drc -file tangerineA7_100_wrapper_drc_opted.rpt -pb tangerineA7_100_wrapper_drc_opted.pb -rpx tangerineA7_100_wrapper_drc_opted.rpx
INFO: [IP_Flow 19-1839] IP Catalog is up to date.
INFO: [DRC 23-27] Running DRC with 2 threads
INFO: [Vivado_Tcl 2-168] The results of DRC are in file C:/Users/qubeck/Documents/Development/ProjektyVHDL/WukongBoard/tangerineA7_100/tangerineA7_100.runs/impl_2/tangerineA7_100_wrapper_drc_opted.rpt.
report_drc completed successfully
INFO: [Timing 38-35] Done setting XDC timing constraints.
INFO: [Timing 38-480] Writing timing data to binary archive.
Writing XDEF routing.
Writing XDEF routing logical nets.
Writing XDEF routing special nets.
Write XDEF Complete: Time (s): cpu = 00:00:00 ; elapsed = 00:00:00.073 . Memory (MB): peak = 3866.691 ; gain = 0.000
INFO: [Common 17-1381] The checkpoint 'C:/Users/qubeck/Documents/Development/ProjektyVHDL/WukongBoard/tangerineA7_100/tangerineA7_100.runs/impl_2/tangerineA7_100_wrapper_opt.dcp' has been generated.
INFO: [Chipscope 16-240] Debug cores have already been implemented
Command: place_design
Attempting to get a license for feature 'Implementation' and/or device 'xc7a100t'
INFO: [Common 17-349] Got license for feature 'Implementation' and/or device 'xc7a100t'
INFO: [DRC 23-27] Running DRC with 2 threads
INFO: [Vivado_Tcl 4-198] DRC finished with 0 Errors
INFO: [Vivado_Tcl 4-199] Please refer to the DRC report (report_drc) for more information.
Running DRC as a precondition to command place_design
INFO: [DRC 23-27] Running DRC with 2 threads
INFO: [Vivado_Tcl 4-198] DRC finished with 0 Errors, 23 Warnings, 1 Advisories
INFO: [Vivado_Tcl 4-199] Please refer to the DRC report (report_drc) for more information.

Starting Placer Task
INFO: [Place 30-611] Multithreading enabled for place_design using a maximum of 2 CPUs

Phase 1 Placer Initialization

Phase 1.1 Placer Initialization Netlist Sorting
Netlist sorting complete. Time (s): cpu = 00:00:00 ; elapsed = 00:00:00.011 . Memory (MB): peak = 3866.691 ; gain = 0.000
Phase 1.1 Placer Initialization Netlist Sorting | Checksum: 1424a7453

Time (s): cpu = 00:00:00 ; elapsed = 00:00:00.019 . Memory (MB): peak = 3866.691 ; gain = 0.000
Netlist sorting complete. Time (s): cpu = 00:00:00 ; elapsed = 00:00:00.010 . Memory (MB): peak = 3866.691 ; gain = 0.000

Phase 1.2 IO Placement/ Clock Placement/ Build Placer Device
Phase 1.2 IO Placement/ Clock Placement/ Build Placer Device | Checksum: f3259ee5

Time (s): cpu = 00:00:02 ; elapsed = 00:00:02 . Memory (MB): peak = 3866.691 ; gain = 0.000

Phase 1.3 Build Placer Netlist Model
Phase 1.3 Build Placer Netlist Model | Checksum: 1a71c5303

Time (s): cpu = 00:00:08 ; elapsed = 00:00:06 . Memory (MB): peak = 3866.691 ; gain = 0.000

Phase 1.4 Constrain Clocks/Macros
Phase 1.4 Constrain Clocks/Macros | Checksum: 1a71c5303

Time (s): cpu = 00:00:08 ; elapsed = 00:00:06 . Memory (MB): peak = 3866.691 ; gain = 0.000
Phase 1 Placer Initialization | Checksum: 1a71c5303

Time (s): cpu = 00:00:08 ; elapsed = 00:00:06 . Memory (MB): peak = 3866.691 ; gain = 0.000

Phase 2 Global Placement

Phase 2.1 Floorplanning
Phase 2.1 Floorplanning | Checksum: 1861e34db

Time (s): cpu = 00:00:10 ; elapsed = 00:00:07 . Memory (MB): peak = 3866.691 ; gain = 0.000

Phase 2.2 Update Timing before SLR Path Opt
Phase 2.2 Update Timing before SLR Path Opt | Checksum: fb300bae

Time (s): cpu = 00:00:12 ; elapsed = 00:00:08 . Memory (MB): peak = 3866.691 ; gain = 0.000

Phase 2.3 Post-Processing in Floorplanning
Phase 2.3 Post-Processing in Floorplanning | Checksum: fb300bae

Time (s): cpu = 00:00:12 ; elapsed = 00:00:08 . Memory (MB): peak = 3866.691 ; gain = 0.000

Phase 2.4 Global Placement Core

Phase 2.4.1 UpdateTiming Before Physical Synthesis
Phase 2.4.1 UpdateTiming Before Physical Synthesis | Checksum: 111b8f992

Time (s): cpu = 00:00:33 ; elapsed = 00:00:22 . Memory (MB): peak = 3866.691 ; gain = 0.000

Phase 2.4.2 Physical Synthesis In Placer
INFO: [Physopt 32-1035] Found 234 LUTNM shape to break, 799 LUT instances to create LUTNM shape
INFO: [Physopt 32-1044] Break lutnm for timing: one critical 82, two critical 152, total 234, new lutff created 3
INFO: [Physopt 32-1138] End 1 Pass. Optimized 570 nets or LUTs. Breaked 234 LUTs, combined 336 existing LUTs and moved 0 existing LUT
INFO: [Physopt 32-65] No nets found for high-fanout optimization.
INFO: [Physopt 32-232] Optimized 0 net. Created 0 new instance.
INFO: [Physopt 32-775] End 1 Pass. Optimized 0 net or cell. Created 0 new cell, deleted 0 existing cell and moved 0 existing cell
INFO: [Physopt 32-76] Pass 1. Identified 26 candidate nets for fanout optimization.
INFO: [Physopt 32-81] Processed net tangerineA7_100_i/tangerineSOC_0/inst/nekoRvInst/Q[16]. Replicated 4 times.
INFO: [Physopt 32-81] Processed net tangerineA7_100_i/tangerineSOC_0/inst/nekoRvInst/Q[17]. Replicated 4 times.
INFO: [Physopt 32-81] Processed net tangerineA7_100_i/tangerineSOC_0/inst/nekoRvInst/addra[2]. Replicated 9 times.
INFO: [Physopt 32-81] Processed net tangerineA7_100_i/tangerineSOC_0/inst/nekoRvInst/addra[3]. Replicated 7 times.
INFO: [Physopt 32-81] Processed net tangerineA7_100_i/tangerineSOC_0/inst/nekoRvInst/Q[3]. Replicated 10 times.
INFO: [Physopt 32-81] Processed net tangerineA7_100_i/tangerineSOC_0/inst/nekoRvInst/Q[9]. Replicated 6 times.
INFO: [Physopt 32-81] Processed net tangerineA7_100_i/tangerineSOC_0/inst/nekoRvInst/Q[4]. Replicated 9 times.
INFO: [Physopt 32-81] Processed net tangerineA7_100_i/tangerineSOC_0/inst/nekoRvInst/a_reg[6]_rep__0_0. Replicated 9 times.
INFO: [Physopt 32-81] Processed net tangerineA7_100_i/tangerineSOC_0/inst/nekoRvInst/Q[2]. Replicated 9 times.
INFO: [Physopt 32-81] Processed net tangerineA7_100_i/tangerineSOC_0/inst/nekoRvInst/Q[7]. Replicated 9 times.
INFO: [Physopt 32-81] Processed net tangerineA7_100_i/tangerineSOC_0/inst/nekoRvInst/Q[6]. Replicated 10 times.
INFO: [Physopt 32-81] Processed net tangerineA7_100_i/tangerineSOC_0/inst/nekoRvInst/Q[8]. Replicated 9 times.
INFO: [Physopt 32-81] Processed net tangerineA7_100_i/tangerineSOC_0/inst/nekoRvInst/Q[5]. Replicated 10 times.
INFO: [Physopt 32-81] Processed net tangerineA7_100_i/tangerineSOC_0/inst/nekoRvInst/dout_reg[31]_0[26]. Replicated 9 times.
INFO: [Physopt 32-81] Processed net tangerineA7_100_i/tangerineSOC_0/inst/nekoRvInst/dout_reg[31]_0[7]. Replicated 8 times.
INFO: [Physopt 32-81] Processed net tangerineA7_100_i/tangerineSOC_0/inst/nekoRvInst/dout_reg[31]_0[4]. Replicated 9 times.
INFO: [Physopt 32-81] Processed net tangerineA7_100_i/tangerineSOC_0/inst/nekoRvInst/dout_reg[31]_0[3]. Replicated 8 times.
INFO: [Physopt 32-81] Processed net tangerineA7_100_i/tangerineSOC_0/inst/nekoRvInst/dout_reg[31]_0[6]. Replicated 8 times.
INFO: [Physopt 32-81] Processed net tangerineA7_100_i/tangerineSOC_0/inst/nekoRvInst/Q[1]. Replicated 9 times.
INFO: [Physopt 32-81] Processed net tangerineA7_100_i/tangerineSOC_0/inst/nekoRvInst/dout_reg[31]_0[5]. Replicated 8 times.
INFO: [Physopt 32-81] Processed net tangerineA7_100_i/tangerineSOC_0/inst/nekoRvInst/dout_reg[31]_0[1]. Replicated 9 times.
INFO: [Physopt 32-81] Processed net tangerineA7_100_i/tangerineSOC_0/inst/nekoRvInst/Q[0]. Replicated 8 times.
INFO: [Physopt 32-81] Processed net tangerineA7_100_i/tangerineSOC_0/inst/nekoRvInst/dout_reg[31]_0[2]. Replicated 9 times.
INFO: [Physopt 32-81] Processed net tangerineA7_100_i/tangerineSOC_0/inst/nekoRvInst/a_reg[3]_rep__1_0. Replicated 9 times.
INFO: [Physopt 32-81] Processed net tangerineA7_100_i/tangerineSOC_0/inst/nekoRvInst/dout_reg[31]_0[0]. Replicated 9 times.
INFO: [Physopt 32-81] Processed net tangerineA7_100_i/tangerineSOC_0/inst/nekoRvInst/addra[0]. Replicated 9 times.
INFO: [Physopt 32-232] Optimized 26 nets. Created 217 new instances.
INFO: [Physopt 32-775] End 1 Pass. Optimized 26 nets or cells. Created 217 new cells, deleted 0 existing cell and moved 0 existing cell
Netlist sorting complete. Time (s): cpu = 00:00:00 ; elapsed = 00:00:00.114 . Memory (MB): peak = 3866.691 ; gain = 0.000
INFO: [Physopt 32-46] Identified 11 candidate nets for critical-cell optimization.
INFO: [Physopt 32-81] Processed net tangerineA7_100_i/tangerineSOC_0/inst/nekoRvInst/Q[22]. Replicated 2 times.
INFO: [Physopt 32-81] Processed net tangerineA7_100_i/tangerineSOC_0/inst/nekoRvInst/Q[20]. Replicated 2 times.
INFO: [Physopt 32-81] Processed net tangerineA7_100_i/tangerineSOC_0/inst/nekoRvInst/Q[21]. Replicated 2 times.
INFO: [Physopt 32-81] Processed net tangerineA7_100_i/tangerineSOC_0/inst/nekoRvInst/Q[19]. Replicated 2 times.
INFO: [Physopt 32-81] Processed net tangerineA7_100_i/tangerineSOC_0/inst/nekoRvInst/Q[18]. Replicated 2 times.
INFO: [Physopt 32-81] Processed net tangerineA7_100_i/tangerineSOC_0/inst/nekoRvInst/Q[15]. Replicated 2 times.
INFO: [Physopt 32-81] Processed net tangerineA7_100_i/tangerineSOC_0/inst/nekoRvInst/Q[12]. Replicated 3 times.
INFO: [Physopt 32-81] Processed net tangerineA7_100_i/tangerineSOC_0/inst/nekoRvInst/Q[11]. Replicated 3 times.
INFO: [Physopt 32-81] Processed net tangerineA7_100_i/tangerineSOC_0/inst/nekoRvInst/Q[14]. Replicated 2 times.
INFO: [Physopt 32-81] Processed net tangerineA7_100_i/tangerineSOC_0/inst/nekoRvInst/Q[10]. Replicated 3 times.
INFO: [Physopt 32-81] Processed net tangerineA7_100_i/tangerineSOC_0/inst/nekoRvInst/Q[13]. Replicated 2 times.
INFO: [Physopt 32-232] Optimized 11 nets. Created 25 new instances.
INFO: [Physopt 32-775] End 1 Pass. Optimized 11 nets or cells. Created 25 new cells, deleted 0 existing cell and moved 0 existing cell
Netlist sorting complete. Time (s): cpu = 00:00:00 ; elapsed = 00:00:00.059 . Memory (MB): peak = 3866.691 ; gain = 0.000
INFO: [Physopt 32-457] Pass 1. Identified 24 candidate cells for DSP register optimization.
INFO: [Physopt 32-665] Processed cell tangerineA7_100_i/tangerineSOC_0/inst/nekoRvInst/resultMulsu0__0. 15 registers were pushed out.
INFO: [Physopt 32-665] Processed cell tangerineA7_100_i/tangerineSOC_0/inst/nekoRvInst/resultMulsu0. 15 registers were pushed out.
INFO: [Physopt 32-665] Processed cell tangerineA7_100_i/tangerineSOC_0/inst/nekoRvInst/resultMul0. 15 registers were pushed out.
INFO: [Physopt 32-665] Processed cell tangerineA7_100_i/tangerineSOC_0/inst/nekoRvInst/resultMul0__0. 15 registers were pushed out.
INFO: [Physopt 32-665] Processed cell tangerineA7_100_i/tangerineSOC_0/inst/nekoRvInst/resultMuluu0__0. 15 registers were pushed out.
INFO: [Physopt 32-665] Processed cell tangerineA7_100_i/tangerineSOC_0/inst/nekoRvInst/resultMuluu0__2. 17 registers were pushed out.
INFO: [Physopt 32-665] Processed cell tangerineA7_100_i/tangerineSOC_0/inst/nekoRvInst/resultMuluu0__1. 17 registers were pushed out.
INFO: [Physopt 32-665] Processed cell tangerineA7_100_i/tangerineSOC_0/inst/nekoRvInst/resultMulsu0__1. 17 registers were pushed out.
INFO: [Physopt 32-665] Processed cell tangerineA7_100_i/tangerineSOC_0/inst/nekoRvInst/resultMulsu0__2. 17 registers were pushed out.
INFO: [Physopt 32-665] Processed cell tangerineA7_100_i/tangerineSOC_0/inst/nekoRvInst/resultMuluu0. 15 registers were pushed out.
INFO: [Physopt 32-665] Processed cell tangerineA7_100_i/tangerineSOC_0/inst/nekoRvInst/resultMul0__2. 17 registers were pushed out.
INFO: [Physopt 32-665] Processed cell tangerineA7_100_i/tangerineSOC_0/inst/nekoRvInst/resultMul0__1. 17 registers were pushed out.
INFO: [Physopt 32-665] Processed cell tangerineA7_100_i/tangerineSOC_0/inst/nekoRvInst/resultMuluu0__1. 17 registers were pushed out.
INFO: [Physopt 32-665] Processed cell tangerineA7_100_i/tangerineSOC_0/inst/nekoRvInst/resultMul0. 17 registers were pushed out.
INFO: [Physopt 32-665] Processed cell tangerineA7_100_i/tangerineSOC_0/inst/nekoRvInst/resultMulsu0__1. 17 registers were pushed out.
INFO: [Physopt 32-665] Processed cell tangerineA7_100_i/tangerineSOC_0/inst/nekoRvInst/resultMuluu0__2. 15 registers were pushed out.
INFO: [Physopt 32-665] Processed cell tangerineA7_100_i/tangerineSOC_0/inst/nekoRvInst/resultMul0__0. 15 registers were pushed out.
INFO: [Physopt 32-665] Processed cell tangerineA7_100_i/tangerineSOC_0/inst/nekoRvInst/resultMulsu0__2. 15 registers were pushed out.
INFO: [Physopt 32-665] Processed cell tangerineA7_100_i/tangerineSOC_0/inst/nekoRvInst/resultMulsu0. 17 registers were pushed out.
INFO: [Physopt 32-665] Processed cell tangerineA7_100_i/tangerineSOC_0/inst/nekoRvInst/resultMul0__1. 17 registers were pushed out.
INFO: [Physopt 32-665] Processed cell tangerineA7_100_i/tangerineSOC_0/inst/nekoRvInst/resultMuluu0__0. 15 registers were pushed out.
INFO: [Physopt 32-665] Processed cell tangerineA7_100_i/tangerineSOC_0/inst/nekoRvInst/resultMuluu0. 17 registers were pushed out.
INFO: [Physopt 32-665] Processed cell tangerineA7_100_i/tangerineSOC_0/inst/nekoRvInst/resultMulsu0__0. 15 registers were pushed out.
INFO: [Physopt 32-665] Processed cell tangerineA7_100_i/tangerineSOC_0/inst/nekoRvInst/resultMul0__2. 15 registers were pushed out.
INFO: [Physopt 32-775] End 2 Pass. Optimized 24 nets or cells. Created 384 new cells, deleted 0 existing cell and moved 0 existing cell
Netlist sorting complete. Time (s): cpu = 00:00:00 ; elapsed = 00:00:00.031 . Memory (MB): peak = 3866.691 ; gain = 0.000
INFO: [Physopt 32-1123] No candidate cells found for Shift Register to Pipeline optimization
INFO: [Physopt 32-775] End 2 Pass. Optimized 0 net or cell. Created 0 new cell, deleted 0 existing cell and moved 0 existing cell
INFO: [Physopt 32-677] No candidate cells for Shift Register optimization found in the design
INFO: [Physopt 32-775] End 1 Pass. Optimized 0 net or cell. Created 0 new cell, deleted 0 existing cell and moved 0 existing cell
INFO: [Physopt 32-526] No candidate cells for BRAM register optimization found in the design
INFO: [Physopt 32-775] End 1 Pass. Optimized 0 net or cell. Created 0 new cell, deleted 0 existing cell and moved 0 existing cell
INFO: [Physopt 32-846] No candidate cells for URAM register optimization found in the design
INFO: [Physopt 32-775] End 1 Pass. Optimized 0 net or cell. Created 0 new cell, deleted 0 existing cell and moved 0 existing cell
INFO: [Physopt 32-846] No candidate cells for URAM register optimization found in the design
INFO: [Physopt 32-775] End 1 Pass. Optimized 0 net or cell. Created 0 new cell, deleted 0 existing cell and moved 0 existing cell
INFO: [Physopt 32-949] No candidate nets found for dynamic/static region interface net replication
INFO: [Physopt 32-775] End 1 Pass. Optimized 0 net or cell. Created 0 new cell, deleted 0 existing cell and moved 0 existing cell
Netlist sorting complete. Time (s): cpu = 00:00:00 ; elapsed = 00:00:00.010 . Memory (MB): peak = 3866.691 ; gain = 0.000

Summary of Physical Synthesis Optimizations
============================================


-----------------------------------------------------------------------------------------------------------------------------------------------------------
|  Optimization                                     |  Added Cells  |  Removed Cells  |  Optimized Cells/Nets  |  Dont Touch  |  Iterations  |  Elapsed   |
-----------------------------------------------------------------------------------------------------------------------------------------------------------
|  LUT Combining                                    |          234  |            336  |                   570  |           0  |           1  |  00:00:00  |
|  Retime                                           |            0  |              0  |                     0  |           0  |           1  |  00:00:00  |
|  Very High Fanout                                 |            0  |              0  |                     0  |           0  |           1  |  00:00:00  |
|  Fanout                                           |          217  |              0  |                    26  |           0  |           1  |  00:00:02  |
|  Critical Cell                                    |           25  |              0  |                    11  |           0  |           1  |  00:00:00  |
|  DSP Register                                     |          384  |              0  |                    24  |           0  |           1  |  00:00:01  |
|  Shift Register to Pipeline                       |            0  |              0  |                     0  |           0  |           1  |  00:00:00  |
|  Shift Register                                   |            0  |              0  |                     0  |           0  |           1  |  00:00:00  |
|  BRAM Register                                    |            0  |              0  |                     0  |           0  |           1  |  00:00:00  |
|  URAM Register                                    |            0  |              0  |                     0  |           0  |           1  |  00:00:00  |
|  Dynamic/Static Region Interface Net Replication  |            0  |              0  |                     0  |           0  |           1  |  00:00:00  |
|  Total                                            |          860  |            336  |                   631  |           0  |          11  |  00:00:04  |
-----------------------------------------------------------------------------------------------------------------------------------------------------------


Phase 2.4.2 Physical Synthesis In Placer | Checksum: 183d87b2e

Time (s): cpu = 00:00:39 ; elapsed = 00:00:27 . Memory (MB): peak = 3866.691 ; gain = 0.000
Phase 2.4 Global Placement Core | Checksum: 15164566d

Time (s): cpu = 00:00:40 ; elapsed = 00:00:28 . Memory (MB): peak = 3866.691 ; gain = 0.000
Phase 2 Global Placement | Checksum: 15164566d

Time (s): cpu = 00:00:40 ; elapsed = 00:00:28 . Memory (MB): peak = 3866.691 ; gain = 0.000

Phase 3 Detail Placement

Phase 3.1 Commit Multi Column Macros
Phase 3.1 Commit Multi Column Macros | Checksum: 1912c98b8

Time (s): cpu = 00:00:42 ; elapsed = 00:00:29 . Memory (MB): peak = 3866.691 ; gain = 0.000

Phase 3.2 Commit Most Macros & LUTRAMs
Phase 3.2 Commit Most Macros & LUTRAMs | Checksum: 1375cb27d

Time (s): cpu = 00:00:45 ; elapsed = 00:00:32 . Memory (MB): peak = 3866.691 ; gain = 0.000

Phase 3.3 Area Swap Optimization
Phase 3.3 Area Swap Optimization | Checksum: fa579e49

Time (s): cpu = 00:00:45 ; elapsed = 00:00:32 . Memory (MB): peak = 3866.691 ; gain = 0.000

Phase 3.4 Pipeline Register Optimization
Phase 3.4 Pipeline Register Optimization | Checksum: 132af638a

Time (s): cpu = 00:00:45 ; elapsed = 00:00:32 . Memory (MB): peak = 3866.691 ; gain = 0.000

Phase 3.5 Fast Optimization
Phase 3.5 Fast Optimization | Checksum: 10f800f35

Time (s): cpu = 00:00:56 ; elapsed = 00:00:45 . Memory (MB): peak = 3866.691 ; gain = 0.000

Phase 3.6 Small Shape Detail Placement
Phase 3.6 Small Shape Detail Placement | Checksum: 26ce50b9e

Time (s): cpu = 00:01:01 ; elapsed = 00:00:50 . Memory (MB): peak = 3866.691 ; gain = 0.000

Phase 3.7 Re-assign LUT pins
Phase 3.7 Re-assign LUT pins | Checksum: 29914afb8

Time (s): cpu = 00:01:02 ; elapsed = 00:00:51 . Memory (MB): peak = 3866.691 ; gain = 0.000

Phase 3.8 Pipeline Register Optimization
Phase 3.8 Pipeline Register Optimization | Checksum: 1987ebb71

Time (s): cpu = 00:01:02 ; elapsed = 00:00:51 . Memory (MB): peak = 3866.691 ; gain = 0.000

Phase 3.9 Fast Optimization
Phase 3.9 Fast Optimization | Checksum: 1a0db18fd

Time (s): cpu = 00:01:16 ; elapsed = 00:01:04 . Memory (MB): peak = 3866.691 ; gain = 0.000
Phase 3 Detail Placement | Checksum: 1a0db18fd

Time (s): cpu = 00:01:17 ; elapsed = 00:01:04 . Memory (MB): peak = 3866.691 ; gain = 0.000

Phase 4 Post Placement Optimization and Clean-Up

Phase 4.1 Post Commit Optimization
INFO: [Timing 38-35] Done setting XDC timing constraints.

Phase 4.1.1 Post Placement Optimization
Post Placement Optimization Initialization | Checksum: 11915dd08

Phase 4.1.1.1 BUFG Insertion

Starting Physical Synthesis Task

Phase 1 Physical Synthesis Initialization
INFO: [Physopt 32-721] Multithreading enabled for phys_opt_design using a maximum of 2 CPUs
INFO: [Physopt 32-619] Estimated Timing Summary | WNS=-7.787 | TNS=-5831.253 |
Phase 1 Physical Synthesis Initialization | Checksum: 18f90697a

Time (s): cpu = 00:00:02 ; elapsed = 00:00:01 . Memory (MB): peak = 3866.691 ; gain = 0.000
INFO: [Place 46-33] Processed net tangerineA7_100_i/tangerineSOC_0/inst/axiDMAInst/reset, BUFG insertion was skipped due to placement/routing conflicts.
INFO: [Place 46-56] BUFG insertion identified 1 candidate nets. Inserted BUFG: 0, Replicated BUFG Driver: 0, Skipped due to Placement/Routing Conflicts: 1, Skipped due to Timing Degradation: 0, Skipped due to netlist editing failed: 0.
Ending Physical Synthesis Task | Checksum: 18f90697a

Time (s): cpu = 00:00:03 ; elapsed = 00:00:02 . Memory (MB): peak = 3866.691 ; gain = 0.000
Phase 4.1.1.1 BUFG Insertion | Checksum: 11915dd08

Time (s): cpu = 00:01:26 ; elapsed = 00:01:11 . Memory (MB): peak = 3866.691 ; gain = 0.000

Phase 4.1.1.2 Post Placement Timing Optimization
INFO: [Place 30-746] Post Placement Timing Summary WNS=-7.305. For the most accurate timing information please run report_timing.
Phase 4.1.1.2 Post Placement Timing Optimization | Checksum: 16800054c

Time (s): cpu = 00:01:43 ; elapsed = 00:01:29 . Memory (MB): peak = 3866.691 ; gain = 0.000

Time (s): cpu = 00:01:43 ; elapsed = 00:01:29 . Memory (MB): peak = 3866.691 ; gain = 0.000
Phase 4.1 Post Commit Optimization | Checksum: 16800054c

Time (s): cpu = 00:01:44 ; elapsed = 00:01:29 . Memory (MB): peak = 3866.691 ; gain = 0.000

Phase 4.2 Post Placement Cleanup
Phase 4.2 Post Placement Cleanup | Checksum: 16800054c

Time (s): cpu = 00:01:44 ; elapsed = 00:01:29 . Memory (MB): peak = 3866.691 ; gain = 0.000

Phase 4.3 Placer Reporting

Phase 4.3.1 Print Estimated Congestion
INFO: [Place 30-612] Post-Placement Estimated Congestion 
 ____________________________________________________
|           | Global Congestion | Short Congestion  |
| Direction | Region Size       | Region Size       |
|___________|___________________|___________________|
|      North|                1x1|                2x2|
|___________|___________________|___________________|
|      South|                1x1|                4x4|
|___________|___________________|___________________|
|       East|                1x1|                2x2|
|___________|___________________|___________________|
|       West|                8x8|                8x8|
|___________|___________________|___________________|

Phase 4.3.1 Print Estimated Congestion | Checksum: 16800054c

Time (s): cpu = 00:01:44 ; elapsed = 00:01:29 . Memory (MB): peak = 3866.691 ; gain = 0.000
Phase 4.3 Placer Reporting | Checksum: 16800054c

Time (s): cpu = 00:01:44 ; elapsed = 00:01:30 . Memory (MB): peak = 3866.691 ; gain = 0.000

Phase 4.4 Final Placement Cleanup
Netlist sorting complete. Time (s): cpu = 00:00:00 ; elapsed = 00:00:00.018 . Memory (MB): peak = 3866.691 ; gain = 0.000

Time (s): cpu = 00:01:44 ; elapsed = 00:01:30 . Memory (MB): peak = 3866.691 ; gain = 0.000
Phase 4 Post Placement Optimization and Clean-Up | Checksum: da293ab2

Time (s): cpu = 00:01:44 ; elapsed = 00:01:30 . Memory (MB): peak = 3866.691 ; gain = 0.000
Ending Placer Task | Checksum: 97b2d099

Time (s): cpu = 00:01:44 ; elapsed = 00:01:30 . Memory (MB): peak = 3866.691 ; gain = 0.000
INFO: [Common 17-83] Releasing license: Implementation
168 Infos, 0 Warnings, 0 Critical Warnings and 0 Errors encountered.
place_design completed successfully
place_design: Time (s): cpu = 00:01:46 ; elapsed = 00:01:31 . Memory (MB): peak = 3866.691 ; gain = 0.000
INFO: [runtcl-4] Executing : report_io -file tangerineA7_100_wrapper_io_placed.rpt
report_io: Time (s): cpu = 00:00:00 ; elapsed = 00:00:00.054 . Memory (MB): peak = 3866.691 ; gain = 0.000
INFO: [runtcl-4] Executing : report_utilization -file tangerineA7_100_wrapper_utilization_placed.rpt -pb tangerineA7_100_wrapper_utilization_placed.pb
INFO: [runtcl-4] Executing : report_control_sets -verbose -file tangerineA7_100_wrapper_control_sets_placed.rpt
report_control_sets: Time (s): cpu = 00:00:00 ; elapsed = 00:00:00.070 . Memory (MB): peak = 3866.691 ; gain = 0.000
INFO: [Timing 38-480] Writing timing data to binary archive.
Writing XDEF routing.
Writing XDEF routing logical nets.
Writing XDEF routing special nets.
Write XDEF Complete: Time (s): cpu = 00:00:05 ; elapsed = 00:00:02 . Memory (MB): peak = 3866.691 ; gain = 0.000
INFO: [Common 17-1381] The checkpoint 'C:/Users/qubeck/Documents/Development/ProjektyVHDL/WukongBoard/tangerineA7_100/tangerineA7_100.runs/impl_2/tangerineA7_100_wrapper_placed.dcp' has been generated.
write_checkpoint: Time (s): cpu = 00:00:08 ; elapsed = 00:00:05 . Memory (MB): peak = 3866.691 ; gain = 0.000
Command: phys_opt_design
Attempting to get a license for feature 'Implementation' and/or device 'xc7a100t'
INFO: [Common 17-349] Got license for feature 'Implementation' and/or device 'xc7a100t'

Starting Initial Update Timing Task

Time (s): cpu = 00:00:06 ; elapsed = 00:00:03 . Memory (MB): peak = 3866.691 ; gain = 0.000
INFO: [Vivado_Tcl 4-1435] PhysOpt_Tcl_Interface Runtime Before Starting Physical Synthesis Task | CPU: 6.00s |  WALL: 3.21s
Netlist sorting complete. Time (s): cpu = 00:00:00 ; elapsed = 00:00:00.012 . Memory (MB): peak = 3866.691 ; gain = 0.000

Starting Physical Synthesis Task

Phase 1 Physical Synthesis Initialization
INFO: [Physopt 32-721] Multithreading enabled for phys_opt_design using a maximum of 2 CPUs
INFO: [Physopt 32-619] Estimated Timing Summary | WNS=-7.305 | TNS=-5596.140 |
Phase 1 Physical Synthesis Initialization | Checksum: 107e3157d

Time (s): cpu = 00:00:04 ; elapsed = 00:00:02 . Memory (MB): peak = 3866.691 ; gain = 0.000
INFO: [Physopt 32-619] Estimated Timing Summary | WNS=-7.305 | TNS=-5596.140 |

Phase 2 DSP Register Optimization
INFO: [Physopt 32-456] No candidate cells for DSP register optimization found in the design.
INFO: [Physopt 32-775] End 2 Pass. Optimized 0 net or cell. Created 0 new cell, deleted 0 existing cell and moved 0 existing cell
Phase 2 DSP Register Optimization | Checksum: 107e3157d

Time (s): cpu = 00:00:04 ; elapsed = 00:00:02 . Memory (MB): peak = 3866.691 ; gain = 0.000

Phase 3 Critical Path Optimization
INFO: [Physopt 32-619] Estimated Timing Summary | WNS=-7.305 | TNS=-5596.140 |
INFO: [Physopt 32-702] Processed net tangerineA7_100_i/tangerineSOC_0/inst/vgaInst/pixelGenInst/pgLutLetterColor[23]. Optimizations did not improve timing on the net.
INFO: [Physopt 32-702] Processed net tangerineA7_100_i/clk_wiz_2/inst/clk162_5_tangerineA7_100_clk_wiz_2_0. Optimizations did not improve timing on the net.
INFO: [Physopt 32-710] Processed net tangerineA7_100_i/tangerineSOC_0/inst/vgaInst/pixelGenInst/pgLutLetterColor[23]_i_1_n_0. Critical path length was reduced through logic transformation on cell tangerineA7_100_i/tangerineSOC_0/inst/vgaInst/pixelGenInst/pgLutLetterColor[23]_i_1_comp.
INFO: [Physopt 32-735] Processed net tangerineA7_100_i/tangerineSOC_0/inst/vgaInst/pixelGenInst/pgLutBackgroundColor[23]_i_6_n_0. Optimization improves timing on the net.
INFO: [Physopt 32-619] Estimated Timing Summary | WNS=-7.219 | TNS=-5595.444 |
INFO: [Physopt 32-702] Processed net tangerineA7_100_i/tangerineSOC_0/inst/vgaInst/pixelGenInst/pgLutLetterColor[14]. Optimizations did not improve timing on the net.
INFO: [Physopt 32-710] Processed net tangerineA7_100_i/tangerineSOC_0/inst/vgaInst/pixelGenInst/pgLutLetterColor[14]_i_1_n_0. Critical path length was reduced through logic transformation on cell tangerineA7_100_i/tangerineSOC_0/inst/vgaInst/pixelGenInst/pgLutLetterColor[14]_i_1_comp.
INFO: [Physopt 32-735] Processed net tangerineA7_100_i/tangerineSOC_0/inst/vgaInst/pixelGenInst/pgLutBackgroundColor[23]_i_6_n_0. Optimization improves timing on the net.
INFO: [Physopt 32-619] Estimated Timing Summary | WNS=-7.211 | TNS=-5594.845 |
INFO: [Physopt 32-702] Processed net tangerineA7_100_i/tangerineSOC_0/inst/vgaInst/pixelGenInst/pgLutLetterColor[22]. Optimizations did not improve timing on the net.
INFO: [Physopt 32-710] Processed net tangerineA7_100_i/tangerineSOC_0/inst/vgaInst/pixelGenInst/pgLutLetterColor[22]_i_1_n_0. Critical path length was reduced through logic transformation on cell tangerineA7_100_i/tangerineSOC_0/inst/vgaInst/pixelGenInst/pgLutLetterColor[22]_i_1_comp.
INFO: [Physopt 32-735] Processed net tangerineA7_100_i/tangerineSOC_0/inst/vgaInst/pixelGenInst/pgLutBackgroundColor[23]_i_6_n_0. Optimization improves timing on the net.
INFO: [Physopt 32-619] Estimated Timing Summary | WNS=-7.208 | TNS=-5594.120 |
INFO: [Physopt 32-702] Processed net tangerineA7_100_i/tangerineSOC_0/inst/vgaInst/pixelGenInst/pgLutBackgroundColor[5]. Optimizations did not improve timing on the net.
INFO: [Physopt 32-710] Processed net tangerineA7_100_i/tangerineSOC_0/inst/vgaInst/pixelGenInst/p_0_in[5]. Critical path length was reduced through logic transformation on cell tangerineA7_100_i/tangerineSOC_0/inst/vgaInst/pixelGenInst/pgLutBackgroundColor[5]_i_1_comp.
INFO: [Physopt 32-735] Processed net tangerineA7_100_i/tangerineSOC_0/inst/vgaInst/pixelGenInst/pgLutBackgroundColor[23]_i_6_n_0. Optimization improves timing on the net.
INFO: [Physopt 32-619] Estimated Timing Summary | WNS=-7.205 | TNS=-5593.457 |
INFO: [Physopt 32-702] Processed net tangerineA7_100_i/tangerineSOC_0/inst/vgaInst/pixelGenInst/pgLutLetterColor[6]. Optimizations did not improve timing on the net.
INFO: [Physopt 32-710] Processed net tangerineA7_100_i/tangerineSOC_0/inst/vgaInst/pixelGenInst/pgLutLetterColor[6]_i_1_n_0. Critical path length was reduced through logic transformation on cell tangerineA7_100_i/tangerineSOC_0/inst/vgaInst/pixelGenInst/pgLutLetterColor[6]_i_1_comp.
INFO: [Physopt 32-735] Processed net tangerineA7_100_i/tangerineSOC_0/inst/vgaInst/pixelGenInst/pgLutBackgroundColor[23]_i_6_n_0. Optimization improves timing on the net.
INFO: [Physopt 32-619] Estimated Timing Summary | WNS=-7.203 | TNS=-5592.812 |
INFO: [Physopt 32-702] Processed net tangerineA7_100_i/tangerineSOC_0/inst/vgaInst/pixelGenInst/pgLutBackgroundColor[21]. Optimizations did not improve timing on the net.
INFO: [Physopt 32-710] Processed net tangerineA7_100_i/tangerineSOC_0/inst/vgaInst/pixelGenInst/p_0_in[21]. Critical path length was reduced through logic transformation on cell tangerineA7_100_i/tangerineSOC_0/inst/vgaInst/pixelGenInst/pgLutBackgroundColor[21]_i_1_comp.
INFO: [Physopt 32-735] Processed net tangerineA7_100_i/tangerineSOC_0/inst/vgaInst/pixelGenInst/pgLutBackgroundColor[23]_i_6_n_0. Optimization improves timing on the net.
INFO: [Physopt 32-619] Estimated Timing Summary | WNS=-7.196 | TNS=-5592.107 |
INFO: [Physopt 32-702] Processed net tangerineA7_100_i/tangerineSOC_0/inst/vgaInst/pixelGenInst/pgLutLetterColor[7]. Optimizations did not improve timing on the net.
INFO: [Physopt 32-710] Processed net tangerineA7_100_i/tangerineSOC_0/inst/vgaInst/pixelGenInst/pgLutLetterColor[7]_i_1_n_0. Critical path length was reduced through logic transformation on cell tangerineA7_100_i/tangerineSOC_0/inst/vgaInst/pixelGenInst/pgLutLetterColor[7]_i_1_comp.
INFO: [Physopt 32-735] Processed net tangerineA7_100_i/tangerineSOC_0/inst/vgaInst/pixelGenInst/pgLutBackgroundColor[23]_i_6_n_0. Optimization improves timing on the net.
INFO: [Physopt 32-619] Estimated Timing Summary | WNS=-7.192 | TNS=-5591.448 |
INFO: [Physopt 32-702] Processed net tangerineA7_100_i/tangerineSOC_0/inst/vgaInst/pixelGenInst/pgLutBackgroundColor[13]. Optimizations did not improve timing on the net.
INFO: [Physopt 32-710] Processed net tangerineA7_100_i/tangerineSOC_0/inst/vgaInst/pixelGenInst/p_0_in[13]. Critical path length was reduced through logic transformation on cell tangerineA7_100_i/tangerineSOC_0/inst/vgaInst/pixelGenInst/pgLutBackgroundColor[13]_i_1_comp.
INFO: [Physopt 32-735] Processed net tangerineA7_100_i/tangerineSOC_0/inst/vgaInst/pixelGenInst/pgLutBackgroundColor[23]_i_6_n_0. Optimization improves timing on the net.
INFO: [Physopt 32-619] Estimated Timing Summary | WNS=-7.101 | TNS=-5590.778 |
INFO: [Physopt 32-702] Processed net tangerineA7_100_i/tangerineSOC_0/inst/vgaInst/pixelGenInst/pgLutLetterColor[15]. Optimizations did not improve timing on the net.
INFO: [Physopt 32-710] Processed net tangerineA7_100_i/tangerineSOC_0/inst/vgaInst/pixelGenInst/pgLutLetterColor[15]_i_1_n_0. Critical path length was reduced through logic transformation on cell tangerineA7_100_i/tangerineSOC_0/inst/vgaInst/pixelGenInst/pgLutLetterColor[15]_i_1_comp.
INFO: [Physopt 32-735] Processed net tangerineA7_100_i/tangerineSOC_0/inst/vgaInst/pixelGenInst/pgLutBackgroundColor[23]_i_6_n_0. Optimization improves timing on the net.
INFO: [Physopt 32-619] Estimated Timing Summary | WNS=-7.011 | TNS=-5590.258 |
INFO: [Physopt 32-702] Processed net tangerineA7_100_i/tangerineSOC_0/inst/vgaInst/pixelGenInst/pgLutLetterColor[16]. Optimizations did not improve timing on the net.
INFO: [Physopt 32-710] Processed net tangerineA7_100_i/tangerineSOC_0/inst/vgaInst/pixelGenInst/pgLutLetterColor[16]_i_1_n_0. Critical path length was reduced through logic transformation on cell tangerineA7_100_i/tangerineSOC_0/inst/vgaInst/pixelGenInst/pgLutLetterColor[16]_i_1_comp.
INFO: [Physopt 32-735] Processed net tangerineA7_100_i/tangerineSOC_0/inst/vgaInst/pixelGenInst/pgLutBackgroundColor[23]_i_6_n_0. Optimization improves timing on the net.
INFO: [Physopt 32-619] Estimated Timing Summary | WNS=-7.008 | TNS=-5589.661 |
INFO: [Physopt 32-702] Processed net tangerineA7_100_i/tangerineSOC_0/inst/vgaInst/pixelGenInst/pgLutLetterColor[0]. Optimizations did not improve timing on the net.
INFO: [Physopt 32-710] Processed net tangerineA7_100_i/tangerineSOC_0/inst/vgaInst/pixelGenInst/pgLutLetterColor[0]_i_1_n_0. Critical path length was reduced through logic transformation on cell tangerineA7_100_i/tangerineSOC_0/inst/vgaInst/pixelGenInst/pgLutLetterColor[0]_i_1_comp.
INFO: [Physopt 32-735] Processed net tangerineA7_100_i/tangerineSOC_0/inst/vgaInst/pixelGenInst/pgLutBackgroundColor[23]_i_6_n_0. Optimization improves timing on the net.
INFO: [Physopt 32-619] Estimated Timing Summary | WNS=-6.984 | TNS=-5589.117 |
INFO: [Physopt 32-702] Processed net tangerineA7_100_i/tangerineSOC_0/inst/vgaInst/pixelGenInst/pgLutLetterColor[13]. Optimizations did not improve timing on the net.
INFO: [Physopt 32-710] Processed net tangerineA7_100_i/tangerineSOC_0/inst/vgaInst/pixelGenInst/pgLutLetterColor[13]_i_1_n_0. Critical path length was reduced through logic transformation on cell tangerineA7_100_i/tangerineSOC_0/inst/vgaInst/pixelGenInst/pgLutLetterColor[13]_i_1_comp.
INFO: [Physopt 32-735] Processed net tangerineA7_100_i/tangerineSOC_0/inst/vgaInst/pixelGenInst/pgLutBackgroundColor[23]_i_6_n_0. Optimization improves timing on the net.
INFO: [Physopt 32-619] Estimated Timing Summary | WNS=-6.983 | TNS=-5588.747 |
INFO: [Physopt 32-702] Processed net tangerineA7_100_i/tangerineSOC_0/inst/vgaInst/pixelGenInst/pgLutBackgroundColor[7]. Optimizations did not improve timing on the net.
INFO: [Physopt 32-710] Processed net tangerineA7_100_i/tangerineSOC_0/inst/vgaInst/pixelGenInst/p_0_in[7]. Critical path length was reduced through logic transformation on cell tangerineA7_100_i/tangerineSOC_0/inst/vgaInst/pixelGenInst/pgLutBackgroundColor[7]_i_1_comp.
INFO: [Physopt 32-735] Processed net tangerineA7_100_i/tangerineSOC_0/inst/vgaInst/pixelGenInst/pgLutBackgroundColor[23]_i_6_n_0. Optimization improves timing on the net.
INFO: [Physopt 32-619] Estimated Timing Summary | WNS=-6.980 | TNS=-5588.272 |
INFO: [Physopt 32-702] Processed net tangerineA7_100_i/tangerineSOC_0/inst/vgaInst/pixelGenInst/pgLutLetterColor[21]. Optimizations did not improve timing on the net.
INFO: [Physopt 32-710] Processed net tangerineA7_100_i/tangerineSOC_0/inst/vgaInst/pixelGenInst/pgLutLetterColor[21]_i_1_n_0. Critical path length was reduced through logic transformation on cell tangerineA7_100_i/tangerineSOC_0/inst/vgaInst/pixelGenInst/pgLutLetterColor[21]_i_1_comp.
INFO: [Physopt 32-735] Processed net tangerineA7_100_i/tangerineSOC_0/inst/vgaInst/pixelGenInst/pgLutBackgroundColor[23]_i_6_n_0. Optimization improves timing on the net.
INFO: [Physopt 32-619] Estimated Timing Summary | WNS=-6.978 | TNS=-5587.828 |
INFO: [Physopt 32-702] Processed net tangerineA7_100_i/tangerineSOC_0/inst/vgaInst/pixelGenInst/pgLutBackgroundColor[8]. Optimizations did not improve timing on the net.
INFO: [Physopt 32-710] Processed net tangerineA7_100_i/tangerineSOC_0/inst/vgaInst/pixelGenInst/p_0_in[8]. Critical path length was reduced through logic transformation on cell tangerineA7_100_i/tangerineSOC_0/inst/vgaInst/pixelGenInst/pgLutBackgroundColor[8]_i_1_comp.
INFO: [Physopt 32-735] Processed net tangerineA7_100_i/tangerineSOC_0/inst/vgaInst/pixelGenInst/pgLutBackgroundColor[23]_i_6_n_0. Optimization improves timing on the net.
INFO: [Physopt 32-619] Estimated Timing Summary | WNS=-6.975 | TNS=-5587.356 |
INFO: [Physopt 32-702] Processed net tangerineA7_100_i/tangerineSOC_0/inst/vgaInst/pixelGenInst/pgLutBackgroundColor[16]. Optimizations did not improve timing on the net.
INFO: [Physopt 32-710] Processed net tangerineA7_100_i/tangerineSOC_0/inst/vgaInst/pixelGenInst/p_0_in[16]. Critical path length was reduced through logic transformation on cell tangerineA7_100_i/tangerineSOC_0/inst/vgaInst/pixelGenInst/pgLutBackgroundColor[16]_i_1_comp.
INFO: [Physopt 32-735] Processed net tangerineA7_100_i/tangerineSOC_0/inst/vgaInst/pixelGenInst/pgLutBackgroundColor[23]_i_6_n_0. Optimization improves timing on the net.
INFO: [Physopt 32-619] Estimated Timing Summary | WNS=-6.911 | TNS=-5586.966 |
INFO: [Physopt 32-702] Processed net tangerineA7_100_i/tangerineSOC_0/inst/vgaInst/pixelGenInst/pgLutLetterColor[8]. Optimizations did not improve timing on the net.
INFO: [Physopt 32-134] Processed net tangerineA7_100_i/tangerineSOC_0/inst/vgaInst/pixelGenInst/pgLutBackgroundColor[23]_i_6_n_0. Rewiring did not optimize the net.
INFO: [Physopt 32-608] Optimized 1 net.  Swapped 24 pins.
INFO: [Physopt 32-735] Processed net tangerineA7_100_i/tangerineSOC_0/inst/vgaInst/pixelGenInst/pgLutBackgroundColor[23]_i_6_n_0. Optimization improves timing on the net.
INFO: [Physopt 32-619] Estimated Timing Summary | WNS=-6.873 | TNS=-5586.662 |
INFO: [Physopt 32-134] Processed net tangerineA7_100_i/tangerineSOC_0/inst/vgaInst/pixelGenInst/pgLutBackgroundColor[23]_i_6_n_0. Rewiring did not optimize the net.
INFO: [Physopt 32-702] Processed net tangerineA7_100_i/tangerineSOC_0/inst/vgaInst/pixelGenInst/pgLutBackgroundColor[23]_i_6_n_0. Optimizations did not improve timing on the net.
INFO: [Physopt 32-663] Processed net tangerineA7_100_i/tangerineSOC_0/inst/vgaInst/pixelGenInst/pgLutBackgroundColor[23]_i_9_n_0.  Re-placed instance tangerineA7_100_i/tangerineSOC_0/inst/vgaInst/pixelGenInst/pgLutBackgroundColor[23]_i_9
INFO: [Physopt 32-735] Processed net tangerineA7_100_i/tangerineSOC_0/inst/vgaInst/pixelGenInst/pgLutBackgroundColor[23]_i_9_n_0. Optimization improves timing on the net.
INFO: [Physopt 32-619] Estimated Timing Summary | WNS=-6.868 | TNS=-5586.677 |
INFO: [Physopt 32-601] Processed net tangerineA7_100_i/tangerineSOC_0/inst/vgaInst/pixelGenInst/pgLutBackgroundColor[23]_i_9_n_0. Net driver tangerineA7_100_i/tangerineSOC_0/inst/vgaInst/pixelGenInst/pgLutBackgroundColor[23]_i_9 was replaced.
INFO: [Physopt 32-735] Processed net tangerineA7_100_i/tangerineSOC_0/inst/vgaInst/pixelGenInst/pgLutBackgroundColor[23]_i_9_n_0. Optimization improves timing on the net.
INFO: [Physopt 32-619] Estimated Timing Summary | WNS=-6.861 | TNS=-5586.166 |
INFO: [Physopt 32-702] Processed net tangerineA7_100_i/tangerineSOC_0/inst/vgaInst/pixelGenGfxInst/FSM_onehot_pggState_reg_n_0_[13]. Optimizations did not improve timing on the net.
INFO: [Physopt 32-710] Processed net tangerineA7_100_i/tangerineSOC_0/inst/vgaInst/pixelGenGfxInst/FSM_onehot_pggState[36]_i_1_n_0. Critical path length was reduced through logic transformation on cell tangerineA7_100_i/tangerineSOC_0/inst/vgaInst/pixelGenGfxInst/FSM_onehot_pggState[36]_i_1_comp.
INFO: [Physopt 32-735] Processed net tangerineA7_100_i/tangerineSOC_0/inst/vgaInst/pixelGenGfxInst/FSM_onehot_pggState[36]_i_3_n_0. Optimization improves timing on the net.
INFO: [Physopt 32-619] Estimated Timing Summary | WNS=-6.860 | TNS=-5578.123 |
INFO: [Physopt 32-663] Processed net tangerineA7_100_i/tangerineSOC_0/inst/vgaInst/pixelGenInst/pgDisplayPtr_reg_n_0_[13].  Re-placed instance tangerineA7_100_i/tangerineSOC_0/inst/vgaInst/pixelGenInst/pgDisplayPtr_reg[13]
INFO: [Physopt 32-735] Processed net tangerineA7_100_i/tangerineSOC_0/inst/vgaInst/pixelGenInst/pgDisplayPtr_reg_n_0_[13]. Optimization improves timing on the net.
INFO: [Physopt 32-619] Estimated Timing Summary | WNS=-6.821 | TNS=-5578.180 |
INFO: [Physopt 32-663] Processed net tangerineA7_100_i/tangerineSOC_0/inst/vgaInst/pixelGenInst/pgDisplayPtr_reg_n_0_[4].  Re-placed instance tangerineA7_100_i/tangerineSOC_0/inst/vgaInst/pixelGenInst/pgDisplayPtr_reg[4]
INFO: [Physopt 32-735] Processed net tangerineA7_100_i/tangerineSOC_0/inst/vgaInst/pixelGenInst/pgDisplayPtr_reg_n_0_[4]. Optimization improves timing on the net.
INFO: [Physopt 32-619] Estimated Timing Summary | WNS=-6.793 | TNS=-5578.654 |
INFO: [Physopt 32-601] Processed net tangerineA7_100_i/tangerineSOC_0/inst/vgaInst/pixelGenInst/pgLutBackgroundColor[23]_i_11_n_0. Net driver tangerineA7_100_i/tangerineSOC_0/inst/vgaInst/pixelGenInst/pgLutBackgroundColor[23]_i_11 was replaced.
INFO: [Physopt 32-735] Processed net tangerineA7_100_i/tangerineSOC_0/inst/vgaInst/pixelGenInst/pgLutBackgroundColor[23]_i_11_n_0. Optimization improves timing on the net.
INFO: [Physopt 32-619] Estimated Timing Summary | WNS=-6.778 | TNS=-5578.229 |
INFO: [Physopt 32-702] Processed net tangerineA7_100_i/tangerineSOC_0/inst/vgaInst/pixelGenInst/pgDisplayPtr_reg_n_0_[4]. Optimizations did not improve timing on the net.
INFO: [Physopt 32-710] Processed net tangerineA7_100_i/tangerineSOC_0/inst/vgaInst/pixelGenInst/pgDisplayPtr[4]_i_1_n_0. Critical path length was reduced through logic transformation on cell tangerineA7_100_i/tangerineSOC_0/inst/vgaInst/pixelGenInst/pgDisplayPtr[4]_i_1_comp.
INFO: [Physopt 32-735] Processed net tangerineA7_100_i/tangerineSOC_0/inst/vgaInst/pixelGenInst/pgDisplayPtr[13]_i_6_n_0. Optimization improves timing on the net.
INFO: [Physopt 32-619] Estimated Timing Summary | WNS=-6.745 | TNS=-5577.474 |
INFO: [Physopt 32-663] Processed net tangerineA7_100_i/tangerineSOC_0/inst/vgaInst/pixelGenInst/pgLutBackgroundColor[23]_i_13_n_0.  Re-placed instance tangerineA7_100_i/tangerineSOC_0/inst/vgaInst/pixelGenInst/pgLutBackgroundColor[23]_i_13
INFO: [Physopt 32-735] Processed net tangerineA7_100_i/tangerineSOC_0/inst/vgaInst/pixelGenInst/pgLutBackgroundColor[23]_i_13_n_0. Optimization improves timing on the net.
INFO: [Physopt 32-619] Estimated Timing Summary | WNS=-6.743 | TNS=-5578.450 |
INFO: [Physopt 32-663] Processed net tangerineA7_100_i/tangerineSOC_0/inst/vgaInst/pixelGenInst/pgDisplayPtr_reg_n_0_[1].  Re-placed instance tangerineA7_100_i/tangerineSOC_0/inst/vgaInst/pixelGenInst/pgDisplayPtr_reg[1]
INFO: [Physopt 32-735] Processed net tangerineA7_100_i/tangerineSOC_0/inst/vgaInst/pixelGenInst/pgDisplayPtr_reg_n_0_[1]. Optimization improves timing on the net.
INFO: [Physopt 32-619] Estimated Timing Summary | WNS=-6.743 | TNS=-5578.776 |
INFO: [Physopt 32-663] Processed net tangerineA7_100_i/tangerineSOC_0/inst/vgaInst/pixelGenInst/pgDisplayPtr_reg_n_0_[2].  Re-placed instance tangerineA7_100_i/tangerineSOC_0/inst/vgaInst/pixelGenInst/pgDisplayPtr_reg[2]
INFO: [Physopt 32-735] Processed net tangerineA7_100_i/tangerineSOC_0/inst/vgaInst/pixelGenInst/pgDisplayPtr_reg_n_0_[2]. Optimization improves timing on the net.
INFO: [Physopt 32-619] Estimated Timing Summary | WNS=-6.743 | TNS=-5579.137 |
INFO: [Physopt 32-702] Processed net tangerineA7_100_i/tangerineSOC_0/inst/vgaInst/pixelGenInst/pgDisplayPtr_reg_n_0_[7]. Optimizations did not improve timing on the net.
INFO: [Physopt 32-702] Processed net tangerineA7_100_i/tangerineSOC_0/inst/vgaInst/pixelGenInst/pgDisplayPtr[13]_i_5_n_0. Optimizations did not improve timing on the net.
INFO: [Physopt 32-702] Processed net tangerineA7_100_i/tangerineSOC_0/inst/vgaInst/pixelGenInst/pgDisplayPtr[13]_i_10_n_0. Optimizations did not improve timing on the net.
INFO: [Physopt 32-710] Processed net tangerineA7_100_i/tangerineSOC_0/inst/vgaInst/pixelGenInst/pgDisplayPtr[13]_i_10_n_0. Critical path length was reduced through logic transformation on cell tangerineA7_100_i/tangerineSOC_0/inst/vgaInst/pixelGenInst/pgDisplayPtr[13]_i_10_comp.
INFO: [Physopt 32-735] Processed net tangerineA7_100_i/tangerineSOC_0/inst/vgaInst/pixelGenInst/pgLetterY[6]_i_5_n_0. Optimization improves timing on the net.
INFO: [Physopt 32-619] Estimated Timing Summary | WNS=-6.734 | TNS=-5573.353 |
INFO: [Physopt 32-608] Optimized 1 net.  Swapped 15 pins.
INFO: [Physopt 32-735] Processed net tangerineA7_100_i/tangerineSOC_0/inst/vgaInst/pixelGenInst/pgLutBackgroundColor[23]_i_9_n_0. Optimization improves timing on the net.
INFO: [Physopt 32-619] Estimated Timing Summary | WNS=-6.728 | TNS=-5573.305 |
INFO: [Physopt 32-608] Optimized 1 net.  Swapped 22 pins.
INFO: [Physopt 32-735] Processed net tangerineA7_100_i/tangerineSOC_0/inst/vgaInst/pixelGenInst/pgLutBackgroundColor[23]_i_11_n_0. Optimization improves timing on the net.
INFO: [Physopt 32-619] Estimated Timing Summary | WNS=-6.720 | TNS=-5573.241 |
INFO: [Physopt 32-608] Optimized 1 net.  Swapped 15 pins.
INFO: [Physopt 32-735] Processed net tangerineA7_100_i/tangerineSOC_0/inst/vgaInst/pixelGenInst/pgLutBackgroundColor[23]_i_13_n_0. Optimization improves timing on the net.
INFO: [Physopt 32-619] Estimated Timing Summary | WNS=-6.711 | TNS=-5571.350 |
INFO: [Physopt 32-663] Processed net tangerineA7_100_i/tangerineSOC_0/inst/vgaInst/pixelGenInst/pgDisplayPtr_reg_n_0_[13].  Re-placed instance tangerineA7_100_i/tangerineSOC_0/inst/vgaInst/pixelGenInst/pgDisplayPtr_reg[13]
INFO: [Physopt 32-735] Processed net tangerineA7_100_i/tangerineSOC_0/inst/vgaInst/pixelGenInst/pgDisplayPtr_reg_n_0_[13]. Optimization improves timing on the net.
INFO: [Physopt 32-619] Estimated Timing Summary | WNS=-6.691 | TNS=-5571.293 |
INFO: [Physopt 32-663] Processed net tangerineA7_100_i/tangerineSOC_0/inst/vgaInst/pixelGenInst/pgLetterY[5].  Re-placed instance tangerineA7_100_i/tangerineSOC_0/inst/vgaInst/pixelGenInst/pgLetterY_reg[5]
INFO: [Physopt 32-735] Processed net tangerineA7_100_i/tangerineSOC_0/inst/vgaInst/pixelGenInst/pgLetterY[5]. Optimization improves timing on the net.
INFO: [Physopt 32-619] Estimated Timing Summary | WNS=-6.687 | TNS=-5571.154 |
INFO: [Physopt 32-702] Processed net tangerineA7_100_i/tangerineSOC_0/inst/vgaInst/pixelGenInst/pgLetterY[1]. Optimizations did not improve timing on the net.
INFO: [Physopt 32-81] Processed net tangerineA7_100_i/tangerineSOC_0/inst/vgaInst/pixelGenInst/pgLetterY[6]_i_2_n_0. Replicated 1 times.
INFO: [Physopt 32-735] Processed net tangerineA7_100_i/tangerineSOC_0/inst/vgaInst/pixelGenInst/pgLetterY[6]_i_2_n_0. Optimization improves timing on the net.
INFO: [Physopt 32-619] Estimated Timing Summary | WNS=-6.663 | TNS=-5572.913 |
INFO: [Physopt 32-702] Processed net tangerineA7_100_i/tangerineSOC_0/inst/vgaInst/pixelGenInst/pgLetterY[6]_i_2_n_0. Optimizations did not improve timing on the net.
INFO: [Physopt 32-710] Processed net tangerineA7_100_i/tangerineSOC_0/inst/vgaInst/pixelGenInst/pgLetterY[6]_i_2_n_0. Critical path length was reduced through logic transformation on cell tangerineA7_100_i/tangerineSOC_0/inst/vgaInst/pixelGenInst/pgLetterY[6]_i_2_comp.
INFO: [Physopt 32-735] Processed net tangerineA7_100_i/tangerineSOC_0/inst/vgaInst/pixelGenInst/pgLetterY[6]_i_5_n_0. Optimization improves timing on the net.
INFO: [Physopt 32-619] Estimated Timing Summary | WNS=-6.651 | TNS=-5570.464 |
INFO: [Physopt 32-608] Optimized 1 net.  Swapped 24 pins.
INFO: [Physopt 32-735] Processed net tangerineA7_100_i/tangerineSOC_0/inst/vgaInst/pixelGenInst/pgLutBackgroundColor[23]_i_12_n_0. Optimization improves timing on the net.
INFO: [Physopt 32-619] Estimated Timing Summary | WNS=-6.643 | TNS=-5567.783 |
INFO: [Physopt 32-710] Processed net tangerineA7_100_i/tangerineSOC_0/inst/vgaInst/pixelGenGfxInst/FSM_onehot_pggState[36]_i_1_n_0. Critical path length was reduced through logic transformation on cell tangerineA7_100_i/tangerineSOC_0/inst/vgaInst/pixelGenGfxInst/FSM_onehot_pggState[36]_i_1_comp_1.
INFO: [Physopt 32-735] Processed net tangerineA7_100_i/tangerineSOC_0/inst/vgaInst/pixelGenGfxInst/FSM_onehot_pggState[36]_i_7_n_0. Optimization improves timing on the net.
INFO: [Physopt 32-619] Estimated Timing Summary | WNS=-6.636 | TNS=-5557.083 |
INFO: [Physopt 32-663] Processed net tangerineA7_100_i/tangerineSOC_0/inst/vgaInst/pixelGenInst/pgDisplayPtr_reg_n_0_[2].  Re-placed instance tangerineA7_100_i/tangerineSOC_0/inst/vgaInst/pixelGenInst/pgDisplayPtr_reg[2]
INFO: [Physopt 32-735] Processed net tangerineA7_100_i/tangerineSOC_0/inst/vgaInst/pixelGenInst/pgDisplayPtr_reg_n_0_[2]. Optimization improves timing on the net.
INFO: [Physopt 32-619] Estimated Timing Summary | WNS=-6.606 | TNS=-5557.050 |
INFO: [Physopt 32-702] Processed net tangerineA7_100_i/tangerineSOC_0/inst/vgaInst/pixelGenInst/pgDisplayPtr_reg_n_0_[2]. Optimizations did not improve timing on the net.
INFO: [Physopt 32-608] Optimized 1 net.  Swapped 21 pins.
INFO: [Physopt 32-735] Processed net tangerineA7_100_i/tangerineSOC_0/inst/vgaInst/pixelGenInst/pgDisplayPtr[13]_i_6_n_0. Optimization improves timing on the net.
INFO: [Physopt 32-619] Estimated Timing Summary | WNS=-6.547 | TNS=-5554.580 |
INFO: [Physopt 32-702] Processed net tangerineA7_100_i/tangerineSOC_0/inst/vgaInst/pixelGenInst/pgLutBackgroundColor[23]_i_9_n_0. Optimizations did not improve timing on the net.
INFO: [Physopt 32-702] Processed net tangerineA7_100_i/tangerineSOC_0/inst/vgaInst/pixelGenInst/pgLutLetterColor[8]_i_1_n_0. Optimizations did not improve timing on the net.
INFO: [Physopt 32-663] Processed net tangerineA7_100_i/tangerineSOC_0/inst/vgaInst/pgCursorY_reg[4]_0[4].  Re-placed instance tangerineA7_100_i/tangerineSOC_0/inst/vgaInst/pgCursorY_reg[4]
INFO: [Physopt 32-735] Processed net tangerineA7_100_i/tangerineSOC_0/inst/vgaInst/pgCursorY_reg[4]_0[4]. Optimization improves timing on the net.
INFO: [Physopt 32-619] Estimated Timing Summary | WNS=-6.545 | TNS=-5554.564 |
INFO: [Physopt 32-702] Processed net tangerineA7_100_i/tangerineSOC_0/inst/vgaInst/pixelGenInst/pgLutBackgroundColor[23]_i_11_n_0. Optimizations did not improve timing on the net.
INFO: [Physopt 32-663] Processed net tangerineA7_100_i/tangerineSOC_0/inst/vgaInst/pgCursorX_reg_n_0_[1].  Re-placed instance tangerineA7_100_i/tangerineSOC_0/inst/vgaInst/pgCursorX_reg[1]
INFO: [Physopt 32-735] Processed net tangerineA7_100_i/tangerineSOC_0/inst/vgaInst/pgCursorX_reg_n_0_[1]. Optimization improves timing on the net.
INFO: [Physopt 32-619] Estimated Timing Summary | WNS=-6.526 | TNS=-5554.412 |
INFO: [Physopt 32-663] Processed net tangerineA7_100_i/tangerineSOC_0/inst/vgaInst/pgCursorY_reg[4]_0[0].  Re-placed instance tangerineA7_100_i/tangerineSOC_0/inst/vgaInst/pgCursorY_reg[0]
INFO: [Physopt 32-735] Processed net tangerineA7_100_i/tangerineSOC_0/inst/vgaInst/pgCursorY_reg[4]_0[0]. Optimization improves timing on the net.
INFO: [Physopt 32-619] Estimated Timing Summary | WNS=-6.518 | TNS=-5554.365 |
INFO: [Physopt 32-702] Processed net tangerineA7_100_i/tangerineSOC_0/inst/vgaInst/pixelGenInst/pgLutBackgroundColor[23]_i_13_n_0. Optimizations did not improve timing on the net.
INFO: [Physopt 32-663] Processed net tangerineA7_100_i/tangerineSOC_0/inst/vgaInst/pgCursorX_reg_n_0_[4].  Re-placed instance tangerineA7_100_i/tangerineSOC_0/inst/vgaInst/pgCursorX_reg[4]
INFO: [Physopt 32-735] Processed net tangerineA7_100_i/tangerineSOC_0/inst/vgaInst/pgCursorX_reg_n_0_[4]. Optimization improves timing on the net.
INFO: [Physopt 32-619] Estimated Timing Summary | WNS=-6.495 | TNS=-5553.759 |
INFO: [Physopt 32-702] Processed net tangerineA7_100_i/tangerineSOC_0/inst/vgaInst/pgCursorX_reg_n_0_[6]. Optimizations did not improve timing on the net.
INFO: [Physopt 32-663] Processed net tangerineA7_100_i/tangerineSOC_0/inst/nekoRvInst/resultMuluu0__1_i_16_psdsp_n_2.  Re-placed instance tangerineA7_100_i/tangerineSOC_0/inst/nekoRvInst/resultMuluu0__1_i_16_psdsp_2
INFO: [Physopt 32-735] Processed net tangerineA7_100_i/tangerineSOC_0/inst/nekoRvInst/resultMuluu0__1_i_16_psdsp_n_2. Optimization improves timing on the net.
INFO: [Physopt 32-619] Estimated Timing Summary | WNS=-6.495 | TNS=-5553.759 |
INFO: [Physopt 32-663] Processed net tangerineA7_100_i/tangerineSOC_0/inst/nekoRvInst/rs1Val_reg_n_0_[1].  Re-placed instance tangerineA7_100_i/tangerineSOC_0/inst/nekoRvInst/rs1Val_reg[1]
INFO: [Physopt 32-735] Processed net tangerineA7_100_i/tangerineSOC_0/inst/nekoRvInst/rs1Val_reg_n_0_[1]. Optimization improves timing on the net.
INFO: [Physopt 32-619] Estimated Timing Summary | WNS=-6.495 | TNS=-5564.714 |
INFO: [Physopt 32-702] Processed net tangerineA7_100_i/tangerineSOC_0/inst/nekoRvInst/rdVal_reg_n_0_[13]. Optimizations did not improve timing on the net.
INFO: [Physopt 32-710] Processed net tangerineA7_100_i/tangerineSOC_0/inst/nekoRvInst/rdVal[13]_i_1_n_0. Critical path length was reduced through logic transformation on cell tangerineA7_100_i/tangerineSOC_0/inst/nekoRvInst/rdVal[13]_i_1_comp.
INFO: [Physopt 32-735] Processed net tangerineA7_100_i/tangerineSOC_0/inst/nekoRvInst/rdVal[13]_i_7_n_0. Optimization improves timing on the net.
INFO: [Physopt 32-619] Estimated Timing Summary | WNS=-6.495 | TNS=-5564.224 |
INFO: [Physopt 32-663] Processed net tangerineA7_100_i/tangerineSOC_0/inst/nekoRvInst/resultMuluu0__1_i_16_psdsp_n_1.  Re-placed instance tangerineA7_100_i/tangerineSOC_0/inst/nekoRvInst/resultMuluu0__1_i_16_psdsp_1
INFO: [Physopt 32-735] Processed net tangerineA7_100_i/tangerineSOC_0/inst/nekoRvInst/resultMuluu0__1_i_16_psdsp_n_1. Optimization improves timing on the net.
INFO: [Physopt 32-619] Estimated Timing Summary | WNS=-6.495 | TNS=-5564.090 |
INFO: [Physopt 32-702] Processed net tangerineA7_100_i/tangerineSOC_0/inst/nekoRvInst/resultMuluu0__1_i_16_psdsp_n_1. Optimizations did not improve timing on the net.
INFO: [Physopt 32-702] Processed net tangerineA7_100_i/tangerineSOC_0/inst/nekoRvInst/resultMuluu0__1_i_78_n_0. Optimizations did not improve timing on the net.
INFO: [Physopt 32-702] Processed net tangerineA7_100_i/tangerineSOC_0/inst/nekoRvInst/resultMuluu0__1_i_207_n_0. Optimizations did not improve timing on the net.
INFO: [Physopt 32-702] Processed net tangerineA7_100_i/tangerineSOC_0/inst/nekoRvInst/resultMuluu0__1_i_222_n_0. Optimizations did not improve timing on the net.
INFO: [Physopt 32-710] Processed net tangerineA7_100_i/tangerineSOC_0/inst/nekoRvInst/resultMuluu0__1_i_222_n_0. Critical path length was reduced through logic transformation on cell tangerineA7_100_i/tangerineSOC_0/inst/nekoRvInst/resultMuluu0__1_i_222_comp.
INFO: [Physopt 32-735] Processed net tangerineA7_100_i/tangerineSOC_0/inst/nekoRvInst/rs1[0]_i_3_n_0. Optimization improves timing on the net.
INFO: [Physopt 32-619] Estimated Timing Summary | WNS=-6.495 | TNS=-5559.968 |
INFO: [Physopt 32-702] Processed net tangerineA7_100_i/tangerineSOC_0/inst/nekoRvInst/csrDOut[10]. Optimizations did not improve timing on the net.
INFO: [Physopt 32-601] Processed net tangerineA7_100_i/tangerineSOC_0/inst/nekoRvInst/csrDOut[31]_i_5_n_0. Net driver tangerineA7_100_i/tangerineSOC_0/inst/nekoRvInst/csrDOut[31]_i_5 was replaced.
INFO: [Physopt 32-735] Processed net tangerineA7_100_i/tangerineSOC_0/inst/nekoRvInst/csrDOut[31]_i_5_n_0. Optimization improves timing on the net.
INFO: [Physopt 32-619] Estimated Timing Summary | WNS=-6.495 | TNS=-5557.898 |
INFO: [Physopt 32-663] Processed net tangerineA7_100_i/tangerineSOC_0/inst/nekoRvInst/rs1Val_reg_n_0_[2].  Re-placed instance tangerineA7_100_i/tangerineSOC_0/inst/nekoRvInst/rs1Val_reg[2]
INFO: [Physopt 32-735] Processed net tangerineA7_100_i/tangerineSOC_0/inst/nekoRvInst/rs1Val_reg_n_0_[2]. Optimization improves timing on the net.
INFO: [Physopt 32-619] Estimated Timing Summary | WNS=-6.495 | TNS=-5557.606 |
INFO: [Physopt 32-663] Processed net tangerineA7_100_i/tangerineSOC_0/inst/nekoRvInst/resultMuluu0__1_i_14_psdsp_n_1.  Re-placed instance tangerineA7_100_i/tangerineSOC_0/inst/nekoRvInst/resultMuluu0__1_i_14_psdsp_1
INFO: [Physopt 32-735] Processed net tangerineA7_100_i/tangerineSOC_0/inst/nekoRvInst/resultMuluu0__1_i_14_psdsp_n_1. Optimization improves timing on the net.
INFO: [Physopt 32-619] Estimated Timing Summary | WNS=-6.495 | TNS=-5557.526 |
INFO: [Physopt 32-702] Processed net tangerineA7_100_i/tangerineSOC_0/inst/nekoRvInst/rdVal_reg_n_0_[15]. Optimizations did not improve timing on the net.
INFO: [Physopt 32-710] Processed net tangerineA7_100_i/tangerineSOC_0/inst/nekoRvInst/rdVal[15]_i_1_n_0. Critical path length was reduced through logic transformation on cell tangerineA7_100_i/tangerineSOC_0/inst/nekoRvInst/rdVal[15]_i_1_comp.
INFO: [Physopt 32-735] Processed net tangerineA7_100_i/tangerineSOC_0/inst/nekoRvInst/rdVal[15]_i_4_n_0. Optimization improves timing on the net.
INFO: [Physopt 32-619] Estimated Timing Summary | WNS=-6.495 | TNS=-5556.944 |
INFO: [Physopt 32-663] Processed net tangerineA7_100_i/tangerineSOC_0/inst/nekoRvInst/resultMuluu0__1_i_9_psdsp_n_5.  Re-placed instance tangerineA7_100_i/tangerineSOC_0/inst/nekoRvInst/resultMuluu0__1_i_9_psdsp_5
INFO: [Physopt 32-735] Processed net tangerineA7_100_i/tangerineSOC_0/inst/nekoRvInst/resultMuluu0__1_i_9_psdsp_n_5. Optimization improves timing on the net.
INFO: [Physopt 32-619] Estimated Timing Summary | WNS=-6.495 | TNS=-5556.919 |
INFO: [Physopt 32-702] Processed net tangerineA7_100_i/tangerineSOC_0/inst/nekoRvInst/rdVal_reg_n_0_[4]. Optimizations did not improve timing on the net.
INFO: [Physopt 32-710] Processed net tangerineA7_100_i/tangerineSOC_0/inst/nekoRvInst/rdVal[4]_i_1_n_0. Critical path length was reduced through logic transformation on cell tangerineA7_100_i/tangerineSOC_0/inst/nekoRvInst/rdVal[4]_i_1_comp.
INFO: [Physopt 32-735] Processed net tangerineA7_100_i/tangerineSOC_0/inst/nekoRvInst/rdVal[4]_i_4_n_0. Optimization improves timing on the net.
INFO: [Physopt 32-619] Estimated Timing Summary | WNS=-6.495 | TNS=-5556.241 |
INFO: [Physopt 32-702] Processed net tangerineA7_100_i/tangerineSOC_0/inst/nekoRvInst/rdVal_reg_n_0_[8]. Optimizations did not improve timing on the net.
INFO: [Physopt 32-663] Processed net tangerineA7_100_i/tangerineSOC_0/inst/nekoRvInst/rdVal[8]_i_7_n_0.  Re-placed instance tangerineA7_100_i/tangerineSOC_0/inst/nekoRvInst/rdVal[8]_i_7
INFO: [Physopt 32-735] Processed net tangerineA7_100_i/tangerineSOC_0/inst/nekoRvInst/rdVal[8]_i_7_n_0. Optimization improves timing on the net.
INFO: [Physopt 32-619] Estimated Timing Summary | WNS=-6.495 | TNS=-5556.127 |
INFO: [Physopt 32-702] Processed net tangerineA7_100_i/tangerineSOC_0/inst/nekoRvInst/rdVal_reg_n_0_[28]. Optimizations did not improve timing on the net.
INFO: [Physopt 32-663] Processed net tangerineA7_100_i/tangerineSOC_0/inst/nekoRvInst/rdVal[28]_i_4_n_0.  Re-placed instance tangerineA7_100_i/tangerineSOC_0/inst/nekoRvInst/rdVal[28]_i_4
INFO: [Physopt 32-735] Processed net tangerineA7_100_i/tangerineSOC_0/inst/nekoRvInst/rdVal[28]_i_4_n_0. Optimization improves timing on the net.
INFO: [Physopt 32-619] Estimated Timing Summary | WNS=-6.495 | TNS=-5556.112 |
INFO: [Physopt 32-663] Processed net tangerineA7_100_i/tangerineSOC_0/inst/nekoRvInst/resultMuluu0__1_i_14_psdsp_n_3.  Re-placed instance tangerineA7_100_i/tangerineSOC_0/inst/nekoRvInst/resultMuluu0__1_i_14_psdsp_3
INFO: [Physopt 32-735] Processed net tangerineA7_100_i/tangerineSOC_0/inst/nekoRvInst/resultMuluu0__1_i_14_psdsp_n_3. Optimization improves timing on the net.
INFO: [Physopt 32-619] Estimated Timing Summary | WNS=-6.495 | TNS=-5555.717 |
INFO: [Physopt 32-710] Processed net tangerineA7_100_i/tangerineSOC_0/inst/nekoRvInst/rdVal[28]_i_1_n_0. Critical path length was reduced through logic transformation on cell tangerineA7_100_i/tangerineSOC_0/inst/nekoRvInst/rdVal[28]_i_1_comp.
INFO: [Physopt 32-735] Processed net tangerineA7_100_i/tangerineSOC_0/inst/nekoRvInst/rdVal[28]_i_4_n_0. Optimization improves timing on the net.
INFO: [Physopt 32-619] Estimated Timing Summary | WNS=-6.495 | TNS=-5554.728 |
INFO: [Physopt 32-663] Processed net tangerineA7_100_i/tangerineSOC_0/inst/nekoRvInst/rs1Val_reg_n_0_[8].  Re-placed instance tangerineA7_100_i/tangerineSOC_0/inst/nekoRvInst/rs1Val_reg[8]
INFO: [Physopt 32-735] Processed net tangerineA7_100_i/tangerineSOC_0/inst/nekoRvInst/rs1Val_reg_n_0_[8]. Optimization improves timing on the net.
INFO: [Physopt 32-619] Estimated Timing Summary | WNS=-6.495 | TNS=-5554.652 |
INFO: [Physopt 32-702] Processed net tangerineA7_100_i/tangerineSOC_0/inst/nekoRvInst/rdVal_reg_n_0_[30]. Optimizations did not improve timing on the net.
INFO: [Physopt 32-710] Processed net tangerineA7_100_i/tangerineSOC_0/inst/nekoRvInst/rdVal[30]_i_1_n_0. Critical path length was reduced through logic transformation on cell tangerineA7_100_i/tangerineSOC_0/inst/nekoRvInst/rdVal[30]_i_1_comp.
INFO: [Physopt 32-735] Processed net tangerineA7_100_i/tangerineSOC_0/inst/nekoRvInst/rdVal[30]_i_7_n_0. Optimization improves timing on the net.
INFO: [Physopt 32-619] Estimated Timing Summary | WNS=-6.495 | TNS=-5553.851 |
INFO: [Physopt 32-663] Processed net tangerineA7_100_i/tangerineSOC_0/inst/nekoRvInst/resultMuluu0__1_i_14_psdsp_n_4.  Re-placed instance tangerineA7_100_i/tangerineSOC_0/inst/nekoRvInst/resultMuluu0__1_i_14_psdsp_4
INFO: [Physopt 32-735] Processed net tangerineA7_100_i/tangerineSOC_0/inst/nekoRvInst/resultMuluu0__1_i_14_psdsp_n_4. Optimization improves timing on the net.
INFO: [Physopt 32-619] Estimated Timing Summary | WNS=-6.495 | TNS=-5553.852 |
INFO: [Physopt 32-663] Processed net tangerineA7_100_i/tangerineSOC_0/inst/nekoRvInst/resultMuluu0__1_i_14_psdsp_n_2.  Re-placed instance tangerineA7_100_i/tangerineSOC_0/inst/nekoRvInst/resultMuluu0__1_i_14_psdsp_2
INFO: [Physopt 32-735] Processed net tangerineA7_100_i/tangerineSOC_0/inst/nekoRvInst/resultMuluu0__1_i_14_psdsp_n_2. Optimization improves timing on the net.
INFO: [Physopt 32-619] Estimated Timing Summary | WNS=-6.495 | TNS=-5553.702 |
INFO: [Physopt 32-663] Processed net tangerineA7_100_i/tangerineSOC_0/inst/nekoRvInst/resultMuluu0__1_i_14_psdsp_n_5.  Re-placed instance tangerineA7_100_i/tangerineSOC_0/inst/nekoRvInst/resultMuluu0__1_i_14_psdsp_5
INFO: [Physopt 32-735] Processed net tangerineA7_100_i/tangerineSOC_0/inst/nekoRvInst/resultMuluu0__1_i_14_psdsp_n_5. Optimization improves timing on the net.
INFO: [Physopt 32-619] Estimated Timing Summary | WNS=-6.495 | TNS=-5553.615 |
INFO: [Physopt 32-663] Processed net tangerineA7_100_i/tangerineSOC_0/inst/nekoRvInst/resultMuluu0__1_i_7_psdsp_n_3.  Re-placed instance tangerineA7_100_i/tangerineSOC_0/inst/nekoRvInst/resultMuluu0__1_i_7_psdsp_3
INFO: [Physopt 32-735] Processed net tangerineA7_100_i/tangerineSOC_0/inst/nekoRvInst/resultMuluu0__1_i_7_psdsp_n_3. Optimization improves timing on the net.
INFO: [Physopt 32-619] Estimated Timing Summary | WNS=-6.495 | TNS=-5553.416 |
INFO: [Physopt 32-702] Processed net tangerineA7_100_i/tangerineSOC_0/inst/nekoRvInst/rdVal_reg_n_0_[20]. Optimizations did not improve timing on the net.
INFO: [Physopt 32-710] Processed net tangerineA7_100_i/tangerineSOC_0/inst/nekoRvInst/rdVal[20]_i_1_n_0. Critical path length was reduced through logic transformation on cell tangerineA7_100_i/tangerineSOC_0/inst/nekoRvInst/rdVal[20]_i_1_comp.
INFO: [Physopt 32-735] Processed net tangerineA7_100_i/tangerineSOC_0/inst/nekoRvInst/rdVal[20]_i_4_n_0. Optimization improves timing on the net.
INFO: [Physopt 32-619] Estimated Timing Summary | WNS=-6.495 | TNS=-5552.595 |
INFO: [Physopt 32-663] Processed net tangerineA7_100_i/tangerineSOC_0/inst/nekoRvInst/rs1Val_reg_n_0_[10].  Re-placed instance tangerineA7_100_i/tangerineSOC_0/inst/nekoRvInst/rs1Val_reg[10]
INFO: [Physopt 32-735] Processed net tangerineA7_100_i/tangerineSOC_0/inst/nekoRvInst/rs1Val_reg_n_0_[10]. Optimization improves timing on the net.
INFO: [Physopt 32-619] Estimated Timing Summary | WNS=-6.495 | TNS=-5552.345 |
INFO: [Physopt 32-571] Net tangerineA7_100_i/tangerineSOC_0/inst/nekoRvInst/rs1[2]_i_1_n_0 was not replicated.
INFO: [Physopt 32-702] Processed net tangerineA7_100_i/tangerineSOC_0/inst/nekoRvInst/rs1[2]_i_1_n_0. Optimizations did not improve timing on the net.
INFO: [Physopt 32-663] Processed net tangerineA7_100_i/tangerineSOC_0/inst/nekoRvInst/rs1[2]_i_3_n_0.  Re-placed instance tangerineA7_100_i/tangerineSOC_0/inst/nekoRvInst/rs1[2]_i_3
INFO: [Physopt 32-735] Processed net tangerineA7_100_i/tangerineSOC_0/inst/nekoRvInst/rs1[2]_i_3_n_0. Optimization improves timing on the net.
INFO: [Physopt 32-619] Estimated Timing Summary | WNS=-6.495 | TNS=-5536.489 |
INFO: [Physopt 32-702] Processed net tangerineA7_100_i/tangerineSOC_0/inst/nekoRvInst/rdVal_reg_n_0_[24]. Optimizations did not improve timing on the net.
INFO: [Physopt 32-710] Processed net tangerineA7_100_i/tangerineSOC_0/inst/nekoRvInst/rdVal[24]_i_1_n_0. Critical path length was reduced through logic transformation on cell tangerineA7_100_i/tangerineSOC_0/inst/nekoRvInst/rdVal[24]_i_1_comp.
INFO: [Physopt 32-735] Processed net tangerineA7_100_i/tangerineSOC_0/inst/nekoRvInst/rdVal[24]_i_4_n_0. Optimization improves timing on the net.
INFO: [Physopt 32-619] Estimated Timing Summary | WNS=-6.495 | TNS=-5535.697 |
INFO: [Physopt 32-663] Processed net tangerineA7_100_i/tangerineSOC_0/inst/nekoRvInst/rs2Val[0]_i_1_psdsp_n_4.  Re-placed instance tangerineA7_100_i/tangerineSOC_0/inst/nekoRvInst/rs2Val[0]_i_1_psdsp_4
INFO: [Physopt 32-735] Processed net tangerineA7_100_i/tangerineSOC_0/inst/nekoRvInst/rs2Val[0]_i_1_psdsp_n_4. Optimization improves timing on the net.
INFO: [Physopt 32-619] Estimated Timing Summary | WNS=-6.495 | TNS=-5535.514 |
INFO: [Physopt 32-702] Processed net tangerineA7_100_i/tangerineSOC_0/inst/nekoRvInst/rdVal_reg_n_0_[9]. Optimizations did not improve timing on the net.
INFO: [Physopt 32-663] Processed net tangerineA7_100_i/tangerineSOC_0/inst/nekoRvInst/rdVal[9]_i_7_n_0.  Re-placed instance tangerineA7_100_i/tangerineSOC_0/inst/nekoRvInst/rdVal[9]_i_7
INFO: [Physopt 32-735] Processed net tangerineA7_100_i/tangerineSOC_0/inst/nekoRvInst/rdVal[9]_i_7_n_0. Optimization improves timing on the net.
INFO: [Physopt 32-619] Estimated Timing Summary | WNS=-6.495 | TNS=-5535.480 |
INFO: [Physopt 32-663] Processed net tangerineA7_100_i/tangerineSOC_0/inst/nekoRvInst/resultMuluu0_i_7_psdsp_n_2.  Re-placed instance tangerineA7_100_i/tangerineSOC_0/inst/nekoRvInst/resultMuluu0_i_7_psdsp_2
INFO: [Physopt 32-735] Processed net tangerineA7_100_i/tangerineSOC_0/inst/nekoRvInst/resultMuluu0_i_7_psdsp_n_2. Optimization improves timing on the net.
INFO: [Physopt 32-619] Estimated Timing Summary | WNS=-6.495 | TNS=-5535.347 |
INFO: [Physopt 32-702] Processed net tangerineA7_100_i/tangerineSOC_0/inst/nekoRvInst/rdVal_reg_n_0_[25]. Optimizations did not improve timing on the net.
INFO: [Physopt 32-710] Processed net tangerineA7_100_i/tangerineSOC_0/inst/nekoRvInst/rdVal[25]_i_1_n_0. Critical path length was reduced through logic transformation on cell tangerineA7_100_i/tangerineSOC_0/inst/nekoRvInst/rdVal[25]_i_1_comp.
INFO: [Physopt 32-735] Processed net tangerineA7_100_i/tangerineSOC_0/inst/nekoRvInst/rdVal[25]_i_7_n_0. Optimization improves timing on the net.
INFO: [Physopt 32-619] Estimated Timing Summary | WNS=-6.495 | TNS=-5534.576 |
INFO: [Physopt 32-663] Processed net tangerineA7_100_i/tangerineSOC_0/inst/nekoRvInst/resultMuluu0_i_7_psdsp_n_1.  Re-placed instance tangerineA7_100_i/tangerineSOC_0/inst/nekoRvInst/resultMuluu0_i_7_psdsp_1
INFO: [Physopt 32-735] Processed net tangerineA7_100_i/tangerineSOC_0/inst/nekoRvInst/resultMuluu0_i_7_psdsp_n_1. Optimization improves timing on the net.
INFO: [Physopt 32-619] Estimated Timing Summary | WNS=-6.495 | TNS=-5543.309 |
INFO: [Physopt 32-663] Processed net tangerineA7_100_i/tangerineSOC_0/inst/nekoRvInst/resultMuluu0_i_7_psdsp_n_4.  Re-placed instance tangerineA7_100_i/tangerineSOC_0/inst/nekoRvInst/resultMuluu0_i_7_psdsp_4
INFO: [Physopt 32-735] Processed net tangerineA7_100_i/tangerineSOC_0/inst/nekoRvInst/resultMuluu0_i_7_psdsp_n_4. Optimization improves timing on the net.
INFO: [Physopt 32-619] Estimated Timing Summary | WNS=-6.495 | TNS=-5543.444 |
INFO: [Physopt 32-710] Processed net tangerineA7_100_i/tangerineSOC_0/inst/nekoRvInst/rdVal[9]_i_1_n_0. Critical path length was reduced through logic transformation on cell tangerineA7_100_i/tangerineSOC_0/inst/nekoRvInst/rdVal[9]_i_1_comp.
INFO: [Physopt 32-735] Processed net tangerineA7_100_i/tangerineSOC_0/inst/nekoRvInst/rdVal[9]_i_7_n_0. Optimization improves timing on the net.
INFO: [Physopt 32-619] Estimated Timing Summary | WNS=-6.495 | TNS=-5542.910 |
INFO: [Physopt 32-663] Processed net tangerineA7_100_i/tangerineSOC_0/inst/nekoRvInst/resultMuluu0_i_9_psdsp_n.  Re-placed instance tangerineA7_100_i/tangerineSOC_0/inst/nekoRvInst/resultMuluu0_i_9_psdsp
INFO: [Physopt 32-735] Processed net tangerineA7_100_i/tangerineSOC_0/inst/nekoRvInst/resultMuluu0_i_9_psdsp_n. Optimization improves timing on the net.
INFO: [Physopt 32-619] Estimated Timing Summary | WNS=-6.495 | TNS=-5542.769 |
INFO: [Physopt 32-663] Processed net tangerineA7_100_i/tangerineSOC_0/inst/nekoRvInst/rs2Val[2]_i_1_psdsp_n.  Re-placed instance tangerineA7_100_i/tangerineSOC_0/inst/nekoRvInst/rs2Val[2]_i_1_psdsp
INFO: [Physopt 32-735] Processed net tangerineA7_100_i/tangerineSOC_0/inst/nekoRvInst/rs2Val[2]_i_1_psdsp_n. Optimization improves timing on the net.
INFO: [Physopt 32-619] Estimated Timing Summary | WNS=-6.495 | TNS=-5542.204 |
INFO: [Physopt 32-702] Processed net tangerineA7_100_i/tangerineSOC_0/inst/nekoRvInst/resultMuluu0_i_9_psdsp_n_1. Optimizations did not improve timing on the net.
INFO: [Physopt 32-702] Processed net tangerineA7_100_i/tangerineSOC_0/inst/nekoRvInst/resultMuluu0_i_48_n_0. Optimizations did not improve timing on the net.
INFO: [Physopt 32-702] Processed net tangerineA7_100_i/tangerineSOC_0/inst/nekoRvInst/resultMuluu0_i_141_n_0. Optimizations did not improve timing on the net.
INFO: [Physopt 32-571] Net tangerineA7_100_i/tangerineSOC_0/inst/nekoRvInst/resultMuluu0_i_196_n_0 was not replicated.
INFO: [Physopt 32-702] Processed net tangerineA7_100_i/tangerineSOC_0/inst/nekoRvInst/resultMuluu0_i_196_n_0. Optimizations did not improve timing on the net.
INFO: [Physopt 32-710] Processed net tangerineA7_100_i/tangerineSOC_0/inst/nekoRvInst/resultMuluu0_i_196_n_0. Critical path length was reduced through logic transformation on cell tangerineA7_100_i/tangerineSOC_0/inst/nekoRvInst/resultMuluu0_i_196_comp.
INFO: [Physopt 32-735] Processed net tangerineA7_100_i/tangerineSOC_0/inst/nekoRvInst/rs1[0]_i_3_n_0. Optimization improves timing on the net.
INFO: [Physopt 32-619] Estimated Timing Summary | WNS=-6.495 | TNS=-5514.585 |
INFO: [Physopt 32-710] Processed net tangerineA7_100_i/tangerineSOC_0/inst/nekoRvInst/rdVal[8]_i_1_n_0. Critical path length was reduced through logic transformation on cell tangerineA7_100_i/tangerineSOC_0/inst/nekoRvInst/rdVal[8]_i_1_comp.
INFO: [Physopt 32-735] Processed net tangerineA7_100_i/tangerineSOC_0/inst/nekoRvInst/rdVal[8]_i_7_n_0. Optimization improves timing on the net.
INFO: [Physopt 32-619] Estimated Timing Summary | WNS=-6.495 | TNS=-5514.025 |
INFO: [Physopt 32-702] Processed net tangerineA7_100_i/tangerineSOC_0/inst/nekoRvInst/rdVal_reg_n_0_[10]. Optimizations did not improve timing on the net.
INFO: [Physopt 32-710] Processed net tangerineA7_100_i/tangerineSOC_0/inst/nekoRvInst/rdVal[10]_i_1_n_0. Critical path length was reduced through logic transformation on cell tangerineA7_100_i/tangerineSOC_0/inst/nekoRvInst/rdVal[10]_i_1_comp.
INFO: [Physopt 32-735] Processed net tangerineA7_100_i/tangerineSOC_0/inst/nekoRvInst/rdVal[10]_i_7_n_0. Optimization improves timing on the net.
INFO: [Physopt 32-619] Estimated Timing Summary | WNS=-6.495 | TNS=-5513.688 |
INFO: [Physopt 32-663] Processed net tangerineA7_100_i/tangerineSOC_0/inst/nekoRvInst/rs2Val[0]_i_1_psdsp_n.  Re-placed instance tangerineA7_100_i/tangerineSOC_0/inst/nekoRvInst/rs2Val[0]_i_1_psdsp
INFO: [Physopt 32-735] Processed net tangerineA7_100_i/tangerineSOC_0/inst/nekoRvInst/rs2Val[0]_i_1_psdsp_n. Optimization improves timing on the net.
INFO: [Physopt 32-619] Estimated Timing Summary | WNS=-6.495 | TNS=-5513.518 |
INFO: [Physopt 32-663] Processed net tangerineA7_100_i/tangerineSOC_0/inst/nekoRvInst/rs2Val[2]_i_1_psdsp_n_3.  Re-placed instance tangerineA7_100_i/tangerineSOC_0/inst/nekoRvInst/rs2Val[2]_i_1_psdsp_3
INFO: [Physopt 32-735] Processed net tangerineA7_100_i/tangerineSOC_0/inst/nekoRvInst/rs2Val[2]_i_1_psdsp_n_3. Optimization improves timing on the net.
INFO: [Physopt 32-619] Estimated Timing Summary | WNS=-6.495 | TNS=-5512.999 |
INFO: [Physopt 32-663] Processed net tangerineA7_100_i/tangerineSOC_0/inst/nekoRvInst/rs2Val[3]_i_1_psdsp_n_5.  Re-placed instance tangerineA7_100_i/tangerineSOC_0/inst/nekoRvInst/rs2Val[3]_i_1_psdsp_5
INFO: [Physopt 32-735] Processed net tangerineA7_100_i/tangerineSOC_0/inst/nekoRvInst/rs2Val[3]_i_1_psdsp_n_5. Optimization improves timing on the net.
INFO: [Physopt 32-619] Estimated Timing Summary | WNS=-6.495 | TNS=-5521.618 |
INFO: [Physopt 32-702] Processed net tangerineA7_100_i/tangerineSOC_0/inst/nekoRvInst/csrDOut[0]. Optimizations did not improve timing on the net.
INFO: [Physopt 32-571] Net tangerineA7_100_i/tangerineSOC_0/inst/nekoRvInst/csrDOut[31]_i_5_n_0 was not replicated.
INFO: [Physopt 32-608] Optimized 1 net.  Swapped 16 pins.
INFO: [Physopt 32-735] Processed net tangerineA7_100_i/tangerineSOC_0/inst/nekoRvInst/csrDOut[31]_i_5_n_0. Optimization improves timing on the net.
INFO: [Physopt 32-619] Estimated Timing Summary | WNS=-6.495 | TNS=-5518.904 |
INFO: [Physopt 32-702] Processed net tangerineA7_100_i/tangerineSOC_0/inst/nekoRvInst/rdVal_reg_n_0_[6]. Optimizations did not improve timing on the net.
INFO: [Physopt 32-710] Processed net tangerineA7_100_i/tangerineSOC_0/inst/nekoRvInst/rdVal[6]_i_1_n_0. Critical path length was reduced through logic transformation on cell tangerineA7_100_i/tangerineSOC_0/inst/nekoRvInst/rdVal[6]_i_1_comp.
INFO: [Physopt 32-735] Processed net tangerineA7_100_i/tangerineSOC_0/inst/nekoRvInst/rdVal[6]_i_6_n_0. Optimization improves timing on the net.
INFO: [Physopt 32-619] Estimated Timing Summary | WNS=-6.495 | TNS=-5518.410 |
INFO: [Physopt 32-710] Processed net tangerineA7_100_i/tangerineSOC_0/inst/nekoRvInst/rs1[2]_i_1_n_0. Critical path length was reduced through logic transformation on cell tangerineA7_100_i/tangerineSOC_0/inst/nekoRvInst/rs1[2]_i_1_comp.
INFO: [Physopt 32-735] Processed net tangerineA7_100_i/tangerineSOC_0/inst/nekoRvInst/rs1[2]_i_3_n_0. Optimization improves timing on the net.
INFO: [Physopt 32-619] Estimated Timing Summary | WNS=-6.495 | TNS=-5412.112 |
INFO: [Physopt 32-702] Processed net tangerineA7_100_i/tangerineSOC_0/inst/nekoRvInst/rdVal_reg_n_0_[18]. Optimizations did not improve timing on the net.
INFO: [Physopt 32-663] Processed net tangerineA7_100_i/tangerineSOC_0/inst/nekoRvInst/rdVal[18]_i_4_n_0.  Re-placed instance tangerineA7_100_i/tangerineSOC_0/inst/nekoRvInst/rdVal[18]_i_4
INFO: [Physopt 32-735] Processed net tangerineA7_100_i/tangerineSOC_0/inst/nekoRvInst/rdVal[18]_i_4_n_0. Optimization improves timing on the net.
INFO: [Physopt 32-619] Estimated Timing Summary | WNS=-6.495 | TNS=-5412.092 |
INFO: [Physopt 32-702] Processed net tangerineA7_100_i/tangerineSOC_0/inst/nekoRvInst/rdVal_reg_n_0_[21]. Optimizations did not improve timing on the net.
INFO: [Physopt 32-710] Processed net tangerineA7_100_i/tangerineSOC_0/inst/nekoRvInst/rdVal[21]_i_1_n_0. Critical path length was reduced through logic transformation on cell tangerineA7_100_i/tangerineSOC_0/inst/nekoRvInst/rdVal[21]_i_1_comp.
INFO: [Physopt 32-735] Processed net tangerineA7_100_i/tangerineSOC_0/inst/nekoRvInst/rdVal[21]_i_4_n_0. Optimization improves timing on the net.
INFO: [Physopt 32-619] Estimated Timing Summary | WNS=-6.495 | TNS=-5411.282 |
INFO: [Physopt 32-710] Processed net tangerineA7_100_i/tangerineSOC_0/inst/nekoRvInst/rdVal[18]_i_1_n_0. Critical path length was reduced through logic transformation on cell tangerineA7_100_i/tangerineSOC_0/inst/nekoRvInst/rdVal[18]_i_1_comp.
INFO: [Physopt 32-735] Processed net tangerineA7_100_i/tangerineSOC_0/inst/nekoRvInst/rdVal[18]_i_4_n_0. Optimization improves timing on the net.
INFO: [Physopt 32-619] Estimated Timing Summary | WNS=-6.495 | TNS=-5410.643 |
INFO: [Physopt 32-663] Processed net tangerineA7_100_i/tangerineSOC_0/inst/nekoRvInst/rs2Val[7]_i_1_psdsp_n_4.  Re-placed instance tangerineA7_100_i/tangerineSOC_0/inst/nekoRvInst/rs2Val[7]_i_1_psdsp_4
INFO: [Physopt 32-735] Processed net tangerineA7_100_i/tangerineSOC_0/inst/nekoRvInst/rs2Val[7]_i_1_psdsp_n_4. Optimization improves timing on the net.
INFO: [Physopt 32-619] Estimated Timing Summary | WNS=-6.495 | TNS=-5410.490 |
INFO: [Physopt 32-702] Processed net tangerineA7_100_i/tangerineSOC_0/inst/nekoRvInst/rdVal_reg_n_0_[26]. Optimizations did not improve timing on the net.
INFO: [Physopt 32-710] Processed net tangerineA7_100_i/tangerineSOC_0/inst/nekoRvInst/rdVal[26]_i_1_n_0. Critical path length was reduced through logic transformation on cell tangerineA7_100_i/tangerineSOC_0/inst/nekoRvInst/rdVal[26]_i_1_comp.
INFO: [Physopt 32-735] Processed net tangerineA7_100_i/tangerineSOC_0/inst/nekoRvInst/rdVal[26]_i_4_n_0. Optimization improves timing on the net.
INFO: [Physopt 32-619] Estimated Timing Summary | WNS=-6.495 | TNS=-5409.711 |
INFO: [Physopt 32-663] Processed net tangerineA7_100_i/tangerineSOC_0/inst/nekoRvInst/rs2Val[7]_i_1_psdsp_n_2.  Re-placed instance tangerineA7_100_i/tangerineSOC_0/inst/nekoRvInst/rs2Val[7]_i_1_psdsp_2
INFO: [Physopt 32-735] Processed net tangerineA7_100_i/tangerineSOC_0/inst/nekoRvInst/rs2Val[7]_i_1_psdsp_n_2. Optimization improves timing on the net.
INFO: [Physopt 32-619] Estimated Timing Summary | WNS=-6.495 | TNS=-5409.611 |
INFO: [Physopt 32-571] Net tangerineA7_100_i/tangerineSOC_0/inst/nekoRvInst/csrDOut[31]_i_5_n_0 was not replicated.
INFO: [Physopt 32-710] Processed net tangerineA7_100_i/tangerineSOC_0/inst/nekoRvInst/csrDOut[0]_i_1_n_0. Critical path length was reduced through logic transformation on cell tangerineA7_100_i/tangerineSOC_0/inst/nekoRvInst/csrDOut[0]_i_1_comp.
INFO: [Physopt 32-735] Processed net tangerineA7_100_i/tangerineSOC_0/inst/nekoRvInst/csrDOut[31]_i_5_n_0. Optimization improves timing on the net.
INFO: [Physopt 32-619] Estimated Timing Summary | WNS=-6.495 | TNS=-5409.473 |
INFO: [Physopt 32-702] Processed net tangerineA7_100_i/tangerineSOC_0/inst/nekoRvInst/rdVal_reg_n_0_[19]. Optimizations did not improve timing on the net.
INFO: [Physopt 32-710] Processed net tangerineA7_100_i/tangerineSOC_0/inst/nekoRvInst/rdVal[19]_i_1_n_0. Critical path length was reduced through logic transformation on cell tangerineA7_100_i/tangerineSOC_0/inst/nekoRvInst/rdVal[19]_i_1_comp.
INFO: [Physopt 32-735] Processed net tangerineA7_100_i/tangerineSOC_0/inst/nekoRvInst/rdVal[19]_i_4_n_0. Optimization improves timing on the net.
INFO: [Physopt 32-619] Estimated Timing Summary | WNS=-6.495 | TNS=-5408.838 |
INFO: [Physopt 32-571] Net tangerineA7_100_i/tangerineSOC_0/inst/nekoRvInst/csrDOut[31]_i_5_n_0 was not replicated.
INFO: [Physopt 32-710] Processed net tangerineA7_100_i/tangerineSOC_0/inst/nekoRvInst/csrDOut[10]_i_1_n_0. Critical path length was reduced through logic transformation on cell tangerineA7_100_i/tangerineSOC_0/inst/nekoRvInst/csrDOut[10]_i_1_comp.
INFO: [Physopt 32-735] Processed net tangerineA7_100_i/tangerineSOC_0/inst/nekoRvInst/csrDOut[31]_i_5_n_0. Optimization improves timing on the net.
INFO: [Physopt 32-619] Estimated Timing Summary | WNS=-6.495 | TNS=-5408.838 |
INFO: [Physopt 32-663] Processed net tangerineA7_100_i/tangerineSOC_0/inst/nekoRvInst/rs2Val[7]_i_1_psdsp_n_1.  Re-placed instance tangerineA7_100_i/tangerineSOC_0/inst/nekoRvInst/rs2Val[7]_i_1_psdsp_1
INFO: [Physopt 32-735] Processed net tangerineA7_100_i/tangerineSOC_0/inst/nekoRvInst/rs2Val[7]_i_1_psdsp_n_1. Optimization improves timing on the net.
INFO: [Physopt 32-619] Estimated Timing Summary | WNS=-6.495 | TNS=-5408.612 |
INFO: [Physopt 32-702] Processed net tangerineA7_100_i/tangerineSOC_0/inst/nekoRvInst/rdVal_reg_n_0_[11]. Optimizations did not improve timing on the net.
INFO: [Physopt 32-710] Processed net tangerineA7_100_i/tangerineSOC_0/inst/nekoRvInst/rdVal[11]_i_1_n_0. Critical path length was reduced through logic transformation on cell tangerineA7_100_i/tangerineSOC_0/inst/nekoRvInst/rdVal[11]_i_1_comp.
INFO: [Physopt 32-735] Processed net tangerineA7_100_i/tangerineSOC_0/inst/nekoRvInst/rdVal[11]_i_7_n_0. Optimization improves timing on the net.
INFO: [Physopt 32-619] Estimated Timing Summary | WNS=-6.495 | TNS=-5408.149 |
INFO: [Common 17-14] Message 'Physopt 32-619' appears 100 times and further instances of the messages will be disabled. Use the Tcl command set_msg_config to change the current settings.
INFO: [Physopt 32-663] Processed net tangerineA7_100_i/tangerineSOC_0/inst/nekoRvInst/rs2Val[1]_i_1_psdsp_n.  Re-placed instance tangerineA7_100_i/tangerineSOC_0/inst/nekoRvInst/rs2Val[1]_i_1_psdsp
INFO: [Physopt 32-735] Processed net tangerineA7_100_i/tangerineSOC_0/inst/nekoRvInst/rs2Val[1]_i_1_psdsp_n. Optimization improves timing on the net.
INFO: [Physopt 32-702] Processed net tangerineA7_100_i/tangerineSOC_0/inst/nekoRvInst/csrDOut[11]. Optimizations did not improve timing on the net.
INFO: [Physopt 32-571] Net tangerineA7_100_i/tangerineSOC_0/inst/nekoRvInst/csrDOut[31]_i_5_n_0 was not replicated.
INFO: [Physopt 32-710] Processed net tangerineA7_100_i/tangerineSOC_0/inst/nekoRvInst/csrDOut[11]_i_1_n_0. Critical path length was reduced through logic transformation on cell tangerineA7_100_i/tangerineSOC_0/inst/nekoRvInst/csrDOut[11]_i_1_comp.
INFO: [Physopt 32-735] Processed net tangerineA7_100_i/tangerineSOC_0/inst/nekoRvInst/csrDOut[31]_i_5_n_0. Optimization improves timing on the net.
INFO: [Physopt 32-663] Processed net tangerineA7_100_i/tangerineSOC_0/inst/nekoRvInst/rs2Val[2]_i_1_psdsp_n_5.  Re-placed instance tangerineA7_100_i/tangerineSOC_0/inst/nekoRvInst/rs2Val[2]_i_1_psdsp_5
INFO: [Physopt 32-735] Processed net tangerineA7_100_i/tangerineSOC_0/inst/nekoRvInst/rs2Val[2]_i_1_psdsp_n_5. Optimization improves timing on the net.
INFO: [Common 17-14] Message 'Physopt 32-735' appears 100 times and further instances of the messages will be disabled. Use the Tcl command set_msg_config to change the current settings.
INFO: [Physopt 32-702] Processed net tangerineA7_100_i/tangerineSOC_0/inst/nekoRvInst/csrDOut[26]. Optimizations did not improve timing on the net.
INFO: [Physopt 32-571] Net tangerineA7_100_i/tangerineSOC_0/inst/nekoRvInst/csrDOut[31]_i_5_n_0 was not replicated.
INFO: [Physopt 32-710] Processed net tangerineA7_100_i/tangerineSOC_0/inst/nekoRvInst/csrDOut[26]_i_1_n_0. Critical path length was reduced through logic transformation on cell tangerineA7_100_i/tangerineSOC_0/inst/nekoRvInst/csrDOut[26]_i_1_comp.
INFO: [Physopt 32-702] Processed net tangerineA7_100_i/tangerineSOC_0/inst/nekoRvInst/rdVal_reg_n_0_[23]. Optimizations did not improve timing on the net.
INFO: [Physopt 32-710] Processed net tangerineA7_100_i/tangerineSOC_0/inst/nekoRvInst/rdVal[23]_i_1_n_0. Critical path length was reduced through logic transformation on cell tangerineA7_100_i/tangerineSOC_0/inst/nekoRvInst/rdVal[23]_i_1_comp.
INFO: [Physopt 32-702] Processed net tangerineA7_100_i/tangerineSOC_0/inst/nekoRvInst/csrDOut[7]. Optimizations did not improve timing on the net.
INFO: [Physopt 32-571] Net tangerineA7_100_i/tangerineSOC_0/inst/nekoRvInst/csrDOut[31]_i_5_n_0 was not replicated.
INFO: [Physopt 32-710] Processed net tangerineA7_100_i/tangerineSOC_0/inst/nekoRvInst/csrDOut[7]_i_1_n_0. Critical path length was reduced through logic transformation on cell tangerineA7_100_i/tangerineSOC_0/inst/nekoRvInst/csrDOut[7]_i_1_comp.
INFO: [Physopt 32-702] Processed net tangerineA7_100_i/tangerineSOC_0/inst/nekoRvInst/rdVal_reg_n_0_[31]. Optimizations did not improve timing on the net.
INFO: [Physopt 32-710] Processed net tangerineA7_100_i/tangerineSOC_0/inst/nekoRvInst/rdVal[31]_i_2_n_0. Critical path length was reduced through logic transformation on cell tangerineA7_100_i/tangerineSOC_0/inst/nekoRvInst/rdVal[31]_i_2_comp.
INFO: [Physopt 32-702] Processed net tangerineA7_100_i/tangerineSOC_0/inst/nekoRvInst/csrDOut[19]. Optimizations did not improve timing on the net.
INFO: [Physopt 32-571] Net tangerineA7_100_i/tangerineSOC_0/inst/nekoRvInst/csrDOut[31]_i_5_n_0 was not replicated.
INFO: [Physopt 32-710] Processed net tangerineA7_100_i/tangerineSOC_0/inst/nekoRvInst/csrDOut[19]_i_1_n_0. Critical path length was reduced through logic transformation on cell tangerineA7_100_i/tangerineSOC_0/inst/nekoRvInst/csrDOut[19]_i_1_comp.
INFO: [Physopt 32-702] Processed net tangerineA7_100_i/tangerineSOC_0/inst/nekoRvInst/csrDOut[24]. Optimizations did not improve timing on the net.
INFO: [Physopt 32-571] Net tangerineA7_100_i/tangerineSOC_0/inst/nekoRvInst/csrDOut[31]_i_5_n_0 was not replicated.
INFO: [Physopt 32-710] Processed net tangerineA7_100_i/tangerineSOC_0/inst/nekoRvInst/csrDOut[24]_i_1_n_0. Critical path length was reduced through logic transformation on cell tangerineA7_100_i/tangerineSOC_0/inst/nekoRvInst/csrDOut[24]_i_1_comp.
INFO: [Physopt 32-702] Processed net tangerineA7_100_i/tangerineSOC_0/inst/nekoRvInst/csrDOut[14]. Optimizations did not improve timing on the net.
INFO: [Physopt 32-571] Net tangerineA7_100_i/tangerineSOC_0/inst/nekoRvInst/csrDOut[31]_i_5_n_0 was not replicated.
INFO: [Physopt 32-710] Processed net tangerineA7_100_i/tangerineSOC_0/inst/nekoRvInst/csrDOut[14]_i_1_n_0. Critical path length was reduced through logic transformation on cell tangerineA7_100_i/tangerineSOC_0/inst/nekoRvInst/csrDOut[14]_i_1_comp.
INFO: [Physopt 32-663] Processed net tangerineA7_100_i/tangerineSOC_0/inst/nekoRvInst/rs2Val[0].  Re-placed instance tangerineA7_100_i/tangerineSOC_0/inst/nekoRvInst/rs2Val_reg[0]
INFO: [Physopt 32-702] Processed net tangerineA7_100_i/tangerineSOC_0/inst/nekoRvInst/rs2Val[0]_i_1_psdsp_n_3. Optimizations did not improve timing on the net.
INFO: [Physopt 32-702] Processed net tangerineA7_100_i/tangerineSOC_0/inst/nekoRvInst/rs2Val_reg[0]_i_3_n_0. Optimizations did not improve timing on the net.
INFO: [Physopt 32-702] Processed net tangerineA7_100_i/tangerineSOC_0/inst/nekoRvInst/rs2Val[0]_i_9_n_0. Optimizations did not improve timing on the net.
INFO: [Physopt 32-571] Net tangerineA7_100_i/tangerineSOC_0/inst/nekoRvInst/rs2Val[16]_i_14_n_0 was not replicated.
INFO: [Physopt 32-702] Processed net tangerineA7_100_i/tangerineSOC_0/inst/nekoRvInst/rs2Val[16]_i_14_n_0. Optimizations did not improve timing on the net.
INFO: [Physopt 32-710] Processed net tangerineA7_100_i/tangerineSOC_0/inst/nekoRvInst/rs2Val[16]_i_14_n_0. Critical path length was reduced through logic transformation on cell tangerineA7_100_i/tangerineSOC_0/inst/nekoRvInst/rs2Val[16]_i_14_comp.
INFO: [Physopt 32-702] Processed net tangerineA7_100_i/tangerineSOC_0/inst/nekoRvInst/csrDOut[18]. Optimizations did not improve timing on the net.
INFO: [Physopt 32-571] Net tangerineA7_100_i/tangerineSOC_0/inst/nekoRvInst/csrDOut[31]_i_5_n_0 was not replicated.
INFO: [Physopt 32-710] Processed net tangerineA7_100_i/tangerineSOC_0/inst/nekoRvInst/csrDOut[18]_i_1_n_0. Critical path length was reduced through logic transformation on cell tangerineA7_100_i/tangerineSOC_0/inst/nekoRvInst/csrDOut[18]_i_1_comp.
INFO: [Physopt 32-702] Processed net tangerineA7_100_i/tangerineSOC_0/inst/nekoRvInst/rdVal_reg_n_0_[5]. Optimizations did not improve timing on the net.
INFO: [Physopt 32-710] Processed net tangerineA7_100_i/tangerineSOC_0/inst/nekoRvInst/rdVal[5]_i_1_n_0. Critical path length was reduced through logic transformation on cell tangerineA7_100_i/tangerineSOC_0/inst/nekoRvInst/rdVal[5]_i_1_comp.
INFO: [Physopt 32-702] Processed net tangerineA7_100_i/tangerineSOC_0/inst/nekoRvInst/csrDOut[15]. Optimizations did not improve timing on the net.
INFO: [Physopt 32-571] Net tangerineA7_100_i/tangerineSOC_0/inst/nekoRvInst/csrDOut[31]_i_5_n_0 was not replicated.
INFO: [Physopt 32-702] Processed net tangerineA7_100_i/tangerineSOC_0/inst/nekoRvInst/csrDOut[31]_i_5_n_0. Optimizations did not improve timing on the net.
INFO: [Physopt 32-571] Net tangerineA7_100_i/tangerineSOC_0/inst/nekoRvInst/csrA[11]_i_2_n_0 was not replicated.
INFO: [Physopt 32-702] Processed net tangerineA7_100_i/tangerineSOC_0/inst/nekoRvInst/csrA[11]_i_2_n_0. Optimizations did not improve timing on the net.
INFO: [Physopt 32-702] Processed net tangerineA7_100_i/tangerineSOC_0/inst/nekoRvInst/csrA[11]_i_6_n_0. Optimizations did not improve timing on the net.
INFO: [Physopt 32-702] Processed net tangerineA7_100_i/tangerineSOC_0/inst/fastRamInst/U0/inst_blk_mem_gen/gnbram.gnativebmg.native_blk_mem_gen/valid.cstr/has_mux_a.A/douta[31]. Optimizations did not improve timing on the net.
INFO: [Physopt 32-702] Processed net tangerineA7_100_i/tangerineSOC_0/inst/fastRamInst/U0/inst_blk_mem_gen/gnbram.gnativebmg.native_blk_mem_gen/valid.cstr/has_mux_a.A/douta[31]_INST_0_i_2_n_0. Optimizations did not improve timing on the net.
INFO: [Physopt 32-608] Optimized 1 net.  Swapped 24 pins.
INFO: [Physopt 32-702] Processed net tangerineA7_100_i/tangerineSOC_0/inst/nekoRvInst/csrDOut[13]. Optimizations did not improve timing on the net.
INFO: [Physopt 32-571] Net tangerineA7_100_i/tangerineSOC_0/inst/nekoRvInst/funct7[3]_i_1_n_0 was not replicated.
INFO: [Physopt 32-663] Processed net tangerineA7_100_i/tangerineSOC_0/inst/nekoRvInst/funct7[3]_i_1_n_0.  Re-placed instance tangerineA7_100_i/tangerineSOC_0/inst/nekoRvInst/funct7[3]_i_1
INFO: [Physopt 32-571] Net tangerineA7_100_i/tangerineSOC_0/inst/nekoRvInst/csrA[5]_i_1_n_0 was not replicated.
INFO: [Physopt 32-702] Processed net tangerineA7_100_i/tangerineSOC_0/inst/nekoRvInst/csrA[5]_i_1_n_0. Optimizations did not improve timing on the net.
INFO: [Physopt 32-710] Processed net tangerineA7_100_i/tangerineSOC_0/inst/nekoRvInst/csrA[5]_i_1_n_0. Critical path length was reduced through logic transformation on cell tangerineA7_100_i/tangerineSOC_0/inst/nekoRvInst/csrA[5]_i_1_comp.
INFO: [Physopt 32-663] Processed net tangerineA7_100_i/tangerineSOC_0/inst/nekoRvInst/rs2Val[17].  Re-placed instance tangerineA7_100_i/tangerineSOC_0/inst/nekoRvInst/rs2Val_reg[17]
INFO: [Physopt 32-571] Net tangerineA7_100_i/tangerineSOC_0/inst/nekoRvInst/funct7[4]_i_1_n_0 was not replicated.
INFO: [Physopt 32-663] Processed net tangerineA7_100_i/tangerineSOC_0/inst/nekoRvInst/funct7[4]_i_1_n_0.  Re-placed instance tangerineA7_100_i/tangerineSOC_0/inst/nekoRvInst/funct7[4]_i_1
INFO: [Physopt 32-702] Processed net tangerineA7_100_i/tangerineSOC_0/inst/nekoRvInst/csrDOut[20]. Optimizations did not improve timing on the net.
INFO: [Physopt 32-710] Processed net tangerineA7_100_i/tangerineSOC_0/inst/nekoRvInst/csrDOut[20]_i_1_n_0. Critical path length was reduced through logic transformation on cell tangerineA7_100_i/tangerineSOC_0/inst/nekoRvInst/csrDOut[20]_i_1_comp.
INFO: [Physopt 32-710] Processed net tangerineA7_100_i/tangerineSOC_0/inst/nekoRvInst/csrDOut[10]_i_1_n_0. Critical path length was reduced through logic transformation on cell tangerineA7_100_i/tangerineSOC_0/inst/nekoRvInst/csrDOut[10]_i_1_comp_1.
INFO: [Physopt 32-663] Processed net tangerineA7_100_i/tangerineSOC_0/inst/nekoRvInst/rs2Val[20].  Re-placed instance tangerineA7_100_i/tangerineSOC_0/inst/nekoRvInst/rs2Val_reg[20]
INFO: [Physopt 32-571] Net tangerineA7_100_i/tangerineSOC_0/inst/nekoRvInst/csrDOut[31]_i_3_n_0 was not replicated.
INFO: [Physopt 32-710] Processed net tangerineA7_100_i/tangerineSOC_0/inst/nekoRvInst/csrDOut[10]_i_1_n_0. Critical path length was reduced through logic transformation on cell tangerineA7_100_i/tangerineSOC_0/inst/nekoRvInst/csrDOut[10]_i_1_comp.
INFO: [Physopt 32-702] Processed net tangerineA7_100_i/tangerineSOC_0/inst/nekoRvInst/rdVal_reg_n_0_[17]. Optimizations did not improve timing on the net.
INFO: [Physopt 32-710] Processed net tangerineA7_100_i/tangerineSOC_0/inst/nekoRvInst/rdVal[17]_i_1_n_0. Critical path length was reduced through logic transformation on cell tangerineA7_100_i/tangerineSOC_0/inst/nekoRvInst/rdVal[17]_i_1_comp.
INFO: [Physopt 32-571] Net tangerineA7_100_i/tangerineSOC_0/inst/nekoRvInst/csrDOut[31]_i_3_n_0 was not replicated.
INFO: [Physopt 32-710] Processed net tangerineA7_100_i/tangerineSOC_0/inst/nekoRvInst/csrDOut[24]_i_1_n_0. Critical path length was reduced through logic transformation on cell tangerineA7_100_i/tangerineSOC_0/inst/nekoRvInst/csrDOut[24]_i_1_comp_1.
INFO: [Physopt 32-571] Net tangerineA7_100_i/tangerineSOC_0/inst/nekoRvInst/csrDOut[31]_i_3_n_0 was not replicated.
INFO: [Physopt 32-710] Processed net tangerineA7_100_i/tangerineSOC_0/inst/nekoRvInst/csrDOut[20]_i_1_n_0. Critical path length was reduced through logic transformation on cell tangerineA7_100_i/tangerineSOC_0/inst/nekoRvInst/csrDOut[20]_i_1_comp_1.
INFO: [Physopt 32-608] Optimized 1 net.  Swapped 17 pins.
INFO: [Physopt 32-663] Processed net tangerineA7_100_i/tangerineSOC_0/inst/nekoRvInst/rs2Val[19]_i_1_psdsp_n_4.  Re-placed instance tangerineA7_100_i/tangerineSOC_0/inst/nekoRvInst/rs2Val[19]_i_1_psdsp_4
INFO: [Physopt 32-571] Net tangerineA7_100_i/tangerineSOC_0/inst/nekoRvInst/csrDOut[31]_i_3_n_0 was not replicated.
INFO: [Physopt 32-710] Processed net tangerineA7_100_i/tangerineSOC_0/inst/nekoRvInst/csrDOut[26]_i_1_n_0. Critical path length was reduced through logic transformation on cell tangerineA7_100_i/tangerineSOC_0/inst/nekoRvInst/csrDOut[26]_i_1_comp_1.
INFO: [Physopt 32-663] Processed net tangerineA7_100_i/tangerineSOC_0/inst/nekoRvInst/csrDOut[20]_i_2_n_0.  Re-placed instance tangerineA7_100_i/tangerineSOC_0/inst/nekoRvInst/csrDOut[20]_i_2_comp
INFO: [Physopt 32-702] Processed net tangerineA7_100_i/tangerineSOC_0/inst/nekoRvInst/csrDOut[27]. Optimizations did not improve timing on the net.
INFO: [Physopt 32-710] Processed net tangerineA7_100_i/tangerineSOC_0/inst/nekoRvInst/csrDOut[27]_i_1_n_0. Critical path length was reduced through logic transformation on cell tangerineA7_100_i/tangerineSOC_0/inst/nekoRvInst/csrDOut[27]_i_1_comp.
INFO: [Physopt 32-702] Processed net tangerineA7_100_i/tangerineSOC_0/inst/nekoRvInst/csrDOut[25]. Optimizations did not improve timing on the net.
INFO: [Physopt 32-710] Processed net tangerineA7_100_i/tangerineSOC_0/inst/nekoRvInst/csrDOut[25]_i_1_n_0. Critical path length was reduced through logic transformation on cell tangerineA7_100_i/tangerineSOC_0/inst/nekoRvInst/csrDOut[25]_i_1_comp.
INFO: [Physopt 32-663] Processed net tangerineA7_100_i/tangerineSOC_0/inst/nekoRvInst/rs2Val[20]_i_1_psdsp_n_3.  Re-placed instance tangerineA7_100_i/tangerineSOC_0/inst/nekoRvInst/rs2Val[20]_i_1_psdsp_3
INFO: [Physopt 32-663] Processed net tangerineA7_100_i/tangerineSOC_0/inst/nekoRvInst/rdVal[10]_i_20_n_0.  Re-placed instance tangerineA7_100_i/tangerineSOC_0/inst/nekoRvInst/rdVal[10]_i_20
INFO: [Physopt 32-702] Processed net tangerineA7_100_i/tangerineSOC_0/inst/nekoRvInst/rdVal_reg_n_0_[29]. Optimizations did not improve timing on the net.
INFO: [Physopt 32-710] Processed net tangerineA7_100_i/tangerineSOC_0/inst/nekoRvInst/rdVal[29]_i_1_n_0. Critical path length was reduced through logic transformation on cell tangerineA7_100_i/tangerineSOC_0/inst/nekoRvInst/rdVal[29]_i_1_comp.
INFO: [Physopt 32-702] Processed net tangerineA7_100_i/tangerineSOC_0/inst/nekoRvInst/csrDOut[2]. Optimizations did not improve timing on the net.
INFO: [Physopt 32-710] Processed net tangerineA7_100_i/tangerineSOC_0/inst/nekoRvInst/csrDOut[2]_i_1_n_0. Critical path length was reduced through logic transformation on cell tangerineA7_100_i/tangerineSOC_0/inst/nekoRvInst/csrDOut[2]_i_1_comp.
INFO: [Physopt 32-702] Processed net tangerineA7_100_i/tangerineSOC_0/inst/nekoRvInst/rdVal_reg_n_0_[22]. Optimizations did not improve timing on the net.
INFO: [Physopt 32-710] Processed net tangerineA7_100_i/tangerineSOC_0/inst/nekoRvInst/rdVal[22]_i_1_n_0. Critical path length was reduced through logic transformation on cell tangerineA7_100_i/tangerineSOC_0/inst/nekoRvInst/rdVal[22]_i_1_comp.
INFO: [Physopt 32-702] Processed net tangerineA7_100_i/tangerineSOC_0/inst/nekoRvInst/csrDOut[12]. Optimizations did not improve timing on the net.
INFO: [Physopt 32-710] Processed net tangerineA7_100_i/tangerineSOC_0/inst/nekoRvInst/csrDOut[12]_i_1_n_0. Critical path length was reduced through logic transformation on cell tangerineA7_100_i/tangerineSOC_0/inst/nekoRvInst/csrDOut[12]_i_1_comp.
INFO: [Physopt 32-663] Processed net tangerineA7_100_i/tangerineSOC_0/inst/nekoRvInst/rs2Val[19]_i_1_psdsp_n_2.  Re-placed instance tangerineA7_100_i/tangerineSOC_0/inst/nekoRvInst/rs2Val[19]_i_1_psdsp_2
INFO: [Physopt 32-702] Processed net tangerineA7_100_i/tangerineSOC_0/inst/nekoRvInst/rdVal_reg_n_0_[27]. Optimizations did not improve timing on the net.
INFO: [Physopt 32-710] Processed net tangerineA7_100_i/tangerineSOC_0/inst/nekoRvInst/rdVal[27]_i_1_n_0. Critical path length was reduced through logic transformation on cell tangerineA7_100_i/tangerineSOC_0/inst/nekoRvInst/rdVal[27]_i_1_comp.
INFO: [Physopt 32-702] Processed net tangerineA7_100_i/tangerineSOC_0/inst/nekoRvInst/csrDOut[30]. Optimizations did not improve timing on the net.
INFO: [Physopt 32-710] Processed net tangerineA7_100_i/tangerineSOC_0/inst/nekoRvInst/csrDOut[30]_i_1_n_0. Critical path length was reduced through logic transformation on cell tangerineA7_100_i/tangerineSOC_0/inst/nekoRvInst/csrDOut[30]_i_1_comp.
INFO: [Physopt 32-663] Processed net tangerineA7_100_i/tangerineSOC_0/inst/nekoRvInst/csrDOut[31]_i_5_n_0_repN_5.  Re-placed instance tangerineA7_100_i/tangerineSOC_0/inst/nekoRvInst/csrDOut[31]_i_5_comp_5
INFO: [Physopt 32-663] Processed net tangerineA7_100_i/tangerineSOC_0/inst/axiDMAInst/FSM_sequential_axiState_reg[2]_rep_n_0.  Re-placed instance tangerineA7_100_i/tangerineSOC_0/inst/axiDMAInst/FSM_sequential_axiState_reg[2]_rep
INFO: [Physopt 32-663] Processed net tangerineA7_100_i/tangerineSOC_0/inst/axiDMAInst/FSM_sequential_axiState_reg[2]_rep__0_n_0.  Re-placed instance tangerineA7_100_i/tangerineSOC_0/inst/axiDMAInst/FSM_sequential_axiState_reg[2]_rep__0
INFO: [Physopt 32-663] Processed net tangerineA7_100_i/tangerineSOC_0/inst/axiDMAInst/FSM_sequential_axiState_reg[0]_rep_n_0.  Re-placed instance tangerineA7_100_i/tangerineSOC_0/inst/axiDMAInst/FSM_sequential_axiState_reg[0]_rep
INFO: [Physopt 32-663] Processed net tangerineA7_100_i/tangerineSOC_0/inst/axiDMAInst/FSM_sequential_axiState_reg[0]_rep__0_n_0.  Re-placed instance tangerineA7_100_i/tangerineSOC_0/inst/axiDMAInst/FSM_sequential_axiState_reg[0]_rep__0
INFO: [Physopt 32-663] Processed net tangerineA7_100_i/tangerineSOC_0/inst/axiDMAInst/FSM_sequential_axiState_reg[1]_rep__0_n_0.  Re-placed instance tangerineA7_100_i/tangerineSOC_0/inst/axiDMAInst/FSM_sequential_axiState_reg[1]_rep__0
INFO: [Physopt 32-663] Processed net tangerineA7_100_i/tangerineSOC_0/inst/axiDMAInst/FSM_sequential_axiState_reg[1]_rep__1_n_0.  Re-placed instance tangerineA7_100_i/tangerineSOC_0/inst/axiDMAInst/FSM_sequential_axiState_reg[1]_rep__1
INFO: [Physopt 32-702] Processed net tangerineA7_100_i/tangerineSOC_0/inst/axiDMAInst/cacheWay0Ab[0]. Optimizations did not improve timing on the net.
INFO: [Physopt 32-710] Processed net tangerineA7_100_i/tangerineSOC_0/inst/axiDMAInst/FSM_sequential_axiState[5]_i_1_n_0. Critical path length was reduced through logic transformation on cell tangerineA7_100_i/tangerineSOC_0/inst/axiDMAInst/FSM_sequential_axiState[5]_i_1_comp.
INFO: [Physopt 32-710] Processed net tangerineA7_100_i/tangerineSOC_0/inst/axiDMAInst/FSM_sequential_axiState[5]_i_1_n_0. Critical path length was reduced through logic transformation on cell tangerineA7_100_i/tangerineSOC_0/inst/axiDMAInst/FSM_sequential_axiState[5]_i_1_comp_1.
INFO: [Physopt 32-702] Processed net tangerineA7_100_i/tangerineSOC_0/inst/axiDMAInst/ch0DOut_reg[31]_0[22]. Optimizations did not improve timing on the net.
INFO: [Physopt 32-663] Processed net tangerineA7_100_i/tangerineSOC_0/inst/axiDMAInst/ch0DOut[22]_i_3_n_0.  Re-placed instance tangerineA7_100_i/tangerineSOC_0/inst/axiDMAInst/ch0DOut[22]_i_3
INFO: [Physopt 32-663] Processed net tangerineA7_100_i/tangerineSOC_0/inst/axiDMAInst/cacheWay3WEa_reg_n_0_[0].  Re-placed instance tangerineA7_100_i/tangerineSOC_0/inst/axiDMAInst/cacheWay3WEa_reg[0]
INFO: [Physopt 32-663] Processed net tangerineA7_100_i/tangerineSOC_0/inst/axiDMAInst/cacheWay3WEa_reg_n_0_[1].  Re-placed instance tangerineA7_100_i/tangerineSOC_0/inst/axiDMAInst/cacheWay3WEa_reg[1]
INFO: [Physopt 32-663] Processed net tangerineA7_100_i/tangerineSOC_0/inst/axiDMAInst/cacheWay3WEa_reg_n_0_[2].  Re-placed instance tangerineA7_100_i/tangerineSOC_0/inst/axiDMAInst/cacheWay3WEa_reg[2]
INFO: [Physopt 32-663] Processed net tangerineA7_100_i/tangerineSOC_0/inst/axiDMAInst/cacheWay3WEa_reg_n_0_[3].  Re-placed instance tangerineA7_100_i/tangerineSOC_0/inst/axiDMAInst/cacheWay3WEa_reg[3]
INFO: [Physopt 32-702] Processed net tangerineA7_100_i/tangerineSOC_0/inst/axiDMAInst/ch0DOut_reg[31]_0[3]. Optimizations did not improve timing on the net.
INFO: [Physopt 32-663] Processed net tangerineA7_100_i/tangerineSOC_0/inst/axiDMAInst/ch0DOut[3]_i_3_n_0.  Re-placed instance tangerineA7_100_i/tangerineSOC_0/inst/axiDMAInst/ch0DOut[3]_i_3
INFO: [Physopt 32-702] Processed net tangerineA7_100_i/tangerineSOC_0/inst/axiDMAInst/ch0DOut_reg[31]_0[12]. Optimizations did not improve timing on the net.
INFO: [Physopt 32-710] Processed net tangerineA7_100_i/tangerineSOC_0/inst/axiDMAInst/ch0DOut[31]_i_1_n_0. Critical path length was reduced through logic transformation on cell tangerineA7_100_i/tangerineSOC_0/inst/axiDMAInst/ch0DOut[31]_i_1_comp.
INFO: [Physopt 32-702] Processed net tangerineA7_100_i/tangerineSOC_0/inst/axiDMAInst/ch0DOut_reg[31]_0[19]. Optimizations did not improve timing on the net.
INFO: [Physopt 32-663] Processed net tangerineA7_100_i/tangerineSOC_0/inst/axiDMAInst/ch0DOut[19]_i_3_n_0.  Re-placed instance tangerineA7_100_i/tangerineSOC_0/inst/axiDMAInst/ch0DOut[19]_i_3
INFO: [Physopt 32-702] Processed net tangerineA7_100_i/tangerineSOC_0/inst/axiDMAInst/ch0Ready. Optimizations did not improve timing on the net.
INFO: [Physopt 32-663] Processed net tangerineA7_100_i/tangerineSOC_0/inst/axiDMAInst/ch0Ready_i_2_n_0.  Re-placed instance tangerineA7_100_i/tangerineSOC_0/inst/axiDMAInst/ch0Ready_i_2
INFO: [Physopt 32-702] Processed net tangerineA7_100_i/tangerineSOC_0/inst/axiDMAInst/m00_axi_wstrb[8]. Optimizations did not improve timing on the net.
INFO: [Physopt 32-663] Processed net tangerineA7_100_i/tangerineSOC_0/inst/axiDMAInst/m00_axi_wstrb[8]_i_3_n_0.  Re-placed instance tangerineA7_100_i/tangerineSOC_0/inst/axiDMAInst/m00_axi_wstrb[8]_i_3
INFO: [Physopt 32-702] Processed net tangerineA7_100_i/tangerineSOC_0/inst/axiDMAInst/ch0DOut_reg[31]_0[10]. Optimizations did not improve timing on the net.
INFO: [Physopt 32-663] Processed net tangerineA7_100_i/tangerineSOC_0/inst/axiDMAInst/ch0DOut[10]_i_3_n_0.  Re-placed instance tangerineA7_100_i/tangerineSOC_0/inst/axiDMAInst/ch0DOut[10]_i_3
INFO: [Physopt 32-710] Processed net tangerineA7_100_i/tangerineSOC_0/inst/axiDMAInst/m00_axi_wstrb[8]_i_1_n_0. Critical path length was reduced through logic transformation on cell tangerineA7_100_i/tangerineSOC_0/inst/axiDMAInst/m00_axi_wstrb[8]_i_1_comp.
INFO: [Physopt 32-702] Processed net tangerineA7_100_i/tangerineSOC_0/inst/axiDMAInst/m00_axi_wstrb[1]. Optimizations did not improve timing on the net.
INFO: [Physopt 32-663] Processed net tangerineA7_100_i/tangerineSOC_0/inst/axiDMAInst/m00_axi_wstrb[1]_i_3_n_0.  Re-placed instance tangerineA7_100_i/tangerineSOC_0/inst/axiDMAInst/m00_axi_wstrb[1]_i_3
INFO: [Physopt 32-702] Processed net tangerineA7_100_i/tangerineSOC_0/inst/axiDMAInst/m00_axi_wstrb[0]. Optimizations did not improve timing on the net.
INFO: [Physopt 32-710] Processed net tangerineA7_100_i/tangerineSOC_0/inst/axiDMAInst/m00_axi_wstrb[0]_i_1_n_0. Critical path length was reduced through logic transformation on cell tangerineA7_100_i/tangerineSOC_0/inst/axiDMAInst/m00_axi_wstrb[0]_i_1_comp.
INFO: [Physopt 32-702] Processed net tangerineA7_100_i/tangerineSOC_0/inst/axiDMAInst/ch0DOut_reg[31]_0[4]. Optimizations did not improve timing on the net.
INFO: [Physopt 32-663] Processed net tangerineA7_100_i/tangerineSOC_0/inst/axiDMAInst/ch0DOut[4]_i_3_n_0.  Re-placed instance tangerineA7_100_i/tangerineSOC_0/inst/axiDMAInst/ch0DOut[4]_i_3
INFO: [Physopt 32-702] Processed net tangerineA7_100_i/tangerineSOC_0/inst/axiDMAInst/m00_axi_wstrb[4]. Optimizations did not improve timing on the net.
INFO: [Physopt 32-710] Processed net tangerineA7_100_i/tangerineSOC_0/inst/axiDMAInst/m00_axi_wstrb[4]_i_1_n_0. Critical path length was reduced through logic transformation on cell tangerineA7_100_i/tangerineSOC_0/inst/axiDMAInst/m00_axi_wstrb[4]_i_1_comp.
INFO: [Physopt 32-710] Processed net tangerineA7_100_i/tangerineSOC_0/inst/axiDMAInst/m00_axi_wstrb[1]_i_1_n_0. Critical path length was reduced through logic transformation on cell tangerineA7_100_i/tangerineSOC_0/inst/axiDMAInst/m00_axi_wstrb[1]_i_1_comp.
INFO: [Physopt 32-702] Processed net tangerineA7_100_i/tangerineSOC_0/inst/axiDMAInst/ch0DOut_reg[31]_0[5]. Optimizations did not improve timing on the net.
INFO: [Physopt 32-663] Processed net tangerineA7_100_i/tangerineSOC_0/inst/axiDMAInst/ch0DOut[5]_i_3_n_0.  Re-placed instance tangerineA7_100_i/tangerineSOC_0/inst/axiDMAInst/ch0DOut[5]_i_3
INFO: [Physopt 32-702] Processed net tangerineA7_100_i/tangerineSOC_0/inst/axiDMAInst/m00_axi_wstrb[9]. Optimizations did not improve timing on the net.
INFO: [Physopt 32-663] Processed net tangerineA7_100_i/tangerineSOC_0/inst/axiDMAInst/m00_axi_wstrb[9]_i_3_n_0.  Re-placed instance tangerineA7_100_i/tangerineSOC_0/inst/axiDMAInst/m00_axi_wstrb[9]_i_3
INFO: [Physopt 32-663] Processed net tangerineA7_100_i/tangerineSOC_0/inst/axiDMAInst/ch0DOut[31]_i_12_n_0.  Re-placed instance tangerineA7_100_i/tangerineSOC_0/inst/axiDMAInst/ch0DOut[31]_i_12
INFO: [Physopt 32-702] Processed net tangerineA7_100_i/tangerineSOC_0/inst/axiDMAInst/ch0DOut_reg[31]_0[18]. Optimizations did not improve timing on the net.
INFO: [Physopt 32-663] Processed net tangerineA7_100_i/tangerineSOC_0/inst/axiDMAInst/ch0DOut[18]_i_3_n_0.  Re-placed instance tangerineA7_100_i/tangerineSOC_0/inst/axiDMAInst/ch0DOut[18]_i_3
INFO: [Physopt 32-702] Processed net tangerineA7_100_i/tangerineSOC_0/inst/axiDMAInst/ch0DOut_reg[31]_0[0]. Optimizations did not improve timing on the net.
INFO: [Physopt 32-663] Processed net tangerineA7_100_i/tangerineSOC_0/inst/axiDMAInst/ch0DOut[0]_i_3_n_0.  Re-placed instance tangerineA7_100_i/tangerineSOC_0/inst/axiDMAInst/ch0DOut[0]_i_3
INFO: [Physopt 32-702] Processed net tangerineA7_100_i/tangerineSOC_0/inst/axiDMAInst/ch0DOut_reg[31]_0[31]. Optimizations did not improve timing on the net.
INFO: [Physopt 32-663] Processed net tangerineA7_100_i/tangerineSOC_0/inst/axiDMAInst/ch0DOut[31]_i_9_n_0.  Re-placed instance tangerineA7_100_i/tangerineSOC_0/inst/axiDMAInst/ch0DOut[31]_i_9
INFO: [Physopt 32-702] Processed net tangerineA7_100_i/tangerineSOC_0/inst/axiDMAInst/m00_axi_wstrb[5]. Optimizations did not improve timing on the net.
INFO: [Physopt 32-710] Processed net tangerineA7_100_i/tangerineSOC_0/inst/axiDMAInst/m00_axi_wstrb[5]_i_1_n_0. Critical path length was reduced through logic transformation on cell tangerineA7_100_i/tangerineSOC_0/inst/axiDMAInst/m00_axi_wstrb[5]_i_1_comp.
INFO: [Physopt 32-702] Processed net tangerineA7_100_i/tangerineSOC_0/inst/axiDMAInst/ch0DOut_reg[31]_0[6]. Optimizations did not improve timing on the net.
INFO: [Physopt 32-663] Processed net tangerineA7_100_i/tangerineSOC_0/inst/axiDMAInst/ch0DOut[6]_i_3_n_0.  Re-placed instance tangerineA7_100_i/tangerineSOC_0/inst/axiDMAInst/ch0DOut[6]_i_3
INFO: [Physopt 32-702] Processed net tangerineA7_100_i/tangerineSOC_0/inst/axiDMAInst/m00_axi_wstrb[9]_i_3_n_0. Optimizations did not improve timing on the net.
INFO: [Physopt 32-710] Processed net tangerineA7_100_i/tangerineSOC_0/inst/axiDMAInst/m00_axi_wstrb[9]_i_3_n_0. Critical path length was reduced through logic transformation on cell tangerineA7_100_i/tangerineSOC_0/inst/axiDMAInst/m00_axi_wstrb[9]_i_3_comp.
INFO: [Physopt 32-663] Processed net tangerineA7_100_i/tangerineSOC_0/inst/axiDMAInst/ch0DOut[19]_i_3_n_0.  Re-placed instance tangerineA7_100_i/tangerineSOC_0/inst/axiDMAInst/ch0DOut[19]_i_3
INFO: [Physopt 32-702] Processed net tangerineA7_100_i/tangerineSOC_0/inst/axiDMAInst/ch0DOut_reg[31]_0[9]. Optimizations did not improve timing on the net.
INFO: [Physopt 32-663] Processed net tangerineA7_100_i/tangerineSOC_0/inst/axiDMAInst/ch0DOut[9]_i_3_n_0.  Re-placed instance tangerineA7_100_i/tangerineSOC_0/inst/axiDMAInst/ch0DOut[9]_i_3
INFO: [Physopt 32-663] Processed net tangerineA7_100_i/tangerineSOC_0/inst/axiDMAInst/ch0DOut[31]_i_12_n_0.  Re-placed instance tangerineA7_100_i/tangerineSOC_0/inst/axiDMAInst/ch0DOut[31]_i_12
INFO: [Physopt 32-702] Processed net tangerineA7_100_i/tangerineSOC_0/inst/axiDMAInst/ch0DOut_reg[31]_0[11]. Optimizations did not improve timing on the net.
INFO: [Physopt 32-663] Processed net tangerineA7_100_i/tangerineSOC_0/inst/axiDMAInst/ch0DOut[11]_i_3_n_0.  Re-placed instance tangerineA7_100_i/tangerineSOC_0/inst/axiDMAInst/ch0DOut[11]_i_3
INFO: [Physopt 32-663] Processed net tangerineA7_100_i/tangerineSOC_0/inst/axiDMAInst/m00_axi_wstrb[8]_i_3_n_0.  Re-placed instance tangerineA7_100_i/tangerineSOC_0/inst/axiDMAInst/m00_axi_wstrb[8]_i_3_comp_1
INFO: [Physopt 32-663] Processed net tangerineA7_100_i/tangerineSOC_0/inst/axiDMAInst/FSM_sequential_axiState_reg[0]_rep__0_n_0.  Re-placed instance tangerineA7_100_i/tangerineSOC_0/inst/axiDMAInst/FSM_sequential_axiState_reg[0]_rep__0
INFO: [Physopt 32-663] Processed net tangerineA7_100_i/tangerineSOC_0/inst/axiDMAInst/m00_axi_wstrb[8]_i_5_n_0.  Re-placed instance tangerineA7_100_i/tangerineSOC_0/inst/axiDMAInst/m00_axi_wstrb[8]_i_5
INFO: [Physopt 32-663] Processed net tangerineA7_100_i/tangerineSOC_0/inst/axiDMAInst/ch0DOut[12]_i_3_n_0.  Re-placed instance tangerineA7_100_i/tangerineSOC_0/inst/axiDMAInst/ch0DOut[12]_i_3
INFO: [Physopt 32-702] Processed net tangerineA7_100_i/tangerineSOC_0/inst/axiDMAInst/cacheWay3WEa_reg_n_0_[0]. Optimizations did not improve timing on the net.
INFO: [Physopt 32-710] Processed net tangerineA7_100_i/tangerineSOC_0/inst/axiDMAInst/cacheWay3WEa. Critical path length was reduced through logic transformation on cell tangerineA7_100_i/tangerineSOC_0/inst/axiDMAInst/cacheWay3WEa[3]_i_1_comp.
INFO: [Physopt 32-702] Processed net tangerineA7_100_i/tangerineSOC_0/inst/axiDMAInst/m00_axi_wstrb[12]. Optimizations did not improve timing on the net.
INFO: [Physopt 32-710] Processed net tangerineA7_100_i/tangerineSOC_0/inst/axiDMAInst/m00_axi_wstrb[12]_i_1_n_0. Critical path length was reduced through logic transformation on cell tangerineA7_100_i/tangerineSOC_0/inst/axiDMAInst/m00_axi_wstrb[12]_i_1_comp.
INFO: [Physopt 32-663] Processed net tangerineA7_100_i/tangerineSOC_0/inst/axiDMAInst/m00_axi_wstrb[4]_i_3_n_0.  Re-placed instance tangerineA7_100_i/tangerineSOC_0/inst/axiDMAInst/m00_axi_wstrb[4]_i_3_comp_1
INFO: [Physopt 32-702] Processed net tangerineA7_100_i/tangerineSOC_0/inst/axiDMAInst/m00_axi_wstrb_reg[9]_i_5_n_5. Optimizations did not improve timing on the net.
INFO: [Physopt 32-702] Processed net tangerineA7_100_i/tangerineSOC_0/inst/axiDMAInst/m00_axi_wstrb_reg[9]_i_8_n_0. Optimizations did not improve timing on the net.
INFO: [Physopt 32-608] Optimized 1 net.  Swapped 26 pins.
INFO: [Physopt 32-702] Processed net tangerineA7_100_i/tangerineSOC_0/inst/axiDMAInst/ch0DOut_reg[31]_0[27]. Optimizations did not improve timing on the net.
INFO: [Physopt 32-663] Processed net tangerineA7_100_i/tangerineSOC_0/inst/axiDMAInst/ch0DOut[27]_i_3_n_0.  Re-placed instance tangerineA7_100_i/tangerineSOC_0/inst/axiDMAInst/ch0DOut[27]_i_3
INFO: [Physopt 32-702] Processed net tangerineA7_100_i/tangerineSOC_0/inst/axiDMAInst/m00_axi_wstrb[13]. Optimizations did not improve timing on the net.
INFO: [Physopt 32-710] Processed net tangerineA7_100_i/tangerineSOC_0/inst/axiDMAInst/m00_axi_wstrb[13]_i_1_n_0. Critical path length was reduced through logic transformation on cell tangerineA7_100_i/tangerineSOC_0/inst/axiDMAInst/m00_axi_wstrb[13]_i_1_comp.
INFO: [Physopt 32-702] Processed net tangerineA7_100_i/tangerineSOC_0/inst/axiDMAInst/ch0DOut_reg[31]_0[2]. Optimizations did not improve timing on the net.
INFO: [Physopt 32-663] Processed net tangerineA7_100_i/tangerineSOC_0/inst/axiDMAInst/ch0DOut[2]_i_3_n_0.  Re-placed instance tangerineA7_100_i/tangerineSOC_0/inst/axiDMAInst/ch0DOut[2]_i_3
INFO: [Physopt 32-663] Processed net tangerineA7_100_i/tangerineSOC_0/inst/axiDMAInst/ch0DOut[22]_i_3_n_0.  Re-placed instance tangerineA7_100_i/tangerineSOC_0/inst/axiDMAInst/ch0DOut[22]_i_3
INFO: [Physopt 32-702] Processed net tangerineA7_100_i/tangerineSOC_0/inst/axiDMAInst/ch0DOut_reg[31]_0[25]. Optimizations did not improve timing on the net.
INFO: [Physopt 32-663] Processed net tangerineA7_100_i/tangerineSOC_0/inst/axiDMAInst/ch0DOut[25]_i_3_n_0.  Re-placed instance tangerineA7_100_i/tangerineSOC_0/inst/axiDMAInst/ch0DOut[25]_i_3
INFO: [Physopt 32-710] Processed net tangerineA7_100_i/tangerineSOC_0/inst/axiDMAInst/ch0Ready_i_1_n_0. Critical path length was reduced through logic transformation on cell tangerineA7_100_i/tangerineSOC_0/inst/axiDMAInst/ch0Ready_i_1_comp.
INFO: [Physopt 32-710] Processed net tangerineA7_100_i/tangerineSOC_0/inst/axiDMAInst/ch0DOut[19]_i_1_n_0. Critical path length was reduced through logic transformation on cell tangerineA7_100_i/tangerineSOC_0/inst/axiDMAInst/ch0DOut[19]_i_1_comp.
INFO: [Physopt 32-702] Processed net tangerineA7_100_i/tangerineSOC_0/inst/axiDMAInst/m00_axi_wlast. Optimizations did not improve timing on the net.
INFO: [Physopt 32-710] Processed net tangerineA7_100_i/tangerineSOC_0/inst/axiDMAInst/m00_axi_wlast_i_1_n_0. Critical path length was reduced through logic transformation on cell tangerineA7_100_i/tangerineSOC_0/inst/axiDMAInst/m00_axi_wlast_i_1_comp.
INFO: [Physopt 32-702] Processed net tangerineA7_100_i/tangerineSOC_0/inst/axiDMAInst/ch0DOut_reg[31]_0[14]. Optimizations did not improve timing on the net.
INFO: [Physopt 32-663] Processed net tangerineA7_100_i/tangerineSOC_0/inst/axiDMAInst/ch0DOut[14]_i_3_n_0.  Re-placed instance tangerineA7_100_i/tangerineSOC_0/inst/axiDMAInst/ch0DOut[14]_i_3
INFO: [Physopt 32-710] Processed net tangerineA7_100_i/tangerineSOC_0/inst/axiDMAInst/ch0DOut[31]_i_1_n_0. Critical path length was reduced through logic transformation on cell tangerineA7_100_i/tangerineSOC_0/inst/axiDMAInst/ch0DOut[31]_i_1_comp_1.
INFO: [Physopt 32-663] Processed net tangerineA7_100_i/tangerineSOC_0/inst/axiDMAInst/ch0DOut[0]_i_3_n_0.  Re-placed instance tangerineA7_100_i/tangerineSOC_0/inst/axiDMAInst/ch0DOut[0]_i_3
INFO: [Physopt 32-710] Processed net tangerineA7_100_i/tangerineSOC_0/inst/axiDMAInst/ch0DOut[0]_i_1_n_0. Critical path length was reduced through logic transformation on cell tangerineA7_100_i/tangerineSOC_0/inst/axiDMAInst/ch0DOut[0]_i_1_comp.
INFO: [Physopt 32-702] Processed net tangerineA7_100_i/tangerineSOC_0/inst/axiDMAInst/ch0DOut_reg[31]_0[8]. Optimizations did not improve timing on the net.
INFO: [Physopt 32-663] Processed net tangerineA7_100_i/tangerineSOC_0/inst/axiDMAInst/ch0DOut[8]_i_3_n_0.  Re-placed instance tangerineA7_100_i/tangerineSOC_0/inst/axiDMAInst/ch0DOut[8]_i_3
INFO: [Physopt 32-710] Processed net tangerineA7_100_i/tangerineSOC_0/inst/axiDMAInst/ch0DOut[25]_i_1_n_0. Critical path length was reduced through logic transformation on cell tangerineA7_100_i/tangerineSOC_0/inst/axiDMAInst/ch0DOut[25]_i_1_comp.
INFO: [Physopt 32-702] Processed net tangerineA7_100_i/tangerineSOC_0/inst/axiDMAInst/FSM_sequential_axiState_reg[0]_rep_n_0. Optimizations did not improve timing on the net.
INFO: [Physopt 32-710] Processed net tangerineA7_100_i/tangerineSOC_0/inst/axiDMAInst/FSM_sequential_axiState[0]_rep_i_1_n_0. Critical path length was reduced through logic transformation on cell tangerineA7_100_i/tangerineSOC_0/inst/axiDMAInst/FSM_sequential_axiState[0]_rep_i_1_comp.
INFO: [Physopt 32-663] Processed net tangerineA7_100_i/tangerineSOC_0/inst/axiDMAInst/FSM_sequential_axiState_reg[4]_rep_n_0.  Re-placed instance tangerineA7_100_i/tangerineSOC_0/inst/axiDMAInst/FSM_sequential_axiState_reg[4]_rep
INFO: [Physopt 32-663] Processed net tangerineA7_100_i/tangerineSOC_0/inst/axiDMAInst/ch0DOut[2]_i_3_n_0.  Re-placed instance tangerineA7_100_i/tangerineSOC_0/inst/axiDMAInst/ch0DOut[2]_i_3
INFO: [Physopt 32-710] Processed net tangerineA7_100_i/tangerineSOC_0/inst/axiDMAInst/ch0DOut[4]_i_1_n_0. Critical path length was reduced through logic transformation on cell tangerineA7_100_i/tangerineSOC_0/inst/axiDMAInst/ch0DOut[4]_i_1_comp.
INFO: [Physopt 32-663] Processed net tangerineA7_100_i/tangerineSOC_0/inst/axiDMAInst/axiState.  Re-placed instance tangerineA7_100_i/tangerineSOC_0/inst/axiDMAInst/FSM_sequential_axiState[5]_i_27
INFO: [Common 17-14] Message 'Physopt 32-663' appears 100 times and further instances of the messages will be disabled. Use the Tcl command set_msg_config to change the current settings.
INFO: [Physopt 32-702] Processed net tangerineA7_100_i/tangerineSOC_0/inst/axiDMAInst/ch0DOut_reg[31]_0[16]. Optimizations did not improve timing on the net.
INFO: [Physopt 32-710] Processed net tangerineA7_100_i/tangerineSOC_0/inst/axiDMAInst/ch0DOut[14]_i_1_n_0. Critical path length was reduced through logic transformation on cell tangerineA7_100_i/tangerineSOC_0/inst/axiDMAInst/ch0DOut[14]_i_1_comp.
INFO: [Physopt 32-710] Processed net tangerineA7_100_i/tangerineSOC_0/inst/axiDMAInst/ch0DOut[3]_i_1_n_0. Critical path length was reduced through logic transformation on cell tangerineA7_100_i/tangerineSOC_0/inst/axiDMAInst/ch0DOut[3]_i_1_comp.
INFO: [Physopt 32-608] Optimized 1 net.  Swapped 13 pins.
INFO: [Physopt 32-710] Processed net tangerineA7_100_i/tangerineSOC_0/inst/axiDMAInst/ch0DOut[10]_i_1_n_0. Critical path length was reduced through logic transformation on cell tangerineA7_100_i/tangerineSOC_0/inst/axiDMAInst/ch0DOut[10]_i_1_comp.
INFO: [Physopt 32-710] Processed net tangerineA7_100_i/tangerineSOC_0/inst/axiDMAInst/FSM_sequential_axiState[5]_i_1_n_0. Critical path length was reduced through logic transformation on cell tangerineA7_100_i/tangerineSOC_0/inst/axiDMAInst/FSM_sequential_axiState[5]_i_1_comp.
INFO: [Physopt 32-710] Processed net tangerineA7_100_i/tangerineSOC_0/inst/axiDMAInst/ch0DOut[2]_i_1_n_0. Critical path length was reduced through logic transformation on cell tangerineA7_100_i/tangerineSOC_0/inst/axiDMAInst/ch0DOut[2]_i_1_comp.
INFO: [Physopt 32-710] Processed net tangerineA7_100_i/tangerineSOC_0/inst/axiDMAInst/ch0DOut[11]_i_1_n_0. Critical path length was reduced through logic transformation on cell tangerineA7_100_i/tangerineSOC_0/inst/axiDMAInst/ch0DOut[11]_i_1_comp.
INFO: [Physopt 32-710] Processed net tangerineA7_100_i/tangerineSOC_0/inst/axiDMAInst/ch0DOut[5]_i_1_n_0. Critical path length was reduced through logic transformation on cell tangerineA7_100_i/tangerineSOC_0/inst/axiDMAInst/ch0DOut[5]_i_1_comp.
INFO: [Physopt 32-710] Processed net tangerineA7_100_i/tangerineSOC_0/inst/axiDMAInst/ch0DOut[18]_i_1_n_0. Critical path length was reduced through logic transformation on cell tangerineA7_100_i/tangerineSOC_0/inst/axiDMAInst/ch0DOut[18]_i_1_comp.
INFO: [Physopt 32-710] Processed net tangerineA7_100_i/tangerineSOC_0/inst/axiDMAInst/ch0DOut[22]_i_1_n_0. Critical path length was reduced through logic transformation on cell tangerineA7_100_i/tangerineSOC_0/inst/axiDMAInst/ch0DOut[22]_i_1_comp.
INFO: [Physopt 32-710] Processed net tangerineA7_100_i/tangerineSOC_0/inst/axiDMAInst/ch0DOut[9]_i_1_n_0. Critical path length was reduced through logic transformation on cell tangerineA7_100_i/tangerineSOC_0/inst/axiDMAInst/ch0DOut[9]_i_1_comp.
INFO: [Common 17-14] Message 'Physopt 32-710' appears 100 times and further instances of the messages will be disabled. Use the Tcl command set_msg_config to change the current settings.
INFO: [Physopt 32-702] Processed net tangerineA7_100_i/tangerineSOC_0/inst/axiDMAInst/m00_axi_wstrb[4]_i_5_n_0. Optimizations did not improve timing on the net.
INFO: [Physopt 32-702] Processed net tangerineA7_100_i/tangerineSOC_0/inst/axiDMAInst/m00_axi_wstrb_reg[5]_i_5_n_5. Optimizations did not improve timing on the net.
INFO: [Physopt 32-702] Processed net tangerineA7_100_i/tangerineSOC_0/inst/axiDMAInst/m00_axi_wstrb_reg[5]_i_8_n_0. Optimizations did not improve timing on the net.
INFO: [Physopt 32-608] Optimized 1 net.  Swapped 26 pins.
INFO: [Physopt 32-702] Processed net tangerineA7_100_i/tangerineSOC_0/inst/axiDMAInst/FSM_sequential_axiState_reg[0]_rep__0_n_0. Optimizations did not improve timing on the net.
INFO: [Physopt 32-702] Processed net tangerineA7_100_i/tangerineSOC_0/inst/axiDMAInst/ch0DOut_reg[31]_0[1]. Optimizations did not improve timing on the net.
INFO: [Physopt 32-702] Processed net tangerineA7_100_i/tangerineSOC_0/inst/axiDMAInst/ch0DOut_reg[31]_0[13]. Optimizations did not improve timing on the net.
INFO: [Physopt 32-702] Processed net tangerineA7_100_i/tangerineSOC_0/inst/axiDMAInst/ch0DOut_reg[31]_0[21]. Optimizations did not improve timing on the net.
INFO: [Physopt 32-702] Processed net tangerineA7_100_i/tangerineSOC_0/inst/axiDMAInst/m00_axi_wstrb[12]_i_5_n_0. Optimizations did not improve timing on the net.
INFO: [Physopt 32-702] Processed net tangerineA7_100_i/tangerineSOC_0/inst/axiDMAInst/m00_axi_wstrb_reg[13]_i_5_n_5. Optimizations did not improve timing on the net.
INFO: [Physopt 32-702] Processed net tangerineA7_100_i/tangerineSOC_0/inst/axiDMAInst/m00_axi_wstrb_reg[13]_i_8_n_0. Optimizations did not improve timing on the net.
INFO: [Physopt 32-608] Optimized 1 net.  Swapped 26 pins.
INFO: [Physopt 32-702] Processed net tangerineA7_100_i/tangerineSOC_0/inst/axiDMAInst/m00_axi_wstrb[9]_i_10_n_0. Optimizations did not improve timing on the net.
INFO: [Physopt 32-702] Processed net tangerineA7_100_i/tangerineSOC_0/inst/axiDMAInst/m00_axi_wstrb[9]_i_1_n_0. Optimizations did not improve timing on the net.
INFO: [Physopt 32-702] Processed net tangerineA7_100_i/tangerineSOC_0/inst/dmaCh2BufRamInst/U0/inst_blk_mem_gen/gnbram.gnativebmg.native_blk_mem_gen/valid.cstr/ramloop[1].ram.r/prim_noinit.ram/doutb[21]. Optimizations did not improve timing on the net.
INFO: [Physopt 32-702] Processed net tangerineA7_100_i/hdmiOut_0/inst/dvidInst/shift_blue[8]. Optimizations did not improve timing on the net.
INFO: [Physopt 32-702] Processed net tangerineA7_100_i/clk_wiz_0/inst/clk320_tangerineA7_100_clk_wiz_0_0. Optimizations did not improve timing on the net.
INFO: [Physopt 32-134] Processed net tangerineA7_100_i/hdmiOut_0/inst/dvidInst/shift_red[9]_i_2_n_0. Rewiring did not optimize the net.
INFO: [Physopt 32-702] Processed net tangerineA7_100_i/hdmiOut_0/inst/dvidInst/shift_red[9]_i_2_n_0. Optimizations did not improve timing on the net.
INFO: [Physopt 32-571] Net tangerineA7_100_i/hdmiOut_0/inst/dvidInst/shift_red[9]_i_1_n_0 was not replicated.
INFO: [Physopt 32-702] Processed net tangerineA7_100_i/hdmiOut_0/inst/dvidInst/shift_red[9]_i_1_n_0. Optimizations did not improve timing on the net.
INFO: [Physopt 32-81] Processed net tangerineA7_100_i/hdmiOut_0/inst/dvidInst/shift_clock_reg_n_0_[8]. Replicated 1 times.
INFO: [Physopt 32-702] Processed net tangerineA7_100_i/hdmiOut_0/inst/dvidInst/shift_clock_reg_n_0_[8]_repN. Optimizations did not improve timing on the net.
INFO: [Physopt 32-702] Processed net tangerineA7_100_i/tangerineSOC_0/inst/vgaInst/pixelGenInst/pgLutLetterColor[8]. Optimizations did not improve timing on the net.
INFO: [Physopt 32-702] Processed net tangerineA7_100_i/clk_wiz_2/inst/clk162_5_tangerineA7_100_clk_wiz_2_0. Optimizations did not improve timing on the net.
INFO: [Physopt 32-702] Processed net tangerineA7_100_i/tangerineSOC_0/inst/vgaInst/pixelGenInst/pgLutBackgroundColor[23]_i_6_n_0. Optimizations did not improve timing on the net.
INFO: [Physopt 32-702] Processed net tangerineA7_100_i/tangerineSOC_0/inst/vgaInst/pixelGenInst/pgLutBackgroundColor[23]_i_11_n_0. Optimizations did not improve timing on the net.
INFO: [Physopt 32-702] Processed net tangerineA7_100_i/tangerineSOC_0/inst/vgaInst/pixelGenInst/pgLutLetterColor[8]_i_1_n_0. Optimizations did not improve timing on the net.
INFO: [Physopt 32-702] Processed net tangerineA7_100_i/tangerineSOC_0/inst/vgaInst/pgCursorX_reg_n_0_[6]. Optimizations did not improve timing on the net.
INFO: [Physopt 32-702] Processed net tangerineA7_100_i/tangerineSOC_0/inst/nekoRvInst/csrDOut[20]. Optimizations did not improve timing on the net.
INFO: [Physopt 32-702] Processed net tangerineA7_100_i/tangerineSOC_0/inst/nekoRvInst/csrDOut[13]. Optimizations did not improve timing on the net.
INFO: [Physopt 32-702] Processed net tangerineA7_100_i/tangerineSOC_0/inst/nekoRvInst/csrDOut[31]_i_5_n_0. Optimizations did not improve timing on the net.
INFO: [Physopt 32-702] Processed net tangerineA7_100_i/tangerineSOC_0/inst/nekoRvInst/csrA[10]_i_1_n_0. Optimizations did not improve timing on the net.
INFO: [Physopt 32-702] Processed net tangerineA7_100_i/tangerineSOC_0/inst/nekoRvInst/csrA[10]_i_5_n_0. Optimizations did not improve timing on the net.
INFO: [Physopt 32-702] Processed net tangerineA7_100_i/tangerineSOC_0/inst/fastRamInst/U0/inst_blk_mem_gen/gnbram.gnativebmg.native_blk_mem_gen/valid.cstr/has_mux_a.A/douta[30]. Optimizations did not improve timing on the net.
INFO: [Physopt 32-702] Processed net tangerineA7_100_i/tangerineSOC_0/inst/fastRamInst/U0/inst_blk_mem_gen/gnbram.gnativebmg.native_blk_mem_gen/valid.cstr/has_mux_a.A/douta[30]_INST_0_i_2_n_0. Optimizations did not improve timing on the net.
INFO: [Physopt 32-608] Optimized 1 net.  Swapped 24 pins.
INFO: [Physopt 32-702] Processed net tangerineA7_100_i/tangerineSOC_0/inst/nekoRvInst/csrDOut[19]. Optimizations did not improve timing on the net.
INFO: [Physopt 32-608] Optimized 1 net.  Swapped 20 pins.
INFO: [Physopt 32-702] Processed net tangerineA7_100_i/tangerineSOC_0/inst/nekoRvInst/csrDOut[2]. Optimizations did not improve timing on the net.
INFO: [Physopt 32-702] Processed net tangerineA7_100_i/tangerineSOC_0/inst/nekoRvInst/csrDOut[25]. Optimizations did not improve timing on the net.
INFO: [Physopt 32-702] Processed net tangerineA7_100_i/tangerineSOC_0/inst/nekoRvInst/csrDOut[25]_i_2_n_0. Optimizations did not improve timing on the net.
INFO: [Physopt 32-702] Processed net tangerineA7_100_i/tangerineSOC_0/inst/nekoRvInst/csrDOut[25]_i_3_n_0. Optimizations did not improve timing on the net.
INFO: [Physopt 32-702] Processed net tangerineA7_100_i/tangerineSOC_0/inst/nekoRvInst/funct7[1]_i_1_n_0. Optimizations did not improve timing on the net.
INFO: [Physopt 32-702] Processed net tangerineA7_100_i/tangerineSOC_0/inst/nekoRvInst/funct7[1]_i_3_n_0. Optimizations did not improve timing on the net.
INFO: [Physopt 32-702] Processed net tangerineA7_100_i/tangerineSOC_0/inst/nekoRvInst/funct7[1]_i_4_n_0. Optimizations did not improve timing on the net.
INFO: [Physopt 32-702] Processed net tangerineA7_100_i/tangerineSOC_0/inst/fastRamInst/U0/inst_blk_mem_gen/gnbram.gnativebmg.native_blk_mem_gen/valid.cstr/has_mux_a.A/douta[26]. Optimizations did not improve timing on the net.
INFO: [Physopt 32-702] Processed net tangerineA7_100_i/tangerineSOC_0/inst/fastRamInst/U0/inst_blk_mem_gen/gnbram.gnativebmg.native_blk_mem_gen/valid.cstr/has_mux_a.A/douta[26]_INST_0_i_2_n_0. Optimizations did not improve timing on the net.
INFO: [Physopt 32-608] Optimized 1 net.  Swapped 24 pins.
INFO: [Physopt 32-702] Processed net tangerineA7_100_i/tangerineSOC_0/inst/nekoRvInst/csrDOut[26]. Optimizations did not improve timing on the net.
INFO: [Physopt 32-702] Processed net tangerineA7_100_i/tangerineSOC_0/inst/axiDMAInst/m00_axi_wstrb[9]. Optimizations did not improve timing on the net.
INFO: [Physopt 32-702] Processed net tangerineA7_100_i/tangerineSOC_0/inst/axiDMAInst/ch0DOut_reg[31]_0[12]. Optimizations did not improve timing on the net.
INFO: [Physopt 32-702] Processed net tangerineA7_100_i/tangerineSOC_0/inst/axiDMAInst/ch0DOut[12]_i_3_n_0. Optimizations did not improve timing on the net.
INFO: [Physopt 32-702] Processed net tangerineA7_100_i/tangerineSOC_0/inst/axiDMAInst/m00_axi_wstrb[1]. Optimizations did not improve timing on the net.
INFO: [Physopt 32-702] Processed net tangerineA7_100_i/tangerineSOC_0/inst/axiDMAInst/m00_axi_wstrb[1]_i_6_n_0. Optimizations did not improve timing on the net.
INFO: [Physopt 32-702] Processed net tangerineA7_100_i/tangerineSOC_0/inst/axiDMAInst/m00_axi_wstrb_reg[1]_i_5_n_5. Optimizations did not improve timing on the net.
INFO: [Physopt 32-608] Optimized 1 net.  Swapped 11 pins.
INFO: [Physopt 32-702] Processed net tangerineA7_100_i/tangerineSOC_0/inst/axiDMAInst/ch0DOut_reg[31]_0[8]. Optimizations did not improve timing on the net.
INFO: [Physopt 32-702] Processed net tangerineA7_100_i/tangerineSOC_0/inst/axiDMAInst/ch0DOut[8]_i_3_n_0. Optimizations did not improve timing on the net.
INFO: [Physopt 32-702] Processed net tangerineA7_100_i/tangerineSOC_0/inst/axiDMAInst/ch0DOut_reg[31]_0[3]. Optimizations did not improve timing on the net.
INFO: [Physopt 32-702] Processed net tangerineA7_100_i/tangerineSOC_0/inst/axiDMAInst/m00_axi_wstrb[8]. Optimizations did not improve timing on the net.
INFO: [Physopt 32-702] Processed net tangerineA7_100_i/tangerineSOC_0/inst/axiDMAInst/ch0DOut_reg[31]_0[26]. Optimizations did not improve timing on the net.
INFO: [Physopt 32-702] Processed net tangerineA7_100_i/tangerineSOC_0/inst/axiDMAInst/ch0DOut_reg[31]_0[15]. Optimizations did not improve timing on the net.
INFO: [Physopt 32-702] Processed net tangerineA7_100_i/tangerineSOC_0/inst/axiDMAInst/ch0DOut_reg[31]_0[19]. Optimizations did not improve timing on the net.
INFO: [Physopt 32-702] Processed net tangerineA7_100_i/tangerineSOC_0/inst/axiDMAInst/FSM_sequential_axiState_reg[0]_rep_n_0. Optimizations did not improve timing on the net.
INFO: [Physopt 32-702] Processed net tangerineA7_100_i/tangerineSOC_0/inst/axiDMAInst/FSM_sequential_axiState_reg[2]_rep__0_n_0. Optimizations did not improve timing on the net.
INFO: [Physopt 32-608] Optimized 1 net.  Swapped 22 pins.
INFO: [Physopt 32-702] Processed net tangerineA7_100_i/tangerineSOC_0/inst/axiDMAInst/m00_axi_wstrb[8]_i_5_n_0. Optimizations did not improve timing on the net.
INFO: [Physopt 32-702] Processed net tangerineA7_100_i/tangerineSOC_0/inst/axiDMAInst/m00_axi_wstrb_reg[9]_i_5_n_5. Optimizations did not improve timing on the net.
INFO: [Physopt 32-702] Processed net tangerineA7_100_i/tangerineSOC_0/inst/axiDMAInst/m00_axi_wstrb[9]_i_10_n_0. Optimizations did not improve timing on the net.
INFO: [Physopt 32-702] Processed net tangerineA7_100_i/tangerineSOC_0/inst/axiDMAInst/m00_axi_wstrb[8]_i_1_n_0. Optimizations did not improve timing on the net.
INFO: [Physopt 32-702] Processed net tangerineA7_100_i/tangerineSOC_0/inst/dmaCh2BufRamInst/U0/inst_blk_mem_gen/gnbram.gnativebmg.native_blk_mem_gen/valid.cstr/ramloop[1].ram.r/prim_noinit.ram/doutb[21]. Optimizations did not improve timing on the net.
INFO: [Physopt 32-702] Processed net tangerineA7_100_i/hdmiOut_0/inst/dvidInst/shift_blue[8]. Optimizations did not improve timing on the net.
INFO: [Physopt 32-702] Processed net tangerineA7_100_i/clk_wiz_0/inst/clk320_tangerineA7_100_clk_wiz_0_0. Optimizations did not improve timing on the net.
INFO: [Physopt 32-702] Processed net tangerineA7_100_i/hdmiOut_0/inst/dvidInst/shift_red[9]_i_2_n_0. Optimizations did not improve timing on the net.
INFO: [Physopt 32-702] Processed net tangerineA7_100_i/hdmiOut_0/inst/dvidInst/shift_red[9]_i_1_n_0. Optimizations did not improve timing on the net.
INFO: [Physopt 32-702] Processed net tangerineA7_100_i/hdmiOut_0/inst/dvidInst/shift_clock_reg_n_0_[8]_repN. Optimizations did not improve timing on the net.
Phase 3 Critical Path Optimization | Checksum: 1184c46c7

Time (s): cpu = 00:00:49 ; elapsed = 00:00:34 . Memory (MB): peak = 3866.691 ; gain = 0.000

Phase 4 Critical Path Optimization
INFO: [Physopt 32-702] Processed net tangerineA7_100_i/tangerineSOC_0/inst/vgaInst/pixelGenInst/pgLutLetterColor[8]. Optimizations did not improve timing on the net.
INFO: [Physopt 32-702] Processed net tangerineA7_100_i/clk_wiz_2/inst/clk162_5_tangerineA7_100_clk_wiz_2_0. Optimizations did not improve timing on the net.
INFO: [Physopt 32-134] Processed net tangerineA7_100_i/tangerineSOC_0/inst/vgaInst/pixelGenInst/pgLutBackgroundColor[23]_i_6_n_0. Rewiring did not optimize the net.
INFO: [Physopt 32-702] Processed net tangerineA7_100_i/tangerineSOC_0/inst/vgaInst/pixelGenInst/pgLutBackgroundColor[23]_i_6_n_0. Optimizations did not improve timing on the net.
INFO: [Physopt 32-702] Processed net tangerineA7_100_i/tangerineSOC_0/inst/vgaInst/pixelGenInst/pgLutBackgroundColor[23]_i_11_n_0. Optimizations did not improve timing on the net.
INFO: [Physopt 32-702] Processed net tangerineA7_100_i/tangerineSOC_0/inst/vgaInst/pixelGenInst/pgLutLetterColor[8]_i_1_n_0. Optimizations did not improve timing on the net.
INFO: [Physopt 32-702] Processed net tangerineA7_100_i/tangerineSOC_0/inst/vgaInst/pgCursorX_reg_n_0_[6]. Optimizations did not improve timing on the net.
INFO: [Physopt 32-702] Processed net tangerineA7_100_i/tangerineSOC_0/inst/nekoRvInst/csrDOut[21]. Optimizations did not improve timing on the net.
INFO: [Physopt 32-702] Processed net tangerineA7_100_i/tangerineSOC_0/inst/nekoRvInst/csrDOut[15]. Optimizations did not improve timing on the net.
INFO: [Physopt 32-571] Net tangerineA7_100_i/tangerineSOC_0/inst/nekoRvInst/csrDOut[31]_i_5_n_0 was not replicated.
INFO: [Physopt 32-702] Processed net tangerineA7_100_i/tangerineSOC_0/inst/nekoRvInst/csrDOut[13]. Optimizations did not improve timing on the net.
INFO: [Physopt 32-571] Net tangerineA7_100_i/tangerineSOC_0/inst/nekoRvInst/csrDOut[31]_i_5_n_0 was not replicated.
INFO: [Physopt 32-702] Processed net tangerineA7_100_i/tangerineSOC_0/inst/nekoRvInst/csrDOut[8]. Optimizations did not improve timing on the net.
INFO: [Physopt 32-571] Net tangerineA7_100_i/tangerineSOC_0/inst/nekoRvInst/csrDOut[31]_i_5_n_0 was not replicated.
INFO: [Physopt 32-702] Processed net tangerineA7_100_i/tangerineSOC_0/inst/nekoRvInst/csrDOut[23]. Optimizations did not improve timing on the net.
INFO: [Physopt 32-571] Net tangerineA7_100_i/tangerineSOC_0/inst/nekoRvInst/csrDOut[31]_i_5_n_0 was not replicated.
INFO: [Physopt 32-702] Processed net tangerineA7_100_i/tangerineSOC_0/inst/nekoRvInst/csrDOut[30]. Optimizations did not improve timing on the net.
INFO: [Physopt 32-571] Net tangerineA7_100_i/tangerineSOC_0/inst/nekoRvInst/csrDOut[31]_i_5_n_0 was not replicated.
INFO: [Physopt 32-608] Optimized 1 net.  Swapped 16 pins.
INFO: [Physopt 32-702] Processed net tangerineA7_100_i/tangerineSOC_0/inst/nekoRvInst/csrDOut[7]. Optimizations did not improve timing on the net.
INFO: [Physopt 32-702] Processed net tangerineA7_100_i/tangerineSOC_0/inst/nekoRvInst/csrDOut[17]. Optimizations did not improve timing on the net.
INFO: [Physopt 32-571] Net tangerineA7_100_i/tangerineSOC_0/inst/nekoRvInst/csrDOut[31]_i_5_n_0 was not replicated.
INFO: [Physopt 32-702] Processed net tangerineA7_100_i/tangerineSOC_0/inst/nekoRvInst/rdVal_reg_n_0_[4]. Optimizations did not improve timing on the net.
INFO: [Physopt 32-702] Processed net tangerineA7_100_i/tangerineSOC_0/inst/nekoRvInst/csrDOut[1]. Optimizations did not improve timing on the net.
INFO: [Physopt 32-571] Net tangerineA7_100_i/tangerineSOC_0/inst/nekoRvInst/csrDOut[31]_i_5_n_0 was not replicated.
INFO: [Physopt 32-702] Processed net tangerineA7_100_i/tangerineSOC_0/inst/nekoRvInst/csrDOut[12]. Optimizations did not improve timing on the net.
INFO: [Physopt 32-571] Net tangerineA7_100_i/tangerineSOC_0/inst/nekoRvInst/csrDOut[31]_i_5_n_0 was not replicated.
INFO: [Physopt 32-81] Processed net tangerineA7_100_i/tangerineSOC_0/inst/nekoRvInst/csrDOut[31]_i_5_n_0. Replicated 2 times.
INFO: [Physopt 32-702] Processed net tangerineA7_100_i/tangerineSOC_0/inst/axiDMAInst/m00_axi_wstrb[8]. Optimizations did not improve timing on the net.
INFO: [Physopt 32-702] Processed net tangerineA7_100_i/tangerineSOC_0/inst/axiDMAInst/m00_axi_wstrb[8]_i_5_n_0. Optimizations did not improve timing on the net.
INFO: [Physopt 32-702] Processed net tangerineA7_100_i/tangerineSOC_0/inst/axiDMAInst/m00_axi_wstrb_reg[9]_i_5_n_5. Optimizations did not improve timing on the net.
INFO: [Physopt 32-702] Processed net tangerineA7_100_i/tangerineSOC_0/inst/axiDMAInst/m00_axi_wstrb[9]_i_10_n_0. Optimizations did not improve timing on the net.
INFO: [Physopt 32-702] Processed net tangerineA7_100_i/tangerineSOC_0/inst/axiDMAInst/m00_axi_wstrb[8]_i_1_n_0. Optimizations did not improve timing on the net.
INFO: [Physopt 32-702] Processed net tangerineA7_100_i/tangerineSOC_0/inst/dmaCh2BufRamInst/U0/inst_blk_mem_gen/gnbram.gnativebmg.native_blk_mem_gen/valid.cstr/ramloop[1].ram.r/prim_noinit.ram/doutb[21]. Optimizations did not improve timing on the net.
INFO: [Physopt 32-702] Processed net tangerineA7_100_i/hdmiOut_0/inst/dvidInst/shift_blue[8]. Optimizations did not improve timing on the net.
INFO: [Physopt 32-702] Processed net tangerineA7_100_i/clk_wiz_0/inst/clk320_tangerineA7_100_clk_wiz_0_0. Optimizations did not improve timing on the net.
INFO: [Physopt 32-134] Processed net tangerineA7_100_i/hdmiOut_0/inst/dvidInst/shift_red[9]_i_2_n_0. Rewiring did not optimize the net.
INFO: [Physopt 32-702] Processed net tangerineA7_100_i/hdmiOut_0/inst/dvidInst/shift_red[9]_i_2_n_0. Optimizations did not improve timing on the net.
INFO: [Physopt 32-81] Processed net tangerineA7_100_i/hdmiOut_0/inst/dvidInst/shift_red[9]_i_1_n_0. Replicated 1 times.
INFO: [Physopt 32-608] Optimized 1 net.  Swapped 5 pins.
INFO: [Physopt 32-702] Processed net tangerineA7_100_i/hdmiOut_0/inst/dvidInst/shift_red[9]_i_1_n_0_repN. Optimizations did not improve timing on the net.
INFO: [Physopt 32-81] Processed net tangerineA7_100_i/hdmiOut_0/inst/dvidInst/shift_clock_reg_n_0_[9]. Replicated 1 times.
INFO: [Physopt 32-702] Processed net tangerineA7_100_i/hdmiOut_0/inst/dvidInst/shift_clock_reg_n_0_[9]_repN. Optimizations did not improve timing on the net.
INFO: [Physopt 32-702] Processed net tangerineA7_100_i/tangerineSOC_0/inst/vgaInst/pixelGenInst/pgLutLetterColor[8]. Optimizations did not improve timing on the net.
INFO: [Physopt 32-702] Processed net tangerineA7_100_i/clk_wiz_2/inst/clk162_5_tangerineA7_100_clk_wiz_2_0. Optimizations did not improve timing on the net.
INFO: [Physopt 32-702] Processed net tangerineA7_100_i/tangerineSOC_0/inst/vgaInst/pixelGenInst/pgLutBackgroundColor[23]_i_6_n_0. Optimizations did not improve timing on the net.
INFO: [Physopt 32-702] Processed net tangerineA7_100_i/tangerineSOC_0/inst/vgaInst/pixelGenInst/pgLutBackgroundColor[23]_i_11_n_0. Optimizations did not improve timing on the net.
INFO: [Physopt 32-702] Processed net tangerineA7_100_i/tangerineSOC_0/inst/vgaInst/pixelGenInst/pgLutLetterColor[8]_i_1_n_0. Optimizations did not improve timing on the net.
INFO: [Physopt 32-702] Processed net tangerineA7_100_i/tangerineSOC_0/inst/vgaInst/pgCursorX_reg_n_0_[6]. Optimizations did not improve timing on the net.
INFO: [Physopt 32-702] Processed net tangerineA7_100_i/tangerineSOC_0/inst/nekoRvInst/csrDOut[6]. Optimizations did not improve timing on the net.
INFO: [Physopt 32-702] Processed net tangerineA7_100_i/tangerineSOC_0/inst/nekoRvInst/csrDOut[20]. Optimizations did not improve timing on the net.
INFO: [Physopt 32-608] Optimized 1 net.  Swapped 22 pins.
INFO: [Physopt 32-702] Processed net tangerineA7_100_i/tangerineSOC_0/inst/nekoRvInst/csrDOut[25]. Optimizations did not improve timing on the net.
INFO: [Physopt 32-608] Optimized 1 net.  Swapped 13 pins.
INFO: [Physopt 32-702] Processed net tangerineA7_100_i/tangerineSOC_0/inst/nekoRvInst/csrDOut[31]_i_5_n_0_repN_17. Optimizations did not improve timing on the net.
INFO: [Physopt 32-702] Processed net tangerineA7_100_i/tangerineSOC_0/inst/nekoRvInst/csrDOut[13]. Optimizations did not improve timing on the net.
INFO: [Physopt 32-702] Processed net tangerineA7_100_i/tangerineSOC_0/inst/nekoRvInst/funct7[3]_i_1_n_0. Optimizations did not improve timing on the net.
INFO: [Physopt 32-608] Optimized 1 net.  Swapped 6 pins.
INFO: [Physopt 32-608] Optimized 1 net.  Swapped 22 pins.
INFO: [Physopt 32-702] Processed net tangerineA7_100_i/tangerineSOC_0/inst/nekoRvInst/csrA[11]_i_2_n_0. Optimizations did not improve timing on the net.
INFO: [Physopt 32-702] Processed net tangerineA7_100_i/tangerineSOC_0/inst/nekoRvInst/csrA[11]_i_6_n_0. Optimizations did not improve timing on the net.
INFO: [Physopt 32-702] Processed net tangerineA7_100_i/tangerineSOC_0/inst/fastRamInst/U0/inst_blk_mem_gen/gnbram.gnativebmg.native_blk_mem_gen/valid.cstr/has_mux_a.A/douta[31]. Optimizations did not improve timing on the net.
INFO: [Physopt 32-702] Processed net tangerineA7_100_i/tangerineSOC_0/inst/fastRamInst/U0/inst_blk_mem_gen/gnbram.gnativebmg.native_blk_mem_gen/valid.cstr/has_mux_a.A/douta[31]_INST_0_i_1_n_0. Optimizations did not improve timing on the net.
INFO: [Physopt 32-608] Optimized 1 net.  Swapped 24 pins.
INFO: [Physopt 32-702] Processed net tangerineA7_100_i/tangerineSOC_0/inst/nekoRvInst/csrDOut[27]. Optimizations did not improve timing on the net.
INFO: [Physopt 32-702] Processed net tangerineA7_100_i/tangerineSOC_0/inst/nekoRvInst/csrDOut[10]. Optimizations did not improve timing on the net.
INFO: [Physopt 32-702] Processed net tangerineA7_100_i/tangerineSOC_0/inst/nekoRvInst/csrDOut[10]_i_2_n_0. Optimizations did not improve timing on the net.
INFO: [Physopt 32-608] Optimized 1 net.  Swapped 2 pins.
INFO: [Physopt 32-702] Processed net tangerineA7_100_i/tangerineSOC_0/inst/axiDMAInst/m00_axi_wstrb[8]. Optimizations did not improve timing on the net.
INFO: [Physopt 32-702] Processed net tangerineA7_100_i/tangerineSOC_0/inst/axiDMAInst/m00_axi_wstrb[8]_i_5_n_0. Optimizations did not improve timing on the net.
INFO: [Physopt 32-702] Processed net tangerineA7_100_i/tangerineSOC_0/inst/axiDMAInst/m00_axi_wstrb_reg[9]_i_5_n_5. Optimizations did not improve timing on the net.
INFO: [Physopt 32-702] Processed net tangerineA7_100_i/tangerineSOC_0/inst/axiDMAInst/m00_axi_wstrb[9]_i_10_n_0. Optimizations did not improve timing on the net.
INFO: [Physopt 32-702] Processed net tangerineA7_100_i/tangerineSOC_0/inst/axiDMAInst/m00_axi_wstrb[8]_i_1_n_0. Optimizations did not improve timing on the net.
INFO: [Physopt 32-702] Processed net tangerineA7_100_i/tangerineSOC_0/inst/dmaCh2BufRamInst/U0/inst_blk_mem_gen/gnbram.gnativebmg.native_blk_mem_gen/valid.cstr/ramloop[1].ram.r/prim_noinit.ram/doutb[21]. Optimizations did not improve timing on the net.
Phase 4 Critical Path Optimization | Checksum: f3afb1b3

Time (s): cpu = 00:00:55 ; elapsed = 00:00:38 . Memory (MB): peak = 3866.691 ; gain = 0.000
Netlist sorting complete. Time (s): cpu = 00:00:01 ; elapsed = 00:00:00.055 . Memory (MB): peak = 3866.691 ; gain = 0.000
INFO: [Physopt 32-603] Post Physical Optimization Timing Summary | WNS=-6.495 | TNS=-5267.632 |

Summary of Physical Synthesis Optimizations
============================================


-------------------------------------------------------------------------------------------------------------------------------------------------------------
|  Optimization   |  WNS Gain (ns)  |  TNS Gain (ns)  |  Added Cells  |  Removed Cells  |  Optimized Cells/Nets  |  Dont Touch  |  Iterations  |  Elapsed   |
-------------------------------------------------------------------------------------------------------------------------------------------------------------
|  DSP Register   |          0.000  |          0.000  |            0  |              0  |                     0  |           0  |           1  |  00:00:00  |
|  Critical Path  |          0.810  |        328.507  |            6  |              0  |                   320  |           0  |           2  |  00:00:36  |
|  Total          |          0.810  |        328.507  |            6  |              0  |                   320  |           0  |           3  |  00:00:36  |
-------------------------------------------------------------------------------------------------------------------------------------------------------------


Netlist sorting complete. Time (s): cpu = 00:00:00 ; elapsed = 00:00:00.010 . Memory (MB): peak = 3866.691 ; gain = 0.000
Ending Physical Synthesis Task | Checksum: 156839592

Time (s): cpu = 00:00:56 ; elapsed = 00:00:39 . Memory (MB): peak = 3866.691 ; gain = 0.000
INFO: [Common 17-83] Releasing license: Implementation
901 Infos, 0 Warnings, 0 Critical Warnings and 0 Errors encountered.
phys_opt_design completed successfully
phys_opt_design: Time (s): cpu = 00:01:02 ; elapsed = 00:00:42 . Memory (MB): peak = 3866.691 ; gain = 0.000
INFO: [Timing 38-480] Writing timing data to binary archive.
Writing XDEF routing.
Writing XDEF routing logical nets.
Writing XDEF routing special nets.
Write XDEF Complete: Time (s): cpu = 00:00:08 ; elapsed = 00:00:03 . Memory (MB): peak = 3866.691 ; gain = 0.000
INFO: [Common 17-1381] The checkpoint 'C:/Users/qubeck/Documents/Development/ProjektyVHDL/WukongBoard/tangerineA7_100/tangerineA7_100.runs/impl_2/tangerineA7_100_wrapper_physopt.dcp' has been generated.
write_checkpoint: Time (s): cpu = 00:00:10 ; elapsed = 00:00:06 . Memory (MB): peak = 3866.691 ; gain = 0.000
Command: route_design
Attempting to get a license for feature 'Implementation' and/or device 'xc7a100t'
INFO: [Common 17-349] Got license for feature 'Implementation' and/or device 'xc7a100t'
INFO: [DRC 23-27] Running DRC with 2 threads
INFO: [Vivado_Tcl 4-198] DRC finished with 0 Errors
INFO: [Vivado_Tcl 4-199] Please refer to the DRC report (report_drc) for more information.
Running DRC as a precondition to command route_design
INFO: [DRC 23-27] Running DRC with 2 threads
INFO: [Vivado_Tcl 4-198] DRC finished with 0 Errors
INFO: [Vivado_Tcl 4-199] Please refer to the DRC report (report_drc) for more information.


Starting Routing Task
INFO: [Route 35-254] Multithreading enabled for route_design using a maximum of 2 CPUs

Phase 1 Build RT Design
Checksum: PlaceDB: 61bcaf9b ConstDB: 0 ShapeSum: dbdc646c RouteDB: 0
Post Restoration Checksum: NetGraph: d0841252 | NumContArr: dabec873 | Constraints: 190a55ad | Timing: 0
Phase 1 Build RT Design | Checksum: 1c44d3072

Time (s): cpu = 00:00:25 ; elapsed = 00:00:19 . Memory (MB): peak = 3959.555 ; gain = 84.066

Phase 2 Router Initialization

Phase 2.1 Fix Topology Constraints
Phase 2.1 Fix Topology Constraints | Checksum: 1c44d3072

Time (s): cpu = 00:00:25 ; elapsed = 00:00:19 . Memory (MB): peak = 3959.555 ; gain = 84.066

Phase 2.2 Pre Route Cleanup
Phase 2.2 Pre Route Cleanup | Checksum: 1c44d3072

Time (s): cpu = 00:00:26 ; elapsed = 00:00:19 . Memory (MB): peak = 3959.555 ; gain = 84.066
 Number of Nodes with overlaps = 0

Phase 2.3 Update Timing
Phase 2.3 Update Timing | Checksum: 20fc91c76

Time (s): cpu = 00:00:37 ; elapsed = 00:00:26 . Memory (MB): peak = 3986.090 ; gain = 110.602
INFO: [Route 35-416] Intermediate Timing Summary | WNS=-6.337 | TNS=-4715.626| WHS=-2.523 | THS=-1207.224|


Phase 2.4 Update Timing for Bus Skew

Phase 2.4.1 Update Timing
Phase 2.4.1 Update Timing | Checksum: 191a1f60c

Time (s): cpu = 00:00:44 ; elapsed = 00:00:31 . Memory (MB): peak = 4025.684 ; gain = 150.195
INFO: [Route 35-416] Intermediate Timing Summary | WNS=-6.337 | TNS=-4650.953| WHS=N/A    | THS=N/A    |

Phase 2.4 Update Timing for Bus Skew | Checksum: 1bcc82e97

Time (s): cpu = 00:00:44 ; elapsed = 00:00:31 . Memory (MB): peak = 4025.746 ; gain = 150.258

Router Utilization Summary
  Global Vertical Routing Utilization    = 0 %
  Global Horizontal Routing Utilization  = 0 %
  Routable Net Status*
  *Does not include unroutable nets such as driverless and loadless.
  Run report_route_status for detailed report.
  Number of Failed Nets               = 34384
    (Failed Nets is the sum of unrouted and partially routed nets)
  Number of Unrouted Nets             = 34383
  Number of Partially Routed Nets     = 1
  Number of Node Overlaps             = 0

Phase 2 Router Initialization | Checksum: 1ade18870

Time (s): cpu = 00:00:45 ; elapsed = 00:00:31 . Memory (MB): peak = 4025.746 ; gain = 150.258

Phase 3 Initial Routing

Phase 3.1 Global Routing
Phase 3.1 Global Routing | Checksum: 1ade18870

Time (s): cpu = 00:00:45 ; elapsed = 00:00:31 . Memory (MB): peak = 4025.746 ; gain = 150.258
Phase 3 Initial Routing | Checksum: 1a0c90a80

Time (s): cpu = 00:01:28 ; elapsed = 00:00:54 . Memory (MB): peak = 4059.090 ; gain = 183.602
INFO: [Route 35-580] Design has 899 pins with tight setup and hold constraints.

The top 5 pins with tight setup and hold constraints:

+======================================+======================================+===========================================================================================+
| Launch Setup Clock                   | Launch Hold Clock                    | Pin                                                                                       |
+======================================+======================================+===========================================================================================+
| clk64_tangerineA7_100_clk_wiz_0_0    | clk64_tangerineA7_100_clk_wiz_0_0    | tangerineA7_100_i/tangerineSOC_0/inst/inputSyncDmaRequestInst/stage2Reg_reg[1]_srl2/D     |
| clk64_tangerineA7_100_clk_wiz_0_0    | clk64_tangerineA7_100_clk_wiz_0_0    | tangerineA7_100_i/tangerineSOC_0/inst/inputSyncDmaRequestInst/stage2Reg_reg[0]_srl2/D     |
| clk64_tangerineA7_100_clk_wiz_0_0    | clk64_tangerineA7_100_clk_wiz_0_0    | tangerineA7_100_i/tangerineSOC_0/inst/inputSyncVSInst/stage2Reg_reg[0]_srl2/D             |
| clk64_tangerineA7_100_clk_wiz_0_0    | clk64_tangerineA7_100_clk_wiz_0_0    | tangerineA7_100_i/tangerineSOC_0/inst/vgaInst/inputSyncVSInst/stage2Reg_reg[0]_srl2/D     |
| clk162_5_tangerineA7_100_clk_wiz_2_0 | clk162_5_tangerineA7_100_clk_wiz_2_0 | tangerineA7_100_i/tangerineSOC_0/inst/vgaInst/pixelGenInst/pgLutBackgroundColor_reg[16]/D |
+--------------------------------------+--------------------------------------+-------------------------------------------------------------------------------------------+

File with complete list of pins: tight_setup_hold_pins.txt


Phase 4 Rip-up And Reroute

Phase 4.1 Global Iteration 0
 Number of Nodes with overlaps = 4508
 Number of Nodes with overlaps = 485
 Number of Nodes with overlaps = 210
 Number of Nodes with overlaps = 44
 Number of Nodes with overlaps = 27
 Number of Nodes with overlaps = 22
 Number of Nodes with overlaps = 5
 Number of Nodes with overlaps = 17
 Number of Nodes with overlaps = 7
 Number of Nodes with overlaps = 11
 Number of Nodes with overlaps = 2
 Number of Nodes with overlaps = 0
INFO: [Route 35-416] Intermediate Timing Summary | WNS=-8.151 | TNS=-9312.033| WHS=N/A    | THS=N/A    |

Phase 4.1 Global Iteration 0 | Checksum: 1b50351fa

Time (s): cpu = 00:05:11 ; elapsed = 00:03:17 . Memory (MB): peak = 4248.773 ; gain = 373.285

Phase 4.2 Global Iteration 1
 Number of Nodes with overlaps = 23
 Number of Nodes with overlaps = 24
 Number of Nodes with overlaps = 0
INFO: [Route 35-416] Intermediate Timing Summary | WNS=-8.033 | TNS=-9202.604| WHS=N/A    | THS=N/A    |

Phase 4.2 Global Iteration 1 | Checksum: e143efb4

Time (s): cpu = 00:05:31 ; elapsed = 00:03:33 . Memory (MB): peak = 4248.773 ; gain = 373.285

Phase 4.3 Global Iteration 2
 Number of Nodes with overlaps = 29
 Number of Nodes with overlaps = 2
 Number of Nodes with overlaps = 1
 Number of Nodes with overlaps = 0
INFO: [Route 35-416] Intermediate Timing Summary | WNS=-8.182 | TNS=-9253.860| WHS=N/A    | THS=N/A    |

Phase 4.3 Global Iteration 2 | Checksum: 1327582dd

Time (s): cpu = 00:05:46 ; elapsed = 00:03:45 . Memory (MB): peak = 4248.773 ; gain = 373.285
Phase 4 Rip-up And Reroute | Checksum: 1327582dd

Time (s): cpu = 00:05:46 ; elapsed = 00:03:45 . Memory (MB): peak = 4248.773 ; gain = 373.285

Phase 5 Delay and Skew Optimization

Phase 5.1 Delay CleanUp

Phase 5.1.1 Update Timing
Phase 5.1.1 Update Timing | Checksum: 194977030

Time (s): cpu = 00:05:48 ; elapsed = 00:03:46 . Memory (MB): peak = 4248.773 ; gain = 373.285
INFO: [Route 35-416] Intermediate Timing Summary | WNS=-8.033 | TNS=-9030.890| WHS=N/A    | THS=N/A    |

 Number of Nodes with overlaps = 0
Phase 5.1 Delay CleanUp | Checksum: 1716f1360

Time (s): cpu = 00:05:55 ; elapsed = 00:03:51 . Memory (MB): peak = 4248.773 ; gain = 373.285

Phase 5.2 Clock Skew Optimization
Phase 5.2 Clock Skew Optimization | Checksum: 1716f1360

Time (s): cpu = 00:05:55 ; elapsed = 00:03:51 . Memory (MB): peak = 4248.773 ; gain = 373.285
Phase 5 Delay and Skew Optimization | Checksum: 1716f1360

Time (s): cpu = 00:05:55 ; elapsed = 00:03:51 . Memory (MB): peak = 4248.773 ; gain = 373.285

Phase 6 Post Hold Fix

Phase 6.1 Hold Fix Iter

Phase 6.1.1 Update Timing
Phase 6.1.1 Update Timing | Checksum: 158ffac04

Time (s): cpu = 00:05:58 ; elapsed = 00:03:52 . Memory (MB): peak = 4248.773 ; gain = 373.285
INFO: [Route 35-416] Intermediate Timing Summary | WNS=-8.033 | TNS=-8999.004| WHS=0.019  | THS=0.000  |

Phase 6.1 Hold Fix Iter | Checksum: 188ed082c

Time (s): cpu = 00:05:58 ; elapsed = 00:03:52 . Memory (MB): peak = 4248.773 ; gain = 373.285
Phase 6 Post Hold Fix | Checksum: 188ed082c

Time (s): cpu = 00:05:58 ; elapsed = 00:03:52 . Memory (MB): peak = 4248.773 ; gain = 373.285

Phase 7 Route finalize

Router Utilization Summary
  Global Vertical Routing Utilization    = 9.82313 %
  Global Horizontal Routing Utilization  = 10.6041 %
  Routable Net Status*
  *Does not include unroutable nets such as driverless and loadless.
  Run report_route_status for detailed report.
  Number of Failed Nets               = 0
    (Failed Nets is the sum of unrouted and partially routed nets)
  Number of Unrouted Nets             = 0
  Number of Partially Routed Nets     = 0
  Number of Node Overlaps             = 0


--GLOBAL Congestion:
Utilization threshold used for congestion level computation: 0.85
Congestion Report
North Dir 1x1 Area, Max Cong = 82.8829%, No Congested Regions.
South Dir 1x1 Area, Max Cong = 83.7838%, No Congested Regions.
East Dir 1x1 Area, Max Cong = 75%, No Congested Regions.
West Dir 2x2 Area, Max Cong = 88.9706%, Congestion bounded by tiles (Lower Left Tile -> Upper Right Tile):
   INT_L_X24Y64 -> INT_R_X25Y65
   INT_L_X24Y62 -> INT_R_X25Y63

------------------------------
Reporting congestion hotspots
------------------------------
Direction: North
----------------
Congested clusters found at Level 0
Effective congestion level: 0 Aspect Ratio: 1 Sparse Ratio: 0
Direction: South
----------------
Congested clusters found at Level 0
Effective congestion level: 0 Aspect Ratio: 1 Sparse Ratio: 0
Direction: East
----------------
Congested clusters found at Level 0
Effective congestion level: 0 Aspect Ratio: 1 Sparse Ratio: 0
Direction: West
----------------
Congested clusters found at Level 0
Effective congestion level: 2 Aspect Ratio: 0.5 Sparse Ratio: 0.625

Phase 7 Route finalize | Checksum: 10a6e1912

Time (s): cpu = 00:05:58 ; elapsed = 00:03:52 . Memory (MB): peak = 4248.773 ; gain = 373.285

Phase 8 Verifying routed nets

 Verification completed successfully
Phase 8 Verifying routed nets | Checksum: 10a6e1912

Time (s): cpu = 00:05:58 ; elapsed = 00:03:52 . Memory (MB): peak = 4248.773 ; gain = 373.285

Phase 9 Depositing Routes
Phase 9 Depositing Routes | Checksum: e0e03543

Time (s): cpu = 00:06:00 ; elapsed = 00:03:54 . Memory (MB): peak = 4248.773 ; gain = 373.285

Phase 10 Post Router Timing
INFO: [Route 35-57] Estimated Timing Summary | WNS=-8.033 | TNS=-8999.004| WHS=0.019  | THS=0.000  |

WARNING: [Route 35-328] Router estimated timing not met.
Resolution: For a complete and accurate timing signoff, report_timing_summary must be run after route_design. Alternatively, route_design can be run with the -timing_summary option to enable a complete timing signoff at the end of route_design.
Phase 10 Post Router Timing | Checksum: e0e03543

Time (s): cpu = 00:06:02 ; elapsed = 00:03:55 . Memory (MB): peak = 4248.773 ; gain = 373.285
INFO: [Route 35-16] Router Completed Successfully

Phase 11 Post-Route Event Processing
Phase 11 Post-Route Event Processing | Checksum: 1247444ed

Time (s): cpu = 00:06:03 ; elapsed = 00:03:56 . Memory (MB): peak = 4248.773 ; gain = 373.285

Time (s): cpu = 00:06:03 ; elapsed = 00:03:56 . Memory (MB): peak = 4248.773 ; gain = 373.285

Routing Is Done.
INFO: [Common 17-83] Releasing license: Implementation
922 Infos, 1 Warnings, 0 Critical Warnings and 0 Errors encountered.
route_design completed successfully
route_design: Time (s): cpu = 00:06:07 ; elapsed = 00:03:58 . Memory (MB): peak = 4248.773 ; gain = 382.082
INFO: [runtcl-4] Executing : report_drc -file tangerineA7_100_wrapper_drc_routed.rpt -pb tangerineA7_100_wrapper_drc_routed.pb -rpx tangerineA7_100_wrapper_drc_routed.rpx
Command: report_drc -file tangerineA7_100_wrapper_drc_routed.rpt -pb tangerineA7_100_wrapper_drc_routed.pb -rpx tangerineA7_100_wrapper_drc_routed.rpx
INFO: [IP_Flow 19-1839] IP Catalog is up to date.
INFO: [DRC 23-27] Running DRC with 2 threads
INFO: [Vivado_Tcl 2-168] The results of DRC are in file C:/Users/qubeck/Documents/Development/ProjektyVHDL/WukongBoard/tangerineA7_100/tangerineA7_100.runs/impl_2/tangerineA7_100_wrapper_drc_routed.rpt.
report_drc completed successfully
INFO: [runtcl-4] Executing : report_methodology -file tangerineA7_100_wrapper_methodology_drc_routed.rpt -pb tangerineA7_100_wrapper_methodology_drc_routed.pb -rpx tangerineA7_100_wrapper_methodology_drc_routed.rpx
Command: report_methodology -file tangerineA7_100_wrapper_methodology_drc_routed.rpt -pb tangerineA7_100_wrapper_methodology_drc_routed.pb -rpx tangerineA7_100_wrapper_methodology_drc_routed.rpx
INFO: [Timing 38-35] Done setting XDC timing constraints.
INFO: [DRC 23-133] Running Methodology with 2 threads
INFO: [Vivado_Tcl 2-1520] The results of Report Methodology are in file C:/Users/qubeck/Documents/Development/ProjektyVHDL/WukongBoard/tangerineA7_100/tangerineA7_100.runs/impl_2/tangerineA7_100_wrapper_methodology_drc_routed.rpt.
report_methodology completed successfully
report_methodology: Time (s): cpu = 00:00:13 ; elapsed = 00:00:07 . Memory (MB): peak = 4248.773 ; gain = 0.000
INFO: [runtcl-4] Executing : report_power -file tangerineA7_100_wrapper_power_routed.rpt -pb tangerineA7_100_wrapper_power_summary_routed.pb -rpx tangerineA7_100_wrapper_power_routed.rpx
Command: report_power -file tangerineA7_100_wrapper_power_routed.rpt -pb tangerineA7_100_wrapper_power_summary_routed.pb -rpx tangerineA7_100_wrapper_power_routed.rpx
INFO: [Timing 38-35] Done setting XDC timing constraints.
Running Vector-less Activity Propagation...

Finished Running Vector-less Activity Propagation
WARNING: [Power 33-332] Found switching activity that implies high-fanout reset nets being asserted for excessive periods of time which may result in inaccurate power analysis.
Resolution: To review and fix problems, please run Power Constraints Advisor in the GUI from Tools > Power Constraints Advisor or run report_power with the -advisory option to generate a text report.
932 Infos, 2 Warnings, 0 Critical Warnings and 0 Errors encountered.
report_power completed successfully
report_power: Time (s): cpu = 00:00:11 ; elapsed = 00:00:07 . Memory (MB): peak = 4248.773 ; gain = 0.000
INFO: [runtcl-4] Executing : report_route_status -file tangerineA7_100_wrapper_route_status.rpt -pb tangerineA7_100_wrapper_route_status.pb
INFO: [runtcl-4] Executing : report_timing_summary -max_paths 10 -report_unconstrained -file tangerineA7_100_wrapper_timing_summary_routed.rpt -pb tangerineA7_100_wrapper_timing_summary_routed.pb -rpx tangerineA7_100_wrapper_timing_summary_routed.rpx -warn_on_violation 
INFO: [Timing 38-91] UpdateTimingParams: Speed grade: -1, Delay Type: min_max.
INFO: [Timing 38-191] Multithreading enabled for timing update using a maximum of 2 CPUs
CRITICAL WARNING: [Timing 38-282] The design failed to meet the timing requirements. Please see the timing summary report for details on the timing violations.
WARNING: [Timing 38-436] There are set_bus_skew constraint(s) in this design. Please run report_bus_skew to ensure that bus skew requirements are met.
INFO: [runtcl-4] Executing : report_incremental_reuse -file tangerineA7_100_wrapper_incremental_reuse_routed.rpt
INFO: [Vivado_Tcl 4-1062] Incremental flow is disabled. No incremental reuse Info to report.
INFO: [runtcl-4] Executing : report_clock_utilization -file tangerineA7_100_wrapper_clock_utilization_routed.rpt
INFO: [runtcl-4] Executing : report_bus_skew -warn_on_violation -file tangerineA7_100_wrapper_bus_skew_routed.rpt -pb tangerineA7_100_wrapper_bus_skew_routed.pb -rpx tangerineA7_100_wrapper_bus_skew_routed.rpx
INFO: [Timing 38-91] UpdateTimingParams: Speed grade: -1, Delay Type: min_max.
INFO: [Timing 38-191] Multithreading enabled for timing update using a maximum of 2 CPUs
INFO: [Timing 38-480] Writing timing data to binary archive.
Writing XDEF routing.
Writing XDEF routing logical nets.
Writing XDEF routing special nets.
Write XDEF Complete: Time (s): cpu = 00:00:05 ; elapsed = 00:00:02 . Memory (MB): peak = 4248.773 ; gain = 0.000
INFO: [Common 17-1381] The checkpoint 'C:/Users/qubeck/Documents/Development/ProjektyVHDL/WukongBoard/tangerineA7_100/tangerineA7_100.runs/impl_2/tangerineA7_100_wrapper_routed.dcp' has been generated.
Command: write_bitstream -force tangerineA7_100_wrapper.bit
Attempting to get a license for feature 'Implementation' and/or device 'xc7a100t'
INFO: [Common 17-349] Got license for feature 'Implementation' and/or device 'xc7a100t'
Running DRC as a precondition to command write_bitstream
INFO: [IP_Flow 19-1839] IP Catalog is up to date.
INFO: [DRC 23-27] Running DRC with 2 threads
WARNING: [DRC CHECK-3] Report rule limit reached: REQP-1839 rule limit reached: 20 violations have been found.
WARNING: [DRC DPIP-1] Input pipelining: DSP tangerineA7_100_i/tangerineSOC_0/inst/nekoRvInst/resultMul0 input tangerineA7_100_i/tangerineSOC_0/inst/nekoRvInst/resultMul0/A[29:0] is not pipelined. Pipelining DSP48 input will improve performance.
WARNING: [DRC DPIP-1] Input pipelining: DSP tangerineA7_100_i/tangerineSOC_0/inst/nekoRvInst/resultMul0 input tangerineA7_100_i/tangerineSOC_0/inst/nekoRvInst/resultMul0/B[17:0] is not pipelined. Pipelining DSP48 input will improve performance.
WARNING: [DRC DPIP-1] Input pipelining: DSP tangerineA7_100_i/tangerineSOC_0/inst/nekoRvInst/resultMul0__0 input tangerineA7_100_i/tangerineSOC_0/inst/nekoRvInst/resultMul0__0/A[29:0] is not pipelined. Pipelining DSP48 input will improve performance.
WARNING: [DRC DPIP-1] Input pipelining: DSP tangerineA7_100_i/tangerineSOC_0/inst/nekoRvInst/resultMul0__0 input tangerineA7_100_i/tangerineSOC_0/inst/nekoRvInst/resultMul0__0/B[17:0] is not pipelined. Pipelining DSP48 input will improve performance.
WARNING: [DRC DPIP-1] Input pipelining: DSP tangerineA7_100_i/tangerineSOC_0/inst/nekoRvInst/resultMul0__1 input tangerineA7_100_i/tangerineSOC_0/inst/nekoRvInst/resultMul0__1/A[29:0] is not pipelined. Pipelining DSP48 input will improve performance.
WARNING: [DRC DPIP-1] Input pipelining: DSP tangerineA7_100_i/tangerineSOC_0/inst/nekoRvInst/resultMul0__1 input tangerineA7_100_i/tangerineSOC_0/inst/nekoRvInst/resultMul0__1/B[17:0] is not pipelined. Pipelining DSP48 input will improve performance.
WARNING: [DRC DPIP-1] Input pipelining: DSP tangerineA7_100_i/tangerineSOC_0/inst/nekoRvInst/resultMul0__2 input tangerineA7_100_i/tangerineSOC_0/inst/nekoRvInst/resultMul0__2/A[29:0] is not pipelined. Pipelining DSP48 input will improve performance.
WARNING: [DRC DPIP-1] Input pipelining: DSP tangerineA7_100_i/tangerineSOC_0/inst/nekoRvInst/resultMul0__2 input tangerineA7_100_i/tangerineSOC_0/inst/nekoRvInst/resultMul0__2/B[17:0] is not pipelined. Pipelining DSP48 input will improve performance.
WARNING: [DRC DPIP-1] Input pipelining: DSP tangerineA7_100_i/tangerineSOC_0/inst/nekoRvInst/resultMulsu0 input tangerineA7_100_i/tangerineSOC_0/inst/nekoRvInst/resultMulsu0/A[29:0] is not pipelined. Pipelining DSP48 input will improve performance.
WARNING: [DRC DPIP-1] Input pipelining: DSP tangerineA7_100_i/tangerineSOC_0/inst/nekoRvInst/resultMulsu0 input tangerineA7_100_i/tangerineSOC_0/inst/nekoRvInst/resultMulsu0/B[17:0] is not pipelined. Pipelining DSP48 input will improve performance.
WARNING: [DRC DPIP-1] Input pipelining: DSP tangerineA7_100_i/tangerineSOC_0/inst/nekoRvInst/resultMulsu0__0 input tangerineA7_100_i/tangerineSOC_0/inst/nekoRvInst/resultMulsu0__0/A[29:0] is not pipelined. Pipelining DSP48 input will improve performance.
WARNING: [DRC DPIP-1] Input pipelining: DSP tangerineA7_100_i/tangerineSOC_0/inst/nekoRvInst/resultMulsu0__0 input tangerineA7_100_i/tangerineSOC_0/inst/nekoRvInst/resultMulsu0__0/B[17:0] is not pipelined. Pipelining DSP48 input will improve performance.
WARNING: [DRC DPIP-1] Input pipelining: DSP tangerineA7_100_i/tangerineSOC_0/inst/nekoRvInst/resultMulsu0__1 input tangerineA7_100_i/tangerineSOC_0/inst/nekoRvInst/resultMulsu0__1/A[29:0] is not pipelined. Pipelining DSP48 input will improve performance.
WARNING: [DRC DPIP-1] Input pipelining: DSP tangerineA7_100_i/tangerineSOC_0/inst/nekoRvInst/resultMulsu0__1 input tangerineA7_100_i/tangerineSOC_0/inst/nekoRvInst/resultMulsu0__1/B[17:0] is not pipelined. Pipelining DSP48 input will improve performance.
WARNING: [DRC DPIP-1] Input pipelining: DSP tangerineA7_100_i/tangerineSOC_0/inst/nekoRvInst/resultMulsu0__2 input tangerineA7_100_i/tangerineSOC_0/inst/nekoRvInst/resultMulsu0__2/A[29:0] is not pipelined. Pipelining DSP48 input will improve performance.
WARNING: [DRC DPIP-1] Input pipelining: DSP tangerineA7_100_i/tangerineSOC_0/inst/nekoRvInst/resultMulsu0__2 input tangerineA7_100_i/tangerineSOC_0/inst/nekoRvInst/resultMulsu0__2/B[17:0] is not pipelined. Pipelining DSP48 input will improve performance.
WARNING: [DRC DPIP-1] Input pipelining: DSP tangerineA7_100_i/tangerineSOC_0/inst/nekoRvInst/resultMuluu0 input tangerineA7_100_i/tangerineSOC_0/inst/nekoRvInst/resultMuluu0/A[29:0] is not pipelined. Pipelining DSP48 input will improve performance.
WARNING: [DRC DPIP-1] Input pipelining: DSP tangerineA7_100_i/tangerineSOC_0/inst/nekoRvInst/resultMuluu0 input tangerineA7_100_i/tangerineSOC_0/inst/nekoRvInst/resultMuluu0/B[17:0] is not pipelined. Pipelining DSP48 input will improve performance.
WARNING: [DRC DPIP-1] Input pipelining: DSP tangerineA7_100_i/tangerineSOC_0/inst/nekoRvInst/resultMuluu0__0 input tangerineA7_100_i/tangerineSOC_0/inst/nekoRvInst/resultMuluu0__0/A[29:0] is not pipelined. Pipelining DSP48 input will improve performance.
WARNING: [DRC DPIP-1] Input pipelining: DSP tangerineA7_100_i/tangerineSOC_0/inst/nekoRvInst/resultMuluu0__0 input tangerineA7_100_i/tangerineSOC_0/inst/nekoRvInst/resultMuluu0__0/B[17:0] is not pipelined. Pipelining DSP48 input will improve performance.
WARNING: [DRC DPIP-1] Input pipelining: DSP tangerineA7_100_i/tangerineSOC_0/inst/nekoRvInst/resultMuluu0__1 input tangerineA7_100_i/tangerineSOC_0/inst/nekoRvInst/resultMuluu0__1/A[29:0] is not pipelined. Pipelining DSP48 input will improve performance.
WARNING: [DRC DPIP-1] Input pipelining: DSP tangerineA7_100_i/tangerineSOC_0/inst/nekoRvInst/resultMuluu0__1 input tangerineA7_100_i/tangerineSOC_0/inst/nekoRvInst/resultMuluu0__1/B[17:0] is not pipelined. Pipelining DSP48 input will improve performance.
WARNING: [DRC DPIP-1] Input pipelining: DSP tangerineA7_100_i/tangerineSOC_0/inst/nekoRvInst/resultMuluu0__2 input tangerineA7_100_i/tangerineSOC_0/inst/nekoRvInst/resultMuluu0__2/A[29:0] is not pipelined. Pipelining DSP48 input will improve performance.
WARNING: [DRC DPIP-1] Input pipelining: DSP tangerineA7_100_i/tangerineSOC_0/inst/nekoRvInst/resultMuluu0__2 input tangerineA7_100_i/tangerineSOC_0/inst/nekoRvInst/resultMuluu0__2/B[17:0] is not pipelined. Pipelining DSP48 input will improve performance.
WARNING: [DRC DPOP-1] PREG Output pipelining: DSP tangerineA7_100_i/tangerineSOC_0/inst/nekoRvInst/resultMul0 output tangerineA7_100_i/tangerineSOC_0/inst/nekoRvInst/resultMul0/P[47:0] is not pipelined (PREG=0). Pipelining the DSP48 output will improve performance and often saves power so it is suggested whenever possible to fully pipeline this function.  If this DSP48 function was inferred, it is suggested to describe an additional register stage after this function.  If the DSP48 was instantiated in the design, it is suggested to set the PREG attribute to 1.
WARNING: [DRC DPOP-1] PREG Output pipelining: DSP tangerineA7_100_i/tangerineSOC_0/inst/nekoRvInst/resultMul0__1 output tangerineA7_100_i/tangerineSOC_0/inst/nekoRvInst/resultMul0__1/P[47:0] is not pipelined (PREG=0). Pipelining the DSP48 output will improve performance and often saves power so it is suggested whenever possible to fully pipeline this function.  If this DSP48 function was inferred, it is suggested to describe an additional register stage after this function.  If the DSP48 was instantiated in the design, it is suggested to set the PREG attribute to 1.
WARNING: [DRC DPOP-1] PREG Output pipelining: DSP tangerineA7_100_i/tangerineSOC_0/inst/nekoRvInst/resultMulsu0 output tangerineA7_100_i/tangerineSOC_0/inst/nekoRvInst/resultMulsu0/P[47:0] is not pipelined (PREG=0). Pipelining the DSP48 output will improve performance and often saves power so it is suggested whenever possible to fully pipeline this function.  If this DSP48 function was inferred, it is suggested to describe an additional register stage after this function.  If the DSP48 was instantiated in the design, it is suggested to set the PREG attribute to 1.
WARNING: [DRC DPOP-1] PREG Output pipelining: DSP tangerineA7_100_i/tangerineSOC_0/inst/nekoRvInst/resultMulsu0__1 output tangerineA7_100_i/tangerineSOC_0/inst/nekoRvInst/resultMulsu0__1/P[47:0] is not pipelined (PREG=0). Pipelining the DSP48 output will improve performance and often saves power so it is suggested whenever possible to fully pipeline this function.  If this DSP48 function was inferred, it is suggested to describe an additional register stage after this function.  If the DSP48 was instantiated in the design, it is suggested to set the PREG attribute to 1.
WARNING: [DRC DPOP-1] PREG Output pipelining: DSP tangerineA7_100_i/tangerineSOC_0/inst/nekoRvInst/resultMuluu0 output tangerineA7_100_i/tangerineSOC_0/inst/nekoRvInst/resultMuluu0/P[47:0] is not pipelined (PREG=0). Pipelining the DSP48 output will improve performance and often saves power so it is suggested whenever possible to fully pipeline this function.  If this DSP48 function was inferred, it is suggested to describe an additional register stage after this function.  If the DSP48 was instantiated in the design, it is suggested to set the PREG attribute to 1.
WARNING: [DRC DPOP-1] PREG Output pipelining: DSP tangerineA7_100_i/tangerineSOC_0/inst/nekoRvInst/resultMuluu0__1 output tangerineA7_100_i/tangerineSOC_0/inst/nekoRvInst/resultMuluu0__1/P[47:0] is not pipelined (PREG=0). Pipelining the DSP48 output will improve performance and often saves power so it is suggested whenever possible to fully pipeline this function.  If this DSP48 function was inferred, it is suggested to describe an additional register stage after this function.  If the DSP48 was instantiated in the design, it is suggested to set the PREG attribute to 1.
WARNING: [DRC DPOP-2] MREG Output pipelining: DSP tangerineA7_100_i/tangerineSOC_0/inst/nekoRvInst/resultMul0 multiplier stage tangerineA7_100_i/tangerineSOC_0/inst/nekoRvInst/resultMul0/P[47:0] is not pipelined (MREG=0). Pipelining the multiplier function will improve performance and will save significant power so it is suggested whenever possible to fully pipeline this function.  If this multiplier was inferred, it is suggested to describe an additional register stage after this function.  If there is no registered adder/accumulator following the multiply function, two pipeline stages are suggested to allow both the MREG and PREG registers to be used.  If the DSP48 was instantiated in the design, it is suggested to set both the MREG and PREG attributes to 1 when performing multiply functions.
WARNING: [DRC DPOP-2] MREG Output pipelining: DSP tangerineA7_100_i/tangerineSOC_0/inst/nekoRvInst/resultMul0__0 multiplier stage tangerineA7_100_i/tangerineSOC_0/inst/nekoRvInst/resultMul0__0/P[47:0] is not pipelined (MREG=0). Pipelining the multiplier function will improve performance and will save significant power so it is suggested whenever possible to fully pipeline this function.  If this multiplier was inferred, it is suggested to describe an additional register stage after this function.  If there is no registered adder/accumulator following the multiply function, two pipeline stages are suggested to allow both the MREG and PREG registers to be used.  If the DSP48 was instantiated in the design, it is suggested to set both the MREG and PREG attributes to 1 when performing multiply functions.
WARNING: [DRC DPOP-2] MREG Output pipelining: DSP tangerineA7_100_i/tangerineSOC_0/inst/nekoRvInst/resultMul0__1 multiplier stage tangerineA7_100_i/tangerineSOC_0/inst/nekoRvInst/resultMul0__1/P[47:0] is not pipelined (MREG=0). Pipelining the multiplier function will improve performance and will save significant power so it is suggested whenever possible to fully pipeline this function.  If this multiplier was inferred, it is suggested to describe an additional register stage after this function.  If there is no registered adder/accumulator following the multiply function, two pipeline stages are suggested to allow both the MREG and PREG registers to be used.  If the DSP48 was instantiated in the design, it is suggested to set both the MREG and PREG attributes to 1 when performing multiply functions.
WARNING: [DRC DPOP-2] MREG Output pipelining: DSP tangerineA7_100_i/tangerineSOC_0/inst/nekoRvInst/resultMul0__2 multiplier stage tangerineA7_100_i/tangerineSOC_0/inst/nekoRvInst/resultMul0__2/P[47:0] is not pipelined (MREG=0). Pipelining the multiplier function will improve performance and will save significant power so it is suggested whenever possible to fully pipeline this function.  If this multiplier was inferred, it is suggested to describe an additional register stage after this function.  If there is no registered adder/accumulator following the multiply function, two pipeline stages are suggested to allow both the MREG and PREG registers to be used.  If the DSP48 was instantiated in the design, it is suggested to set both the MREG and PREG attributes to 1 when performing multiply functions.
WARNING: [DRC DPOP-2] MREG Output pipelining: DSP tangerineA7_100_i/tangerineSOC_0/inst/nekoRvInst/resultMulsu0 multiplier stage tangerineA7_100_i/tangerineSOC_0/inst/nekoRvInst/resultMulsu0/P[47:0] is not pipelined (MREG=0). Pipelining the multiplier function will improve performance and will save significant power so it is suggested whenever possible to fully pipeline this function.  If this multiplier was inferred, it is suggested to describe an additional register stage after this function.  If there is no registered adder/accumulator following the multiply function, two pipeline stages are suggested to allow both the MREG and PREG registers to be used.  If the DSP48 was instantiated in the design, it is suggested to set both the MREG and PREG attributes to 1 when performing multiply functions.
WARNING: [DRC DPOP-2] MREG Output pipelining: DSP tangerineA7_100_i/tangerineSOC_0/inst/nekoRvInst/resultMulsu0__0 multiplier stage tangerineA7_100_i/tangerineSOC_0/inst/nekoRvInst/resultMulsu0__0/P[47:0] is not pipelined (MREG=0). Pipelining the multiplier function will improve performance and will save significant power so it is suggested whenever possible to fully pipeline this function.  If this multiplier was inferred, it is suggested to describe an additional register stage after this function.  If there is no registered adder/accumulator following the multiply function, two pipeline stages are suggested to allow both the MREG and PREG registers to be used.  If the DSP48 was instantiated in the design, it is suggested to set both the MREG and PREG attributes to 1 when performing multiply functions.
WARNING: [DRC DPOP-2] MREG Output pipelining: DSP tangerineA7_100_i/tangerineSOC_0/inst/nekoRvInst/resultMulsu0__1 multiplier stage tangerineA7_100_i/tangerineSOC_0/inst/nekoRvInst/resultMulsu0__1/P[47:0] is not pipelined (MREG=0). Pipelining the multiplier function will improve performance and will save significant power so it is suggested whenever possible to fully pipeline this function.  If this multiplier was inferred, it is suggested to describe an additional register stage after this function.  If there is no registered adder/accumulator following the multiply function, two pipeline stages are suggested to allow both the MREG and PREG registers to be used.  If the DSP48 was instantiated in the design, it is suggested to set both the MREG and PREG attributes to 1 when performing multiply functions.
WARNING: [DRC DPOP-2] MREG Output pipelining: DSP tangerineA7_100_i/tangerineSOC_0/inst/nekoRvInst/resultMulsu0__2 multiplier stage tangerineA7_100_i/tangerineSOC_0/inst/nekoRvInst/resultMulsu0__2/P[47:0] is not pipelined (MREG=0). Pipelining the multiplier function will improve performance and will save significant power so it is suggested whenever possible to fully pipeline this function.  If this multiplier was inferred, it is suggested to describe an additional register stage after this function.  If there is no registered adder/accumulator following the multiply function, two pipeline stages are suggested to allow both the MREG and PREG registers to be used.  If the DSP48 was instantiated in the design, it is suggested to set both the MREG and PREG attributes to 1 when performing multiply functions.
WARNING: [DRC DPOP-2] MREG Output pipelining: DSP tangerineA7_100_i/tangerineSOC_0/inst/nekoRvInst/resultMuluu0 multiplier stage tangerineA7_100_i/tangerineSOC_0/inst/nekoRvInst/resultMuluu0/P[47:0] is not pipelined (MREG=0). Pipelining the multiplier function will improve performance and will save significant power so it is suggested whenever possible to fully pipeline this function.  If this multiplier was inferred, it is suggested to describe an additional register stage after this function.  If there is no registered adder/accumulator following the multiply function, two pipeline stages are suggested to allow both the MREG and PREG registers to be used.  If the DSP48 was instantiated in the design, it is suggested to set both the MREG and PREG attributes to 1 when performing multiply functions.
WARNING: [DRC DPOP-2] MREG Output pipelining: DSP tangerineA7_100_i/tangerineSOC_0/inst/nekoRvInst/resultMuluu0__0 multiplier stage tangerineA7_100_i/tangerineSOC_0/inst/nekoRvInst/resultMuluu0__0/P[47:0] is not pipelined (MREG=0). Pipelining the multiplier function will improve performance and will save significant power so it is suggested whenever possible to fully pipeline this function.  If this multiplier was inferred, it is suggested to describe an additional register stage after this function.  If there is no registered adder/accumulator following the multiply function, two pipeline stages are suggested to allow both the MREG and PREG registers to be used.  If the DSP48 was instantiated in the design, it is suggested to set both the MREG and PREG attributes to 1 when performing multiply functions.
WARNING: [DRC DPOP-2] MREG Output pipelining: DSP tangerineA7_100_i/tangerineSOC_0/inst/nekoRvInst/resultMuluu0__1 multiplier stage tangerineA7_100_i/tangerineSOC_0/inst/nekoRvInst/resultMuluu0__1/P[47:0] is not pipelined (MREG=0). Pipelining the multiplier function will improve performance and will save significant power so it is suggested whenever possible to fully pipeline this function.  If this multiplier was inferred, it is suggested to describe an additional register stage after this function.  If there is no registered adder/accumulator following the multiply function, two pipeline stages are suggested to allow both the MREG and PREG registers to be used.  If the DSP48 was instantiated in the design, it is suggested to set both the MREG and PREG attributes to 1 when performing multiply functions.
WARNING: [DRC DPOP-2] MREG Output pipelining: DSP tangerineA7_100_i/tangerineSOC_0/inst/nekoRvInst/resultMuluu0__2 multiplier stage tangerineA7_100_i/tangerineSOC_0/inst/nekoRvInst/resultMuluu0__2/P[47:0] is not pipelined (MREG=0). Pipelining the multiplier function will improve performance and will save significant power so it is suggested whenever possible to fully pipeline this function.  If this multiplier was inferred, it is suggested to describe an additional register stage after this function.  If there is no registered adder/accumulator following the multiply function, two pipeline stages are suggested to allow both the MREG and PREG registers to be used.  If the DSP48 was instantiated in the design, it is suggested to set both the MREG and PREG attributes to 1 when performing multiply functions.
WARNING: [DRC DPOR-1] Asynchronous load check: DSP tangerineA7_100_i/tangerineSOC_0/inst/nekoRvInst/resultMul0 output is connected to registers with an asynchronous reset (tangerineA7_100_i/tangerineSOC_0/inst/nekoRvInst/resultMul_reg[0]). This is preventing the possibility of merging these registers in to the DSP Block since the DSP block registers only possess synchronous reset capability.  It is suggested to recode or change these registers to remove the reset or use a synchronous reset to get the best optimization for performance, power and area.
WARNING: [DRC DPOR-1] Asynchronous load check: DSP tangerineA7_100_i/tangerineSOC_0/inst/nekoRvInst/resultMul0 output is connected to registers with an asynchronous reset (tangerineA7_100_i/tangerineSOC_0/inst/nekoRvInst/resultMul_reg[10]). This is preventing the possibility of merging these registers in to the DSP Block since the DSP block registers only possess synchronous reset capability.  It is suggested to recode or change these registers to remove the reset or use a synchronous reset to get the best optimization for performance, power and area.
WARNING: [DRC DPOR-1] Asynchronous load check: DSP tangerineA7_100_i/tangerineSOC_0/inst/nekoRvInst/resultMul0 output is connected to registers with an asynchronous reset (tangerineA7_100_i/tangerineSOC_0/inst/nekoRvInst/resultMul_reg[11]). This is preventing the possibility of merging these registers in to the DSP Block since the DSP block registers only possess synchronous reset capability.  It is suggested to recode or change these registers to remove the reset or use a synchronous reset to get the best optimization for performance, power and area.
WARNING: [DRC DPOR-1] Asynchronous load check: DSP tangerineA7_100_i/tangerineSOC_0/inst/nekoRvInst/resultMul0 output is connected to registers with an asynchronous reset (tangerineA7_100_i/tangerineSOC_0/inst/nekoRvInst/resultMul_reg[12]). This is preventing the possibility of merging these registers in to the DSP Block since the DSP block registers only possess synchronous reset capability.  It is suggested to recode or change these registers to remove the reset or use a synchronous reset to get the best optimization for performance, power and area.
WARNING: [DRC DPOR-1] Asynchronous load check: DSP tangerineA7_100_i/tangerineSOC_0/inst/nekoRvInst/resultMul0 output is connected to registers with an asynchronous reset (tangerineA7_100_i/tangerineSOC_0/inst/nekoRvInst/resultMul_reg[13]). This is preventing the possibility of merging these registers in to the DSP Block since the DSP block registers only possess synchronous reset capability.  It is suggested to recode or change these registers to remove the reset or use a synchronous reset to get the best optimization for performance, power and area.
WARNING: [DRC DPOR-1] Asynchronous load check: DSP tangerineA7_100_i/tangerineSOC_0/inst/nekoRvInst/resultMul0 output is connected to registers with an asynchronous reset (tangerineA7_100_i/tangerineSOC_0/inst/nekoRvInst/resultMul_reg[14]). This is preventing the possibility of merging these registers in to the DSP Block since the DSP block registers only possess synchronous reset capability.  It is suggested to recode or change these registers to remove the reset or use a synchronous reset to get the best optimization for performance, power and area.
WARNING: [DRC DPOR-1] Asynchronous load check: DSP tangerineA7_100_i/tangerineSOC_0/inst/nekoRvInst/resultMul0 output is connected to registers with an asynchronous reset (tangerineA7_100_i/tangerineSOC_0/inst/nekoRvInst/resultMul_reg[15]). This is preventing the possibility of merging these registers in to the DSP Block since the DSP block registers only possess synchronous reset capability.  It is suggested to recode or change these registers to remove the reset or use a synchronous reset to get the best optimization for performance, power and area.
WARNING: [DRC DPOR-1] Asynchronous load check: DSP tangerineA7_100_i/tangerineSOC_0/inst/nekoRvInst/resultMul0 output is connected to registers with an asynchronous reset (tangerineA7_100_i/tangerineSOC_0/inst/nekoRvInst/resultMul_reg[16]). This is preventing the possibility of merging these registers in to the DSP Block since the DSP block registers only possess synchronous reset capability.  It is suggested to recode or change these registers to remove the reset or use a synchronous reset to get the best optimization for performance, power and area.
WARNING: [DRC DPOR-1] Asynchronous load check: DSP tangerineA7_100_i/tangerineSOC_0/inst/nekoRvInst/resultMul0 output is connected to registers with an asynchronous reset (tangerineA7_100_i/tangerineSOC_0/inst/nekoRvInst/resultMul_reg[1]). This is preventing the possibility of merging these registers in to the DSP Block since the DSP block registers only possess synchronous reset capability.  It is suggested to recode or change these registers to remove the reset or use a synchronous reset to get the best optimization for performance, power and area.
WARNING: [DRC DPOR-1] Asynchronous load check: DSP tangerineA7_100_i/tangerineSOC_0/inst/nekoRvInst/resultMul0 output is connected to registers with an asynchronous reset (tangerineA7_100_i/tangerineSOC_0/inst/nekoRvInst/resultMul_reg[2]). This is preventing the possibility of merging these registers in to the DSP Block since the DSP block registers only possess synchronous reset capability.  It is suggested to recode or change these registers to remove the reset or use a synchronous reset to get the best optimization for performance, power and area.
WARNING: [DRC DPOR-1] Asynchronous load check: DSP tangerineA7_100_i/tangerineSOC_0/inst/nekoRvInst/resultMul0 output is connected to registers with an asynchronous reset (tangerineA7_100_i/tangerineSOC_0/inst/nekoRvInst/resultMul_reg[3]). This is preventing the possibility of merging these registers in to the DSP Block since the DSP block registers only possess synchronous reset capability.  It is suggested to recode or change these registers to remove the reset or use a synchronous reset to get the best optimization for performance, power and area.
WARNING: [DRC DPOR-1] Asynchronous load check: DSP tangerineA7_100_i/tangerineSOC_0/inst/nekoRvInst/resultMul0 output is connected to registers with an asynchronous reset (tangerineA7_100_i/tangerineSOC_0/inst/nekoRvInst/resultMul_reg[4]). This is preventing the possibility of merging these registers in to the DSP Block since the DSP block registers only possess synchronous reset capability.  It is suggested to recode or change these registers to remove the reset or use a synchronous reset to get the best optimization for performance, power and area.
WARNING: [DRC DPOR-1] Asynchronous load check: DSP tangerineA7_100_i/tangerineSOC_0/inst/nekoRvInst/resultMul0 output is connected to registers with an asynchronous reset (tangerineA7_100_i/tangerineSOC_0/inst/nekoRvInst/resultMul_reg[5]). This is preventing the possibility of merging these registers in to the DSP Block since the DSP block registers only possess synchronous reset capability.  It is suggested to recode or change these registers to remove the reset or use a synchronous reset to get the best optimization for performance, power and area.
WARNING: [DRC DPOR-1] Asynchronous load check: DSP tangerineA7_100_i/tangerineSOC_0/inst/nekoRvInst/resultMul0 output is connected to registers with an asynchronous reset (tangerineA7_100_i/tangerineSOC_0/inst/nekoRvInst/resultMul_reg[6]). This is preventing the possibility of merging these registers in to the DSP Block since the DSP block registers only possess synchronous reset capability.  It is suggested to recode or change these registers to remove the reset or use a synchronous reset to get the best optimization for performance, power and area.
WARNING: [DRC DPOR-1] Asynchronous load check: DSP tangerineA7_100_i/tangerineSOC_0/inst/nekoRvInst/resultMul0 output is connected to registers with an asynchronous reset (tangerineA7_100_i/tangerineSOC_0/inst/nekoRvInst/resultMul_reg[7]). This is preventing the possibility of merging these registers in to the DSP Block since the DSP block registers only possess synchronous reset capability.  It is suggested to recode or change these registers to remove the reset or use a synchronous reset to get the best optimization for performance, power and area.
WARNING: [DRC DPOR-1] Asynchronous load check: DSP tangerineA7_100_i/tangerineSOC_0/inst/nekoRvInst/resultMul0 output is connected to registers with an asynchronous reset (tangerineA7_100_i/tangerineSOC_0/inst/nekoRvInst/resultMul_reg[8]). This is preventing the possibility of merging these registers in to the DSP Block since the DSP block registers only possess synchronous reset capability.  It is suggested to recode or change these registers to remove the reset or use a synchronous reset to get the best optimization for performance, power and area.
WARNING: [DRC DPOR-1] Asynchronous load check: DSP tangerineA7_100_i/tangerineSOC_0/inst/nekoRvInst/resultMul0 output is connected to registers with an asynchronous reset (tangerineA7_100_i/tangerineSOC_0/inst/nekoRvInst/resultMul_reg[9]). This is preventing the possibility of merging these registers in to the DSP Block since the DSP block registers only possess synchronous reset capability.  It is suggested to recode or change these registers to remove the reset or use a synchronous reset to get the best optimization for performance, power and area.
WARNING: [DRC DPOR-1] Asynchronous load check: DSP tangerineA7_100_i/tangerineSOC_0/inst/nekoRvInst/resultMul0__1 output is connected to registers with an asynchronous reset (tangerineA7_100_i/tangerineSOC_0/inst/nekoRvInst/resultMul_reg[0]__1). This is preventing the possibility of merging these registers in to the DSP Block since the DSP block registers only possess synchronous reset capability.  It is suggested to recode or change these registers to remove the reset or use a synchronous reset to get the best optimization for performance, power and area.
WARNING: [DRC DPOR-1] Asynchronous load check: DSP tangerineA7_100_i/tangerineSOC_0/inst/nekoRvInst/resultMul0__1 output is connected to registers with an asynchronous reset (tangerineA7_100_i/tangerineSOC_0/inst/nekoRvInst/resultMul_reg[10]__1). This is preventing the possibility of merging these registers in to the DSP Block since the DSP block registers only possess synchronous reset capability.  It is suggested to recode or change these registers to remove the reset or use a synchronous reset to get the best optimization for performance, power and area.
WARNING: [DRC DPOR-1] Asynchronous load check: DSP tangerineA7_100_i/tangerineSOC_0/inst/nekoRvInst/resultMul0__1 output is connected to registers with an asynchronous reset (tangerineA7_100_i/tangerineSOC_0/inst/nekoRvInst/resultMul_reg[11]__1). This is preventing the possibility of merging these registers in to the DSP Block since the DSP block registers only possess synchronous reset capability.  It is suggested to recode or change these registers to remove the reset or use a synchronous reset to get the best optimization for performance, power and area.
WARNING: [DRC DPOR-1] Asynchronous load check: DSP tangerineA7_100_i/tangerineSOC_0/inst/nekoRvInst/resultMul0__1 output is connected to registers with an asynchronous reset (tangerineA7_100_i/tangerineSOC_0/inst/nekoRvInst/resultMul_reg[12]__1). This is preventing the possibility of merging these registers in to the DSP Block since the DSP block registers only possess synchronous reset capability.  It is suggested to recode or change these registers to remove the reset or use a synchronous reset to get the best optimization for performance, power and area.
WARNING: [DRC DPOR-1] Asynchronous load check: DSP tangerineA7_100_i/tangerineSOC_0/inst/nekoRvInst/resultMul0__1 output is connected to registers with an asynchronous reset (tangerineA7_100_i/tangerineSOC_0/inst/nekoRvInst/resultMul_reg[13]__1). This is preventing the possibility of merging these registers in to the DSP Block since the DSP block registers only possess synchronous reset capability.  It is suggested to recode or change these registers to remove the reset or use a synchronous reset to get the best optimization for performance, power and area.
WARNING: [DRC DPOR-1] Asynchronous load check: DSP tangerineA7_100_i/tangerineSOC_0/inst/nekoRvInst/resultMul0__1 output is connected to registers with an asynchronous reset (tangerineA7_100_i/tangerineSOC_0/inst/nekoRvInst/resultMul_reg[14]__1). This is preventing the possibility of merging these registers in to the DSP Block since the DSP block registers only possess synchronous reset capability.  It is suggested to recode or change these registers to remove the reset or use a synchronous reset to get the best optimization for performance, power and area.
WARNING: [DRC DPOR-1] Asynchronous load check: DSP tangerineA7_100_i/tangerineSOC_0/inst/nekoRvInst/resultMul0__1 output is connected to registers with an asynchronous reset (tangerineA7_100_i/tangerineSOC_0/inst/nekoRvInst/resultMul_reg[15]__1). This is preventing the possibility of merging these registers in to the DSP Block since the DSP block registers only possess synchronous reset capability.  It is suggested to recode or change these registers to remove the reset or use a synchronous reset to get the best optimization for performance, power and area.
WARNING: [DRC DPOR-1] Asynchronous load check: DSP tangerineA7_100_i/tangerineSOC_0/inst/nekoRvInst/resultMul0__1 output is connected to registers with an asynchronous reset (tangerineA7_100_i/tangerineSOC_0/inst/nekoRvInst/resultMul_reg[16]__1). This is preventing the possibility of merging these registers in to the DSP Block since the DSP block registers only possess synchronous reset capability.  It is suggested to recode or change these registers to remove the reset or use a synchronous reset to get the best optimization for performance, power and area.
WARNING: [DRC DPOR-1] Asynchronous load check: DSP tangerineA7_100_i/tangerineSOC_0/inst/nekoRvInst/resultMul0__1 output is connected to registers with an asynchronous reset (tangerineA7_100_i/tangerineSOC_0/inst/nekoRvInst/resultMul_reg[1]__1). This is preventing the possibility of merging these registers in to the DSP Block since the DSP block registers only possess synchronous reset capability.  It is suggested to recode or change these registers to remove the reset or use a synchronous reset to get the best optimization for performance, power and area.
WARNING: [DRC DPOR-1] Asynchronous load check: DSP tangerineA7_100_i/tangerineSOC_0/inst/nekoRvInst/resultMul0__1 output is connected to registers with an asynchronous reset (tangerineA7_100_i/tangerineSOC_0/inst/nekoRvInst/resultMul_reg[2]__1). This is preventing the possibility of merging these registers in to the DSP Block since the DSP block registers only possess synchronous reset capability.  It is suggested to recode or change these registers to remove the reset or use a synchronous reset to get the best optimization for performance, power and area.
WARNING: [DRC DPOR-1] Asynchronous load check: DSP tangerineA7_100_i/tangerineSOC_0/inst/nekoRvInst/resultMul0__1 output is connected to registers with an asynchronous reset (tangerineA7_100_i/tangerineSOC_0/inst/nekoRvInst/resultMul_reg[3]__1). This is preventing the possibility of merging these registers in to the DSP Block since the DSP block registers only possess synchronous reset capability.  It is suggested to recode or change these registers to remove the reset or use a synchronous reset to get the best optimization for performance, power and area.
WARNING: [DRC DPOR-1] Asynchronous load check: DSP tangerineA7_100_i/tangerineSOC_0/inst/nekoRvInst/resultMul0__1 output is connected to registers with an asynchronous reset (tangerineA7_100_i/tangerineSOC_0/inst/nekoRvInst/resultMul_reg[4]__1). This is preventing the possibility of merging these registers in to the DSP Block since the DSP block registers only possess synchronous reset capability.  It is suggested to recode or change these registers to remove the reset or use a synchronous reset to get the best optimization for performance, power and area.
WARNING: [DRC DPOR-1] Asynchronous load check: DSP tangerineA7_100_i/tangerineSOC_0/inst/nekoRvInst/resultMul0__1 output is connected to registers with an asynchronous reset (tangerineA7_100_i/tangerineSOC_0/inst/nekoRvInst/resultMul_reg[5]__1). This is preventing the possibility of merging these registers in to the DSP Block since the DSP block registers only possess synchronous reset capability.  It is suggested to recode or change these registers to remove the reset or use a synchronous reset to get the best optimization for performance, power and area.
WARNING: [DRC DPOR-1] Asynchronous load check: DSP tangerineA7_100_i/tangerineSOC_0/inst/nekoRvInst/resultMul0__1 output is connected to registers with an asynchronous reset (tangerineA7_100_i/tangerineSOC_0/inst/nekoRvInst/resultMul_reg[6]__1). This is preventing the possibility of merging these registers in to the DSP Block since the DSP block registers only possess synchronous reset capability.  It is suggested to recode or change these registers to remove the reset or use a synchronous reset to get the best optimization for performance, power and area.
WARNING: [DRC DPOR-1] Asynchronous load check: DSP tangerineA7_100_i/tangerineSOC_0/inst/nekoRvInst/resultMul0__1 output is connected to registers with an asynchronous reset (tangerineA7_100_i/tangerineSOC_0/inst/nekoRvInst/resultMul_reg[7]__1). This is preventing the possibility of merging these registers in to the DSP Block since the DSP block registers only possess synchronous reset capability.  It is suggested to recode or change these registers to remove the reset or use a synchronous reset to get the best optimization for performance, power and area.
WARNING: [DRC DPOR-1] Asynchronous load check: DSP tangerineA7_100_i/tangerineSOC_0/inst/nekoRvInst/resultMul0__1 output is connected to registers with an asynchronous reset (tangerineA7_100_i/tangerineSOC_0/inst/nekoRvInst/resultMul_reg[8]__1). This is preventing the possibility of merging these registers in to the DSP Block since the DSP block registers only possess synchronous reset capability.  It is suggested to recode or change these registers to remove the reset or use a synchronous reset to get the best optimization for performance, power and area.
WARNING: [DRC DPOR-1] Asynchronous load check: DSP tangerineA7_100_i/tangerineSOC_0/inst/nekoRvInst/resultMul0__1 output is connected to registers with an asynchronous reset (tangerineA7_100_i/tangerineSOC_0/inst/nekoRvInst/resultMul_reg[9]__1). This is preventing the possibility of merging these registers in to the DSP Block since the DSP block registers only possess synchronous reset capability.  It is suggested to recode or change these registers to remove the reset or use a synchronous reset to get the best optimization for performance, power and area.
WARNING: [DRC DPOR-1] Asynchronous load check: DSP tangerineA7_100_i/tangerineSOC_0/inst/nekoRvInst/resultMulsu0 output is connected to registers with an asynchronous reset (tangerineA7_100_i/tangerineSOC_0/inst/nekoRvInst/resultMulsu_reg[0]). This is preventing the possibility of merging these registers in to the DSP Block since the DSP block registers only possess synchronous reset capability.  It is suggested to recode or change these registers to remove the reset or use a synchronous reset to get the best optimization for performance, power and area.
WARNING: [DRC DPOR-1] Asynchronous load check: DSP tangerineA7_100_i/tangerineSOC_0/inst/nekoRvInst/resultMulsu0 output is connected to registers with an asynchronous reset (tangerineA7_100_i/tangerineSOC_0/inst/nekoRvInst/resultMulsu_reg[10]). This is preventing the possibility of merging these registers in to the DSP Block since the DSP block registers only possess synchronous reset capability.  It is suggested to recode or change these registers to remove the reset or use a synchronous reset to get the best optimization for performance, power and area.
WARNING: [DRC DPOR-1] Asynchronous load check: DSP tangerineA7_100_i/tangerineSOC_0/inst/nekoRvInst/resultMulsu0 output is connected to registers with an asynchronous reset (tangerineA7_100_i/tangerineSOC_0/inst/nekoRvInst/resultMulsu_reg[11]). This is preventing the possibility of merging these registers in to the DSP Block since the DSP block registers only possess synchronous reset capability.  It is suggested to recode or change these registers to remove the reset or use a synchronous reset to get the best optimization for performance, power and area.
WARNING: [DRC DPOR-1] Asynchronous load check: DSP tangerineA7_100_i/tangerineSOC_0/inst/nekoRvInst/resultMulsu0 output is connected to registers with an asynchronous reset (tangerineA7_100_i/tangerineSOC_0/inst/nekoRvInst/resultMulsu_reg[12]). This is preventing the possibility of merging these registers in to the DSP Block since the DSP block registers only possess synchronous reset capability.  It is suggested to recode or change these registers to remove the reset or use a synchronous reset to get the best optimization for performance, power and area.
WARNING: [DRC DPOR-1] Asynchronous load check: DSP tangerineA7_100_i/tangerineSOC_0/inst/nekoRvInst/resultMulsu0 output is connected to registers with an asynchronous reset (tangerineA7_100_i/tangerineSOC_0/inst/nekoRvInst/resultMulsu_reg[13]). This is preventing the possibility of merging these registers in to the DSP Block since the DSP block registers only possess synchronous reset capability.  It is suggested to recode or change these registers to remove the reset or use a synchronous reset to get the best optimization for performance, power and area.
WARNING: [DRC DPOR-1] Asynchronous load check: DSP tangerineA7_100_i/tangerineSOC_0/inst/nekoRvInst/resultMulsu0 output is connected to registers with an asynchronous reset (tangerineA7_100_i/tangerineSOC_0/inst/nekoRvInst/resultMulsu_reg[14]). This is preventing the possibility of merging these registers in to the DSP Block since the DSP block registers only possess synchronous reset capability.  It is suggested to recode or change these registers to remove the reset or use a synchronous reset to get the best optimization for performance, power and area.
WARNING: [DRC DPOR-1] Asynchronous load check: DSP tangerineA7_100_i/tangerineSOC_0/inst/nekoRvInst/resultMulsu0 output is connected to registers with an asynchronous reset (tangerineA7_100_i/tangerineSOC_0/inst/nekoRvInst/resultMulsu_reg[15]). This is preventing the possibility of merging these registers in to the DSP Block since the DSP block registers only possess synchronous reset capability.  It is suggested to recode or change these registers to remove the reset or use a synchronous reset to get the best optimization for performance, power and area.
WARNING: [DRC DPOR-1] Asynchronous load check: DSP tangerineA7_100_i/tangerineSOC_0/inst/nekoRvInst/resultMulsu0 output is connected to registers with an asynchronous reset (tangerineA7_100_i/tangerineSOC_0/inst/nekoRvInst/resultMulsu_reg[16]). This is preventing the possibility of merging these registers in to the DSP Block since the DSP block registers only possess synchronous reset capability.  It is suggested to recode or change these registers to remove the reset or use a synchronous reset to get the best optimization for performance, power and area.
WARNING: [DRC DPOR-1] Asynchronous load check: DSP tangerineA7_100_i/tangerineSOC_0/inst/nekoRvInst/resultMulsu0 output is connected to registers with an asynchronous reset (tangerineA7_100_i/tangerineSOC_0/inst/nekoRvInst/resultMulsu_reg[1]). This is preventing the possibility of merging these registers in to the DSP Block since the DSP block registers only possess synchronous reset capability.  It is suggested to recode or change these registers to remove the reset or use a synchronous reset to get the best optimization for performance, power and area.
WARNING: [DRC DPOR-1] Asynchronous load check: DSP tangerineA7_100_i/tangerineSOC_0/inst/nekoRvInst/resultMulsu0 output is connected to registers with an asynchronous reset (tangerineA7_100_i/tangerineSOC_0/inst/nekoRvInst/resultMulsu_reg[2]). This is preventing the possibility of merging these registers in to the DSP Block since the DSP block registers only possess synchronous reset capability.  It is suggested to recode or change these registers to remove the reset or use a synchronous reset to get the best optimization for performance, power and area.
WARNING: [DRC DPOR-1] Asynchronous load check: DSP tangerineA7_100_i/tangerineSOC_0/inst/nekoRvInst/resultMulsu0 output is connected to registers with an asynchronous reset (tangerineA7_100_i/tangerineSOC_0/inst/nekoRvInst/resultMulsu_reg[3]). This is preventing the possibility of merging these registers in to the DSP Block since the DSP block registers only possess synchronous reset capability.  It is suggested to recode or change these registers to remove the reset or use a synchronous reset to get the best optimization for performance, power and area.
WARNING: [DRC DPOR-1] Asynchronous load check: DSP tangerineA7_100_i/tangerineSOC_0/inst/nekoRvInst/resultMulsu0 output is connected to registers with an asynchronous reset (tangerineA7_100_i/tangerineSOC_0/inst/nekoRvInst/resultMulsu_reg[4]). This is preventing the possibility of merging these registers in to the DSP Block since the DSP block registers only possess synchronous reset capability.  It is suggested to recode or change these registers to remove the reset or use a synchronous reset to get the best optimization for performance, power and area.
WARNING: [DRC DPOR-1] Asynchronous load check: DSP tangerineA7_100_i/tangerineSOC_0/inst/nekoRvInst/resultMulsu0 output is connected to registers with an asynchronous reset (tangerineA7_100_i/tangerineSOC_0/inst/nekoRvInst/resultMulsu_reg[5]). This is preventing the possibility of merging these registers in to the DSP Block since the DSP block registers only possess synchronous reset capability.  It is suggested to recode or change these registers to remove the reset or use a synchronous reset to get the best optimization for performance, power and area.
WARNING: [DRC DPOR-1] Asynchronous load check: DSP tangerineA7_100_i/tangerineSOC_0/inst/nekoRvInst/resultMulsu0 output is connected to registers with an asynchronous reset (tangerineA7_100_i/tangerineSOC_0/inst/nekoRvInst/resultMulsu_reg[6]). This is preventing the possibility of merging these registers in to the DSP Block since the DSP block registers only possess synchronous reset capability.  It is suggested to recode or change these registers to remove the reset or use a synchronous reset to get the best optimization for performance, power and area.
WARNING: [DRC DPOR-1] Asynchronous load check: DSP tangerineA7_100_i/tangerineSOC_0/inst/nekoRvInst/resultMulsu0 output is connected to registers with an asynchronous reset (tangerineA7_100_i/tangerineSOC_0/inst/nekoRvInst/resultMulsu_reg[7]). This is preventing the possibility of merging these registers in to the DSP Block since the DSP block registers only possess synchronous reset capability.  It is suggested to recode or change these registers to remove the reset or use a synchronous reset to get the best optimization for performance, power and area.
WARNING: [DRC DPOR-1] Asynchronous load check: DSP tangerineA7_100_i/tangerineSOC_0/inst/nekoRvInst/resultMulsu0 output is connected to registers with an asynchronous reset (tangerineA7_100_i/tangerineSOC_0/inst/nekoRvInst/resultMulsu_reg[8]). This is preventing the possibility of merging these registers in to the DSP Block since the DSP block registers only possess synchronous reset capability.  It is suggested to recode or change these registers to remove the reset or use a synchronous reset to get the best optimization for performance, power and area.
WARNING: [DRC DPOR-1] Asynchronous load check: DSP tangerineA7_100_i/tangerineSOC_0/inst/nekoRvInst/resultMulsu0 output is connected to registers with an asynchronous reset (tangerineA7_100_i/tangerineSOC_0/inst/nekoRvInst/resultMulsu_reg[9]). This is preventing the possibility of merging these registers in to the DSP Block since the DSP block registers only possess synchronous reset capability.  It is suggested to recode or change these registers to remove the reset or use a synchronous reset to get the best optimization for performance, power and area.
WARNING: [DRC DPOR-1] Asynchronous load check: DSP tangerineA7_100_i/tangerineSOC_0/inst/nekoRvInst/resultMulsu0__1 output is connected to registers with an asynchronous reset (tangerineA7_100_i/tangerineSOC_0/inst/nekoRvInst/resultMulsu_reg[16]__1). This is preventing the possibility of merging these registers in to the DSP Block since the DSP block registers only possess synchronous reset capability.  It is suggested to recode or change these registers to remove the reset or use a synchronous reset to get the best optimization for performance, power and area.
WARNING: [DRC DPOR-1] Asynchronous load check: DSP tangerineA7_100_i/tangerineSOC_0/inst/nekoRvInst/resultMuluu0 output is connected to registers with an asynchronous reset (tangerineA7_100_i/tangerineSOC_0/inst/nekoRvInst/resultMuluu_reg[0]). This is preventing the possibility of merging these registers in to the DSP Block since the DSP block registers only possess synchronous reset capability.  It is suggested to recode or change these registers to remove the reset or use a synchronous reset to get the best optimization for performance, power and area.
WARNING: [DRC DPOR-1] Asynchronous load check: DSP tangerineA7_100_i/tangerineSOC_0/inst/nekoRvInst/resultMuluu0 output is connected to registers with an asynchronous reset (tangerineA7_100_i/tangerineSOC_0/inst/nekoRvInst/resultMuluu_reg[10]). This is preventing the possibility of merging these registers in to the DSP Block since the DSP block registers only possess synchronous reset capability.  It is suggested to recode or change these registers to remove the reset or use a synchronous reset to get the best optimization for performance, power and area.
WARNING: [DRC DPOR-1] Asynchronous load check: DSP tangerineA7_100_i/tangerineSOC_0/inst/nekoRvInst/resultMuluu0 output is connected to registers with an asynchronous reset (tangerineA7_100_i/tangerineSOC_0/inst/nekoRvInst/resultMuluu_reg[11]). This is preventing the possibility of merging these registers in to the DSP Block since the DSP block registers only possess synchronous reset capability.  It is suggested to recode or change these registers to remove the reset or use a synchronous reset to get the best optimization for performance, power and area.
WARNING: [DRC DPOR-1] Asynchronous load check: DSP tangerineA7_100_i/tangerineSOC_0/inst/nekoRvInst/resultMuluu0 output is connected to registers with an asynchronous reset (tangerineA7_100_i/tangerineSOC_0/inst/nekoRvInst/resultMuluu_reg[12]). This is preventing the possibility of merging these registers in to the DSP Block since the DSP block registers only possess synchronous reset capability.  It is suggested to recode or change these registers to remove the reset or use a synchronous reset to get the best optimization for performance, power and area.
WARNING: [DRC DPOR-1] Asynchronous load check: DSP tangerineA7_100_i/tangerineSOC_0/inst/nekoRvInst/resultMuluu0 output is connected to registers with an asynchronous reset (tangerineA7_100_i/tangerineSOC_0/inst/nekoRvInst/resultMuluu_reg[13]). This is preventing the possibility of merging these registers in to the DSP Block since the DSP block registers only possess synchronous reset capability.  It is suggested to recode or change these registers to remove the reset or use a synchronous reset to get the best optimization for performance, power and area.
WARNING: [DRC DPOR-1] Asynchronous load check: DSP tangerineA7_100_i/tangerineSOC_0/inst/nekoRvInst/resultMuluu0 output is connected to registers with an asynchronous reset (tangerineA7_100_i/tangerineSOC_0/inst/nekoRvInst/resultMuluu_reg[14]). This is preventing the possibility of merging these registers in to the DSP Block since the DSP block registers only possess synchronous reset capability.  It is suggested to recode or change these registers to remove the reset or use a synchronous reset to get the best optimization for performance, power and area.
WARNING: [DRC DPOR-1] Asynchronous load check: DSP tangerineA7_100_i/tangerineSOC_0/inst/nekoRvInst/resultMuluu0 output is connected to registers with an asynchronous reset (tangerineA7_100_i/tangerineSOC_0/inst/nekoRvInst/resultMuluu_reg[15]). This is preventing the possibility of merging these registers in to the DSP Block since the DSP block registers only possess synchronous reset capability.  It is suggested to recode or change these registers to remove the reset or use a synchronous reset to get the best optimization for performance, power and area.
WARNING: [DRC DPOR-1] Asynchronous load check: DSP tangerineA7_100_i/tangerineSOC_0/inst/nekoRvInst/resultMuluu0 output is connected to registers with an asynchronous reset (tangerineA7_100_i/tangerineSOC_0/inst/nekoRvInst/resultMuluu_reg[16]). This is preventing the possibility of merging these registers in to the DSP Block since the DSP block registers only possess synchronous reset capability.  It is suggested to recode or change these registers to remove the reset or use a synchronous reset to get the best optimization for performance, power and area.
WARNING: [DRC DPOR-1] Asynchronous load check: DSP tangerineA7_100_i/tangerineSOC_0/inst/nekoRvInst/resultMuluu0 output is connected to registers with an asynchronous reset (tangerineA7_100_i/tangerineSOC_0/inst/nekoRvInst/resultMuluu_reg[1]). This is preventing the possibility of merging these registers in to the DSP Block since the DSP block registers only possess synchronous reset capability.  It is suggested to recode or change these registers to remove the reset or use a synchronous reset to get the best optimization for performance, power and area.
WARNING: [DRC DPOR-1] Asynchronous load check: DSP tangerineA7_100_i/tangerineSOC_0/inst/nekoRvInst/resultMuluu0 output is connected to registers with an asynchronous reset (tangerineA7_100_i/tangerineSOC_0/inst/nekoRvInst/resultMuluu_reg[2]). This is preventing the possibility of merging these registers in to the DSP Block since the DSP block registers only possess synchronous reset capability.  It is suggested to recode or change these registers to remove the reset or use a synchronous reset to get the best optimization for performance, power and area.
WARNING: [DRC DPOR-1] Asynchronous load check: DSP tangerineA7_100_i/tangerineSOC_0/inst/nekoRvInst/resultMuluu0 output is connected to registers with an asynchronous reset (tangerineA7_100_i/tangerineSOC_0/inst/nekoRvInst/resultMuluu_reg[3]). This is preventing the possibility of merging these registers in to the DSP Block since the DSP block registers only possess synchronous reset capability.  It is suggested to recode or change these registers to remove the reset or use a synchronous reset to get the best optimization for performance, power and area.
WARNING: [DRC DPOR-1] Asynchronous load check: DSP tangerineA7_100_i/tangerineSOC_0/inst/nekoRvInst/resultMuluu0 output is connected to registers with an asynchronous reset (tangerineA7_100_i/tangerineSOC_0/inst/nekoRvInst/resultMuluu_reg[4]). This is preventing the possibility of merging these registers in to the DSP Block since the DSP block registers only possess synchronous reset capability.  It is suggested to recode or change these registers to remove the reset or use a synchronous reset to get the best optimization for performance, power and area.
WARNING: [DRC DPOR-1] Asynchronous load check: DSP tangerineA7_100_i/tangerineSOC_0/inst/nekoRvInst/resultMuluu0 output is connected to registers with an asynchronous reset (tangerineA7_100_i/tangerineSOC_0/inst/nekoRvInst/resultMuluu_reg[5]). This is preventing the possibility of merging these registers in to the DSP Block since the DSP block registers only possess synchronous reset capability.  It is suggested to recode or change these registers to remove the reset or use a synchronous reset to get the best optimization for performance, power and area.
WARNING: [DRC DPOR-1] Asynchronous load check: DSP tangerineA7_100_i/tangerineSOC_0/inst/nekoRvInst/resultMuluu0 output is connected to registers with an asynchronous reset (tangerineA7_100_i/tangerineSOC_0/inst/nekoRvInst/resultMuluu_reg[6]). This is preventing the possibility of merging these registers in to the DSP Block since the DSP block registers only possess synchronous reset capability.  It is suggested to recode or change these registers to remove the reset or use a synchronous reset to get the best optimization for performance, power and area.
WARNING: [DRC DPOR-1] Asynchronous load check: DSP tangerineA7_100_i/tangerineSOC_0/inst/nekoRvInst/resultMuluu0 output is connected to registers with an asynchronous reset (tangerineA7_100_i/tangerineSOC_0/inst/nekoRvInst/resultMuluu_reg[7]). This is preventing the possibility of merging these registers in to the DSP Block since the DSP block registers only possess synchronous reset capability.  It is suggested to recode or change these registers to remove the reset or use a synchronous reset to get the best optimization for performance, power and area.
WARNING: [DRC DPOR-1] Asynchronous load check: DSP tangerineA7_100_i/tangerineSOC_0/inst/nekoRvInst/resultMuluu0 output is connected to registers with an asynchronous reset (tangerineA7_100_i/tangerineSOC_0/inst/nekoRvInst/resultMuluu_reg[8]). This is preventing the possibility of merging these registers in to the DSP Block since the DSP block registers only possess synchronous reset capability.  It is suggested to recode or change these registers to remove the reset or use a synchronous reset to get the best optimization for performance, power and area.
WARNING: [DRC DPOR-1] Asynchronous load check: DSP tangerineA7_100_i/tangerineSOC_0/inst/nekoRvInst/resultMuluu0 output is connected to registers with an asynchronous reset (tangerineA7_100_i/tangerineSOC_0/inst/nekoRvInst/resultMuluu_reg[9]). This is preventing the possibility of merging these registers in to the DSP Block since the DSP block registers only possess synchronous reset capability.  It is suggested to recode or change these registers to remove the reset or use a synchronous reset to get the best optimization for performance, power and area.
WARNING: [DRC DPOR-1] Asynchronous load check: DSP tangerineA7_100_i/tangerineSOC_0/inst/nekoRvInst/resultMuluu0__1 output is connected to registers with an asynchronous reset (tangerineA7_100_i/tangerineSOC_0/inst/nekoRvInst/resultMuluu_reg[16]__1). This is preventing the possibility of merging these registers in to the DSP Block since the DSP block registers only possess synchronous reset capability.  It is suggested to recode or change these registers to remove the reset or use a synchronous reset to get the best optimization for performance, power and area.
WARNING: [DRC PDCN-1569] LUT equation term check: Used physical LUT pin 'A1' of cell dbg_hub/inst/BSCANID.u_xsdbm_id/SWITCH_N_EXT_BSCAN.bscan_switch/temp_curid[31]_i_1 (pin dbg_hub/inst/BSCANID.u_xsdbm_id/SWITCH_N_EXT_BSCAN.bscan_switch/temp_curid[31]_i_1/I0) is not included in the LUT equation: 'O5=(A5*A4)+(A5*(~A4)*(~A2))+((~A5))'. If this cell is a user instantiated LUT in the design, please remove connectivity to the pin or change the equation and/or INIT string of the LUT to prevent this issue. If the cell is inferred or IP created LUT, please regenerate the IP and/or resynthesize the design to attempt to correct the issue.
WARNING: [DRC PDCN-1569] LUT equation term check: Used physical LUT pin 'A3' of cell dbg_hub/inst/BSCANID.u_xsdbm_id/SWITCH_N_EXT_BSCAN.bscan_switch/temp_curid[31]_i_1 (pin dbg_hub/inst/BSCANID.u_xsdbm_id/SWITCH_N_EXT_BSCAN.bscan_switch/temp_curid[31]_i_1/I1) is not included in the LUT equation: 'O5=(A5*A4)+(A5*(~A4)*(~A2))+((~A5))'. If this cell is a user instantiated LUT in the design, please remove connectivity to the pin or change the equation and/or INIT string of the LUT to prevent this issue. If the cell is inferred or IP created LUT, please regenerate the IP and/or resynthesize the design to attempt to correct the issue.
WARNING: [DRC PDCN-1569] LUT equation term check: Used physical LUT pin 'A3' of cell dbg_hub/inst/BSCANID.u_xsdbm_id/SWITCH_N_EXT_BSCAN.id_state[0]_i_1 (pin dbg_hub/inst/BSCANID.u_xsdbm_id/SWITCH_N_EXT_BSCAN.id_state[0]_i_1/I0) is not included in the LUT equation: 'O6=(A6+~A6)*((A5))'. If this cell is a user instantiated LUT in the design, please remove connectivity to the pin or change the equation and/or INIT string of the LUT to prevent this issue. If the cell is inferred or IP created LUT, please regenerate the IP and/or resynthesize the design to attempt to correct the issue.
WARNING: [DRC PDCN-1569] LUT equation term check: Used physical LUT pin 'A5' of cell tangerineA7_100_i/tangerineSOC_0/inst/ps2HostInst/ps2aFifoInst/U0/inst_fifo_gen/gconvfifo.rf/grf.rf/gntv_or_sync_fifo.gl0.rd/gr1.gr1_int.rfwft/gpregsm1.user_valid_i_1 (pin tangerineA7_100_i/tangerineSOC_0/inst/ps2HostInst/ps2aFifoInst/U0/inst_fifo_gen/gconvfifo.rf/grf.rf/gntv_or_sync_fifo.gl0.rd/gr1.gr1_int.rfwft/gpregsm1.user_valid_i_1/I1) is not included in the LUT equation: 'O6=(A6)+((~A6)*(~A1)*A4)'. If this cell is a user instantiated LUT in the design, please remove connectivity to the pin or change the equation and/or INIT string of the LUT to prevent this issue. If the cell is inferred or IP created LUT, please regenerate the IP and/or resynthesize the design to attempt to correct the issue.
WARNING: [DRC PDCN-1569] LUT equation term check: Used physical LUT pin 'A5' of cell tangerineA7_100_i/tangerineSOC_0/inst/ps2HostInst/ps2bFifoInst/U0/inst_fifo_gen/gconvfifo.rf/grf.rf/gntv_or_sync_fifo.gl0.rd/gr1.gr1_int.rfwft/gpregsm1.user_valid_i_1 (pin tangerineA7_100_i/tangerineSOC_0/inst/ps2HostInst/ps2bFifoInst/U0/inst_fifo_gen/gconvfifo.rf/grf.rf/gntv_or_sync_fifo.gl0.rd/gr1.gr1_int.rfwft/gpregsm1.user_valid_i_1/I1) is not included in the LUT equation: 'O6=(A2)+((~A2)*(~A4)*A6)'. If this cell is a user instantiated LUT in the design, please remove connectivity to the pin or change the equation and/or INIT string of the LUT to prevent this issue. If the cell is inferred or IP created LUT, please regenerate the IP and/or resynthesize the design to attempt to correct the issue.
WARNING: [DRC PDCN-1569] LUT equation term check: Used physical LUT pin 'A6' of cell tangerineA7_100_i/tangerineSOC_0/inst/UARTInst/rxFiFoInst/U0/inst_fifo_gen/gconvfifo.rf/grf.rf/gntv_or_sync_fifo.gl0.rd/gr1.gr1_int.rfwft/gpregsm1.user_valid_i_1 (pin tangerineA7_100_i/tangerineSOC_0/inst/UARTInst/rxFiFoInst/U0/inst_fifo_gen/gconvfifo.rf/grf.rf/gntv_or_sync_fifo.gl0.rd/gr1.gr1_int.rfwft/gpregsm1.user_valid_i_1/I1) is not included in the LUT equation: 'O6=(A4)+((~A4)*(~A5)*A3)'. If this cell is a user instantiated LUT in the design, please remove connectivity to the pin or change the equation and/or INIT string of the LUT to prevent this issue. If the cell is inferred or IP created LUT, please regenerate the IP and/or resynthesize the design to attempt to correct the issue.
WARNING: [DRC REQP-1709] Clock output buffering: PLLE2_ADV connectivity violation. The signal tangerineA7_100_i/tangerineMIGWrapper_0/inst/tangerineMIGInst/u_mig_7series_tangerine_mig/u_ddr3_infrastructure/pll_clk3_out on the tangerineA7_100_i/tangerineMIGWrapper_0/inst/tangerineMIGInst/u_mig_7series_tangerine_mig/u_ddr3_infrastructure/plle2_i/CLKOUT3 pin of tangerineA7_100_i/tangerineMIGWrapper_0/inst/tangerineMIGInst/u_mig_7series_tangerine_mig/u_ddr3_infrastructure/plle2_i does not drive the same kind of BUFFER load as the other CLKOUT pins. Routing from the different buffer types will not be phase aligned.
WARNING: [DRC REQP-1839] RAMB36 async control check: The RAMB36E1 tangerineA7_100_i/tangerineSOC_0/inst/fastRamInst/U0/inst_blk_mem_gen/gnbram.gnativebmg.native_blk_mem_gen/valid.cstr/ramloop[20].ram.r/prim_noinit.ram/DEVICE_7SERIES.NO_BMM_INFO.SP.SIMPLE_PRIM36.ram has an input control pin tangerineA7_100_i/tangerineSOC_0/inst/fastRamInst/U0/inst_blk_mem_gen/gnbram.gnativebmg.native_blk_mem_gen/valid.cstr/ramloop[20].ram.r/prim_noinit.ram/DEVICE_7SERIES.NO_BMM_INFO.SP.SIMPLE_PRIM36.ram/WEA[0] (net: tangerineA7_100_i/tangerineSOC_0/inst/fastRamInst/U0/inst_blk_mem_gen/gnbram.gnativebmg.native_blk_mem_gen/valid.cstr/ramloop[20].ram.r/prim_noinit.ram/wea[0]) which is driven by a register (tangerineA7_100_i/tangerineSOC_0/inst/nekoRvInst/be_reg) that has an active asychronous set or reset. This may cause corruption of the memory contents and/or read values when the set/reset is asserted and is not analyzed by the default static timing analysis. It is suggested to eliminate the use of a set/reset to registers driving this RAMB pin or else use a synchronous reset in which the assertion of the reset is timed by default.
WARNING: [DRC REQP-1839] RAMB36 async control check: The RAMB36E1 tangerineA7_100_i/tangerineSOC_0/inst/fastRamInst/U0/inst_blk_mem_gen/gnbram.gnativebmg.native_blk_mem_gen/valid.cstr/ramloop[20].ram.r/prim_noinit.ram/DEVICE_7SERIES.NO_BMM_INFO.SP.SIMPLE_PRIM36.ram has an input control pin tangerineA7_100_i/tangerineSOC_0/inst/fastRamInst/U0/inst_blk_mem_gen/gnbram.gnativebmg.native_blk_mem_gen/valid.cstr/ramloop[20].ram.r/prim_noinit.ram/DEVICE_7SERIES.NO_BMM_INFO.SP.SIMPLE_PRIM36.ram/WEA[0] (net: tangerineA7_100_i/tangerineSOC_0/inst/fastRamInst/U0/inst_blk_mem_gen/gnbram.gnativebmg.native_blk_mem_gen/valid.cstr/ramloop[20].ram.r/prim_noinit.ram/wea[0]) which is driven by a register (tangerineA7_100_i/tangerineSOC_0/inst/nekoRvInst/wr_reg) that has an active asychronous set or reset. This may cause corruption of the memory contents and/or read values when the set/reset is asserted and is not analyzed by the default static timing analysis. It is suggested to eliminate the use of a set/reset to registers driving this RAMB pin or else use a synchronous reset in which the assertion of the reset is timed by default.
WARNING: [DRC REQP-1839] RAMB36 async control check: The RAMB36E1 tangerineA7_100_i/tangerineSOC_0/inst/fastRamInst/U0/inst_blk_mem_gen/gnbram.gnativebmg.native_blk_mem_gen/valid.cstr/ramloop[21].ram.r/prim_noinit.ram/DEVICE_7SERIES.NO_BMM_INFO.SP.SIMPLE_PRIM36.ram has an input control pin tangerineA7_100_i/tangerineSOC_0/inst/fastRamInst/U0/inst_blk_mem_gen/gnbram.gnativebmg.native_blk_mem_gen/valid.cstr/ramloop[21].ram.r/prim_noinit.ram/DEVICE_7SERIES.NO_BMM_INFO.SP.SIMPLE_PRIM36.ram/WEA[0] (net: tangerineA7_100_i/tangerineSOC_0/inst/fastRamInst/U0/inst_blk_mem_gen/gnbram.gnativebmg.native_blk_mem_gen/valid.cstr/ramloop[21].ram.r/prim_noinit.ram/wea[0]) which is driven by a register (tangerineA7_100_i/tangerineSOC_0/inst/nekoRvInst/be_reg) that has an active asychronous set or reset. This may cause corruption of the memory contents and/or read values when the set/reset is asserted and is not analyzed by the default static timing analysis. It is suggested to eliminate the use of a set/reset to registers driving this RAMB pin or else use a synchronous reset in which the assertion of the reset is timed by default.
WARNING: [DRC REQP-1839] RAMB36 async control check: The RAMB36E1 tangerineA7_100_i/tangerineSOC_0/inst/fastRamInst/U0/inst_blk_mem_gen/gnbram.gnativebmg.native_blk_mem_gen/valid.cstr/ramloop[21].ram.r/prim_noinit.ram/DEVICE_7SERIES.NO_BMM_INFO.SP.SIMPLE_PRIM36.ram has an input control pin tangerineA7_100_i/tangerineSOC_0/inst/fastRamInst/U0/inst_blk_mem_gen/gnbram.gnativebmg.native_blk_mem_gen/valid.cstr/ramloop[21].ram.r/prim_noinit.ram/DEVICE_7SERIES.NO_BMM_INFO.SP.SIMPLE_PRIM36.ram/WEA[0] (net: tangerineA7_100_i/tangerineSOC_0/inst/fastRamInst/U0/inst_blk_mem_gen/gnbram.gnativebmg.native_blk_mem_gen/valid.cstr/ramloop[21].ram.r/prim_noinit.ram/wea[0]) which is driven by a register (tangerineA7_100_i/tangerineSOC_0/inst/nekoRvInst/wr_reg) that has an active asychronous set or reset. This may cause corruption of the memory contents and/or read values when the set/reset is asserted and is not analyzed by the default static timing analysis. It is suggested to eliminate the use of a set/reset to registers driving this RAMB pin or else use a synchronous reset in which the assertion of the reset is timed by default.
WARNING: [DRC REQP-1839] RAMB36 async control check: The RAMB36E1 tangerineA7_100_i/tangerineSOC_0/inst/fastRamInst/U0/inst_blk_mem_gen/gnbram.gnativebmg.native_blk_mem_gen/valid.cstr/ramloop[22].ram.r/prim_noinit.ram/DEVICE_7SERIES.NO_BMM_INFO.SP.SIMPLE_PRIM36.ram has an input control pin tangerineA7_100_i/tangerineSOC_0/inst/fastRamInst/U0/inst_blk_mem_gen/gnbram.gnativebmg.native_blk_mem_gen/valid.cstr/ramloop[22].ram.r/prim_noinit.ram/DEVICE_7SERIES.NO_BMM_INFO.SP.SIMPLE_PRIM36.ram/WEA[0] (net: tangerineA7_100_i/tangerineSOC_0/inst/fastRamInst/U0/inst_blk_mem_gen/gnbram.gnativebmg.native_blk_mem_gen/valid.cstr/ramloop[22].ram.r/prim_noinit.ram/wea[0]) which is driven by a register (tangerineA7_100_i/tangerineSOC_0/inst/nekoRvInst/be_reg) that has an active asychronous set or reset. This may cause corruption of the memory contents and/or read values when the set/reset is asserted and is not analyzed by the default static timing analysis. It is suggested to eliminate the use of a set/reset to registers driving this RAMB pin or else use a synchronous reset in which the assertion of the reset is timed by default.
WARNING: [DRC REQP-1839] RAMB36 async control check: The RAMB36E1 tangerineA7_100_i/tangerineSOC_0/inst/fastRamInst/U0/inst_blk_mem_gen/gnbram.gnativebmg.native_blk_mem_gen/valid.cstr/ramloop[22].ram.r/prim_noinit.ram/DEVICE_7SERIES.NO_BMM_INFO.SP.SIMPLE_PRIM36.ram has an input control pin tangerineA7_100_i/tangerineSOC_0/inst/fastRamInst/U0/inst_blk_mem_gen/gnbram.gnativebmg.native_blk_mem_gen/valid.cstr/ramloop[22].ram.r/prim_noinit.ram/DEVICE_7SERIES.NO_BMM_INFO.SP.SIMPLE_PRIM36.ram/WEA[0] (net: tangerineA7_100_i/tangerineSOC_0/inst/fastRamInst/U0/inst_blk_mem_gen/gnbram.gnativebmg.native_blk_mem_gen/valid.cstr/ramloop[22].ram.r/prim_noinit.ram/wea[0]) which is driven by a register (tangerineA7_100_i/tangerineSOC_0/inst/nekoRvInst/wr_reg) that has an active asychronous set or reset. This may cause corruption of the memory contents and/or read values when the set/reset is asserted and is not analyzed by the default static timing analysis. It is suggested to eliminate the use of a set/reset to registers driving this RAMB pin or else use a synchronous reset in which the assertion of the reset is timed by default.
WARNING: [DRC REQP-1839] RAMB36 async control check: The RAMB36E1 tangerineA7_100_i/tangerineSOC_0/inst/fastRamInst/U0/inst_blk_mem_gen/gnbram.gnativebmg.native_blk_mem_gen/valid.cstr/ramloop[23].ram.r/prim_noinit.ram/DEVICE_7SERIES.NO_BMM_INFO.SP.SIMPLE_PRIM36.ram has an input control pin tangerineA7_100_i/tangerineSOC_0/inst/fastRamInst/U0/inst_blk_mem_gen/gnbram.gnativebmg.native_blk_mem_gen/valid.cstr/ramloop[23].ram.r/prim_noinit.ram/DEVICE_7SERIES.NO_BMM_INFO.SP.SIMPLE_PRIM36.ram/WEA[0] (net: tangerineA7_100_i/tangerineSOC_0/inst/fastRamInst/U0/inst_blk_mem_gen/gnbram.gnativebmg.native_blk_mem_gen/valid.cstr/ramloop[23].ram.r/prim_noinit.ram/wea[0]) which is driven by a register (tangerineA7_100_i/tangerineSOC_0/inst/nekoRvInst/be_reg) that has an active asychronous set or reset. This may cause corruption of the memory contents and/or read values when the set/reset is asserted and is not analyzed by the default static timing analysis. It is suggested to eliminate the use of a set/reset to registers driving this RAMB pin or else use a synchronous reset in which the assertion of the reset is timed by default.
WARNING: [DRC REQP-1839] RAMB36 async control check: The RAMB36E1 tangerineA7_100_i/tangerineSOC_0/inst/fastRamInst/U0/inst_blk_mem_gen/gnbram.gnativebmg.native_blk_mem_gen/valid.cstr/ramloop[23].ram.r/prim_noinit.ram/DEVICE_7SERIES.NO_BMM_INFO.SP.SIMPLE_PRIM36.ram has an input control pin tangerineA7_100_i/tangerineSOC_0/inst/fastRamInst/U0/inst_blk_mem_gen/gnbram.gnativebmg.native_blk_mem_gen/valid.cstr/ramloop[23].ram.r/prim_noinit.ram/DEVICE_7SERIES.NO_BMM_INFO.SP.SIMPLE_PRIM36.ram/WEA[0] (net: tangerineA7_100_i/tangerineSOC_0/inst/fastRamInst/U0/inst_blk_mem_gen/gnbram.gnativebmg.native_blk_mem_gen/valid.cstr/ramloop[23].ram.r/prim_noinit.ram/wea[0]) which is driven by a register (tangerineA7_100_i/tangerineSOC_0/inst/nekoRvInst/wr_reg) that has an active asychronous set or reset. This may cause corruption of the memory contents and/or read values when the set/reset is asserted and is not analyzed by the default static timing analysis. It is suggested to eliminate the use of a set/reset to registers driving this RAMB pin or else use a synchronous reset in which the assertion of the reset is timed by default.
WARNING: [DRC REQP-1839] RAMB36 async control check: The RAMB36E1 tangerineA7_100_i/tangerineSOC_0/inst/fastRamInst/U0/inst_blk_mem_gen/gnbram.gnativebmg.native_blk_mem_gen/valid.cstr/ramloop[24].ram.r/prim_noinit.ram/DEVICE_7SERIES.NO_BMM_INFO.SP.SIMPLE_PRIM36.ram has an input control pin tangerineA7_100_i/tangerineSOC_0/inst/fastRamInst/U0/inst_blk_mem_gen/gnbram.gnativebmg.native_blk_mem_gen/valid.cstr/ramloop[24].ram.r/prim_noinit.ram/DEVICE_7SERIES.NO_BMM_INFO.SP.SIMPLE_PRIM36.ram/WEA[0] (net: tangerineA7_100_i/tangerineSOC_0/inst/fastRamInst/U0/inst_blk_mem_gen/gnbram.gnativebmg.native_blk_mem_gen/valid.cstr/ramloop[24].ram.r/prim_noinit.ram/wea[0]) which is driven by a register (tangerineA7_100_i/tangerineSOC_0/inst/nekoRvInst/be_reg) that has an active asychronous set or reset. This may cause corruption of the memory contents and/or read values when the set/reset is asserted and is not analyzed by the default static timing analysis. It is suggested to eliminate the use of a set/reset to registers driving this RAMB pin or else use a synchronous reset in which the assertion of the reset is timed by default.
WARNING: [DRC REQP-1839] RAMB36 async control check: The RAMB36E1 tangerineA7_100_i/tangerineSOC_0/inst/fastRamInst/U0/inst_blk_mem_gen/gnbram.gnativebmg.native_blk_mem_gen/valid.cstr/ramloop[24].ram.r/prim_noinit.ram/DEVICE_7SERIES.NO_BMM_INFO.SP.SIMPLE_PRIM36.ram has an input control pin tangerineA7_100_i/tangerineSOC_0/inst/fastRamInst/U0/inst_blk_mem_gen/gnbram.gnativebmg.native_blk_mem_gen/valid.cstr/ramloop[24].ram.r/prim_noinit.ram/DEVICE_7SERIES.NO_BMM_INFO.SP.SIMPLE_PRIM36.ram/WEA[0] (net: tangerineA7_100_i/tangerineSOC_0/inst/fastRamInst/U0/inst_blk_mem_gen/gnbram.gnativebmg.native_blk_mem_gen/valid.cstr/ramloop[24].ram.r/prim_noinit.ram/wea[0]) which is driven by a register (tangerineA7_100_i/tangerineSOC_0/inst/nekoRvInst/wr_reg) that has an active asychronous set or reset. This may cause corruption of the memory contents and/or read values when the set/reset is asserted and is not analyzed by the default static timing analysis. It is suggested to eliminate the use of a set/reset to registers driving this RAMB pin or else use a synchronous reset in which the assertion of the reset is timed by default.
WARNING: [DRC REQP-1839] RAMB36 async control check: The RAMB36E1 tangerineA7_100_i/tangerineSOC_0/inst/fastRamInst/U0/inst_blk_mem_gen/gnbram.gnativebmg.native_blk_mem_gen/valid.cstr/ramloop[25].ram.r/prim_noinit.ram/DEVICE_7SERIES.NO_BMM_INFO.SP.SIMPLE_PRIM36.ram has an input control pin tangerineA7_100_i/tangerineSOC_0/inst/fastRamInst/U0/inst_blk_mem_gen/gnbram.gnativebmg.native_blk_mem_gen/valid.cstr/ramloop[25].ram.r/prim_noinit.ram/DEVICE_7SERIES.NO_BMM_INFO.SP.SIMPLE_PRIM36.ram/WEA[0] (net: tangerineA7_100_i/tangerineSOC_0/inst/fastRamInst/U0/inst_blk_mem_gen/gnbram.gnativebmg.native_blk_mem_gen/valid.cstr/ramloop[25].ram.r/prim_noinit.ram/wea[0]) which is driven by a register (tangerineA7_100_i/tangerineSOC_0/inst/nekoRvInst/be_reg) that has an active asychronous set or reset. This may cause corruption of the memory contents and/or read values when the set/reset is asserted and is not analyzed by the default static timing analysis. It is suggested to eliminate the use of a set/reset to registers driving this RAMB pin or else use a synchronous reset in which the assertion of the reset is timed by default.
WARNING: [DRC REQP-1839] RAMB36 async control check: The RAMB36E1 tangerineA7_100_i/tangerineSOC_0/inst/fastRamInst/U0/inst_blk_mem_gen/gnbram.gnativebmg.native_blk_mem_gen/valid.cstr/ramloop[25].ram.r/prim_noinit.ram/DEVICE_7SERIES.NO_BMM_INFO.SP.SIMPLE_PRIM36.ram has an input control pin tangerineA7_100_i/tangerineSOC_0/inst/fastRamInst/U0/inst_blk_mem_gen/gnbram.gnativebmg.native_blk_mem_gen/valid.cstr/ramloop[25].ram.r/prim_noinit.ram/DEVICE_7SERIES.NO_BMM_INFO.SP.SIMPLE_PRIM36.ram/WEA[0] (net: tangerineA7_100_i/tangerineSOC_0/inst/fastRamInst/U0/inst_blk_mem_gen/gnbram.gnativebmg.native_blk_mem_gen/valid.cstr/ramloop[25].ram.r/prim_noinit.ram/wea[0]) which is driven by a register (tangerineA7_100_i/tangerineSOC_0/inst/nekoRvInst/wr_reg) that has an active asychronous set or reset. This may cause corruption of the memory contents and/or read values when the set/reset is asserted and is not analyzed by the default static timing analysis. It is suggested to eliminate the use of a set/reset to registers driving this RAMB pin or else use a synchronous reset in which the assertion of the reset is timed by default.
WARNING: [DRC REQP-1839] RAMB36 async control check: The RAMB36E1 tangerineA7_100_i/tangerineSOC_0/inst/fastRamInst/U0/inst_blk_mem_gen/gnbram.gnativebmg.native_blk_mem_gen/valid.cstr/ramloop[26].ram.r/prim_noinit.ram/DEVICE_7SERIES.NO_BMM_INFO.SP.SIMPLE_PRIM36.ram has an input control pin tangerineA7_100_i/tangerineSOC_0/inst/fastRamInst/U0/inst_blk_mem_gen/gnbram.gnativebmg.native_blk_mem_gen/valid.cstr/ramloop[26].ram.r/prim_noinit.ram/DEVICE_7SERIES.NO_BMM_INFO.SP.SIMPLE_PRIM36.ram/WEA[0] (net: tangerineA7_100_i/tangerineSOC_0/inst/fastRamInst/U0/inst_blk_mem_gen/gnbram.gnativebmg.native_blk_mem_gen/valid.cstr/ramloop[26].ram.r/prim_noinit.ram/wea[0]) which is driven by a register (tangerineA7_100_i/tangerineSOC_0/inst/nekoRvInst/be_reg) that has an active asychronous set or reset. This may cause corruption of the memory contents and/or read values when the set/reset is asserted and is not analyzed by the default static timing analysis. It is suggested to eliminate the use of a set/reset to registers driving this RAMB pin or else use a synchronous reset in which the assertion of the reset is timed by default.
WARNING: [DRC REQP-1839] RAMB36 async control check: The RAMB36E1 tangerineA7_100_i/tangerineSOC_0/inst/fastRamInst/U0/inst_blk_mem_gen/gnbram.gnativebmg.native_blk_mem_gen/valid.cstr/ramloop[26].ram.r/prim_noinit.ram/DEVICE_7SERIES.NO_BMM_INFO.SP.SIMPLE_PRIM36.ram has an input control pin tangerineA7_100_i/tangerineSOC_0/inst/fastRamInst/U0/inst_blk_mem_gen/gnbram.gnativebmg.native_blk_mem_gen/valid.cstr/ramloop[26].ram.r/prim_noinit.ram/DEVICE_7SERIES.NO_BMM_INFO.SP.SIMPLE_PRIM36.ram/WEA[0] (net: tangerineA7_100_i/tangerineSOC_0/inst/fastRamInst/U0/inst_blk_mem_gen/gnbram.gnativebmg.native_blk_mem_gen/valid.cstr/ramloop[26].ram.r/prim_noinit.ram/wea[0]) which is driven by a register (tangerineA7_100_i/tangerineSOC_0/inst/nekoRvInst/wr_reg) that has an active asychronous set or reset. This may cause corruption of the memory contents and/or read values when the set/reset is asserted and is not analyzed by the default static timing analysis. It is suggested to eliminate the use of a set/reset to registers driving this RAMB pin or else use a synchronous reset in which the assertion of the reset is timed by default.
WARNING: [DRC REQP-1839] RAMB36 async control check: The RAMB36E1 tangerineA7_100_i/tangerineSOC_0/inst/fastRamInst/U0/inst_blk_mem_gen/gnbram.gnativebmg.native_blk_mem_gen/valid.cstr/ramloop[27].ram.r/prim_noinit.ram/DEVICE_7SERIES.NO_BMM_INFO.SP.SIMPLE_PRIM36.ram has an input control pin tangerineA7_100_i/tangerineSOC_0/inst/fastRamInst/U0/inst_blk_mem_gen/gnbram.gnativebmg.native_blk_mem_gen/valid.cstr/ramloop[27].ram.r/prim_noinit.ram/DEVICE_7SERIES.NO_BMM_INFO.SP.SIMPLE_PRIM36.ram/WEA[0] (net: tangerineA7_100_i/tangerineSOC_0/inst/fastRamInst/U0/inst_blk_mem_gen/gnbram.gnativebmg.native_blk_mem_gen/valid.cstr/ramloop[27].ram.r/prim_noinit.ram/wea[0]) which is driven by a register (tangerineA7_100_i/tangerineSOC_0/inst/nekoRvInst/be_reg) that has an active asychronous set or reset. This may cause corruption of the memory contents and/or read values when the set/reset is asserted and is not analyzed by the default static timing analysis. It is suggested to eliminate the use of a set/reset to registers driving this RAMB pin or else use a synchronous reset in which the assertion of the reset is timed by default.
WARNING: [DRC REQP-1839] RAMB36 async control check: The RAMB36E1 tangerineA7_100_i/tangerineSOC_0/inst/fastRamInst/U0/inst_blk_mem_gen/gnbram.gnativebmg.native_blk_mem_gen/valid.cstr/ramloop[27].ram.r/prim_noinit.ram/DEVICE_7SERIES.NO_BMM_INFO.SP.SIMPLE_PRIM36.ram has an input control pin tangerineA7_100_i/tangerineSOC_0/inst/fastRamInst/U0/inst_blk_mem_gen/gnbram.gnativebmg.native_blk_mem_gen/valid.cstr/ramloop[27].ram.r/prim_noinit.ram/DEVICE_7SERIES.NO_BMM_INFO.SP.SIMPLE_PRIM36.ram/WEA[0] (net: tangerineA7_100_i/tangerineSOC_0/inst/fastRamInst/U0/inst_blk_mem_gen/gnbram.gnativebmg.native_blk_mem_gen/valid.cstr/ramloop[27].ram.r/prim_noinit.ram/wea[0]) which is driven by a register (tangerineA7_100_i/tangerineSOC_0/inst/nekoRvInst/wr_reg) that has an active asychronous set or reset. This may cause corruption of the memory contents and/or read values when the set/reset is asserted and is not analyzed by the default static timing analysis. It is suggested to eliminate the use of a set/reset to registers driving this RAMB pin or else use a synchronous reset in which the assertion of the reset is timed by default.
WARNING: [DRC REQP-1839] RAMB36 async control check: The RAMB36E1 tangerineA7_100_i/tangerineSOC_0/inst/fastRamInst/U0/inst_blk_mem_gen/gnbram.gnativebmg.native_blk_mem_gen/valid.cstr/ramloop[28].ram.r/prim_noinit.ram/DEVICE_7SERIES.NO_BMM_INFO.SP.SIMPLE_PRIM36.ram has an input control pin tangerineA7_100_i/tangerineSOC_0/inst/fastRamInst/U0/inst_blk_mem_gen/gnbram.gnativebmg.native_blk_mem_gen/valid.cstr/ramloop[28].ram.r/prim_noinit.ram/DEVICE_7SERIES.NO_BMM_INFO.SP.SIMPLE_PRIM36.ram/WEA[0] (net: tangerineA7_100_i/tangerineSOC_0/inst/fastRamInst/U0/inst_blk_mem_gen/gnbram.gnativebmg.native_blk_mem_gen/valid.cstr/ramloop[28].ram.r/prim_noinit.ram/wea[0]) which is driven by a register (tangerineA7_100_i/tangerineSOC_0/inst/nekoRvInst/be_reg) that has an active asychronous set or reset. This may cause corruption of the memory contents and/or read values when the set/reset is asserted and is not analyzed by the default static timing analysis. It is suggested to eliminate the use of a set/reset to registers driving this RAMB pin or else use a synchronous reset in which the assertion of the reset is timed by default.
WARNING: [DRC REQP-1839] RAMB36 async control check: The RAMB36E1 tangerineA7_100_i/tangerineSOC_0/inst/fastRamInst/U0/inst_blk_mem_gen/gnbram.gnativebmg.native_blk_mem_gen/valid.cstr/ramloop[28].ram.r/prim_noinit.ram/DEVICE_7SERIES.NO_BMM_INFO.SP.SIMPLE_PRIM36.ram has an input control pin tangerineA7_100_i/tangerineSOC_0/inst/fastRamInst/U0/inst_blk_mem_gen/gnbram.gnativebmg.native_blk_mem_gen/valid.cstr/ramloop[28].ram.r/prim_noinit.ram/DEVICE_7SERIES.NO_BMM_INFO.SP.SIMPLE_PRIM36.ram/WEA[0] (net: tangerineA7_100_i/tangerineSOC_0/inst/fastRamInst/U0/inst_blk_mem_gen/gnbram.gnativebmg.native_blk_mem_gen/valid.cstr/ramloop[28].ram.r/prim_noinit.ram/wea[0]) which is driven by a register (tangerineA7_100_i/tangerineSOC_0/inst/nekoRvInst/wr_reg) that has an active asychronous set or reset. This may cause corruption of the memory contents and/or read values when the set/reset is asserted and is not analyzed by the default static timing analysis. It is suggested to eliminate the use of a set/reset to registers driving this RAMB pin or else use a synchronous reset in which the assertion of the reset is timed by default.
WARNING: [DRC REQP-1839] RAMB36 async control check: The RAMB36E1 tangerineA7_100_i/tangerineSOC_0/inst/fastRamInst/U0/inst_blk_mem_gen/gnbram.gnativebmg.native_blk_mem_gen/valid.cstr/ramloop[29].ram.r/prim_noinit.ram/DEVICE_7SERIES.NO_BMM_INFO.SP.SIMPLE_PRIM36.ram has an input control pin tangerineA7_100_i/tangerineSOC_0/inst/fastRamInst/U0/inst_blk_mem_gen/gnbram.gnativebmg.native_blk_mem_gen/valid.cstr/ramloop[29].ram.r/prim_noinit.ram/DEVICE_7SERIES.NO_BMM_INFO.SP.SIMPLE_PRIM36.ram/WEA[0] (net: tangerineA7_100_i/tangerineSOC_0/inst/fastRamInst/U0/inst_blk_mem_gen/gnbram.gnativebmg.native_blk_mem_gen/valid.cstr/ramloop[29].ram.r/prim_noinit.ram/wea[0]) which is driven by a register (tangerineA7_100_i/tangerineSOC_0/inst/nekoRvInst/be_reg) that has an active asychronous set or reset. This may cause corruption of the memory contents and/or read values when the set/reset is asserted and is not analyzed by the default static timing analysis. It is suggested to eliminate the use of a set/reset to registers driving this RAMB pin or else use a synchronous reset in which the assertion of the reset is timed by default.
WARNING: [DRC REQP-1839] RAMB36 async control check: The RAMB36E1 tangerineA7_100_i/tangerineSOC_0/inst/fastRamInst/U0/inst_blk_mem_gen/gnbram.gnativebmg.native_blk_mem_gen/valid.cstr/ramloop[29].ram.r/prim_noinit.ram/DEVICE_7SERIES.NO_BMM_INFO.SP.SIMPLE_PRIM36.ram has an input control pin tangerineA7_100_i/tangerineSOC_0/inst/fastRamInst/U0/inst_blk_mem_gen/gnbram.gnativebmg.native_blk_mem_gen/valid.cstr/ramloop[29].ram.r/prim_noinit.ram/DEVICE_7SERIES.NO_BMM_INFO.SP.SIMPLE_PRIM36.ram/WEA[0] (net: tangerineA7_100_i/tangerineSOC_0/inst/fastRamInst/U0/inst_blk_mem_gen/gnbram.gnativebmg.native_blk_mem_gen/valid.cstr/ramloop[29].ram.r/prim_noinit.ram/wea[0]) which is driven by a register (tangerineA7_100_i/tangerineSOC_0/inst/nekoRvInst/wr_reg) that has an active asychronous set or reset. This may cause corruption of the memory contents and/or read values when the set/reset is asserted and is not analyzed by the default static timing analysis. It is suggested to eliminate the use of a set/reset to registers driving this RAMB pin or else use a synchronous reset in which the assertion of the reset is timed by default.
WARNING: [DRC RTSTAT-10] No routable loads: 59 net(s) have no routable loads. The problem bus(es) and/or net(s) are dbg_hub/inst/BSCANID.u_xsdbm_id/SWITCH_N_EXT_BSCAN.bscan_inst/TMS, tangerineA7_100_i/tangerineSOC_0/inst/ps2HostInst/ps2bFifoInst/U0/inst_fifo_gen/gconvfifo.rf/grf.rf/gntv_or_sync_fifo.gl0.rd/gr1.gr1_int.rfwft/aempty_fwft_i, tangerineA7_100_i/tangerineSOC_0/inst/UARTInst/rxFiFoInst/U0/inst_fifo_gen/gconvfifo.rf/grf.rf/gntv_or_sync_fifo.gl0.rd/gr1.gr1_int.rfwft/aempty_fwft_i, dbg_hub/inst/BSCANID.u_xsdbm_id/CORE_XSDB.UUT_MASTER/U_ICON_INTERFACE/U_CMD6_RD/U_RD_FIFO/SUBCORE_FIFO.xsdbm_v3_0_0_rdfifo_inst/inst_fifo_gen/gconvfifo.rf/grf.rf/gntv_or_sync_fifo.gl0.rd/gr1.gr1_int.rfwft/aempty_fwft_i, tangerineA7_100_i/tangerineSOC_0/inst/ps2HostInst/ps2aFifoInst/U0/inst_fifo_gen/gconvfifo.rf/grf.rf/gntv_or_sync_fifo.gl0.rd/gr1.gr1_int.rfwft/aempty_fwft_i, dbg_hub/inst/BSCANID.u_xsdbm_id/CORE_XSDB.UUT_MASTER/U_ICON_INTERFACE/U_CMD7_CTL/ctl_reg[2:0], dbg_hub/inst/BSCANID.u_xsdbm_id/CORE_XSDB.UUT_MASTER/U_ICON_INTERFACE/U_CMD1/ctl_reg_en_2[1], dbg_hub/inst/BSCANID.u_xsdbm_id/CORE_XSDB.UUT_MASTER/U_ICON_INTERFACE/U_CMD7_CTL/ctl_reg_en_2[1], dbg_hub/inst/BSCANID.u_xsdbm_id/SWITCH_N_EXT_BSCAN.bscan_switch/m_bscan_capture[0], dbg_hub/inst/BSCANID.u_xsdbm_id/SWITCH_N_EXT_BSCAN.bscan_switch/m_bscan_drck[0], dbg_hub/inst/BSCANID.u_xsdbm_id/SWITCH_N_EXT_BSCAN.bscan_switch/m_bscan_runtest[0], tangerineA7_100_i/tangerineSOC_0/inst/ps2HostInst/ps2bFifoInst/U0/inst_fifo_gen/gconvfifo.rf/grf.rf/rstblk/ngwrdrst.grst.rd_rst_reg[2:0], dbg_hub/inst/BSCANID.u_xsdbm_id/CORE_XSDB.UUT_MASTER/U_ICON_INTERFACE/U_CMD6_WR/U_WR_FIFO/SUBCORE_FIFO.xsdbm_v3_0_0_wrfifo_inst/inst_fifo_gen/gconvfifo.rf/grf.rf/rstblk/ngwrdrst.grst.rd_rst_reg[0], tangerineA7_100_i/tangerineSOC_0/inst/ps2HostInst/ps2aFifoInst/U0/inst_fifo_gen/gconvfifo.rf/grf.rf/rstblk/ngwrdrst.grst.rd_rst_reg[2:0], tangerineA7_100_i/tangerineSOC_0/inst/UARTInst/rxFiFoInst/U0/inst_fifo_gen/gconvfifo.rf/grf.rf/rstblk/ngwrdrst.grst.rd_rst_reg[2:0]... and (the first 15 of 45 listed).
INFO: [DRC AVAL-4] enum_USE_DPORT_FALSE_enum_DREG_ADREG_0_connects_CED_CEAD_RSTD_GND: tangerineA7_100_i/tangerineSOC_0/inst/fpAluInst/fpAddSubInst/inst/i_synth/ADDSUB_OP.ADDSUB/DSP.OP/DSP48E1_BODY.NORM_RND/FULL_USAGE_DSP.SHIFT_RND/i_no_versal_es1_workaround.DSP: DSP48E1 is not using the D port (USE_DPORT = FALSE). For improved power characteristics, set DREG and ADREG to '1', tie CED, CEAD, and RSTD to logic '0'.
INFO: [DRC AVAL-4] enum_USE_DPORT_FALSE_enum_DREG_ADREG_0_connects_CED_CEAD_RSTD_GND: tangerineA7_100_i/tangerineSOC_0/inst/fpAluInst/fpMulinst/inst/i_synth/MULT.OP/i_non_prim.MULT/DSP48E1_SPD_SGL_VARIANT.FIX_MULT/DSP1/i_no_versal_es1_workaround.DSP: DSP48E1 is not using the D port (USE_DPORT = FALSE). For improved power characteristics, set DREG and ADREG to '1', tie CED, CEAD, and RSTD to logic '0'.
INFO: [DRC AVAL-4] enum_USE_DPORT_FALSE_enum_DREG_ADREG_0_connects_CED_CEAD_RSTD_GND: tangerineA7_100_i/tangerineSOC_0/inst/fpAluInst/fpMulinst/inst/i_synth/MULT.OP/i_non_prim.MULT/DSP48E1_SPD_SGL_VARIANT.FIX_MULT/DSP2/i_no_versal_es1_workaround.DSP: DSP48E1 is not using the D port (USE_DPORT = FALSE). For improved power characteristics, set DREG and ADREG to '1', tie CED, CEAD, and RSTD to logic '0'.
INFO: [DRC AVAL-4] enum_USE_DPORT_FALSE_enum_DREG_ADREG_0_connects_CED_CEAD_RSTD_GND: tangerineA7_100_i/tangerineSOC_0/inst/fpAluInst/fpMulinst/inst/i_synth/MULT.OP/i_non_prim.R_AND_R/LAT_OPT.FULL.R_AND_R/DSP48E1_SGL_EXP_IP.OLD_ADD.ADD/i_no_versal_es1_workaround.DSP: DSP48E1 is not using the D port (USE_DPORT = FALSE). For improved power characteristics, set DREG and ADREG to '1', tie CED, CEAD, and RSTD to logic '0'.
INFO: [DRC AVAL-5] enum_USE_MULT_NONE_enum_DREG_ADREG_0_connects_CED_CEAD_RSTD_GND: tangerineA7_100_i/tangerineSOC_0/inst/fpAluInst/fpMulinst/inst/i_synth/MULT.OP/i_non_prim.R_AND_R/LAT_OPT.FULL.R_AND_R/DSP48E1_SGL_EXP_IP.OLD_ADD.ADD/i_no_versal_es1_workaround.DSP: DSP48E1 is not using the Multiplier (USE_MULT = NONE). For improved power characteristics, set DREG and ADREG to '1', tie CED, CEAD, and RSTD to logic '0'.
INFO: [DRC REQP-1725] DSP_Abus_sign_bit_alert: tangerineA7_100_i/tangerineSOC_0/inst/fpAluInst/fpAddSubInst/inst/i_synth/ADDSUB_OP.ADDSUB/DSP.OP/DSP48E1_BODY.ALIGN_ADD/DSP2/i_no_versal_es1_workaround.DSP: When using the PreAdder and USE_DPORT is TRUE, the A operand should be restricted to 24 bit two's complement (and sign extended) to avoid over/underflow in the pre-add stage.
INFO: [Vivado 12-3199] DRC finished with 0 Errors, 141 Warnings, 6 Advisories
INFO: [Vivado 12-3200] Please refer to the DRC report (report_drc) for more information.
INFO: [Designutils 20-2272] Running write_bitstream with 2 threads.
Loading data files...
Loading site data...
Loading route data...
Processing options...
Creating bitmap...
Creating bitstream...
Writing bitstream ./tangerineA7_100_wrapper.bit...
INFO: [Vivado 12-1842] Bitgen Completed Successfully.
INFO: [Project 1-1876] WebTalk data collection is mandatory when using a ULT device. To see the specific WebTalk data collected for your design, open the usage_statistics_webtalk.html or usage_statistics_webtalk.xml file in the implementation directory.
INFO: [Common 17-83] Releasing license: Implementation
20 Infos, 141 Warnings, 0 Critical Warnings and 0 Errors encountered.
write_bitstream completed successfully
write_bitstream: Time (s): cpu = 00:00:24 ; elapsed = 00:00:16 . Memory (MB): peak = 4841.543 ; gain = 592.770
INFO: [Common 17-206] Exiting Vivado at Mon Feb 24 15:36:32 2025...
