Copyright 1986-2022 Xilinx, Inc. All Rights Reserved. Copyright 2022-2023 Advanced Micro Devices, Inc. All Rights Reserved.
-----------------------------------------------------------------------------------------------------------------------------------------------------------------------------------------------------------
| Tool Version : Vivado v.2023.1 (win64) Build 3865809 Sun May  7 15:05:29 MDT 2023
| Date         : Sun Mar  2 00:28:31 2025
| Host         : DESKTOP-T3E75FC running 64-bit major release  (build 9200)
| Command      : report_methodology -file tangerineA7_100_wrapper_methodology_drc_routed.rpt -pb tangerineA7_100_wrapper_methodology_drc_routed.pb -rpx tangerineA7_100_wrapper_methodology_drc_routed.rpx
| Design       : tangerineA7_100_wrapper
| Device       : xc7a100tfgg676-1
| Speed File   : -1
| Design State : Fully Routed
-----------------------------------------------------------------------------------------------------------------------------------------------------------------------------------------------------------

Report Methodology

Table of Contents
-----------------
1. REPORT SUMMARY
2. REPORT DETAILS

1. REPORT SUMMARY
-----------------
            Netlist: netlist
          Floorplan: design_1
      Design limits: <entire design considered>
             Max violations: <unlimited>
             Violations found: 1367
+-----------+------------------+-----------------------------------------------------------+------------+
| Rule      | Severity         | Description                                               | Violations |
+-----------+------------------+-----------------------------------------------------------+------------+
| TIMING-17 | Critical Warning | Non-clocked sequential cell                               | 167        |
| TIMING-51 | Critical Warning | No common phase between related clocks from parallel CMBs | 2          |
| DPIR-1    | Warning          | Asynchronous driver check                                 | 161        |
| HPDR-1    | Warning          | Port pin direction inconsistency                          | 1          |
| HPDR-2    | Warning          | Port pin INOUT inconsistency                              | 3          |
| LUTAR-1   | Warning          | LUT drives async reset alert                              | 1          |
| PDRC-190  | Warning          | Suboptimally placed synchronized register chain           | 15         |
| TIMING-16 | Warning          | Large setup violation                                     | 1000       |
| XDCB-5    | Warning          | Runtime inefficient way to find pin objects               | 1          |
| REQP-1959 | Advisory         | connects_SERDES_RST_driver_not_FF                         | 16         |
+-----------+------------------+-----------------------------------------------------------+------------+

2. REPORT DETAILS
-----------------
TIMING-17#1 Critical Warning
Non-clocked sequential cell  
The clock pin tangerineA7_100_i/tangerineSOC_0/inst/is2ControllerInst/fifoRd_reg/C is not reached by a timing clock
Related violations: <none>

TIMING-17#2 Critical Warning
Non-clocked sequential cell  
The clock pin tangerineA7_100_i/tangerineSOC_0/inst/is2ControllerInst/fifoReadCounter_reg[0]/C is not reached by a timing clock
Related violations: <none>

TIMING-17#3 Critical Warning
Non-clocked sequential cell  
The clock pin tangerineA7_100_i/tangerineSOC_0/inst/is2ControllerInst/fifoReadCounter_reg[1]/C is not reached by a timing clock
Related violations: <none>

TIMING-17#4 Critical Warning
Non-clocked sequential cell  
The clock pin tangerineA7_100_i/tangerineSOC_0/inst/is2ControllerInst/fifoReadCounter_reg[2]/C is not reached by a timing clock
Related violations: <none>

TIMING-17#5 Critical Warning
Non-clocked sequential cell  
The clock pin tangerineA7_100_i/tangerineSOC_0/inst/is2ControllerInst/fifoReadCounter_reg[3]/C is not reached by a timing clock
Related violations: <none>

TIMING-17#6 Critical Warning
Non-clocked sequential cell  
The clock pin tangerineA7_100_i/tangerineSOC_0/inst/is2ControllerInst/fifoReadCounter_reg[4]/C is not reached by a timing clock
Related violations: <none>

TIMING-17#7 Critical Warning
Non-clocked sequential cell  
The clock pin tangerineA7_100_i/tangerineSOC_0/inst/is2ControllerInst/fifoReadCounter_reg[5]/C is not reached by a timing clock
Related violations: <none>

TIMING-17#8 Critical Warning
Non-clocked sequential cell  
The clock pin tangerineA7_100_i/tangerineSOC_0/inst/is2ControllerInst/fifoReadCounter_reg[6]/C is not reached by a timing clock
Related violations: <none>

TIMING-17#9 Critical Warning
Non-clocked sequential cell  
The clock pin tangerineA7_100_i/tangerineSOC_0/inst/is2ControllerInst/fifoReadCounter_reg[7]/C is not reached by a timing clock
Related violations: <none>

TIMING-17#10 Critical Warning
Non-clocked sequential cell  
The clock pin tangerineA7_100_i/tangerineSOC_0/inst/is2ControllerInst/i2sControllerFifoInst/U0/inst_fifo_gen/gconvfifo.rf/grf.rf/gntv_or_sync_fifo.gcx.clkx/rd_pntr_cdc_inst/src_gray_ff_reg[0]/C is not reached by a timing clock
Related violations: <none>

TIMING-17#11 Critical Warning
Non-clocked sequential cell  
The clock pin tangerineA7_100_i/tangerineSOC_0/inst/is2ControllerInst/i2sControllerFifoInst/U0/inst_fifo_gen/gconvfifo.rf/grf.rf/gntv_or_sync_fifo.gcx.clkx/rd_pntr_cdc_inst/src_gray_ff_reg[10]/C is not reached by a timing clock
Related violations: <none>

TIMING-17#12 Critical Warning
Non-clocked sequential cell  
The clock pin tangerineA7_100_i/tangerineSOC_0/inst/is2ControllerInst/i2sControllerFifoInst/U0/inst_fifo_gen/gconvfifo.rf/grf.rf/gntv_or_sync_fifo.gcx.clkx/rd_pntr_cdc_inst/src_gray_ff_reg[1]/C is not reached by a timing clock
Related violations: <none>

TIMING-17#13 Critical Warning
Non-clocked sequential cell  
The clock pin tangerineA7_100_i/tangerineSOC_0/inst/is2ControllerInst/i2sControllerFifoInst/U0/inst_fifo_gen/gconvfifo.rf/grf.rf/gntv_or_sync_fifo.gcx.clkx/rd_pntr_cdc_inst/src_gray_ff_reg[2]/C is not reached by a timing clock
Related violations: <none>

TIMING-17#14 Critical Warning
Non-clocked sequential cell  
The clock pin tangerineA7_100_i/tangerineSOC_0/inst/is2ControllerInst/i2sControllerFifoInst/U0/inst_fifo_gen/gconvfifo.rf/grf.rf/gntv_or_sync_fifo.gcx.clkx/rd_pntr_cdc_inst/src_gray_ff_reg[3]/C is not reached by a timing clock
Related violations: <none>

TIMING-17#15 Critical Warning
Non-clocked sequential cell  
The clock pin tangerineA7_100_i/tangerineSOC_0/inst/is2ControllerInst/i2sControllerFifoInst/U0/inst_fifo_gen/gconvfifo.rf/grf.rf/gntv_or_sync_fifo.gcx.clkx/rd_pntr_cdc_inst/src_gray_ff_reg[4]/C is not reached by a timing clock
Related violations: <none>

TIMING-17#16 Critical Warning
Non-clocked sequential cell  
The clock pin tangerineA7_100_i/tangerineSOC_0/inst/is2ControllerInst/i2sControllerFifoInst/U0/inst_fifo_gen/gconvfifo.rf/grf.rf/gntv_or_sync_fifo.gcx.clkx/rd_pntr_cdc_inst/src_gray_ff_reg[5]/C is not reached by a timing clock
Related violations: <none>

TIMING-17#17 Critical Warning
Non-clocked sequential cell  
The clock pin tangerineA7_100_i/tangerineSOC_0/inst/is2ControllerInst/i2sControllerFifoInst/U0/inst_fifo_gen/gconvfifo.rf/grf.rf/gntv_or_sync_fifo.gcx.clkx/rd_pntr_cdc_inst/src_gray_ff_reg[6]/C is not reached by a timing clock
Related violations: <none>

TIMING-17#18 Critical Warning
Non-clocked sequential cell  
The clock pin tangerineA7_100_i/tangerineSOC_0/inst/is2ControllerInst/i2sControllerFifoInst/U0/inst_fifo_gen/gconvfifo.rf/grf.rf/gntv_or_sync_fifo.gcx.clkx/rd_pntr_cdc_inst/src_gray_ff_reg[7]/C is not reached by a timing clock
Related violations: <none>

TIMING-17#19 Critical Warning
Non-clocked sequential cell  
The clock pin tangerineA7_100_i/tangerineSOC_0/inst/is2ControllerInst/i2sControllerFifoInst/U0/inst_fifo_gen/gconvfifo.rf/grf.rf/gntv_or_sync_fifo.gcx.clkx/rd_pntr_cdc_inst/src_gray_ff_reg[8]/C is not reached by a timing clock
Related violations: <none>

TIMING-17#20 Critical Warning
Non-clocked sequential cell  
The clock pin tangerineA7_100_i/tangerineSOC_0/inst/is2ControllerInst/i2sControllerFifoInst/U0/inst_fifo_gen/gconvfifo.rf/grf.rf/gntv_or_sync_fifo.gcx.clkx/rd_pntr_cdc_inst/src_gray_ff_reg[9]/C is not reached by a timing clock
Related violations: <none>

TIMING-17#21 Critical Warning
Non-clocked sequential cell  
The clock pin tangerineA7_100_i/tangerineSOC_0/inst/is2ControllerInst/i2sControllerFifoInst/U0/inst_fifo_gen/gconvfifo.rf/grf.rf/gntv_or_sync_fifo.gcx.clkx/wr_pntr_cdc_inst/dest_graysync_ff_reg[0][0]/C is not reached by a timing clock
Related violations: <none>

TIMING-17#22 Critical Warning
Non-clocked sequential cell  
The clock pin tangerineA7_100_i/tangerineSOC_0/inst/is2ControllerInst/i2sControllerFifoInst/U0/inst_fifo_gen/gconvfifo.rf/grf.rf/gntv_or_sync_fifo.gcx.clkx/wr_pntr_cdc_inst/dest_graysync_ff_reg[0][10]/C is not reached by a timing clock
Related violations: <none>

TIMING-17#23 Critical Warning
Non-clocked sequential cell  
The clock pin tangerineA7_100_i/tangerineSOC_0/inst/is2ControllerInst/i2sControllerFifoInst/U0/inst_fifo_gen/gconvfifo.rf/grf.rf/gntv_or_sync_fifo.gcx.clkx/wr_pntr_cdc_inst/dest_graysync_ff_reg[0][1]/C is not reached by a timing clock
Related violations: <none>

TIMING-17#24 Critical Warning
Non-clocked sequential cell  
The clock pin tangerineA7_100_i/tangerineSOC_0/inst/is2ControllerInst/i2sControllerFifoInst/U0/inst_fifo_gen/gconvfifo.rf/grf.rf/gntv_or_sync_fifo.gcx.clkx/wr_pntr_cdc_inst/dest_graysync_ff_reg[0][2]/C is not reached by a timing clock
Related violations: <none>

TIMING-17#25 Critical Warning
Non-clocked sequential cell  
The clock pin tangerineA7_100_i/tangerineSOC_0/inst/is2ControllerInst/i2sControllerFifoInst/U0/inst_fifo_gen/gconvfifo.rf/grf.rf/gntv_or_sync_fifo.gcx.clkx/wr_pntr_cdc_inst/dest_graysync_ff_reg[0][3]/C is not reached by a timing clock
Related violations: <none>

TIMING-17#26 Critical Warning
Non-clocked sequential cell  
The clock pin tangerineA7_100_i/tangerineSOC_0/inst/is2ControllerInst/i2sControllerFifoInst/U0/inst_fifo_gen/gconvfifo.rf/grf.rf/gntv_or_sync_fifo.gcx.clkx/wr_pntr_cdc_inst/dest_graysync_ff_reg[0][4]/C is not reached by a timing clock
Related violations: <none>

TIMING-17#27 Critical Warning
Non-clocked sequential cell  
The clock pin tangerineA7_100_i/tangerineSOC_0/inst/is2ControllerInst/i2sControllerFifoInst/U0/inst_fifo_gen/gconvfifo.rf/grf.rf/gntv_or_sync_fifo.gcx.clkx/wr_pntr_cdc_inst/dest_graysync_ff_reg[0][5]/C is not reached by a timing clock
Related violations: <none>

TIMING-17#28 Critical Warning
Non-clocked sequential cell  
The clock pin tangerineA7_100_i/tangerineSOC_0/inst/is2ControllerInst/i2sControllerFifoInst/U0/inst_fifo_gen/gconvfifo.rf/grf.rf/gntv_or_sync_fifo.gcx.clkx/wr_pntr_cdc_inst/dest_graysync_ff_reg[0][6]/C is not reached by a timing clock
Related violations: <none>

TIMING-17#29 Critical Warning
Non-clocked sequential cell  
The clock pin tangerineA7_100_i/tangerineSOC_0/inst/is2ControllerInst/i2sControllerFifoInst/U0/inst_fifo_gen/gconvfifo.rf/grf.rf/gntv_or_sync_fifo.gcx.clkx/wr_pntr_cdc_inst/dest_graysync_ff_reg[0][7]/C is not reached by a timing clock
Related violations: <none>

TIMING-17#30 Critical Warning
Non-clocked sequential cell  
The clock pin tangerineA7_100_i/tangerineSOC_0/inst/is2ControllerInst/i2sControllerFifoInst/U0/inst_fifo_gen/gconvfifo.rf/grf.rf/gntv_or_sync_fifo.gcx.clkx/wr_pntr_cdc_inst/dest_graysync_ff_reg[0][8]/C is not reached by a timing clock
Related violations: <none>

TIMING-17#31 Critical Warning
Non-clocked sequential cell  
The clock pin tangerineA7_100_i/tangerineSOC_0/inst/is2ControllerInst/i2sControllerFifoInst/U0/inst_fifo_gen/gconvfifo.rf/grf.rf/gntv_or_sync_fifo.gcx.clkx/wr_pntr_cdc_inst/dest_graysync_ff_reg[0][9]/C is not reached by a timing clock
Related violations: <none>

TIMING-17#32 Critical Warning
Non-clocked sequential cell  
The clock pin tangerineA7_100_i/tangerineSOC_0/inst/is2ControllerInst/i2sControllerFifoInst/U0/inst_fifo_gen/gconvfifo.rf/grf.rf/gntv_or_sync_fifo.gcx.clkx/wr_pntr_cdc_inst/dest_graysync_ff_reg[1][0]/C is not reached by a timing clock
Related violations: <none>

TIMING-17#33 Critical Warning
Non-clocked sequential cell  
The clock pin tangerineA7_100_i/tangerineSOC_0/inst/is2ControllerInst/i2sControllerFifoInst/U0/inst_fifo_gen/gconvfifo.rf/grf.rf/gntv_or_sync_fifo.gcx.clkx/wr_pntr_cdc_inst/dest_graysync_ff_reg[1][10]/C is not reached by a timing clock
Related violations: <none>

TIMING-17#34 Critical Warning
Non-clocked sequential cell  
The clock pin tangerineA7_100_i/tangerineSOC_0/inst/is2ControllerInst/i2sControllerFifoInst/U0/inst_fifo_gen/gconvfifo.rf/grf.rf/gntv_or_sync_fifo.gcx.clkx/wr_pntr_cdc_inst/dest_graysync_ff_reg[1][1]/C is not reached by a timing clock
Related violations: <none>

TIMING-17#35 Critical Warning
Non-clocked sequential cell  
The clock pin tangerineA7_100_i/tangerineSOC_0/inst/is2ControllerInst/i2sControllerFifoInst/U0/inst_fifo_gen/gconvfifo.rf/grf.rf/gntv_or_sync_fifo.gcx.clkx/wr_pntr_cdc_inst/dest_graysync_ff_reg[1][2]/C is not reached by a timing clock
Related violations: <none>

TIMING-17#36 Critical Warning
Non-clocked sequential cell  
The clock pin tangerineA7_100_i/tangerineSOC_0/inst/is2ControllerInst/i2sControllerFifoInst/U0/inst_fifo_gen/gconvfifo.rf/grf.rf/gntv_or_sync_fifo.gcx.clkx/wr_pntr_cdc_inst/dest_graysync_ff_reg[1][3]/C is not reached by a timing clock
Related violations: <none>

TIMING-17#37 Critical Warning
Non-clocked sequential cell  
The clock pin tangerineA7_100_i/tangerineSOC_0/inst/is2ControllerInst/i2sControllerFifoInst/U0/inst_fifo_gen/gconvfifo.rf/grf.rf/gntv_or_sync_fifo.gcx.clkx/wr_pntr_cdc_inst/dest_graysync_ff_reg[1][4]/C is not reached by a timing clock
Related violations: <none>

TIMING-17#38 Critical Warning
Non-clocked sequential cell  
The clock pin tangerineA7_100_i/tangerineSOC_0/inst/is2ControllerInst/i2sControllerFifoInst/U0/inst_fifo_gen/gconvfifo.rf/grf.rf/gntv_or_sync_fifo.gcx.clkx/wr_pntr_cdc_inst/dest_graysync_ff_reg[1][5]/C is not reached by a timing clock
Related violations: <none>

TIMING-17#39 Critical Warning
Non-clocked sequential cell  
The clock pin tangerineA7_100_i/tangerineSOC_0/inst/is2ControllerInst/i2sControllerFifoInst/U0/inst_fifo_gen/gconvfifo.rf/grf.rf/gntv_or_sync_fifo.gcx.clkx/wr_pntr_cdc_inst/dest_graysync_ff_reg[1][6]/C is not reached by a timing clock
Related violations: <none>

TIMING-17#40 Critical Warning
Non-clocked sequential cell  
The clock pin tangerineA7_100_i/tangerineSOC_0/inst/is2ControllerInst/i2sControllerFifoInst/U0/inst_fifo_gen/gconvfifo.rf/grf.rf/gntv_or_sync_fifo.gcx.clkx/wr_pntr_cdc_inst/dest_graysync_ff_reg[1][7]/C is not reached by a timing clock
Related violations: <none>

TIMING-17#41 Critical Warning
Non-clocked sequential cell  
The clock pin tangerineA7_100_i/tangerineSOC_0/inst/is2ControllerInst/i2sControllerFifoInst/U0/inst_fifo_gen/gconvfifo.rf/grf.rf/gntv_or_sync_fifo.gcx.clkx/wr_pntr_cdc_inst/dest_graysync_ff_reg[1][8]/C is not reached by a timing clock
Related violations: <none>

TIMING-17#42 Critical Warning
Non-clocked sequential cell  
The clock pin tangerineA7_100_i/tangerineSOC_0/inst/is2ControllerInst/i2sControllerFifoInst/U0/inst_fifo_gen/gconvfifo.rf/grf.rf/gntv_or_sync_fifo.gcx.clkx/wr_pntr_cdc_inst/dest_graysync_ff_reg[1][9]/C is not reached by a timing clock
Related violations: <none>

TIMING-17#43 Critical Warning
Non-clocked sequential cell  
The clock pin tangerineA7_100_i/tangerineSOC_0/inst/is2ControllerInst/i2sControllerFifoInst/U0/inst_fifo_gen/gconvfifo.rf/grf.rf/gntv_or_sync_fifo.gcx.clkx/wr_pntr_cdc_inst/dest_out_bin_ff_reg[0]/C is not reached by a timing clock
Related violations: <none>

TIMING-17#44 Critical Warning
Non-clocked sequential cell  
The clock pin tangerineA7_100_i/tangerineSOC_0/inst/is2ControllerInst/i2sControllerFifoInst/U0/inst_fifo_gen/gconvfifo.rf/grf.rf/gntv_or_sync_fifo.gcx.clkx/wr_pntr_cdc_inst/dest_out_bin_ff_reg[10]/C is not reached by a timing clock
Related violations: <none>

TIMING-17#45 Critical Warning
Non-clocked sequential cell  
The clock pin tangerineA7_100_i/tangerineSOC_0/inst/is2ControllerInst/i2sControllerFifoInst/U0/inst_fifo_gen/gconvfifo.rf/grf.rf/gntv_or_sync_fifo.gcx.clkx/wr_pntr_cdc_inst/dest_out_bin_ff_reg[1]/C is not reached by a timing clock
Related violations: <none>

TIMING-17#46 Critical Warning
Non-clocked sequential cell  
The clock pin tangerineA7_100_i/tangerineSOC_0/inst/is2ControllerInst/i2sControllerFifoInst/U0/inst_fifo_gen/gconvfifo.rf/grf.rf/gntv_or_sync_fifo.gcx.clkx/wr_pntr_cdc_inst/dest_out_bin_ff_reg[2]/C is not reached by a timing clock
Related violations: <none>

TIMING-17#47 Critical Warning
Non-clocked sequential cell  
The clock pin tangerineA7_100_i/tangerineSOC_0/inst/is2ControllerInst/i2sControllerFifoInst/U0/inst_fifo_gen/gconvfifo.rf/grf.rf/gntv_or_sync_fifo.gcx.clkx/wr_pntr_cdc_inst/dest_out_bin_ff_reg[3]/C is not reached by a timing clock
Related violations: <none>

TIMING-17#48 Critical Warning
Non-clocked sequential cell  
The clock pin tangerineA7_100_i/tangerineSOC_0/inst/is2ControllerInst/i2sControllerFifoInst/U0/inst_fifo_gen/gconvfifo.rf/grf.rf/gntv_or_sync_fifo.gcx.clkx/wr_pntr_cdc_inst/dest_out_bin_ff_reg[4]/C is not reached by a timing clock
Related violations: <none>

TIMING-17#49 Critical Warning
Non-clocked sequential cell  
The clock pin tangerineA7_100_i/tangerineSOC_0/inst/is2ControllerInst/i2sControllerFifoInst/U0/inst_fifo_gen/gconvfifo.rf/grf.rf/gntv_or_sync_fifo.gcx.clkx/wr_pntr_cdc_inst/dest_out_bin_ff_reg[5]/C is not reached by a timing clock
Related violations: <none>

TIMING-17#50 Critical Warning
Non-clocked sequential cell  
The clock pin tangerineA7_100_i/tangerineSOC_0/inst/is2ControllerInst/i2sControllerFifoInst/U0/inst_fifo_gen/gconvfifo.rf/grf.rf/gntv_or_sync_fifo.gcx.clkx/wr_pntr_cdc_inst/dest_out_bin_ff_reg[6]/C is not reached by a timing clock
Related violations: <none>

TIMING-17#51 Critical Warning
Non-clocked sequential cell  
The clock pin tangerineA7_100_i/tangerineSOC_0/inst/is2ControllerInst/i2sControllerFifoInst/U0/inst_fifo_gen/gconvfifo.rf/grf.rf/gntv_or_sync_fifo.gcx.clkx/wr_pntr_cdc_inst/dest_out_bin_ff_reg[7]/C is not reached by a timing clock
Related violations: <none>

TIMING-17#52 Critical Warning
Non-clocked sequential cell  
The clock pin tangerineA7_100_i/tangerineSOC_0/inst/is2ControllerInst/i2sControllerFifoInst/U0/inst_fifo_gen/gconvfifo.rf/grf.rf/gntv_or_sync_fifo.gcx.clkx/wr_pntr_cdc_inst/dest_out_bin_ff_reg[8]/C is not reached by a timing clock
Related violations: <none>

TIMING-17#53 Critical Warning
Non-clocked sequential cell  
The clock pin tangerineA7_100_i/tangerineSOC_0/inst/is2ControllerInst/i2sControllerFifoInst/U0/inst_fifo_gen/gconvfifo.rf/grf.rf/gntv_or_sync_fifo.gcx.clkx/wr_pntr_cdc_inst/dest_out_bin_ff_reg[9]/C is not reached by a timing clock
Related violations: <none>

TIMING-17#54 Critical Warning
Non-clocked sequential cell  
The clock pin tangerineA7_100_i/tangerineSOC_0/inst/is2ControllerInst/i2sControllerFifoInst/U0/inst_fifo_gen/gconvfifo.rf/grf.rf/gntv_or_sync_fifo.gl0.rd/gr1.gr1_int.rfwft/aempty_fwft_fb_i_reg/C is not reached by a timing clock
Related violations: <none>

TIMING-17#55 Critical Warning
Non-clocked sequential cell  
The clock pin tangerineA7_100_i/tangerineSOC_0/inst/is2ControllerInst/i2sControllerFifoInst/U0/inst_fifo_gen/gconvfifo.rf/grf.rf/gntv_or_sync_fifo.gl0.rd/gr1.gr1_int.rfwft/aempty_fwft_i_reg/C is not reached by a timing clock
Related violations: <none>

TIMING-17#56 Critical Warning
Non-clocked sequential cell  
The clock pin tangerineA7_100_i/tangerineSOC_0/inst/is2ControllerInst/i2sControllerFifoInst/U0/inst_fifo_gen/gconvfifo.rf/grf.rf/gntv_or_sync_fifo.gl0.rd/gr1.gr1_int.rfwft/empty_fwft_fb_i_reg/C is not reached by a timing clock
Related violations: <none>

TIMING-17#57 Critical Warning
Non-clocked sequential cell  
The clock pin tangerineA7_100_i/tangerineSOC_0/inst/is2ControllerInst/i2sControllerFifoInst/U0/inst_fifo_gen/gconvfifo.rf/grf.rf/gntv_or_sync_fifo.gl0.rd/gr1.gr1_int.rfwft/empty_fwft_fb_o_i_reg/C is not reached by a timing clock
Related violations: <none>

TIMING-17#58 Critical Warning
Non-clocked sequential cell  
The clock pin tangerineA7_100_i/tangerineSOC_0/inst/is2ControllerInst/i2sControllerFifoInst/U0/inst_fifo_gen/gconvfifo.rf/grf.rf/gntv_or_sync_fifo.gl0.rd/gr1.gr1_int.rfwft/empty_fwft_i_reg/C is not reached by a timing clock
Related violations: <none>

TIMING-17#59 Critical Warning
Non-clocked sequential cell  
The clock pin tangerineA7_100_i/tangerineSOC_0/inst/is2ControllerInst/i2sControllerFifoInst/U0/inst_fifo_gen/gconvfifo.rf/grf.rf/gntv_or_sync_fifo.gl0.rd/gr1.gr1_int.rfwft/gpregsm1.curr_fwft_state_reg[0]/C is not reached by a timing clock
Related violations: <none>

TIMING-17#60 Critical Warning
Non-clocked sequential cell  
The clock pin tangerineA7_100_i/tangerineSOC_0/inst/is2ControllerInst/i2sControllerFifoInst/U0/inst_fifo_gen/gconvfifo.rf/grf.rf/gntv_or_sync_fifo.gl0.rd/gr1.gr1_int.rfwft/gpregsm1.curr_fwft_state_reg[1]/C is not reached by a timing clock
Related violations: <none>

TIMING-17#61 Critical Warning
Non-clocked sequential cell  
The clock pin tangerineA7_100_i/tangerineSOC_0/inst/is2ControllerInst/i2sControllerFifoInst/U0/inst_fifo_gen/gconvfifo.rf/grf.rf/gntv_or_sync_fifo.gl0.rd/gr1.gr1_int.rfwft/gpregsm1.user_valid_reg/C is not reached by a timing clock
Related violations: <none>

TIMING-17#62 Critical Warning
Non-clocked sequential cell  
The clock pin tangerineA7_100_i/tangerineSOC_0/inst/is2ControllerInst/i2sControllerFifoInst/U0/inst_fifo_gen/gconvfifo.rf/grf.rf/gntv_or_sync_fifo.gl0.rd/gras.rsts/ram_empty_fb_i_reg/C is not reached by a timing clock
Related violations: <none>

TIMING-17#63 Critical Warning
Non-clocked sequential cell  
The clock pin tangerineA7_100_i/tangerineSOC_0/inst/is2ControllerInst/i2sControllerFifoInst/U0/inst_fifo_gen/gconvfifo.rf/grf.rf/gntv_or_sync_fifo.gl0.rd/gras.rsts/ram_empty_i_reg/C is not reached by a timing clock
Related violations: <none>

TIMING-17#64 Critical Warning
Non-clocked sequential cell  
The clock pin tangerineA7_100_i/tangerineSOC_0/inst/is2ControllerInst/i2sControllerFifoInst/U0/inst_fifo_gen/gconvfifo.rf/grf.rf/gntv_or_sync_fifo.gl0.rd/rpntr/gc0.count_d1_reg[0]/C is not reached by a timing clock
Related violations: <none>

TIMING-17#65 Critical Warning
Non-clocked sequential cell  
The clock pin tangerineA7_100_i/tangerineSOC_0/inst/is2ControllerInst/i2sControllerFifoInst/U0/inst_fifo_gen/gconvfifo.rf/grf.rf/gntv_or_sync_fifo.gl0.rd/rpntr/gc0.count_d1_reg[10]/C is not reached by a timing clock
Related violations: <none>

TIMING-17#66 Critical Warning
Non-clocked sequential cell  
The clock pin tangerineA7_100_i/tangerineSOC_0/inst/is2ControllerInst/i2sControllerFifoInst/U0/inst_fifo_gen/gconvfifo.rf/grf.rf/gntv_or_sync_fifo.gl0.rd/rpntr/gc0.count_d1_reg[1]/C is not reached by a timing clock
Related violations: <none>

TIMING-17#67 Critical Warning
Non-clocked sequential cell  
The clock pin tangerineA7_100_i/tangerineSOC_0/inst/is2ControllerInst/i2sControllerFifoInst/U0/inst_fifo_gen/gconvfifo.rf/grf.rf/gntv_or_sync_fifo.gl0.rd/rpntr/gc0.count_d1_reg[2]/C is not reached by a timing clock
Related violations: <none>

TIMING-17#68 Critical Warning
Non-clocked sequential cell  
The clock pin tangerineA7_100_i/tangerineSOC_0/inst/is2ControllerInst/i2sControllerFifoInst/U0/inst_fifo_gen/gconvfifo.rf/grf.rf/gntv_or_sync_fifo.gl0.rd/rpntr/gc0.count_d1_reg[3]/C is not reached by a timing clock
Related violations: <none>

TIMING-17#69 Critical Warning
Non-clocked sequential cell  
The clock pin tangerineA7_100_i/tangerineSOC_0/inst/is2ControllerInst/i2sControllerFifoInst/U0/inst_fifo_gen/gconvfifo.rf/grf.rf/gntv_or_sync_fifo.gl0.rd/rpntr/gc0.count_d1_reg[4]/C is not reached by a timing clock
Related violations: <none>

TIMING-17#70 Critical Warning
Non-clocked sequential cell  
The clock pin tangerineA7_100_i/tangerineSOC_0/inst/is2ControllerInst/i2sControllerFifoInst/U0/inst_fifo_gen/gconvfifo.rf/grf.rf/gntv_or_sync_fifo.gl0.rd/rpntr/gc0.count_d1_reg[5]/C is not reached by a timing clock
Related violations: <none>

TIMING-17#71 Critical Warning
Non-clocked sequential cell  
The clock pin tangerineA7_100_i/tangerineSOC_0/inst/is2ControllerInst/i2sControllerFifoInst/U0/inst_fifo_gen/gconvfifo.rf/grf.rf/gntv_or_sync_fifo.gl0.rd/rpntr/gc0.count_d1_reg[6]/C is not reached by a timing clock
Related violations: <none>

TIMING-17#72 Critical Warning
Non-clocked sequential cell  
The clock pin tangerineA7_100_i/tangerineSOC_0/inst/is2ControllerInst/i2sControllerFifoInst/U0/inst_fifo_gen/gconvfifo.rf/grf.rf/gntv_or_sync_fifo.gl0.rd/rpntr/gc0.count_d1_reg[7]/C is not reached by a timing clock
Related violations: <none>

TIMING-17#73 Critical Warning
Non-clocked sequential cell  
The clock pin tangerineA7_100_i/tangerineSOC_0/inst/is2ControllerInst/i2sControllerFifoInst/U0/inst_fifo_gen/gconvfifo.rf/grf.rf/gntv_or_sync_fifo.gl0.rd/rpntr/gc0.count_d1_reg[8]/C is not reached by a timing clock
Related violations: <none>

TIMING-17#74 Critical Warning
Non-clocked sequential cell  
The clock pin tangerineA7_100_i/tangerineSOC_0/inst/is2ControllerInst/i2sControllerFifoInst/U0/inst_fifo_gen/gconvfifo.rf/grf.rf/gntv_or_sync_fifo.gl0.rd/rpntr/gc0.count_d1_reg[9]/C is not reached by a timing clock
Related violations: <none>

TIMING-17#75 Critical Warning
Non-clocked sequential cell  
The clock pin tangerineA7_100_i/tangerineSOC_0/inst/is2ControllerInst/i2sControllerFifoInst/U0/inst_fifo_gen/gconvfifo.rf/grf.rf/gntv_or_sync_fifo.gl0.rd/rpntr/gc0.count_reg[0]/C is not reached by a timing clock
Related violations: <none>

TIMING-17#76 Critical Warning
Non-clocked sequential cell  
The clock pin tangerineA7_100_i/tangerineSOC_0/inst/is2ControllerInst/i2sControllerFifoInst/U0/inst_fifo_gen/gconvfifo.rf/grf.rf/gntv_or_sync_fifo.gl0.rd/rpntr/gc0.count_reg[10]/C is not reached by a timing clock
Related violations: <none>

TIMING-17#77 Critical Warning
Non-clocked sequential cell  
The clock pin tangerineA7_100_i/tangerineSOC_0/inst/is2ControllerInst/i2sControllerFifoInst/U0/inst_fifo_gen/gconvfifo.rf/grf.rf/gntv_or_sync_fifo.gl0.rd/rpntr/gc0.count_reg[1]/C is not reached by a timing clock
Related violations: <none>

TIMING-17#78 Critical Warning
Non-clocked sequential cell  
The clock pin tangerineA7_100_i/tangerineSOC_0/inst/is2ControllerInst/i2sControllerFifoInst/U0/inst_fifo_gen/gconvfifo.rf/grf.rf/gntv_or_sync_fifo.gl0.rd/rpntr/gc0.count_reg[2]/C is not reached by a timing clock
Related violations: <none>

TIMING-17#79 Critical Warning
Non-clocked sequential cell  
The clock pin tangerineA7_100_i/tangerineSOC_0/inst/is2ControllerInst/i2sControllerFifoInst/U0/inst_fifo_gen/gconvfifo.rf/grf.rf/gntv_or_sync_fifo.gl0.rd/rpntr/gc0.count_reg[3]/C is not reached by a timing clock
Related violations: <none>

TIMING-17#80 Critical Warning
Non-clocked sequential cell  
The clock pin tangerineA7_100_i/tangerineSOC_0/inst/is2ControllerInst/i2sControllerFifoInst/U0/inst_fifo_gen/gconvfifo.rf/grf.rf/gntv_or_sync_fifo.gl0.rd/rpntr/gc0.count_reg[4]/C is not reached by a timing clock
Related violations: <none>

TIMING-17#81 Critical Warning
Non-clocked sequential cell  
The clock pin tangerineA7_100_i/tangerineSOC_0/inst/is2ControllerInst/i2sControllerFifoInst/U0/inst_fifo_gen/gconvfifo.rf/grf.rf/gntv_or_sync_fifo.gl0.rd/rpntr/gc0.count_reg[5]/C is not reached by a timing clock
Related violations: <none>

TIMING-17#82 Critical Warning
Non-clocked sequential cell  
The clock pin tangerineA7_100_i/tangerineSOC_0/inst/is2ControllerInst/i2sControllerFifoInst/U0/inst_fifo_gen/gconvfifo.rf/grf.rf/gntv_or_sync_fifo.gl0.rd/rpntr/gc0.count_reg[6]/C is not reached by a timing clock
Related violations: <none>

TIMING-17#83 Critical Warning
Non-clocked sequential cell  
The clock pin tangerineA7_100_i/tangerineSOC_0/inst/is2ControllerInst/i2sControllerFifoInst/U0/inst_fifo_gen/gconvfifo.rf/grf.rf/gntv_or_sync_fifo.gl0.rd/rpntr/gc0.count_reg[7]/C is not reached by a timing clock
Related violations: <none>

TIMING-17#84 Critical Warning
Non-clocked sequential cell  
The clock pin tangerineA7_100_i/tangerineSOC_0/inst/is2ControllerInst/i2sControllerFifoInst/U0/inst_fifo_gen/gconvfifo.rf/grf.rf/gntv_or_sync_fifo.gl0.rd/rpntr/gc0.count_reg[8]/C is not reached by a timing clock
Related violations: <none>

TIMING-17#85 Critical Warning
Non-clocked sequential cell  
The clock pin tangerineA7_100_i/tangerineSOC_0/inst/is2ControllerInst/i2sControllerFifoInst/U0/inst_fifo_gen/gconvfifo.rf/grf.rf/gntv_or_sync_fifo.gl0.rd/rpntr/gc0.count_reg[9]/C is not reached by a timing clock
Related violations: <none>

TIMING-17#86 Critical Warning
Non-clocked sequential cell  
The clock pin tangerineA7_100_i/tangerineSOC_0/inst/is2ControllerInst/i2sControllerFifoInst/U0/inst_fifo_gen/gconvfifo.rf/grf.rf/gntv_or_sync_fifo.mem/gbm.gbmg.gbmga.ngecc.bmg/inst_blk_mem_gen/gnbram.gnativebmg.native_blk_mem_gen/valid.cstr/ramloop[0].ram.r/prim_noinit.ram/DEVICE_7SERIES.NO_BMM_INFO.SDP.SIMPLE_PRIM36.ram/CLKBWRCLK is not reached by a timing clock
Related violations: <none>

TIMING-17#87 Critical Warning
Non-clocked sequential cell  
The clock pin tangerineA7_100_i/tangerineSOC_0/inst/is2ControllerInst/i2sControllerFifoInst/U0/inst_fifo_gen/gconvfifo.rf/grf.rf/gntv_or_sync_fifo.mem/gbm.gbmg.gbmga.ngecc.bmg/inst_blk_mem_gen/gnbram.gnativebmg.native_blk_mem_gen/valid.cstr/ramloop[1].ram.r/prim_noinit.ram/DEVICE_7SERIES.NO_BMM_INFO.SDP.SIMPLE_PRIM36.ram/CLKBWRCLK is not reached by a timing clock
Related violations: <none>

TIMING-17#88 Critical Warning
Non-clocked sequential cell  
The clock pin tangerineA7_100_i/tangerineSOC_0/inst/is2ControllerInst/i2sControllerFifoInst/U0/inst_fifo_gen/gconvfifo.rf/grf.rf/gntv_or_sync_fifo.mem/goreg_bm.dout_i_reg[0]/C is not reached by a timing clock
Related violations: <none>

TIMING-17#89 Critical Warning
Non-clocked sequential cell  
The clock pin tangerineA7_100_i/tangerineSOC_0/inst/is2ControllerInst/i2sControllerFifoInst/U0/inst_fifo_gen/gconvfifo.rf/grf.rf/gntv_or_sync_fifo.mem/goreg_bm.dout_i_reg[10]/C is not reached by a timing clock
Related violations: <none>

TIMING-17#90 Critical Warning
Non-clocked sequential cell  
The clock pin tangerineA7_100_i/tangerineSOC_0/inst/is2ControllerInst/i2sControllerFifoInst/U0/inst_fifo_gen/gconvfifo.rf/grf.rf/gntv_or_sync_fifo.mem/goreg_bm.dout_i_reg[11]/C is not reached by a timing clock
Related violations: <none>

TIMING-17#91 Critical Warning
Non-clocked sequential cell  
The clock pin tangerineA7_100_i/tangerineSOC_0/inst/is2ControllerInst/i2sControllerFifoInst/U0/inst_fifo_gen/gconvfifo.rf/grf.rf/gntv_or_sync_fifo.mem/goreg_bm.dout_i_reg[12]/C is not reached by a timing clock
Related violations: <none>

TIMING-17#92 Critical Warning
Non-clocked sequential cell  
The clock pin tangerineA7_100_i/tangerineSOC_0/inst/is2ControllerInst/i2sControllerFifoInst/U0/inst_fifo_gen/gconvfifo.rf/grf.rf/gntv_or_sync_fifo.mem/goreg_bm.dout_i_reg[13]/C is not reached by a timing clock
Related violations: <none>

TIMING-17#93 Critical Warning
Non-clocked sequential cell  
The clock pin tangerineA7_100_i/tangerineSOC_0/inst/is2ControllerInst/i2sControllerFifoInst/U0/inst_fifo_gen/gconvfifo.rf/grf.rf/gntv_or_sync_fifo.mem/goreg_bm.dout_i_reg[14]/C is not reached by a timing clock
Related violations: <none>

TIMING-17#94 Critical Warning
Non-clocked sequential cell  
The clock pin tangerineA7_100_i/tangerineSOC_0/inst/is2ControllerInst/i2sControllerFifoInst/U0/inst_fifo_gen/gconvfifo.rf/grf.rf/gntv_or_sync_fifo.mem/goreg_bm.dout_i_reg[15]/C is not reached by a timing clock
Related violations: <none>

TIMING-17#95 Critical Warning
Non-clocked sequential cell  
The clock pin tangerineA7_100_i/tangerineSOC_0/inst/is2ControllerInst/i2sControllerFifoInst/U0/inst_fifo_gen/gconvfifo.rf/grf.rf/gntv_or_sync_fifo.mem/goreg_bm.dout_i_reg[16]/C is not reached by a timing clock
Related violations: <none>

TIMING-17#96 Critical Warning
Non-clocked sequential cell  
The clock pin tangerineA7_100_i/tangerineSOC_0/inst/is2ControllerInst/i2sControllerFifoInst/U0/inst_fifo_gen/gconvfifo.rf/grf.rf/gntv_or_sync_fifo.mem/goreg_bm.dout_i_reg[17]/C is not reached by a timing clock
Related violations: <none>

TIMING-17#97 Critical Warning
Non-clocked sequential cell  
The clock pin tangerineA7_100_i/tangerineSOC_0/inst/is2ControllerInst/i2sControllerFifoInst/U0/inst_fifo_gen/gconvfifo.rf/grf.rf/gntv_or_sync_fifo.mem/goreg_bm.dout_i_reg[18]/C is not reached by a timing clock
Related violations: <none>

TIMING-17#98 Critical Warning
Non-clocked sequential cell  
The clock pin tangerineA7_100_i/tangerineSOC_0/inst/is2ControllerInst/i2sControllerFifoInst/U0/inst_fifo_gen/gconvfifo.rf/grf.rf/gntv_or_sync_fifo.mem/goreg_bm.dout_i_reg[19]/C is not reached by a timing clock
Related violations: <none>

TIMING-17#99 Critical Warning
Non-clocked sequential cell  
The clock pin tangerineA7_100_i/tangerineSOC_0/inst/is2ControllerInst/i2sControllerFifoInst/U0/inst_fifo_gen/gconvfifo.rf/grf.rf/gntv_or_sync_fifo.mem/goreg_bm.dout_i_reg[1]/C is not reached by a timing clock
Related violations: <none>

TIMING-17#100 Critical Warning
Non-clocked sequential cell  
The clock pin tangerineA7_100_i/tangerineSOC_0/inst/is2ControllerInst/i2sControllerFifoInst/U0/inst_fifo_gen/gconvfifo.rf/grf.rf/gntv_or_sync_fifo.mem/goreg_bm.dout_i_reg[20]/C is not reached by a timing clock
Related violations: <none>

TIMING-17#101 Critical Warning
Non-clocked sequential cell  
The clock pin tangerineA7_100_i/tangerineSOC_0/inst/is2ControllerInst/i2sControllerFifoInst/U0/inst_fifo_gen/gconvfifo.rf/grf.rf/gntv_or_sync_fifo.mem/goreg_bm.dout_i_reg[21]/C is not reached by a timing clock
Related violations: <none>

TIMING-17#102 Critical Warning
Non-clocked sequential cell  
The clock pin tangerineA7_100_i/tangerineSOC_0/inst/is2ControllerInst/i2sControllerFifoInst/U0/inst_fifo_gen/gconvfifo.rf/grf.rf/gntv_or_sync_fifo.mem/goreg_bm.dout_i_reg[22]/C is not reached by a timing clock
Related violations: <none>

TIMING-17#103 Critical Warning
Non-clocked sequential cell  
The clock pin tangerineA7_100_i/tangerineSOC_0/inst/is2ControllerInst/i2sControllerFifoInst/U0/inst_fifo_gen/gconvfifo.rf/grf.rf/gntv_or_sync_fifo.mem/goreg_bm.dout_i_reg[23]/C is not reached by a timing clock
Related violations: <none>

TIMING-17#104 Critical Warning
Non-clocked sequential cell  
The clock pin tangerineA7_100_i/tangerineSOC_0/inst/is2ControllerInst/i2sControllerFifoInst/U0/inst_fifo_gen/gconvfifo.rf/grf.rf/gntv_or_sync_fifo.mem/goreg_bm.dout_i_reg[24]/C is not reached by a timing clock
Related violations: <none>

TIMING-17#105 Critical Warning
Non-clocked sequential cell  
The clock pin tangerineA7_100_i/tangerineSOC_0/inst/is2ControllerInst/i2sControllerFifoInst/U0/inst_fifo_gen/gconvfifo.rf/grf.rf/gntv_or_sync_fifo.mem/goreg_bm.dout_i_reg[25]/C is not reached by a timing clock
Related violations: <none>

TIMING-17#106 Critical Warning
Non-clocked sequential cell  
The clock pin tangerineA7_100_i/tangerineSOC_0/inst/is2ControllerInst/i2sControllerFifoInst/U0/inst_fifo_gen/gconvfifo.rf/grf.rf/gntv_or_sync_fifo.mem/goreg_bm.dout_i_reg[26]/C is not reached by a timing clock
Related violations: <none>

TIMING-17#107 Critical Warning
Non-clocked sequential cell  
The clock pin tangerineA7_100_i/tangerineSOC_0/inst/is2ControllerInst/i2sControllerFifoInst/U0/inst_fifo_gen/gconvfifo.rf/grf.rf/gntv_or_sync_fifo.mem/goreg_bm.dout_i_reg[27]/C is not reached by a timing clock
Related violations: <none>

TIMING-17#108 Critical Warning
Non-clocked sequential cell  
The clock pin tangerineA7_100_i/tangerineSOC_0/inst/is2ControllerInst/i2sControllerFifoInst/U0/inst_fifo_gen/gconvfifo.rf/grf.rf/gntv_or_sync_fifo.mem/goreg_bm.dout_i_reg[28]/C is not reached by a timing clock
Related violations: <none>

TIMING-17#109 Critical Warning
Non-clocked sequential cell  
The clock pin tangerineA7_100_i/tangerineSOC_0/inst/is2ControllerInst/i2sControllerFifoInst/U0/inst_fifo_gen/gconvfifo.rf/grf.rf/gntv_or_sync_fifo.mem/goreg_bm.dout_i_reg[29]/C is not reached by a timing clock
Related violations: <none>

TIMING-17#110 Critical Warning
Non-clocked sequential cell  
The clock pin tangerineA7_100_i/tangerineSOC_0/inst/is2ControllerInst/i2sControllerFifoInst/U0/inst_fifo_gen/gconvfifo.rf/grf.rf/gntv_or_sync_fifo.mem/goreg_bm.dout_i_reg[2]/C is not reached by a timing clock
Related violations: <none>

TIMING-17#111 Critical Warning
Non-clocked sequential cell  
The clock pin tangerineA7_100_i/tangerineSOC_0/inst/is2ControllerInst/i2sControllerFifoInst/U0/inst_fifo_gen/gconvfifo.rf/grf.rf/gntv_or_sync_fifo.mem/goreg_bm.dout_i_reg[30]/C is not reached by a timing clock
Related violations: <none>

TIMING-17#112 Critical Warning
Non-clocked sequential cell  
The clock pin tangerineA7_100_i/tangerineSOC_0/inst/is2ControllerInst/i2sControllerFifoInst/U0/inst_fifo_gen/gconvfifo.rf/grf.rf/gntv_or_sync_fifo.mem/goreg_bm.dout_i_reg[31]/C is not reached by a timing clock
Related violations: <none>

TIMING-17#113 Critical Warning
Non-clocked sequential cell  
The clock pin tangerineA7_100_i/tangerineSOC_0/inst/is2ControllerInst/i2sControllerFifoInst/U0/inst_fifo_gen/gconvfifo.rf/grf.rf/gntv_or_sync_fifo.mem/goreg_bm.dout_i_reg[3]/C is not reached by a timing clock
Related violations: <none>

TIMING-17#114 Critical Warning
Non-clocked sequential cell  
The clock pin tangerineA7_100_i/tangerineSOC_0/inst/is2ControllerInst/i2sControllerFifoInst/U0/inst_fifo_gen/gconvfifo.rf/grf.rf/gntv_or_sync_fifo.mem/goreg_bm.dout_i_reg[4]/C is not reached by a timing clock
Related violations: <none>

TIMING-17#115 Critical Warning
Non-clocked sequential cell  
The clock pin tangerineA7_100_i/tangerineSOC_0/inst/is2ControllerInst/i2sControllerFifoInst/U0/inst_fifo_gen/gconvfifo.rf/grf.rf/gntv_or_sync_fifo.mem/goreg_bm.dout_i_reg[5]/C is not reached by a timing clock
Related violations: <none>

TIMING-17#116 Critical Warning
Non-clocked sequential cell  
The clock pin tangerineA7_100_i/tangerineSOC_0/inst/is2ControllerInst/i2sControllerFifoInst/U0/inst_fifo_gen/gconvfifo.rf/grf.rf/gntv_or_sync_fifo.mem/goreg_bm.dout_i_reg[6]/C is not reached by a timing clock
Related violations: <none>

TIMING-17#117 Critical Warning
Non-clocked sequential cell  
The clock pin tangerineA7_100_i/tangerineSOC_0/inst/is2ControllerInst/i2sControllerFifoInst/U0/inst_fifo_gen/gconvfifo.rf/grf.rf/gntv_or_sync_fifo.mem/goreg_bm.dout_i_reg[7]/C is not reached by a timing clock
Related violations: <none>

TIMING-17#118 Critical Warning
Non-clocked sequential cell  
The clock pin tangerineA7_100_i/tangerineSOC_0/inst/is2ControllerInst/i2sControllerFifoInst/U0/inst_fifo_gen/gconvfifo.rf/grf.rf/gntv_or_sync_fifo.mem/goreg_bm.dout_i_reg[8]/C is not reached by a timing clock
Related violations: <none>

TIMING-17#119 Critical Warning
Non-clocked sequential cell  
The clock pin tangerineA7_100_i/tangerineSOC_0/inst/is2ControllerInst/i2sControllerFifoInst/U0/inst_fifo_gen/gconvfifo.rf/grf.rf/gntv_or_sync_fifo.mem/goreg_bm.dout_i_reg[9]/C is not reached by a timing clock
Related violations: <none>

TIMING-17#120 Critical Warning
Non-clocked sequential cell  
The clock pin tangerineA7_100_i/tangerineSOC_0/inst/is2ControllerInst/i2sControllerFifoInst/U0/inst_fifo_gen/gconvfifo.rf/grf.rf/rstblk/ngwrdrst.grst.g7serrst.gnsckt_wrst.gic_rst.rst_rd_reg2_inst/arststages_ff_reg[0]/C is not reached by a timing clock
Related violations: <none>

TIMING-17#121 Critical Warning
Non-clocked sequential cell  
The clock pin tangerineA7_100_i/tangerineSOC_0/inst/is2ControllerInst/i2sControllerFifoInst/U0/inst_fifo_gen/gconvfifo.rf/grf.rf/rstblk/ngwrdrst.grst.g7serrst.gnsckt_wrst.gic_rst.rst_rd_reg2_inst/arststages_ff_reg[1]/C is not reached by a timing clock
Related violations: <none>

TIMING-17#122 Critical Warning
Non-clocked sequential cell  
The clock pin tangerineA7_100_i/tangerineSOC_0/inst/is2ControllerInst/i2sControllerFifoInst/U0/inst_fifo_gen/gconvfifo.rf/grf.rf/rstblk/ngwrdrst.grst.g7serrst.gnsckt_wrst.gic_rst.sckt_rd_rst_ic_reg/C is not reached by a timing clock
Related violations: <none>

TIMING-17#123 Critical Warning
Non-clocked sequential cell  
The clock pin tangerineA7_100_i/tangerineSOC_0/inst/is2ControllerInst/i2sControllerFifoInst/U0/inst_fifo_gen/gconvfifo.rf/grf.rf/rstblk/ngwrdrst.grst.g7serrst.gnsckt_wrst.gic_rst.wr_rst_rd_ext_reg[0]/C is not reached by a timing clock
Related violations: <none>

TIMING-17#124 Critical Warning
Non-clocked sequential cell  
The clock pin tangerineA7_100_i/tangerineSOC_0/inst/is2ControllerInst/i2sControllerFifoInst/U0/inst_fifo_gen/gconvfifo.rf/grf.rf/rstblk/ngwrdrst.grst.g7serrst.gnsckt_wrst.gic_rst.wr_rst_rd_ext_reg[1]/C is not reached by a timing clock
Related violations: <none>

TIMING-17#125 Critical Warning
Non-clocked sequential cell  
The clock pin tangerineA7_100_i/tangerineSOC_0/inst/is2ControllerInst/i2sControllerFifoInst/U0/inst_fifo_gen/gconvfifo.rf/grf.rf/rstblk/ngwrdrst.grst.g7serrst.gnsckt_wrst.gic_rst.xpm_cdc_single_inst_wrst_rd/syncstages_ff_reg[0]/C is not reached by a timing clock
Related violations: <none>

TIMING-17#126 Critical Warning
Non-clocked sequential cell  
The clock pin tangerineA7_100_i/tangerineSOC_0/inst/is2ControllerInst/i2sControllerFifoInst/U0/inst_fifo_gen/gconvfifo.rf/grf.rf/rstblk/ngwrdrst.grst.g7serrst.gnsckt_wrst.gic_rst.xpm_cdc_single_inst_wrst_rd/syncstages_ff_reg[1]/C is not reached by a timing clock
Related violations: <none>

TIMING-17#127 Critical Warning
Non-clocked sequential cell  
The clock pin tangerineA7_100_i/tangerineSOC_0/inst/is2ControllerInst/i2sControllerFifoInst/U0/inst_fifo_gen/gconvfifo.rf/grf.rf/rstblk/ngwrdrst.grst.g7serrst.gnsckt_wrst.gic_rst.xpm_cdc_single_inst_wrst_rd/syncstages_ff_reg[2]/C is not reached by a timing clock
Related violations: <none>

TIMING-17#128 Critical Warning
Non-clocked sequential cell  
The clock pin tangerineA7_100_i/tangerineSOC_0/inst/is2ControllerInst/i2sControllerFifoInst/U0/inst_fifo_gen/gconvfifo.rf/grf.rf/rstblk/ngwrdrst.grst.g7serrst.gnsckt_wrst.gic_rst.xpm_cdc_single_inst_wrst_rd/syncstages_ff_reg[3]/C is not reached by a timing clock
Related violations: <none>

TIMING-17#129 Critical Warning
Non-clocked sequential cell  
The clock pin tangerineA7_100_i/tangerineSOC_0/inst/is2ControllerInst/i2sDOut_reg/C is not reached by a timing clock
Related violations: <none>

TIMING-17#130 Critical Warning
Non-clocked sequential cell  
The clock pin tangerineA7_100_i/tangerineSOC_0/inst/is2ControllerInst/i2sLRCk_reg/C is not reached by a timing clock
Related violations: <none>

TIMING-17#131 Critical Warning
Non-clocked sequential cell  
The clock pin tangerineA7_100_i/tangerineSOC_0/inst/is2ControllerInst/i2sTxBitCounter_reg[0]/C is not reached by a timing clock
Related violations: <none>

TIMING-17#132 Critical Warning
Non-clocked sequential cell  
The clock pin tangerineA7_100_i/tangerineSOC_0/inst/is2ControllerInst/i2sTxBitCounter_reg[1]/C is not reached by a timing clock
Related violations: <none>

TIMING-17#133 Critical Warning
Non-clocked sequential cell  
The clock pin tangerineA7_100_i/tangerineSOC_0/inst/is2ControllerInst/i2sTxBitCounter_reg[2]/C is not reached by a timing clock
Related violations: <none>

TIMING-17#134 Critical Warning
Non-clocked sequential cell  
The clock pin tangerineA7_100_i/tangerineSOC_0/inst/is2ControllerInst/i2sTxBitCounter_reg[3]/C is not reached by a timing clock
Related violations: <none>

TIMING-17#135 Critical Warning
Non-clocked sequential cell  
The clock pin tangerineA7_100_i/tangerineSOC_0/inst/is2ControllerInst/i2sTxBitCounter_reg[4]/C is not reached by a timing clock
Related violations: <none>

TIMING-17#136 Critical Warning
Non-clocked sequential cell  
The clock pin tangerineA7_100_i/tangerineSOC_0/inst/is2ControllerInst/i2sTxReg_reg[0]/C is not reached by a timing clock
Related violations: <none>

TIMING-17#137 Critical Warning
Non-clocked sequential cell  
The clock pin tangerineA7_100_i/tangerineSOC_0/inst/is2ControllerInst/i2sTxReg_reg[10]/C is not reached by a timing clock
Related violations: <none>

TIMING-17#138 Critical Warning
Non-clocked sequential cell  
The clock pin tangerineA7_100_i/tangerineSOC_0/inst/is2ControllerInst/i2sTxReg_reg[11]/C is not reached by a timing clock
Related violations: <none>

TIMING-17#139 Critical Warning
Non-clocked sequential cell  
The clock pin tangerineA7_100_i/tangerineSOC_0/inst/is2ControllerInst/i2sTxReg_reg[12]/C is not reached by a timing clock
Related violations: <none>

TIMING-17#140 Critical Warning
Non-clocked sequential cell  
The clock pin tangerineA7_100_i/tangerineSOC_0/inst/is2ControllerInst/i2sTxReg_reg[13]/C is not reached by a timing clock
Related violations: <none>

TIMING-17#141 Critical Warning
Non-clocked sequential cell  
The clock pin tangerineA7_100_i/tangerineSOC_0/inst/is2ControllerInst/i2sTxReg_reg[14]/C is not reached by a timing clock
Related violations: <none>

TIMING-17#142 Critical Warning
Non-clocked sequential cell  
The clock pin tangerineA7_100_i/tangerineSOC_0/inst/is2ControllerInst/i2sTxReg_reg[15]/C is not reached by a timing clock
Related violations: <none>

TIMING-17#143 Critical Warning
Non-clocked sequential cell  
The clock pin tangerineA7_100_i/tangerineSOC_0/inst/is2ControllerInst/i2sTxReg_reg[16]/C is not reached by a timing clock
Related violations: <none>

TIMING-17#144 Critical Warning
Non-clocked sequential cell  
The clock pin tangerineA7_100_i/tangerineSOC_0/inst/is2ControllerInst/i2sTxReg_reg[17]/C is not reached by a timing clock
Related violations: <none>

TIMING-17#145 Critical Warning
Non-clocked sequential cell  
The clock pin tangerineA7_100_i/tangerineSOC_0/inst/is2ControllerInst/i2sTxReg_reg[18]/C is not reached by a timing clock
Related violations: <none>

TIMING-17#146 Critical Warning
Non-clocked sequential cell  
The clock pin tangerineA7_100_i/tangerineSOC_0/inst/is2ControllerInst/i2sTxReg_reg[19]/C is not reached by a timing clock
Related violations: <none>

TIMING-17#147 Critical Warning
Non-clocked sequential cell  
The clock pin tangerineA7_100_i/tangerineSOC_0/inst/is2ControllerInst/i2sTxReg_reg[1]/C is not reached by a timing clock
Related violations: <none>

TIMING-17#148 Critical Warning
Non-clocked sequential cell  
The clock pin tangerineA7_100_i/tangerineSOC_0/inst/is2ControllerInst/i2sTxReg_reg[20]/C is not reached by a timing clock
Related violations: <none>

TIMING-17#149 Critical Warning
Non-clocked sequential cell  
The clock pin tangerineA7_100_i/tangerineSOC_0/inst/is2ControllerInst/i2sTxReg_reg[21]/C is not reached by a timing clock
Related violations: <none>

TIMING-17#150 Critical Warning
Non-clocked sequential cell  
The clock pin tangerineA7_100_i/tangerineSOC_0/inst/is2ControllerInst/i2sTxReg_reg[22]/C is not reached by a timing clock
Related violations: <none>

TIMING-17#151 Critical Warning
Non-clocked sequential cell  
The clock pin tangerineA7_100_i/tangerineSOC_0/inst/is2ControllerInst/i2sTxReg_reg[23]/C is not reached by a timing clock
Related violations: <none>

TIMING-17#152 Critical Warning
Non-clocked sequential cell  
The clock pin tangerineA7_100_i/tangerineSOC_0/inst/is2ControllerInst/i2sTxReg_reg[24]/C is not reached by a timing clock
Related violations: <none>

TIMING-17#153 Critical Warning
Non-clocked sequential cell  
The clock pin tangerineA7_100_i/tangerineSOC_0/inst/is2ControllerInst/i2sTxReg_reg[25]/C is not reached by a timing clock
Related violations: <none>

TIMING-17#154 Critical Warning
Non-clocked sequential cell  
The clock pin tangerineA7_100_i/tangerineSOC_0/inst/is2ControllerInst/i2sTxReg_reg[26]/C is not reached by a timing clock
Related violations: <none>

TIMING-17#155 Critical Warning
Non-clocked sequential cell  
The clock pin tangerineA7_100_i/tangerineSOC_0/inst/is2ControllerInst/i2sTxReg_reg[27]/C is not reached by a timing clock
Related violations: <none>

TIMING-17#156 Critical Warning
Non-clocked sequential cell  
The clock pin tangerineA7_100_i/tangerineSOC_0/inst/is2ControllerInst/i2sTxReg_reg[28]/C is not reached by a timing clock
Related violations: <none>

TIMING-17#157 Critical Warning
Non-clocked sequential cell  
The clock pin tangerineA7_100_i/tangerineSOC_0/inst/is2ControllerInst/i2sTxReg_reg[29]/C is not reached by a timing clock
Related violations: <none>

TIMING-17#158 Critical Warning
Non-clocked sequential cell  
The clock pin tangerineA7_100_i/tangerineSOC_0/inst/is2ControllerInst/i2sTxReg_reg[2]/C is not reached by a timing clock
Related violations: <none>

TIMING-17#159 Critical Warning
Non-clocked sequential cell  
The clock pin tangerineA7_100_i/tangerineSOC_0/inst/is2ControllerInst/i2sTxReg_reg[30]/C is not reached by a timing clock
Related violations: <none>

TIMING-17#160 Critical Warning
Non-clocked sequential cell  
The clock pin tangerineA7_100_i/tangerineSOC_0/inst/is2ControllerInst/i2sTxReg_reg[31]/C is not reached by a timing clock
Related violations: <none>

TIMING-17#161 Critical Warning
Non-clocked sequential cell  
The clock pin tangerineA7_100_i/tangerineSOC_0/inst/is2ControllerInst/i2sTxReg_reg[3]/C is not reached by a timing clock
Related violations: <none>

TIMING-17#162 Critical Warning
Non-clocked sequential cell  
The clock pin tangerineA7_100_i/tangerineSOC_0/inst/is2ControllerInst/i2sTxReg_reg[4]/C is not reached by a timing clock
Related violations: <none>

TIMING-17#163 Critical Warning
Non-clocked sequential cell  
The clock pin tangerineA7_100_i/tangerineSOC_0/inst/is2ControllerInst/i2sTxReg_reg[5]/C is not reached by a timing clock
Related violations: <none>

TIMING-17#164 Critical Warning
Non-clocked sequential cell  
The clock pin tangerineA7_100_i/tangerineSOC_0/inst/is2ControllerInst/i2sTxReg_reg[6]/C is not reached by a timing clock
Related violations: <none>

TIMING-17#165 Critical Warning
Non-clocked sequential cell  
The clock pin tangerineA7_100_i/tangerineSOC_0/inst/is2ControllerInst/i2sTxReg_reg[7]/C is not reached by a timing clock
Related violations: <none>

TIMING-17#166 Critical Warning
Non-clocked sequential cell  
The clock pin tangerineA7_100_i/tangerineSOC_0/inst/is2ControllerInst/i2sTxReg_reg[8]/C is not reached by a timing clock
Related violations: <none>

TIMING-17#167 Critical Warning
Non-clocked sequential cell  
The clock pin tangerineA7_100_i/tangerineSOC_0/inst/is2ControllerInst/i2sTxReg_reg[9]/C is not reached by a timing clock
Related violations: <none>

TIMING-51#1 Critical Warning
No common phase between related clocks from parallel CMBs  
The clocks clk162_5_tangerineA7_100_clk_wiz_2_0 and clk64_tangerineA7_100_clk_wiz_0_0 are timed together but have no phase relationship. The design could fail in hardware. The clocks originate from two parallel Clock Modifying Blocks and at least one of the MMCM or PLLs clock dividers is not set to 1. To be safely timed, all MMCMs or PLLs involved in parallel clocking must have the clock divider set to 1.
Related violations: <none>

TIMING-51#2 Critical Warning
No common phase between related clocks from parallel CMBs  
The clocks clk64_tangerineA7_100_clk_wiz_0_0 and clk162_5_tangerineA7_100_clk_wiz_2_0 are timed together but have no phase relationship. The design could fail in hardware. The clocks originate from two parallel Clock Modifying Blocks and at least one of the MMCM or PLLs clock dividers is not set to 1. To be safely timed, all MMCMs or PLLs involved in parallel clocking must have the clock divider set to 1.
Related violations: <none>

DPIR-1#1 Warning
Asynchronous driver check  
DSP tangerineA7_100_i/tangerineSOC_0/inst/blitterInst/dpSa0 input pin tangerineA7_100_i/tangerineSOC_0/inst/blitterInst/dpSa0/A[0] is connected to registers with an asynchronous reset. This is preventing the possibility of merging these registers in to the DSP Block since the DSP block registers only possess synchronous reset capability.  It is suggested to recode or change these registers to remove the reset or use a synchronous reset to get the best optimization for performance, power and area.
Related violations: <none>

DPIR-1#2 Warning
Asynchronous driver check  
DSP tangerineA7_100_i/tangerineSOC_0/inst/blitterInst/dpSa0 input pin tangerineA7_100_i/tangerineSOC_0/inst/blitterInst/dpSa0/A[10] is connected to registers with an asynchronous reset. This is preventing the possibility of merging these registers in to the DSP Block since the DSP block registers only possess synchronous reset capability.  It is suggested to recode or change these registers to remove the reset or use a synchronous reset to get the best optimization for performance, power and area.
Related violations: <none>

DPIR-1#3 Warning
Asynchronous driver check  
DSP tangerineA7_100_i/tangerineSOC_0/inst/blitterInst/dpSa0 input pin tangerineA7_100_i/tangerineSOC_0/inst/blitterInst/dpSa0/A[11] is connected to registers with an asynchronous reset. This is preventing the possibility of merging these registers in to the DSP Block since the DSP block registers only possess synchronous reset capability.  It is suggested to recode or change these registers to remove the reset or use a synchronous reset to get the best optimization for performance, power and area.
Related violations: <none>

DPIR-1#4 Warning
Asynchronous driver check  
DSP tangerineA7_100_i/tangerineSOC_0/inst/blitterInst/dpSa0 input pin tangerineA7_100_i/tangerineSOC_0/inst/blitterInst/dpSa0/A[12] is connected to registers with an asynchronous reset. This is preventing the possibility of merging these registers in to the DSP Block since the DSP block registers only possess synchronous reset capability.  It is suggested to recode or change these registers to remove the reset or use a synchronous reset to get the best optimization for performance, power and area.
Related violations: <none>

DPIR-1#5 Warning
Asynchronous driver check  
DSP tangerineA7_100_i/tangerineSOC_0/inst/blitterInst/dpSa0 input pin tangerineA7_100_i/tangerineSOC_0/inst/blitterInst/dpSa0/A[13] is connected to registers with an asynchronous reset. This is preventing the possibility of merging these registers in to the DSP Block since the DSP block registers only possess synchronous reset capability.  It is suggested to recode or change these registers to remove the reset or use a synchronous reset to get the best optimization for performance, power and area.
Related violations: <none>

DPIR-1#6 Warning
Asynchronous driver check  
DSP tangerineA7_100_i/tangerineSOC_0/inst/blitterInst/dpSa0 input pin tangerineA7_100_i/tangerineSOC_0/inst/blitterInst/dpSa0/A[14] is connected to registers with an asynchronous reset. This is preventing the possibility of merging these registers in to the DSP Block since the DSP block registers only possess synchronous reset capability.  It is suggested to recode or change these registers to remove the reset or use a synchronous reset to get the best optimization for performance, power and area.
Related violations: <none>

DPIR-1#7 Warning
Asynchronous driver check  
DSP tangerineA7_100_i/tangerineSOC_0/inst/blitterInst/dpSa0 input pin tangerineA7_100_i/tangerineSOC_0/inst/blitterInst/dpSa0/A[15] is connected to registers with an asynchronous reset. This is preventing the possibility of merging these registers in to the DSP Block since the DSP block registers only possess synchronous reset capability.  It is suggested to recode or change these registers to remove the reset or use a synchronous reset to get the best optimization for performance, power and area.
Related violations: <none>

DPIR-1#8 Warning
Asynchronous driver check  
DSP tangerineA7_100_i/tangerineSOC_0/inst/blitterInst/dpSa0 input pin tangerineA7_100_i/tangerineSOC_0/inst/blitterInst/dpSa0/A[1] is connected to registers with an asynchronous reset. This is preventing the possibility of merging these registers in to the DSP Block since the DSP block registers only possess synchronous reset capability.  It is suggested to recode or change these registers to remove the reset or use a synchronous reset to get the best optimization for performance, power and area.
Related violations: <none>

DPIR-1#9 Warning
Asynchronous driver check  
DSP tangerineA7_100_i/tangerineSOC_0/inst/blitterInst/dpSa0 input pin tangerineA7_100_i/tangerineSOC_0/inst/blitterInst/dpSa0/A[2] is connected to registers with an asynchronous reset. This is preventing the possibility of merging these registers in to the DSP Block since the DSP block registers only possess synchronous reset capability.  It is suggested to recode or change these registers to remove the reset or use a synchronous reset to get the best optimization for performance, power and area.
Related violations: <none>

DPIR-1#10 Warning
Asynchronous driver check  
DSP tangerineA7_100_i/tangerineSOC_0/inst/blitterInst/dpSa0 input pin tangerineA7_100_i/tangerineSOC_0/inst/blitterInst/dpSa0/A[3] is connected to registers with an asynchronous reset. This is preventing the possibility of merging these registers in to the DSP Block since the DSP block registers only possess synchronous reset capability.  It is suggested to recode or change these registers to remove the reset or use a synchronous reset to get the best optimization for performance, power and area.
Related violations: <none>

DPIR-1#11 Warning
Asynchronous driver check  
DSP tangerineA7_100_i/tangerineSOC_0/inst/blitterInst/dpSa0 input pin tangerineA7_100_i/tangerineSOC_0/inst/blitterInst/dpSa0/A[4] is connected to registers with an asynchronous reset. This is preventing the possibility of merging these registers in to the DSP Block since the DSP block registers only possess synchronous reset capability.  It is suggested to recode or change these registers to remove the reset or use a synchronous reset to get the best optimization for performance, power and area.
Related violations: <none>

DPIR-1#12 Warning
Asynchronous driver check  
DSP tangerineA7_100_i/tangerineSOC_0/inst/blitterInst/dpSa0 input pin tangerineA7_100_i/tangerineSOC_0/inst/blitterInst/dpSa0/A[5] is connected to registers with an asynchronous reset. This is preventing the possibility of merging these registers in to the DSP Block since the DSP block registers only possess synchronous reset capability.  It is suggested to recode or change these registers to remove the reset or use a synchronous reset to get the best optimization for performance, power and area.
Related violations: <none>

DPIR-1#13 Warning
Asynchronous driver check  
DSP tangerineA7_100_i/tangerineSOC_0/inst/blitterInst/dpSa0 input pin tangerineA7_100_i/tangerineSOC_0/inst/blitterInst/dpSa0/A[6] is connected to registers with an asynchronous reset. This is preventing the possibility of merging these registers in to the DSP Block since the DSP block registers only possess synchronous reset capability.  It is suggested to recode or change these registers to remove the reset or use a synchronous reset to get the best optimization for performance, power and area.
Related violations: <none>

DPIR-1#14 Warning
Asynchronous driver check  
DSP tangerineA7_100_i/tangerineSOC_0/inst/blitterInst/dpSa0 input pin tangerineA7_100_i/tangerineSOC_0/inst/blitterInst/dpSa0/A[7] is connected to registers with an asynchronous reset. This is preventing the possibility of merging these registers in to the DSP Block since the DSP block registers only possess synchronous reset capability.  It is suggested to recode or change these registers to remove the reset or use a synchronous reset to get the best optimization for performance, power and area.
Related violations: <none>

DPIR-1#15 Warning
Asynchronous driver check  
DSP tangerineA7_100_i/tangerineSOC_0/inst/blitterInst/dpSa0 input pin tangerineA7_100_i/tangerineSOC_0/inst/blitterInst/dpSa0/A[8] is connected to registers with an asynchronous reset. This is preventing the possibility of merging these registers in to the DSP Block since the DSP block registers only possess synchronous reset capability.  It is suggested to recode or change these registers to remove the reset or use a synchronous reset to get the best optimization for performance, power and area.
Related violations: <none>

DPIR-1#16 Warning
Asynchronous driver check  
DSP tangerineA7_100_i/tangerineSOC_0/inst/blitterInst/dpSa0 input pin tangerineA7_100_i/tangerineSOC_0/inst/blitterInst/dpSa0/A[9] is connected to registers with an asynchronous reset. This is preventing the possibility of merging these registers in to the DSP Block since the DSP block registers only possess synchronous reset capability.  It is suggested to recode or change these registers to remove the reset or use a synchronous reset to get the best optimization for performance, power and area.
Related violations: <none>

DPIR-1#17 Warning
Asynchronous driver check  
DSP tangerineA7_100_i/tangerineSOC_0/inst/blitterInst/dpSa0 input pin tangerineA7_100_i/tangerineSOC_0/inst/blitterInst/dpSa0/C[0] is connected to registers with an asynchronous reset. This is preventing the possibility of merging these registers in to the DSP Block since the DSP block registers only possess synchronous reset capability.  It is suggested to recode or change these registers to remove the reset or use a synchronous reset to get the best optimization for performance, power and area.
Related violations: <none>

DPIR-1#18 Warning
Asynchronous driver check  
DSP tangerineA7_100_i/tangerineSOC_0/inst/blitterInst/dpSa0 input pin tangerineA7_100_i/tangerineSOC_0/inst/blitterInst/dpSa0/C[10] is connected to registers with an asynchronous reset. This is preventing the possibility of merging these registers in to the DSP Block since the DSP block registers only possess synchronous reset capability.  It is suggested to recode or change these registers to remove the reset or use a synchronous reset to get the best optimization for performance, power and area.
Related violations: <none>

DPIR-1#19 Warning
Asynchronous driver check  
DSP tangerineA7_100_i/tangerineSOC_0/inst/blitterInst/dpSa0 input pin tangerineA7_100_i/tangerineSOC_0/inst/blitterInst/dpSa0/C[11] is connected to registers with an asynchronous reset. This is preventing the possibility of merging these registers in to the DSP Block since the DSP block registers only possess synchronous reset capability.  It is suggested to recode or change these registers to remove the reset or use a synchronous reset to get the best optimization for performance, power and area.
Related violations: <none>

DPIR-1#20 Warning
Asynchronous driver check  
DSP tangerineA7_100_i/tangerineSOC_0/inst/blitterInst/dpSa0 input pin tangerineA7_100_i/tangerineSOC_0/inst/blitterInst/dpSa0/C[12] is connected to registers with an asynchronous reset. This is preventing the possibility of merging these registers in to the DSP Block since the DSP block registers only possess synchronous reset capability.  It is suggested to recode or change these registers to remove the reset or use a synchronous reset to get the best optimization for performance, power and area.
Related violations: <none>

DPIR-1#21 Warning
Asynchronous driver check  
DSP tangerineA7_100_i/tangerineSOC_0/inst/blitterInst/dpSa0 input pin tangerineA7_100_i/tangerineSOC_0/inst/blitterInst/dpSa0/C[13] is connected to registers with an asynchronous reset. This is preventing the possibility of merging these registers in to the DSP Block since the DSP block registers only possess synchronous reset capability.  It is suggested to recode or change these registers to remove the reset or use a synchronous reset to get the best optimization for performance, power and area.
Related violations: <none>

DPIR-1#22 Warning
Asynchronous driver check  
DSP tangerineA7_100_i/tangerineSOC_0/inst/blitterInst/dpSa0 input pin tangerineA7_100_i/tangerineSOC_0/inst/blitterInst/dpSa0/C[14] is connected to registers with an asynchronous reset. This is preventing the possibility of merging these registers in to the DSP Block since the DSP block registers only possess synchronous reset capability.  It is suggested to recode or change these registers to remove the reset or use a synchronous reset to get the best optimization for performance, power and area.
Related violations: <none>

DPIR-1#23 Warning
Asynchronous driver check  
DSP tangerineA7_100_i/tangerineSOC_0/inst/blitterInst/dpSa0 input pin tangerineA7_100_i/tangerineSOC_0/inst/blitterInst/dpSa0/C[15] is connected to registers with an asynchronous reset. This is preventing the possibility of merging these registers in to the DSP Block since the DSP block registers only possess synchronous reset capability.  It is suggested to recode or change these registers to remove the reset or use a synchronous reset to get the best optimization for performance, power and area.
Related violations: <none>

DPIR-1#24 Warning
Asynchronous driver check  
DSP tangerineA7_100_i/tangerineSOC_0/inst/blitterInst/dpSa0 input pin tangerineA7_100_i/tangerineSOC_0/inst/blitterInst/dpSa0/C[16] is connected to registers with an asynchronous reset. This is preventing the possibility of merging these registers in to the DSP Block since the DSP block registers only possess synchronous reset capability.  It is suggested to recode or change these registers to remove the reset or use a synchronous reset to get the best optimization for performance, power and area.
Related violations: <none>

DPIR-1#25 Warning
Asynchronous driver check  
DSP tangerineA7_100_i/tangerineSOC_0/inst/blitterInst/dpSa0 input pin tangerineA7_100_i/tangerineSOC_0/inst/blitterInst/dpSa0/C[17] is connected to registers with an asynchronous reset. This is preventing the possibility of merging these registers in to the DSP Block since the DSP block registers only possess synchronous reset capability.  It is suggested to recode or change these registers to remove the reset or use a synchronous reset to get the best optimization for performance, power and area.
Related violations: <none>

DPIR-1#26 Warning
Asynchronous driver check  
DSP tangerineA7_100_i/tangerineSOC_0/inst/blitterInst/dpSa0 input pin tangerineA7_100_i/tangerineSOC_0/inst/blitterInst/dpSa0/C[18] is connected to registers with an asynchronous reset. This is preventing the possibility of merging these registers in to the DSP Block since the DSP block registers only possess synchronous reset capability.  It is suggested to recode or change these registers to remove the reset or use a synchronous reset to get the best optimization for performance, power and area.
Related violations: <none>

DPIR-1#27 Warning
Asynchronous driver check  
DSP tangerineA7_100_i/tangerineSOC_0/inst/blitterInst/dpSa0 input pin tangerineA7_100_i/tangerineSOC_0/inst/blitterInst/dpSa0/C[19] is connected to registers with an asynchronous reset. This is preventing the possibility of merging these registers in to the DSP Block since the DSP block registers only possess synchronous reset capability.  It is suggested to recode or change these registers to remove the reset or use a synchronous reset to get the best optimization for performance, power and area.
Related violations: <none>

DPIR-1#28 Warning
Asynchronous driver check  
DSP tangerineA7_100_i/tangerineSOC_0/inst/blitterInst/dpSa0 input pin tangerineA7_100_i/tangerineSOC_0/inst/blitterInst/dpSa0/C[1] is connected to registers with an asynchronous reset. This is preventing the possibility of merging these registers in to the DSP Block since the DSP block registers only possess synchronous reset capability.  It is suggested to recode or change these registers to remove the reset or use a synchronous reset to get the best optimization for performance, power and area.
Related violations: <none>

DPIR-1#29 Warning
Asynchronous driver check  
DSP tangerineA7_100_i/tangerineSOC_0/inst/blitterInst/dpSa0 input pin tangerineA7_100_i/tangerineSOC_0/inst/blitterInst/dpSa0/C[20] is connected to registers with an asynchronous reset. This is preventing the possibility of merging these registers in to the DSP Block since the DSP block registers only possess synchronous reset capability.  It is suggested to recode or change these registers to remove the reset or use a synchronous reset to get the best optimization for performance, power and area.
Related violations: <none>

DPIR-1#30 Warning
Asynchronous driver check  
DSP tangerineA7_100_i/tangerineSOC_0/inst/blitterInst/dpSa0 input pin tangerineA7_100_i/tangerineSOC_0/inst/blitterInst/dpSa0/C[21] is connected to registers with an asynchronous reset. This is preventing the possibility of merging these registers in to the DSP Block since the DSP block registers only possess synchronous reset capability.  It is suggested to recode or change these registers to remove the reset or use a synchronous reset to get the best optimization for performance, power and area.
Related violations: <none>

DPIR-1#31 Warning
Asynchronous driver check  
DSP tangerineA7_100_i/tangerineSOC_0/inst/blitterInst/dpSa0 input pin tangerineA7_100_i/tangerineSOC_0/inst/blitterInst/dpSa0/C[22] is connected to registers with an asynchronous reset. This is preventing the possibility of merging these registers in to the DSP Block since the DSP block registers only possess synchronous reset capability.  It is suggested to recode or change these registers to remove the reset or use a synchronous reset to get the best optimization for performance, power and area.
Related violations: <none>

DPIR-1#32 Warning
Asynchronous driver check  
DSP tangerineA7_100_i/tangerineSOC_0/inst/blitterInst/dpSa0 input pin tangerineA7_100_i/tangerineSOC_0/inst/blitterInst/dpSa0/C[23] is connected to registers with an asynchronous reset. This is preventing the possibility of merging these registers in to the DSP Block since the DSP block registers only possess synchronous reset capability.  It is suggested to recode or change these registers to remove the reset or use a synchronous reset to get the best optimization for performance, power and area.
Related violations: <none>

DPIR-1#33 Warning
Asynchronous driver check  
DSP tangerineA7_100_i/tangerineSOC_0/inst/blitterInst/dpSa0 input pin tangerineA7_100_i/tangerineSOC_0/inst/blitterInst/dpSa0/C[24] is connected to registers with an asynchronous reset. This is preventing the possibility of merging these registers in to the DSP Block since the DSP block registers only possess synchronous reset capability.  It is suggested to recode or change these registers to remove the reset or use a synchronous reset to get the best optimization for performance, power and area.
Related violations: <none>

DPIR-1#34 Warning
Asynchronous driver check  
DSP tangerineA7_100_i/tangerineSOC_0/inst/blitterInst/dpSa0 input pin tangerineA7_100_i/tangerineSOC_0/inst/blitterInst/dpSa0/C[2] is connected to registers with an asynchronous reset. This is preventing the possibility of merging these registers in to the DSP Block since the DSP block registers only possess synchronous reset capability.  It is suggested to recode or change these registers to remove the reset or use a synchronous reset to get the best optimization for performance, power and area.
Related violations: <none>

DPIR-1#35 Warning
Asynchronous driver check  
DSP tangerineA7_100_i/tangerineSOC_0/inst/blitterInst/dpSa0 input pin tangerineA7_100_i/tangerineSOC_0/inst/blitterInst/dpSa0/C[3] is connected to registers with an asynchronous reset. This is preventing the possibility of merging these registers in to the DSP Block since the DSP block registers only possess synchronous reset capability.  It is suggested to recode or change these registers to remove the reset or use a synchronous reset to get the best optimization for performance, power and area.
Related violations: <none>

DPIR-1#36 Warning
Asynchronous driver check  
DSP tangerineA7_100_i/tangerineSOC_0/inst/blitterInst/dpSa0 input pin tangerineA7_100_i/tangerineSOC_0/inst/blitterInst/dpSa0/C[4] is connected to registers with an asynchronous reset. This is preventing the possibility of merging these registers in to the DSP Block since the DSP block registers only possess synchronous reset capability.  It is suggested to recode or change these registers to remove the reset or use a synchronous reset to get the best optimization for performance, power and area.
Related violations: <none>

DPIR-1#37 Warning
Asynchronous driver check  
DSP tangerineA7_100_i/tangerineSOC_0/inst/blitterInst/dpSa0 input pin tangerineA7_100_i/tangerineSOC_0/inst/blitterInst/dpSa0/C[5] is connected to registers with an asynchronous reset. This is preventing the possibility of merging these registers in to the DSP Block since the DSP block registers only possess synchronous reset capability.  It is suggested to recode or change these registers to remove the reset or use a synchronous reset to get the best optimization for performance, power and area.
Related violations: <none>

DPIR-1#38 Warning
Asynchronous driver check  
DSP tangerineA7_100_i/tangerineSOC_0/inst/blitterInst/dpSa0 input pin tangerineA7_100_i/tangerineSOC_0/inst/blitterInst/dpSa0/C[6] is connected to registers with an asynchronous reset. This is preventing the possibility of merging these registers in to the DSP Block since the DSP block registers only possess synchronous reset capability.  It is suggested to recode or change these registers to remove the reset or use a synchronous reset to get the best optimization for performance, power and area.
Related violations: <none>

DPIR-1#39 Warning
Asynchronous driver check  
DSP tangerineA7_100_i/tangerineSOC_0/inst/blitterInst/dpSa0 input pin tangerineA7_100_i/tangerineSOC_0/inst/blitterInst/dpSa0/C[7] is connected to registers with an asynchronous reset. This is preventing the possibility of merging these registers in to the DSP Block since the DSP block registers only possess synchronous reset capability.  It is suggested to recode or change these registers to remove the reset or use a synchronous reset to get the best optimization for performance, power and area.
Related violations: <none>

DPIR-1#40 Warning
Asynchronous driver check  
DSP tangerineA7_100_i/tangerineSOC_0/inst/blitterInst/dpSa0 input pin tangerineA7_100_i/tangerineSOC_0/inst/blitterInst/dpSa0/C[8] is connected to registers with an asynchronous reset. This is preventing the possibility of merging these registers in to the DSP Block since the DSP block registers only possess synchronous reset capability.  It is suggested to recode or change these registers to remove the reset or use a synchronous reset to get the best optimization for performance, power and area.
Related violations: <none>

DPIR-1#41 Warning
Asynchronous driver check  
DSP tangerineA7_100_i/tangerineSOC_0/inst/blitterInst/dpSa0 input pin tangerineA7_100_i/tangerineSOC_0/inst/blitterInst/dpSa0/C[9] is connected to registers with an asynchronous reset. This is preventing the possibility of merging these registers in to the DSP Block since the DSP block registers only possess synchronous reset capability.  It is suggested to recode or change these registers to remove the reset or use a synchronous reset to get the best optimization for performance, power and area.
Related violations: <none>

DPIR-1#42 Warning
Asynchronous driver check  
DSP tangerineA7_100_i/tangerineSOC_0/inst/blitterInst/gouraudIterator0Inst/mul3_reg input pin tangerineA7_100_i/tangerineSOC_0/inst/blitterInst/gouraudIterator0Inst/mul3_reg/B[0] is connected to registers with an asynchronous reset. This is preventing the possibility of merging these registers in to the DSP Block since the DSP block registers only possess synchronous reset capability.  It is suggested to recode or change these registers to remove the reset or use a synchronous reset to get the best optimization for performance, power and area.
Related violations: <none>

DPIR-1#43 Warning
Asynchronous driver check  
DSP tangerineA7_100_i/tangerineSOC_0/inst/blitterInst/gouraudIterator0Inst/mul3_reg input pin tangerineA7_100_i/tangerineSOC_0/inst/blitterInst/gouraudIterator0Inst/mul3_reg/B[1] is connected to registers with an asynchronous reset. This is preventing the possibility of merging these registers in to the DSP Block since the DSP block registers only possess synchronous reset capability.  It is suggested to recode or change these registers to remove the reset or use a synchronous reset to get the best optimization for performance, power and area.
Related violations: <none>

DPIR-1#44 Warning
Asynchronous driver check  
DSP tangerineA7_100_i/tangerineSOC_0/inst/blitterInst/gouraudIterator0Inst/mul3_reg input pin tangerineA7_100_i/tangerineSOC_0/inst/blitterInst/gouraudIterator0Inst/mul3_reg/B[2] is connected to registers with an asynchronous reset. This is preventing the possibility of merging these registers in to the DSP Block since the DSP block registers only possess synchronous reset capability.  It is suggested to recode or change these registers to remove the reset or use a synchronous reset to get the best optimization for performance, power and area.
Related violations: <none>

DPIR-1#45 Warning
Asynchronous driver check  
DSP tangerineA7_100_i/tangerineSOC_0/inst/blitterInst/gouraudIterator0Inst/mul3_reg input pin tangerineA7_100_i/tangerineSOC_0/inst/blitterInst/gouraudIterator0Inst/mul3_reg/B[3] is connected to registers with an asynchronous reset. This is preventing the possibility of merging these registers in to the DSP Block since the DSP block registers only possess synchronous reset capability.  It is suggested to recode or change these registers to remove the reset or use a synchronous reset to get the best optimization for performance, power and area.
Related violations: <none>

DPIR-1#46 Warning
Asynchronous driver check  
DSP tangerineA7_100_i/tangerineSOC_0/inst/blitterInst/gouraudIterator0Inst/mul3_reg input pin tangerineA7_100_i/tangerineSOC_0/inst/blitterInst/gouraudIterator0Inst/mul3_reg/B[4] is connected to registers with an asynchronous reset. This is preventing the possibility of merging these registers in to the DSP Block since the DSP block registers only possess synchronous reset capability.  It is suggested to recode or change these registers to remove the reset or use a synchronous reset to get the best optimization for performance, power and area.
Related violations: <none>

DPIR-1#47 Warning
Asynchronous driver check  
DSP tangerineA7_100_i/tangerineSOC_0/inst/blitterInst/gouraudIterator0Inst/mul3_reg input pin tangerineA7_100_i/tangerineSOC_0/inst/blitterInst/gouraudIterator0Inst/mul3_reg/B[5] is connected to registers with an asynchronous reset. This is preventing the possibility of merging these registers in to the DSP Block since the DSP block registers only possess synchronous reset capability.  It is suggested to recode or change these registers to remove the reset or use a synchronous reset to get the best optimization for performance, power and area.
Related violations: <none>

DPIR-1#48 Warning
Asynchronous driver check  
DSP tangerineA7_100_i/tangerineSOC_0/inst/blitterInst/gouraudIterator0Inst/mul3_reg input pin tangerineA7_100_i/tangerineSOC_0/inst/blitterInst/gouraudIterator0Inst/mul3_reg/B[6] is connected to registers with an asynchronous reset. This is preventing the possibility of merging these registers in to the DSP Block since the DSP block registers only possess synchronous reset capability.  It is suggested to recode or change these registers to remove the reset or use a synchronous reset to get the best optimization for performance, power and area.
Related violations: <none>

DPIR-1#49 Warning
Asynchronous driver check  
DSP tangerineA7_100_i/tangerineSOC_0/inst/blitterInst/gouraudIterator0Inst/mul3_reg input pin tangerineA7_100_i/tangerineSOC_0/inst/blitterInst/gouraudIterator0Inst/mul3_reg/B[7] is connected to registers with an asynchronous reset. This is preventing the possibility of merging these registers in to the DSP Block since the DSP block registers only possess synchronous reset capability.  It is suggested to recode or change these registers to remove the reset or use a synchronous reset to get the best optimization for performance, power and area.
Related violations: <none>

DPIR-1#50 Warning
Asynchronous driver check  
DSP tangerineA7_100_i/tangerineSOC_0/inst/blitterInst/gouraudIterator0Inst/plusOp input pin tangerineA7_100_i/tangerineSOC_0/inst/blitterInst/gouraudIterator0Inst/plusOp/B[0] is connected to registers with an asynchronous reset. This is preventing the possibility of merging these registers in to the DSP Block since the DSP block registers only possess synchronous reset capability.  It is suggested to recode or change these registers to remove the reset or use a synchronous reset to get the best optimization for performance, power and area.
Related violations: <none>

DPIR-1#51 Warning
Asynchronous driver check  
DSP tangerineA7_100_i/tangerineSOC_0/inst/blitterInst/gouraudIterator0Inst/plusOp input pin tangerineA7_100_i/tangerineSOC_0/inst/blitterInst/gouraudIterator0Inst/plusOp/B[1] is connected to registers with an asynchronous reset. This is preventing the possibility of merging these registers in to the DSP Block since the DSP block registers only possess synchronous reset capability.  It is suggested to recode or change these registers to remove the reset or use a synchronous reset to get the best optimization for performance, power and area.
Related violations: <none>

DPIR-1#52 Warning
Asynchronous driver check  
DSP tangerineA7_100_i/tangerineSOC_0/inst/blitterInst/gouraudIterator0Inst/plusOp input pin tangerineA7_100_i/tangerineSOC_0/inst/blitterInst/gouraudIterator0Inst/plusOp/B[2] is connected to registers with an asynchronous reset. This is preventing the possibility of merging these registers in to the DSP Block since the DSP block registers only possess synchronous reset capability.  It is suggested to recode or change these registers to remove the reset or use a synchronous reset to get the best optimization for performance, power and area.
Related violations: <none>

DPIR-1#53 Warning
Asynchronous driver check  
DSP tangerineA7_100_i/tangerineSOC_0/inst/blitterInst/gouraudIterator0Inst/plusOp input pin tangerineA7_100_i/tangerineSOC_0/inst/blitterInst/gouraudIterator0Inst/plusOp/B[3] is connected to registers with an asynchronous reset. This is preventing the possibility of merging these registers in to the DSP Block since the DSP block registers only possess synchronous reset capability.  It is suggested to recode or change these registers to remove the reset or use a synchronous reset to get the best optimization for performance, power and area.
Related violations: <none>

DPIR-1#54 Warning
Asynchronous driver check  
DSP tangerineA7_100_i/tangerineSOC_0/inst/blitterInst/gouraudIterator0Inst/plusOp input pin tangerineA7_100_i/tangerineSOC_0/inst/blitterInst/gouraudIterator0Inst/plusOp/B[4] is connected to registers with an asynchronous reset. This is preventing the possibility of merging these registers in to the DSP Block since the DSP block registers only possess synchronous reset capability.  It is suggested to recode or change these registers to remove the reset or use a synchronous reset to get the best optimization for performance, power and area.
Related violations: <none>

DPIR-1#55 Warning
Asynchronous driver check  
DSP tangerineA7_100_i/tangerineSOC_0/inst/blitterInst/gouraudIterator0Inst/plusOp input pin tangerineA7_100_i/tangerineSOC_0/inst/blitterInst/gouraudIterator0Inst/plusOp/B[5] is connected to registers with an asynchronous reset. This is preventing the possibility of merging these registers in to the DSP Block since the DSP block registers only possess synchronous reset capability.  It is suggested to recode or change these registers to remove the reset or use a synchronous reset to get the best optimization for performance, power and area.
Related violations: <none>

DPIR-1#56 Warning
Asynchronous driver check  
DSP tangerineA7_100_i/tangerineSOC_0/inst/blitterInst/gouraudIterator0Inst/plusOp input pin tangerineA7_100_i/tangerineSOC_0/inst/blitterInst/gouraudIterator0Inst/plusOp/B[6] is connected to registers with an asynchronous reset. This is preventing the possibility of merging these registers in to the DSP Block since the DSP block registers only possess synchronous reset capability.  It is suggested to recode or change these registers to remove the reset or use a synchronous reset to get the best optimization for performance, power and area.
Related violations: <none>

DPIR-1#57 Warning
Asynchronous driver check  
DSP tangerineA7_100_i/tangerineSOC_0/inst/blitterInst/gouraudIterator0Inst/plusOp input pin tangerineA7_100_i/tangerineSOC_0/inst/blitterInst/gouraudIterator0Inst/plusOp/B[7] is connected to registers with an asynchronous reset. This is preventing the possibility of merging these registers in to the DSP Block since the DSP block registers only possess synchronous reset capability.  It is suggested to recode or change these registers to remove the reset or use a synchronous reset to get the best optimization for performance, power and area.
Related violations: <none>

DPIR-1#58 Warning
Asynchronous driver check  
DSP tangerineA7_100_i/tangerineSOC_0/inst/blitterInst/gouraudIterator0Inst/plusOp__0 input pin tangerineA7_100_i/tangerineSOC_0/inst/blitterInst/gouraudIterator0Inst/plusOp__0/B[0] is connected to registers with an asynchronous reset. This is preventing the possibility of merging these registers in to the DSP Block since the DSP block registers only possess synchronous reset capability.  It is suggested to recode or change these registers to remove the reset or use a synchronous reset to get the best optimization for performance, power and area.
Related violations: <none>

DPIR-1#59 Warning
Asynchronous driver check  
DSP tangerineA7_100_i/tangerineSOC_0/inst/blitterInst/gouraudIterator0Inst/plusOp__0 input pin tangerineA7_100_i/tangerineSOC_0/inst/blitterInst/gouraudIterator0Inst/plusOp__0/B[1] is connected to registers with an asynchronous reset. This is preventing the possibility of merging these registers in to the DSP Block since the DSP block registers only possess synchronous reset capability.  It is suggested to recode or change these registers to remove the reset or use a synchronous reset to get the best optimization for performance, power and area.
Related violations: <none>

DPIR-1#60 Warning
Asynchronous driver check  
DSP tangerineA7_100_i/tangerineSOC_0/inst/blitterInst/gouraudIterator0Inst/plusOp__0 input pin tangerineA7_100_i/tangerineSOC_0/inst/blitterInst/gouraudIterator0Inst/plusOp__0/B[2] is connected to registers with an asynchronous reset. This is preventing the possibility of merging these registers in to the DSP Block since the DSP block registers only possess synchronous reset capability.  It is suggested to recode or change these registers to remove the reset or use a synchronous reset to get the best optimization for performance, power and area.
Related violations: <none>

DPIR-1#61 Warning
Asynchronous driver check  
DSP tangerineA7_100_i/tangerineSOC_0/inst/blitterInst/gouraudIterator0Inst/plusOp__0 input pin tangerineA7_100_i/tangerineSOC_0/inst/blitterInst/gouraudIterator0Inst/plusOp__0/B[3] is connected to registers with an asynchronous reset. This is preventing the possibility of merging these registers in to the DSP Block since the DSP block registers only possess synchronous reset capability.  It is suggested to recode or change these registers to remove the reset or use a synchronous reset to get the best optimization for performance, power and area.
Related violations: <none>

DPIR-1#62 Warning
Asynchronous driver check  
DSP tangerineA7_100_i/tangerineSOC_0/inst/blitterInst/gouraudIterator0Inst/plusOp__0 input pin tangerineA7_100_i/tangerineSOC_0/inst/blitterInst/gouraudIterator0Inst/plusOp__0/B[4] is connected to registers with an asynchronous reset. This is preventing the possibility of merging these registers in to the DSP Block since the DSP block registers only possess synchronous reset capability.  It is suggested to recode or change these registers to remove the reset or use a synchronous reset to get the best optimization for performance, power and area.
Related violations: <none>

DPIR-1#63 Warning
Asynchronous driver check  
DSP tangerineA7_100_i/tangerineSOC_0/inst/blitterInst/gouraudIterator0Inst/plusOp__0 input pin tangerineA7_100_i/tangerineSOC_0/inst/blitterInst/gouraudIterator0Inst/plusOp__0/B[5] is connected to registers with an asynchronous reset. This is preventing the possibility of merging these registers in to the DSP Block since the DSP block registers only possess synchronous reset capability.  It is suggested to recode or change these registers to remove the reset or use a synchronous reset to get the best optimization for performance, power and area.
Related violations: <none>

DPIR-1#64 Warning
Asynchronous driver check  
DSP tangerineA7_100_i/tangerineSOC_0/inst/blitterInst/gouraudIterator0Inst/plusOp__0 input pin tangerineA7_100_i/tangerineSOC_0/inst/blitterInst/gouraudIterator0Inst/plusOp__0/B[6] is connected to registers with an asynchronous reset. This is preventing the possibility of merging these registers in to the DSP Block since the DSP block registers only possess synchronous reset capability.  It is suggested to recode or change these registers to remove the reset or use a synchronous reset to get the best optimization for performance, power and area.
Related violations: <none>

DPIR-1#65 Warning
Asynchronous driver check  
DSP tangerineA7_100_i/tangerineSOC_0/inst/blitterInst/gouraudIterator0Inst/plusOp__0 input pin tangerineA7_100_i/tangerineSOC_0/inst/blitterInst/gouraudIterator0Inst/plusOp__0/B[7] is connected to registers with an asynchronous reset. This is preventing the possibility of merging these registers in to the DSP Block since the DSP block registers only possess synchronous reset capability.  It is suggested to recode or change these registers to remove the reset or use a synchronous reset to get the best optimization for performance, power and area.
Related violations: <none>

DPIR-1#66 Warning
Asynchronous driver check  
DSP tangerineA7_100_i/tangerineSOC_0/inst/blitterInst/gouraudIterator1Inst/mul3_reg input pin tangerineA7_100_i/tangerineSOC_0/inst/blitterInst/gouraudIterator1Inst/mul3_reg/B[0] is connected to registers with an asynchronous reset. This is preventing the possibility of merging these registers in to the DSP Block since the DSP block registers only possess synchronous reset capability.  It is suggested to recode or change these registers to remove the reset or use a synchronous reset to get the best optimization for performance, power and area.
Related violations: <none>

DPIR-1#67 Warning
Asynchronous driver check  
DSP tangerineA7_100_i/tangerineSOC_0/inst/blitterInst/gouraudIterator1Inst/mul3_reg input pin tangerineA7_100_i/tangerineSOC_0/inst/blitterInst/gouraudIterator1Inst/mul3_reg/B[1] is connected to registers with an asynchronous reset. This is preventing the possibility of merging these registers in to the DSP Block since the DSP block registers only possess synchronous reset capability.  It is suggested to recode or change these registers to remove the reset or use a synchronous reset to get the best optimization for performance, power and area.
Related violations: <none>

DPIR-1#68 Warning
Asynchronous driver check  
DSP tangerineA7_100_i/tangerineSOC_0/inst/blitterInst/gouraudIterator1Inst/mul3_reg input pin tangerineA7_100_i/tangerineSOC_0/inst/blitterInst/gouraudIterator1Inst/mul3_reg/B[2] is connected to registers with an asynchronous reset. This is preventing the possibility of merging these registers in to the DSP Block since the DSP block registers only possess synchronous reset capability.  It is suggested to recode or change these registers to remove the reset or use a synchronous reset to get the best optimization for performance, power and area.
Related violations: <none>

DPIR-1#69 Warning
Asynchronous driver check  
DSP tangerineA7_100_i/tangerineSOC_0/inst/blitterInst/gouraudIterator1Inst/mul3_reg input pin tangerineA7_100_i/tangerineSOC_0/inst/blitterInst/gouraudIterator1Inst/mul3_reg/B[3] is connected to registers with an asynchronous reset. This is preventing the possibility of merging these registers in to the DSP Block since the DSP block registers only possess synchronous reset capability.  It is suggested to recode or change these registers to remove the reset or use a synchronous reset to get the best optimization for performance, power and area.
Related violations: <none>

DPIR-1#70 Warning
Asynchronous driver check  
DSP tangerineA7_100_i/tangerineSOC_0/inst/blitterInst/gouraudIterator1Inst/mul3_reg input pin tangerineA7_100_i/tangerineSOC_0/inst/blitterInst/gouraudIterator1Inst/mul3_reg/B[4] is connected to registers with an asynchronous reset. This is preventing the possibility of merging these registers in to the DSP Block since the DSP block registers only possess synchronous reset capability.  It is suggested to recode or change these registers to remove the reset or use a synchronous reset to get the best optimization for performance, power and area.
Related violations: <none>

DPIR-1#71 Warning
Asynchronous driver check  
DSP tangerineA7_100_i/tangerineSOC_0/inst/blitterInst/gouraudIterator1Inst/mul3_reg input pin tangerineA7_100_i/tangerineSOC_0/inst/blitterInst/gouraudIterator1Inst/mul3_reg/B[5] is connected to registers with an asynchronous reset. This is preventing the possibility of merging these registers in to the DSP Block since the DSP block registers only possess synchronous reset capability.  It is suggested to recode or change these registers to remove the reset or use a synchronous reset to get the best optimization for performance, power and area.
Related violations: <none>

DPIR-1#72 Warning
Asynchronous driver check  
DSP tangerineA7_100_i/tangerineSOC_0/inst/blitterInst/gouraudIterator1Inst/mul3_reg input pin tangerineA7_100_i/tangerineSOC_0/inst/blitterInst/gouraudIterator1Inst/mul3_reg/B[6] is connected to registers with an asynchronous reset. This is preventing the possibility of merging these registers in to the DSP Block since the DSP block registers only possess synchronous reset capability.  It is suggested to recode or change these registers to remove the reset or use a synchronous reset to get the best optimization for performance, power and area.
Related violations: <none>

DPIR-1#73 Warning
Asynchronous driver check  
DSP tangerineA7_100_i/tangerineSOC_0/inst/blitterInst/gouraudIterator1Inst/mul3_reg input pin tangerineA7_100_i/tangerineSOC_0/inst/blitterInst/gouraudIterator1Inst/mul3_reg/B[7] is connected to registers with an asynchronous reset. This is preventing the possibility of merging these registers in to the DSP Block since the DSP block registers only possess synchronous reset capability.  It is suggested to recode or change these registers to remove the reset or use a synchronous reset to get the best optimization for performance, power and area.
Related violations: <none>

DPIR-1#74 Warning
Asynchronous driver check  
DSP tangerineA7_100_i/tangerineSOC_0/inst/blitterInst/gouraudIterator1Inst/plusOp input pin tangerineA7_100_i/tangerineSOC_0/inst/blitterInst/gouraudIterator1Inst/plusOp/B[0] is connected to registers with an asynchronous reset. This is preventing the possibility of merging these registers in to the DSP Block since the DSP block registers only possess synchronous reset capability.  It is suggested to recode or change these registers to remove the reset or use a synchronous reset to get the best optimization for performance, power and area.
Related violations: <none>

DPIR-1#75 Warning
Asynchronous driver check  
DSP tangerineA7_100_i/tangerineSOC_0/inst/blitterInst/gouraudIterator1Inst/plusOp input pin tangerineA7_100_i/tangerineSOC_0/inst/blitterInst/gouraudIterator1Inst/plusOp/B[1] is connected to registers with an asynchronous reset. This is preventing the possibility of merging these registers in to the DSP Block since the DSP block registers only possess synchronous reset capability.  It is suggested to recode or change these registers to remove the reset or use a synchronous reset to get the best optimization for performance, power and area.
Related violations: <none>

DPIR-1#76 Warning
Asynchronous driver check  
DSP tangerineA7_100_i/tangerineSOC_0/inst/blitterInst/gouraudIterator1Inst/plusOp input pin tangerineA7_100_i/tangerineSOC_0/inst/blitterInst/gouraudIterator1Inst/plusOp/B[2] is connected to registers with an asynchronous reset. This is preventing the possibility of merging these registers in to the DSP Block since the DSP block registers only possess synchronous reset capability.  It is suggested to recode or change these registers to remove the reset or use a synchronous reset to get the best optimization for performance, power and area.
Related violations: <none>

DPIR-1#77 Warning
Asynchronous driver check  
DSP tangerineA7_100_i/tangerineSOC_0/inst/blitterInst/gouraudIterator1Inst/plusOp input pin tangerineA7_100_i/tangerineSOC_0/inst/blitterInst/gouraudIterator1Inst/plusOp/B[3] is connected to registers with an asynchronous reset. This is preventing the possibility of merging these registers in to the DSP Block since the DSP block registers only possess synchronous reset capability.  It is suggested to recode or change these registers to remove the reset or use a synchronous reset to get the best optimization for performance, power and area.
Related violations: <none>

DPIR-1#78 Warning
Asynchronous driver check  
DSP tangerineA7_100_i/tangerineSOC_0/inst/blitterInst/gouraudIterator1Inst/plusOp input pin tangerineA7_100_i/tangerineSOC_0/inst/blitterInst/gouraudIterator1Inst/plusOp/B[4] is connected to registers with an asynchronous reset. This is preventing the possibility of merging these registers in to the DSP Block since the DSP block registers only possess synchronous reset capability.  It is suggested to recode or change these registers to remove the reset or use a synchronous reset to get the best optimization for performance, power and area.
Related violations: <none>

DPIR-1#79 Warning
Asynchronous driver check  
DSP tangerineA7_100_i/tangerineSOC_0/inst/blitterInst/gouraudIterator1Inst/plusOp input pin tangerineA7_100_i/tangerineSOC_0/inst/blitterInst/gouraudIterator1Inst/plusOp/B[5] is connected to registers with an asynchronous reset. This is preventing the possibility of merging these registers in to the DSP Block since the DSP block registers only possess synchronous reset capability.  It is suggested to recode or change these registers to remove the reset or use a synchronous reset to get the best optimization for performance, power and area.
Related violations: <none>

DPIR-1#80 Warning
Asynchronous driver check  
DSP tangerineA7_100_i/tangerineSOC_0/inst/blitterInst/gouraudIterator1Inst/plusOp input pin tangerineA7_100_i/tangerineSOC_0/inst/blitterInst/gouraudIterator1Inst/plusOp/B[6] is connected to registers with an asynchronous reset. This is preventing the possibility of merging these registers in to the DSP Block since the DSP block registers only possess synchronous reset capability.  It is suggested to recode or change these registers to remove the reset or use a synchronous reset to get the best optimization for performance, power and area.
Related violations: <none>

DPIR-1#81 Warning
Asynchronous driver check  
DSP tangerineA7_100_i/tangerineSOC_0/inst/blitterInst/gouraudIterator1Inst/plusOp input pin tangerineA7_100_i/tangerineSOC_0/inst/blitterInst/gouraudIterator1Inst/plusOp/B[7] is connected to registers with an asynchronous reset. This is preventing the possibility of merging these registers in to the DSP Block since the DSP block registers only possess synchronous reset capability.  It is suggested to recode or change these registers to remove the reset or use a synchronous reset to get the best optimization for performance, power and area.
Related violations: <none>

DPIR-1#82 Warning
Asynchronous driver check  
DSP tangerineA7_100_i/tangerineSOC_0/inst/blitterInst/gouraudIterator1Inst/plusOp__0 input pin tangerineA7_100_i/tangerineSOC_0/inst/blitterInst/gouraudIterator1Inst/plusOp__0/B[0] is connected to registers with an asynchronous reset. This is preventing the possibility of merging these registers in to the DSP Block since the DSP block registers only possess synchronous reset capability.  It is suggested to recode or change these registers to remove the reset or use a synchronous reset to get the best optimization for performance, power and area.
Related violations: <none>

DPIR-1#83 Warning
Asynchronous driver check  
DSP tangerineA7_100_i/tangerineSOC_0/inst/blitterInst/gouraudIterator1Inst/plusOp__0 input pin tangerineA7_100_i/tangerineSOC_0/inst/blitterInst/gouraudIterator1Inst/plusOp__0/B[1] is connected to registers with an asynchronous reset. This is preventing the possibility of merging these registers in to the DSP Block since the DSP block registers only possess synchronous reset capability.  It is suggested to recode or change these registers to remove the reset or use a synchronous reset to get the best optimization for performance, power and area.
Related violations: <none>

DPIR-1#84 Warning
Asynchronous driver check  
DSP tangerineA7_100_i/tangerineSOC_0/inst/blitterInst/gouraudIterator1Inst/plusOp__0 input pin tangerineA7_100_i/tangerineSOC_0/inst/blitterInst/gouraudIterator1Inst/plusOp__0/B[2] is connected to registers with an asynchronous reset. This is preventing the possibility of merging these registers in to the DSP Block since the DSP block registers only possess synchronous reset capability.  It is suggested to recode or change these registers to remove the reset or use a synchronous reset to get the best optimization for performance, power and area.
Related violations: <none>

DPIR-1#85 Warning
Asynchronous driver check  
DSP tangerineA7_100_i/tangerineSOC_0/inst/blitterInst/gouraudIterator1Inst/plusOp__0 input pin tangerineA7_100_i/tangerineSOC_0/inst/blitterInst/gouraudIterator1Inst/plusOp__0/B[3] is connected to registers with an asynchronous reset. This is preventing the possibility of merging these registers in to the DSP Block since the DSP block registers only possess synchronous reset capability.  It is suggested to recode or change these registers to remove the reset or use a synchronous reset to get the best optimization for performance, power and area.
Related violations: <none>

DPIR-1#86 Warning
Asynchronous driver check  
DSP tangerineA7_100_i/tangerineSOC_0/inst/blitterInst/gouraudIterator1Inst/plusOp__0 input pin tangerineA7_100_i/tangerineSOC_0/inst/blitterInst/gouraudIterator1Inst/plusOp__0/B[4] is connected to registers with an asynchronous reset. This is preventing the possibility of merging these registers in to the DSP Block since the DSP block registers only possess synchronous reset capability.  It is suggested to recode or change these registers to remove the reset or use a synchronous reset to get the best optimization for performance, power and area.
Related violations: <none>

DPIR-1#87 Warning
Asynchronous driver check  
DSP tangerineA7_100_i/tangerineSOC_0/inst/blitterInst/gouraudIterator1Inst/plusOp__0 input pin tangerineA7_100_i/tangerineSOC_0/inst/blitterInst/gouraudIterator1Inst/plusOp__0/B[5] is connected to registers with an asynchronous reset. This is preventing the possibility of merging these registers in to the DSP Block since the DSP block registers only possess synchronous reset capability.  It is suggested to recode or change these registers to remove the reset or use a synchronous reset to get the best optimization for performance, power and area.
Related violations: <none>

DPIR-1#88 Warning
Asynchronous driver check  
DSP tangerineA7_100_i/tangerineSOC_0/inst/blitterInst/gouraudIterator1Inst/plusOp__0 input pin tangerineA7_100_i/tangerineSOC_0/inst/blitterInst/gouraudIterator1Inst/plusOp__0/B[6] is connected to registers with an asynchronous reset. This is preventing the possibility of merging these registers in to the DSP Block since the DSP block registers only possess synchronous reset capability.  It is suggested to recode or change these registers to remove the reset or use a synchronous reset to get the best optimization for performance, power and area.
Related violations: <none>

DPIR-1#89 Warning
Asynchronous driver check  
DSP tangerineA7_100_i/tangerineSOC_0/inst/blitterInst/gouraudIterator1Inst/plusOp__0 input pin tangerineA7_100_i/tangerineSOC_0/inst/blitterInst/gouraudIterator1Inst/plusOp__0/B[7] is connected to registers with an asynchronous reset. This is preventing the possibility of merging these registers in to the DSP Block since the DSP block registers only possess synchronous reset capability.  It is suggested to recode or change these registers to remove the reset or use a synchronous reset to get the best optimization for performance, power and area.
Related violations: <none>

DPIR-1#90 Warning
Asynchronous driver check  
DSP tangerineA7_100_i/tangerineSOC_0/inst/blitterInst/gouraudIterator2Inst/mul3_reg input pin tangerineA7_100_i/tangerineSOC_0/inst/blitterInst/gouraudIterator2Inst/mul3_reg/B[0] is connected to registers with an asynchronous reset. This is preventing the possibility of merging these registers in to the DSP Block since the DSP block registers only possess synchronous reset capability.  It is suggested to recode or change these registers to remove the reset or use a synchronous reset to get the best optimization for performance, power and area.
Related violations: <none>

DPIR-1#91 Warning
Asynchronous driver check  
DSP tangerineA7_100_i/tangerineSOC_0/inst/blitterInst/gouraudIterator2Inst/mul3_reg input pin tangerineA7_100_i/tangerineSOC_0/inst/blitterInst/gouraudIterator2Inst/mul3_reg/B[1] is connected to registers with an asynchronous reset. This is preventing the possibility of merging these registers in to the DSP Block since the DSP block registers only possess synchronous reset capability.  It is suggested to recode or change these registers to remove the reset or use a synchronous reset to get the best optimization for performance, power and area.
Related violations: <none>

DPIR-1#92 Warning
Asynchronous driver check  
DSP tangerineA7_100_i/tangerineSOC_0/inst/blitterInst/gouraudIterator2Inst/mul3_reg input pin tangerineA7_100_i/tangerineSOC_0/inst/blitterInst/gouraudIterator2Inst/mul3_reg/B[2] is connected to registers with an asynchronous reset. This is preventing the possibility of merging these registers in to the DSP Block since the DSP block registers only possess synchronous reset capability.  It is suggested to recode or change these registers to remove the reset or use a synchronous reset to get the best optimization for performance, power and area.
Related violations: <none>

DPIR-1#93 Warning
Asynchronous driver check  
DSP tangerineA7_100_i/tangerineSOC_0/inst/blitterInst/gouraudIterator2Inst/mul3_reg input pin tangerineA7_100_i/tangerineSOC_0/inst/blitterInst/gouraudIterator2Inst/mul3_reg/B[3] is connected to registers with an asynchronous reset. This is preventing the possibility of merging these registers in to the DSP Block since the DSP block registers only possess synchronous reset capability.  It is suggested to recode or change these registers to remove the reset or use a synchronous reset to get the best optimization for performance, power and area.
Related violations: <none>

DPIR-1#94 Warning
Asynchronous driver check  
DSP tangerineA7_100_i/tangerineSOC_0/inst/blitterInst/gouraudIterator2Inst/mul3_reg input pin tangerineA7_100_i/tangerineSOC_0/inst/blitterInst/gouraudIterator2Inst/mul3_reg/B[4] is connected to registers with an asynchronous reset. This is preventing the possibility of merging these registers in to the DSP Block since the DSP block registers only possess synchronous reset capability.  It is suggested to recode or change these registers to remove the reset or use a synchronous reset to get the best optimization for performance, power and area.
Related violations: <none>

DPIR-1#95 Warning
Asynchronous driver check  
DSP tangerineA7_100_i/tangerineSOC_0/inst/blitterInst/gouraudIterator2Inst/mul3_reg input pin tangerineA7_100_i/tangerineSOC_0/inst/blitterInst/gouraudIterator2Inst/mul3_reg/B[5] is connected to registers with an asynchronous reset. This is preventing the possibility of merging these registers in to the DSP Block since the DSP block registers only possess synchronous reset capability.  It is suggested to recode or change these registers to remove the reset or use a synchronous reset to get the best optimization for performance, power and area.
Related violations: <none>

DPIR-1#96 Warning
Asynchronous driver check  
DSP tangerineA7_100_i/tangerineSOC_0/inst/blitterInst/gouraudIterator2Inst/mul3_reg input pin tangerineA7_100_i/tangerineSOC_0/inst/blitterInst/gouraudIterator2Inst/mul3_reg/B[6] is connected to registers with an asynchronous reset. This is preventing the possibility of merging these registers in to the DSP Block since the DSP block registers only possess synchronous reset capability.  It is suggested to recode or change these registers to remove the reset or use a synchronous reset to get the best optimization for performance, power and area.
Related violations: <none>

DPIR-1#97 Warning
Asynchronous driver check  
DSP tangerineA7_100_i/tangerineSOC_0/inst/blitterInst/gouraudIterator2Inst/mul3_reg input pin tangerineA7_100_i/tangerineSOC_0/inst/blitterInst/gouraudIterator2Inst/mul3_reg/B[7] is connected to registers with an asynchronous reset. This is preventing the possibility of merging these registers in to the DSP Block since the DSP block registers only possess synchronous reset capability.  It is suggested to recode or change these registers to remove the reset or use a synchronous reset to get the best optimization for performance, power and area.
Related violations: <none>

DPIR-1#98 Warning
Asynchronous driver check  
DSP tangerineA7_100_i/tangerineSOC_0/inst/blitterInst/gouraudIterator2Inst/plusOp input pin tangerineA7_100_i/tangerineSOC_0/inst/blitterInst/gouraudIterator2Inst/plusOp/B[0] is connected to registers with an asynchronous reset. This is preventing the possibility of merging these registers in to the DSP Block since the DSP block registers only possess synchronous reset capability.  It is suggested to recode or change these registers to remove the reset or use a synchronous reset to get the best optimization for performance, power and area.
Related violations: <none>

DPIR-1#99 Warning
Asynchronous driver check  
DSP tangerineA7_100_i/tangerineSOC_0/inst/blitterInst/gouraudIterator2Inst/plusOp input pin tangerineA7_100_i/tangerineSOC_0/inst/blitterInst/gouraudIterator2Inst/plusOp/B[1] is connected to registers with an asynchronous reset. This is preventing the possibility of merging these registers in to the DSP Block since the DSP block registers only possess synchronous reset capability.  It is suggested to recode or change these registers to remove the reset or use a synchronous reset to get the best optimization for performance, power and area.
Related violations: <none>

DPIR-1#100 Warning
Asynchronous driver check  
DSP tangerineA7_100_i/tangerineSOC_0/inst/blitterInst/gouraudIterator2Inst/plusOp input pin tangerineA7_100_i/tangerineSOC_0/inst/blitterInst/gouraudIterator2Inst/plusOp/B[2] is connected to registers with an asynchronous reset. This is preventing the possibility of merging these registers in to the DSP Block since the DSP block registers only possess synchronous reset capability.  It is suggested to recode or change these registers to remove the reset or use a synchronous reset to get the best optimization for performance, power and area.
Related violations: <none>

DPIR-1#101 Warning
Asynchronous driver check  
DSP tangerineA7_100_i/tangerineSOC_0/inst/blitterInst/gouraudIterator2Inst/plusOp input pin tangerineA7_100_i/tangerineSOC_0/inst/blitterInst/gouraudIterator2Inst/plusOp/B[3] is connected to registers with an asynchronous reset. This is preventing the possibility of merging these registers in to the DSP Block since the DSP block registers only possess synchronous reset capability.  It is suggested to recode or change these registers to remove the reset or use a synchronous reset to get the best optimization for performance, power and area.
Related violations: <none>

DPIR-1#102 Warning
Asynchronous driver check  
DSP tangerineA7_100_i/tangerineSOC_0/inst/blitterInst/gouraudIterator2Inst/plusOp input pin tangerineA7_100_i/tangerineSOC_0/inst/blitterInst/gouraudIterator2Inst/plusOp/B[4] is connected to registers with an asynchronous reset. This is preventing the possibility of merging these registers in to the DSP Block since the DSP block registers only possess synchronous reset capability.  It is suggested to recode or change these registers to remove the reset or use a synchronous reset to get the best optimization for performance, power and area.
Related violations: <none>

DPIR-1#103 Warning
Asynchronous driver check  
DSP tangerineA7_100_i/tangerineSOC_0/inst/blitterInst/gouraudIterator2Inst/plusOp input pin tangerineA7_100_i/tangerineSOC_0/inst/blitterInst/gouraudIterator2Inst/plusOp/B[5] is connected to registers with an asynchronous reset. This is preventing the possibility of merging these registers in to the DSP Block since the DSP block registers only possess synchronous reset capability.  It is suggested to recode or change these registers to remove the reset or use a synchronous reset to get the best optimization for performance, power and area.
Related violations: <none>

DPIR-1#104 Warning
Asynchronous driver check  
DSP tangerineA7_100_i/tangerineSOC_0/inst/blitterInst/gouraudIterator2Inst/plusOp input pin tangerineA7_100_i/tangerineSOC_0/inst/blitterInst/gouraudIterator2Inst/plusOp/B[6] is connected to registers with an asynchronous reset. This is preventing the possibility of merging these registers in to the DSP Block since the DSP block registers only possess synchronous reset capability.  It is suggested to recode or change these registers to remove the reset or use a synchronous reset to get the best optimization for performance, power and area.
Related violations: <none>

DPIR-1#105 Warning
Asynchronous driver check  
DSP tangerineA7_100_i/tangerineSOC_0/inst/blitterInst/gouraudIterator2Inst/plusOp input pin tangerineA7_100_i/tangerineSOC_0/inst/blitterInst/gouraudIterator2Inst/plusOp/B[7] is connected to registers with an asynchronous reset. This is preventing the possibility of merging these registers in to the DSP Block since the DSP block registers only possess synchronous reset capability.  It is suggested to recode or change these registers to remove the reset or use a synchronous reset to get the best optimization for performance, power and area.
Related violations: <none>

DPIR-1#106 Warning
Asynchronous driver check  
DSP tangerineA7_100_i/tangerineSOC_0/inst/blitterInst/gouraudIterator2Inst/plusOp__0 input pin tangerineA7_100_i/tangerineSOC_0/inst/blitterInst/gouraudIterator2Inst/plusOp__0/B[0] is connected to registers with an asynchronous reset. This is preventing the possibility of merging these registers in to the DSP Block since the DSP block registers only possess synchronous reset capability.  It is suggested to recode or change these registers to remove the reset or use a synchronous reset to get the best optimization for performance, power and area.
Related violations: <none>

DPIR-1#107 Warning
Asynchronous driver check  
DSP tangerineA7_100_i/tangerineSOC_0/inst/blitterInst/gouraudIterator2Inst/plusOp__0 input pin tangerineA7_100_i/tangerineSOC_0/inst/blitterInst/gouraudIterator2Inst/plusOp__0/B[1] is connected to registers with an asynchronous reset. This is preventing the possibility of merging these registers in to the DSP Block since the DSP block registers only possess synchronous reset capability.  It is suggested to recode or change these registers to remove the reset or use a synchronous reset to get the best optimization for performance, power and area.
Related violations: <none>

DPIR-1#108 Warning
Asynchronous driver check  
DSP tangerineA7_100_i/tangerineSOC_0/inst/blitterInst/gouraudIterator2Inst/plusOp__0 input pin tangerineA7_100_i/tangerineSOC_0/inst/blitterInst/gouraudIterator2Inst/plusOp__0/B[2] is connected to registers with an asynchronous reset. This is preventing the possibility of merging these registers in to the DSP Block since the DSP block registers only possess synchronous reset capability.  It is suggested to recode or change these registers to remove the reset or use a synchronous reset to get the best optimization for performance, power and area.
Related violations: <none>

DPIR-1#109 Warning
Asynchronous driver check  
DSP tangerineA7_100_i/tangerineSOC_0/inst/blitterInst/gouraudIterator2Inst/plusOp__0 input pin tangerineA7_100_i/tangerineSOC_0/inst/blitterInst/gouraudIterator2Inst/plusOp__0/B[3] is connected to registers with an asynchronous reset. This is preventing the possibility of merging these registers in to the DSP Block since the DSP block registers only possess synchronous reset capability.  It is suggested to recode or change these registers to remove the reset or use a synchronous reset to get the best optimization for performance, power and area.
Related violations: <none>

DPIR-1#110 Warning
Asynchronous driver check  
DSP tangerineA7_100_i/tangerineSOC_0/inst/blitterInst/gouraudIterator2Inst/plusOp__0 input pin tangerineA7_100_i/tangerineSOC_0/inst/blitterInst/gouraudIterator2Inst/plusOp__0/B[4] is connected to registers with an asynchronous reset. This is preventing the possibility of merging these registers in to the DSP Block since the DSP block registers only possess synchronous reset capability.  It is suggested to recode or change these registers to remove the reset or use a synchronous reset to get the best optimization for performance, power and area.
Related violations: <none>

DPIR-1#111 Warning
Asynchronous driver check  
DSP tangerineA7_100_i/tangerineSOC_0/inst/blitterInst/gouraudIterator2Inst/plusOp__0 input pin tangerineA7_100_i/tangerineSOC_0/inst/blitterInst/gouraudIterator2Inst/plusOp__0/B[5] is connected to registers with an asynchronous reset. This is preventing the possibility of merging these registers in to the DSP Block since the DSP block registers only possess synchronous reset capability.  It is suggested to recode or change these registers to remove the reset or use a synchronous reset to get the best optimization for performance, power and area.
Related violations: <none>

DPIR-1#112 Warning
Asynchronous driver check  
DSP tangerineA7_100_i/tangerineSOC_0/inst/blitterInst/gouraudIterator2Inst/plusOp__0 input pin tangerineA7_100_i/tangerineSOC_0/inst/blitterInst/gouraudIterator2Inst/plusOp__0/B[6] is connected to registers with an asynchronous reset. This is preventing the possibility of merging these registers in to the DSP Block since the DSP block registers only possess synchronous reset capability.  It is suggested to recode or change these registers to remove the reset or use a synchronous reset to get the best optimization for performance, power and area.
Related violations: <none>

DPIR-1#113 Warning
Asynchronous driver check  
DSP tangerineA7_100_i/tangerineSOC_0/inst/blitterInst/gouraudIterator2Inst/plusOp__0 input pin tangerineA7_100_i/tangerineSOC_0/inst/blitterInst/gouraudIterator2Inst/plusOp__0/B[7] is connected to registers with an asynchronous reset. This is preventing the possibility of merging these registers in to the DSP Block since the DSP block registers only possess synchronous reset capability.  It is suggested to recode or change these registers to remove the reset or use a synchronous reset to get the best optimization for performance, power and area.
Related violations: <none>

DPIR-1#114 Warning
Asynchronous driver check  
DSP tangerineA7_100_i/tangerineSOC_0/inst/blitterInst/gouraudIterator3Inst/mul3_reg input pin tangerineA7_100_i/tangerineSOC_0/inst/blitterInst/gouraudIterator3Inst/mul3_reg/A[0] is connected to registers with an asynchronous reset. This is preventing the possibility of merging these registers in to the DSP Block since the DSP block registers only possess synchronous reset capability.  It is suggested to recode or change these registers to remove the reset or use a synchronous reset to get the best optimization for performance, power and area.
Related violations: <none>

DPIR-1#115 Warning
Asynchronous driver check  
DSP tangerineA7_100_i/tangerineSOC_0/inst/blitterInst/gouraudIterator3Inst/mul3_reg input pin tangerineA7_100_i/tangerineSOC_0/inst/blitterInst/gouraudIterator3Inst/mul3_reg/A[10] is connected to registers with an asynchronous reset. This is preventing the possibility of merging these registers in to the DSP Block since the DSP block registers only possess synchronous reset capability.  It is suggested to recode or change these registers to remove the reset or use a synchronous reset to get the best optimization for performance, power and area.
Related violations: <none>

DPIR-1#116 Warning
Asynchronous driver check  
DSP tangerineA7_100_i/tangerineSOC_0/inst/blitterInst/gouraudIterator3Inst/mul3_reg input pin tangerineA7_100_i/tangerineSOC_0/inst/blitterInst/gouraudIterator3Inst/mul3_reg/A[11] is connected to registers with an asynchronous reset. This is preventing the possibility of merging these registers in to the DSP Block since the DSP block registers only possess synchronous reset capability.  It is suggested to recode or change these registers to remove the reset or use a synchronous reset to get the best optimization for performance, power and area.
Related violations: <none>

DPIR-1#117 Warning
Asynchronous driver check  
DSP tangerineA7_100_i/tangerineSOC_0/inst/blitterInst/gouraudIterator3Inst/mul3_reg input pin tangerineA7_100_i/tangerineSOC_0/inst/blitterInst/gouraudIterator3Inst/mul3_reg/A[12] is connected to registers with an asynchronous reset. This is preventing the possibility of merging these registers in to the DSP Block since the DSP block registers only possess synchronous reset capability.  It is suggested to recode or change these registers to remove the reset or use a synchronous reset to get the best optimization for performance, power and area.
Related violations: <none>

DPIR-1#118 Warning
Asynchronous driver check  
DSP tangerineA7_100_i/tangerineSOC_0/inst/blitterInst/gouraudIterator3Inst/mul3_reg input pin tangerineA7_100_i/tangerineSOC_0/inst/blitterInst/gouraudIterator3Inst/mul3_reg/A[13] is connected to registers with an asynchronous reset. This is preventing the possibility of merging these registers in to the DSP Block since the DSP block registers only possess synchronous reset capability.  It is suggested to recode or change these registers to remove the reset or use a synchronous reset to get the best optimization for performance, power and area.
Related violations: <none>

DPIR-1#119 Warning
Asynchronous driver check  
DSP tangerineA7_100_i/tangerineSOC_0/inst/blitterInst/gouraudIterator3Inst/mul3_reg input pin tangerineA7_100_i/tangerineSOC_0/inst/blitterInst/gouraudIterator3Inst/mul3_reg/A[14] is connected to registers with an asynchronous reset. This is preventing the possibility of merging these registers in to the DSP Block since the DSP block registers only possess synchronous reset capability.  It is suggested to recode or change these registers to remove the reset or use a synchronous reset to get the best optimization for performance, power and area.
Related violations: <none>

DPIR-1#120 Warning
Asynchronous driver check  
DSP tangerineA7_100_i/tangerineSOC_0/inst/blitterInst/gouraudIterator3Inst/mul3_reg input pin tangerineA7_100_i/tangerineSOC_0/inst/blitterInst/gouraudIterator3Inst/mul3_reg/A[15] is connected to registers with an asynchronous reset. This is preventing the possibility of merging these registers in to the DSP Block since the DSP block registers only possess synchronous reset capability.  It is suggested to recode or change these registers to remove the reset or use a synchronous reset to get the best optimization for performance, power and area.
Related violations: <none>

DPIR-1#121 Warning
Asynchronous driver check  
DSP tangerineA7_100_i/tangerineSOC_0/inst/blitterInst/gouraudIterator3Inst/mul3_reg input pin tangerineA7_100_i/tangerineSOC_0/inst/blitterInst/gouraudIterator3Inst/mul3_reg/A[1] is connected to registers with an asynchronous reset. This is preventing the possibility of merging these registers in to the DSP Block since the DSP block registers only possess synchronous reset capability.  It is suggested to recode or change these registers to remove the reset or use a synchronous reset to get the best optimization for performance, power and area.
Related violations: <none>

DPIR-1#122 Warning
Asynchronous driver check  
DSP tangerineA7_100_i/tangerineSOC_0/inst/blitterInst/gouraudIterator3Inst/mul3_reg input pin tangerineA7_100_i/tangerineSOC_0/inst/blitterInst/gouraudIterator3Inst/mul3_reg/A[2] is connected to registers with an asynchronous reset. This is preventing the possibility of merging these registers in to the DSP Block since the DSP block registers only possess synchronous reset capability.  It is suggested to recode or change these registers to remove the reset or use a synchronous reset to get the best optimization for performance, power and area.
Related violations: <none>

DPIR-1#123 Warning
Asynchronous driver check  
DSP tangerineA7_100_i/tangerineSOC_0/inst/blitterInst/gouraudIterator3Inst/mul3_reg input pin tangerineA7_100_i/tangerineSOC_0/inst/blitterInst/gouraudIterator3Inst/mul3_reg/A[3] is connected to registers with an asynchronous reset. This is preventing the possibility of merging these registers in to the DSP Block since the DSP block registers only possess synchronous reset capability.  It is suggested to recode or change these registers to remove the reset or use a synchronous reset to get the best optimization for performance, power and area.
Related violations: <none>

DPIR-1#124 Warning
Asynchronous driver check  
DSP tangerineA7_100_i/tangerineSOC_0/inst/blitterInst/gouraudIterator3Inst/mul3_reg input pin tangerineA7_100_i/tangerineSOC_0/inst/blitterInst/gouraudIterator3Inst/mul3_reg/A[4] is connected to registers with an asynchronous reset. This is preventing the possibility of merging these registers in to the DSP Block since the DSP block registers only possess synchronous reset capability.  It is suggested to recode or change these registers to remove the reset or use a synchronous reset to get the best optimization for performance, power and area.
Related violations: <none>

DPIR-1#125 Warning
Asynchronous driver check  
DSP tangerineA7_100_i/tangerineSOC_0/inst/blitterInst/gouraudIterator3Inst/mul3_reg input pin tangerineA7_100_i/tangerineSOC_0/inst/blitterInst/gouraudIterator3Inst/mul3_reg/A[5] is connected to registers with an asynchronous reset. This is preventing the possibility of merging these registers in to the DSP Block since the DSP block registers only possess synchronous reset capability.  It is suggested to recode or change these registers to remove the reset or use a synchronous reset to get the best optimization for performance, power and area.
Related violations: <none>

DPIR-1#126 Warning
Asynchronous driver check  
DSP tangerineA7_100_i/tangerineSOC_0/inst/blitterInst/gouraudIterator3Inst/mul3_reg input pin tangerineA7_100_i/tangerineSOC_0/inst/blitterInst/gouraudIterator3Inst/mul3_reg/A[6] is connected to registers with an asynchronous reset. This is preventing the possibility of merging these registers in to the DSP Block since the DSP block registers only possess synchronous reset capability.  It is suggested to recode or change these registers to remove the reset or use a synchronous reset to get the best optimization for performance, power and area.
Related violations: <none>

DPIR-1#127 Warning
Asynchronous driver check  
DSP tangerineA7_100_i/tangerineSOC_0/inst/blitterInst/gouraudIterator3Inst/mul3_reg input pin tangerineA7_100_i/tangerineSOC_0/inst/blitterInst/gouraudIterator3Inst/mul3_reg/A[7] is connected to registers with an asynchronous reset. This is preventing the possibility of merging these registers in to the DSP Block since the DSP block registers only possess synchronous reset capability.  It is suggested to recode or change these registers to remove the reset or use a synchronous reset to get the best optimization for performance, power and area.
Related violations: <none>

DPIR-1#128 Warning
Asynchronous driver check  
DSP tangerineA7_100_i/tangerineSOC_0/inst/blitterInst/gouraudIterator3Inst/mul3_reg input pin tangerineA7_100_i/tangerineSOC_0/inst/blitterInst/gouraudIterator3Inst/mul3_reg/A[8] is connected to registers with an asynchronous reset. This is preventing the possibility of merging these registers in to the DSP Block since the DSP block registers only possess synchronous reset capability.  It is suggested to recode or change these registers to remove the reset or use a synchronous reset to get the best optimization for performance, power and area.
Related violations: <none>

DPIR-1#129 Warning
Asynchronous driver check  
DSP tangerineA7_100_i/tangerineSOC_0/inst/blitterInst/gouraudIterator3Inst/mul3_reg input pin tangerineA7_100_i/tangerineSOC_0/inst/blitterInst/gouraudIterator3Inst/mul3_reg/A[9] is connected to registers with an asynchronous reset. This is preventing the possibility of merging these registers in to the DSP Block since the DSP block registers only possess synchronous reset capability.  It is suggested to recode or change these registers to remove the reset or use a synchronous reset to get the best optimization for performance, power and area.
Related violations: <none>

DPIR-1#130 Warning
Asynchronous driver check  
DSP tangerineA7_100_i/tangerineSOC_0/inst/blitterInst/gouraudIterator3Inst/plusOp input pin tangerineA7_100_i/tangerineSOC_0/inst/blitterInst/gouraudIterator3Inst/plusOp/A[0] is connected to registers with an asynchronous reset. This is preventing the possibility of merging these registers in to the DSP Block since the DSP block registers only possess synchronous reset capability.  It is suggested to recode or change these registers to remove the reset or use a synchronous reset to get the best optimization for performance, power and area.
Related violations: <none>

DPIR-1#131 Warning
Asynchronous driver check  
DSP tangerineA7_100_i/tangerineSOC_0/inst/blitterInst/gouraudIterator3Inst/plusOp input pin tangerineA7_100_i/tangerineSOC_0/inst/blitterInst/gouraudIterator3Inst/plusOp/A[10] is connected to registers with an asynchronous reset. This is preventing the possibility of merging these registers in to the DSP Block since the DSP block registers only possess synchronous reset capability.  It is suggested to recode or change these registers to remove the reset or use a synchronous reset to get the best optimization for performance, power and area.
Related violations: <none>

DPIR-1#132 Warning
Asynchronous driver check  
DSP tangerineA7_100_i/tangerineSOC_0/inst/blitterInst/gouraudIterator3Inst/plusOp input pin tangerineA7_100_i/tangerineSOC_0/inst/blitterInst/gouraudIterator3Inst/plusOp/A[11] is connected to registers with an asynchronous reset. This is preventing the possibility of merging these registers in to the DSP Block since the DSP block registers only possess synchronous reset capability.  It is suggested to recode or change these registers to remove the reset or use a synchronous reset to get the best optimization for performance, power and area.
Related violations: <none>

DPIR-1#133 Warning
Asynchronous driver check  
DSP tangerineA7_100_i/tangerineSOC_0/inst/blitterInst/gouraudIterator3Inst/plusOp input pin tangerineA7_100_i/tangerineSOC_0/inst/blitterInst/gouraudIterator3Inst/plusOp/A[12] is connected to registers with an asynchronous reset. This is preventing the possibility of merging these registers in to the DSP Block since the DSP block registers only possess synchronous reset capability.  It is suggested to recode or change these registers to remove the reset or use a synchronous reset to get the best optimization for performance, power and area.
Related violations: <none>

DPIR-1#134 Warning
Asynchronous driver check  
DSP tangerineA7_100_i/tangerineSOC_0/inst/blitterInst/gouraudIterator3Inst/plusOp input pin tangerineA7_100_i/tangerineSOC_0/inst/blitterInst/gouraudIterator3Inst/plusOp/A[13] is connected to registers with an asynchronous reset. This is preventing the possibility of merging these registers in to the DSP Block since the DSP block registers only possess synchronous reset capability.  It is suggested to recode or change these registers to remove the reset or use a synchronous reset to get the best optimization for performance, power and area.
Related violations: <none>

DPIR-1#135 Warning
Asynchronous driver check  
DSP tangerineA7_100_i/tangerineSOC_0/inst/blitterInst/gouraudIterator3Inst/plusOp input pin tangerineA7_100_i/tangerineSOC_0/inst/blitterInst/gouraudIterator3Inst/plusOp/A[14] is connected to registers with an asynchronous reset. This is preventing the possibility of merging these registers in to the DSP Block since the DSP block registers only possess synchronous reset capability.  It is suggested to recode or change these registers to remove the reset or use a synchronous reset to get the best optimization for performance, power and area.
Related violations: <none>

DPIR-1#136 Warning
Asynchronous driver check  
DSP tangerineA7_100_i/tangerineSOC_0/inst/blitterInst/gouraudIterator3Inst/plusOp input pin tangerineA7_100_i/tangerineSOC_0/inst/blitterInst/gouraudIterator3Inst/plusOp/A[15] is connected to registers with an asynchronous reset. This is preventing the possibility of merging these registers in to the DSP Block since the DSP block registers only possess synchronous reset capability.  It is suggested to recode or change these registers to remove the reset or use a synchronous reset to get the best optimization for performance, power and area.
Related violations: <none>

DPIR-1#137 Warning
Asynchronous driver check  
DSP tangerineA7_100_i/tangerineSOC_0/inst/blitterInst/gouraudIterator3Inst/plusOp input pin tangerineA7_100_i/tangerineSOC_0/inst/blitterInst/gouraudIterator3Inst/plusOp/A[1] is connected to registers with an asynchronous reset. This is preventing the possibility of merging these registers in to the DSP Block since the DSP block registers only possess synchronous reset capability.  It is suggested to recode or change these registers to remove the reset or use a synchronous reset to get the best optimization for performance, power and area.
Related violations: <none>

DPIR-1#138 Warning
Asynchronous driver check  
DSP tangerineA7_100_i/tangerineSOC_0/inst/blitterInst/gouraudIterator3Inst/plusOp input pin tangerineA7_100_i/tangerineSOC_0/inst/blitterInst/gouraudIterator3Inst/plusOp/A[2] is connected to registers with an asynchronous reset. This is preventing the possibility of merging these registers in to the DSP Block since the DSP block registers only possess synchronous reset capability.  It is suggested to recode or change these registers to remove the reset or use a synchronous reset to get the best optimization for performance, power and area.
Related violations: <none>

DPIR-1#139 Warning
Asynchronous driver check  
DSP tangerineA7_100_i/tangerineSOC_0/inst/blitterInst/gouraudIterator3Inst/plusOp input pin tangerineA7_100_i/tangerineSOC_0/inst/blitterInst/gouraudIterator3Inst/plusOp/A[3] is connected to registers with an asynchronous reset. This is preventing the possibility of merging these registers in to the DSP Block since the DSP block registers only possess synchronous reset capability.  It is suggested to recode or change these registers to remove the reset or use a synchronous reset to get the best optimization for performance, power and area.
Related violations: <none>

DPIR-1#140 Warning
Asynchronous driver check  
DSP tangerineA7_100_i/tangerineSOC_0/inst/blitterInst/gouraudIterator3Inst/plusOp input pin tangerineA7_100_i/tangerineSOC_0/inst/blitterInst/gouraudIterator3Inst/plusOp/A[4] is connected to registers with an asynchronous reset. This is preventing the possibility of merging these registers in to the DSP Block since the DSP block registers only possess synchronous reset capability.  It is suggested to recode or change these registers to remove the reset or use a synchronous reset to get the best optimization for performance, power and area.
Related violations: <none>

DPIR-1#141 Warning
Asynchronous driver check  
DSP tangerineA7_100_i/tangerineSOC_0/inst/blitterInst/gouraudIterator3Inst/plusOp input pin tangerineA7_100_i/tangerineSOC_0/inst/blitterInst/gouraudIterator3Inst/plusOp/A[5] is connected to registers with an asynchronous reset. This is preventing the possibility of merging these registers in to the DSP Block since the DSP block registers only possess synchronous reset capability.  It is suggested to recode or change these registers to remove the reset or use a synchronous reset to get the best optimization for performance, power and area.
Related violations: <none>

DPIR-1#142 Warning
Asynchronous driver check  
DSP tangerineA7_100_i/tangerineSOC_0/inst/blitterInst/gouraudIterator3Inst/plusOp input pin tangerineA7_100_i/tangerineSOC_0/inst/blitterInst/gouraudIterator3Inst/plusOp/A[6] is connected to registers with an asynchronous reset. This is preventing the possibility of merging these registers in to the DSP Block since the DSP block registers only possess synchronous reset capability.  It is suggested to recode or change these registers to remove the reset or use a synchronous reset to get the best optimization for performance, power and area.
Related violations: <none>

DPIR-1#143 Warning
Asynchronous driver check  
DSP tangerineA7_100_i/tangerineSOC_0/inst/blitterInst/gouraudIterator3Inst/plusOp input pin tangerineA7_100_i/tangerineSOC_0/inst/blitterInst/gouraudIterator3Inst/plusOp/A[7] is connected to registers with an asynchronous reset. This is preventing the possibility of merging these registers in to the DSP Block since the DSP block registers only possess synchronous reset capability.  It is suggested to recode or change these registers to remove the reset or use a synchronous reset to get the best optimization for performance, power and area.
Related violations: <none>

DPIR-1#144 Warning
Asynchronous driver check  
DSP tangerineA7_100_i/tangerineSOC_0/inst/blitterInst/gouraudIterator3Inst/plusOp input pin tangerineA7_100_i/tangerineSOC_0/inst/blitterInst/gouraudIterator3Inst/plusOp/A[8] is connected to registers with an asynchronous reset. This is preventing the possibility of merging these registers in to the DSP Block since the DSP block registers only possess synchronous reset capability.  It is suggested to recode or change these registers to remove the reset or use a synchronous reset to get the best optimization for performance, power and area.
Related violations: <none>

DPIR-1#145 Warning
Asynchronous driver check  
DSP tangerineA7_100_i/tangerineSOC_0/inst/blitterInst/gouraudIterator3Inst/plusOp input pin tangerineA7_100_i/tangerineSOC_0/inst/blitterInst/gouraudIterator3Inst/plusOp/A[9] is connected to registers with an asynchronous reset. This is preventing the possibility of merging these registers in to the DSP Block since the DSP block registers only possess synchronous reset capability.  It is suggested to recode or change these registers to remove the reset or use a synchronous reset to get the best optimization for performance, power and area.
Related violations: <none>

DPIR-1#146 Warning
Asynchronous driver check  
DSP tangerineA7_100_i/tangerineSOC_0/inst/blitterInst/gouraudIterator3Inst/plusOp__0 input pin tangerineA7_100_i/tangerineSOC_0/inst/blitterInst/gouraudIterator3Inst/plusOp__0/A[0] is connected to registers with an asynchronous reset. This is preventing the possibility of merging these registers in to the DSP Block since the DSP block registers only possess synchronous reset capability.  It is suggested to recode or change these registers to remove the reset or use a synchronous reset to get the best optimization for performance, power and area.
Related violations: <none>

DPIR-1#147 Warning
Asynchronous driver check  
DSP tangerineA7_100_i/tangerineSOC_0/inst/blitterInst/gouraudIterator3Inst/plusOp__0 input pin tangerineA7_100_i/tangerineSOC_0/inst/blitterInst/gouraudIterator3Inst/plusOp__0/A[10] is connected to registers with an asynchronous reset. This is preventing the possibility of merging these registers in to the DSP Block since the DSP block registers only possess synchronous reset capability.  It is suggested to recode or change these registers to remove the reset or use a synchronous reset to get the best optimization for performance, power and area.
Related violations: <none>

DPIR-1#148 Warning
Asynchronous driver check  
DSP tangerineA7_100_i/tangerineSOC_0/inst/blitterInst/gouraudIterator3Inst/plusOp__0 input pin tangerineA7_100_i/tangerineSOC_0/inst/blitterInst/gouraudIterator3Inst/plusOp__0/A[11] is connected to registers with an asynchronous reset. This is preventing the possibility of merging these registers in to the DSP Block since the DSP block registers only possess synchronous reset capability.  It is suggested to recode or change these registers to remove the reset or use a synchronous reset to get the best optimization for performance, power and area.
Related violations: <none>

DPIR-1#149 Warning
Asynchronous driver check  
DSP tangerineA7_100_i/tangerineSOC_0/inst/blitterInst/gouraudIterator3Inst/plusOp__0 input pin tangerineA7_100_i/tangerineSOC_0/inst/blitterInst/gouraudIterator3Inst/plusOp__0/A[12] is connected to registers with an asynchronous reset. This is preventing the possibility of merging these registers in to the DSP Block since the DSP block registers only possess synchronous reset capability.  It is suggested to recode or change these registers to remove the reset or use a synchronous reset to get the best optimization for performance, power and area.
Related violations: <none>

DPIR-1#150 Warning
Asynchronous driver check  
DSP tangerineA7_100_i/tangerineSOC_0/inst/blitterInst/gouraudIterator3Inst/plusOp__0 input pin tangerineA7_100_i/tangerineSOC_0/inst/blitterInst/gouraudIterator3Inst/plusOp__0/A[13] is connected to registers with an asynchronous reset. This is preventing the possibility of merging these registers in to the DSP Block since the DSP block registers only possess synchronous reset capability.  It is suggested to recode or change these registers to remove the reset or use a synchronous reset to get the best optimization for performance, power and area.
Related violations: <none>

DPIR-1#151 Warning
Asynchronous driver check  
DSP tangerineA7_100_i/tangerineSOC_0/inst/blitterInst/gouraudIterator3Inst/plusOp__0 input pin tangerineA7_100_i/tangerineSOC_0/inst/blitterInst/gouraudIterator3Inst/plusOp__0/A[14] is connected to registers with an asynchronous reset. This is preventing the possibility of merging these registers in to the DSP Block since the DSP block registers only possess synchronous reset capability.  It is suggested to recode or change these registers to remove the reset or use a synchronous reset to get the best optimization for performance, power and area.
Related violations: <none>

DPIR-1#152 Warning
Asynchronous driver check  
DSP tangerineA7_100_i/tangerineSOC_0/inst/blitterInst/gouraudIterator3Inst/plusOp__0 input pin tangerineA7_100_i/tangerineSOC_0/inst/blitterInst/gouraudIterator3Inst/plusOp__0/A[15] is connected to registers with an asynchronous reset. This is preventing the possibility of merging these registers in to the DSP Block since the DSP block registers only possess synchronous reset capability.  It is suggested to recode or change these registers to remove the reset or use a synchronous reset to get the best optimization for performance, power and area.
Related violations: <none>

DPIR-1#153 Warning
Asynchronous driver check  
DSP tangerineA7_100_i/tangerineSOC_0/inst/blitterInst/gouraudIterator3Inst/plusOp__0 input pin tangerineA7_100_i/tangerineSOC_0/inst/blitterInst/gouraudIterator3Inst/plusOp__0/A[1] is connected to registers with an asynchronous reset. This is preventing the possibility of merging these registers in to the DSP Block since the DSP block registers only possess synchronous reset capability.  It is suggested to recode or change these registers to remove the reset or use a synchronous reset to get the best optimization for performance, power and area.
Related violations: <none>

DPIR-1#154 Warning
Asynchronous driver check  
DSP tangerineA7_100_i/tangerineSOC_0/inst/blitterInst/gouraudIterator3Inst/plusOp__0 input pin tangerineA7_100_i/tangerineSOC_0/inst/blitterInst/gouraudIterator3Inst/plusOp__0/A[2] is connected to registers with an asynchronous reset. This is preventing the possibility of merging these registers in to the DSP Block since the DSP block registers only possess synchronous reset capability.  It is suggested to recode or change these registers to remove the reset or use a synchronous reset to get the best optimization for performance, power and area.
Related violations: <none>

DPIR-1#155 Warning
Asynchronous driver check  
DSP tangerineA7_100_i/tangerineSOC_0/inst/blitterInst/gouraudIterator3Inst/plusOp__0 input pin tangerineA7_100_i/tangerineSOC_0/inst/blitterInst/gouraudIterator3Inst/plusOp__0/A[3] is connected to registers with an asynchronous reset. This is preventing the possibility of merging these registers in to the DSP Block since the DSP block registers only possess synchronous reset capability.  It is suggested to recode or change these registers to remove the reset or use a synchronous reset to get the best optimization for performance, power and area.
Related violations: <none>

DPIR-1#156 Warning
Asynchronous driver check  
DSP tangerineA7_100_i/tangerineSOC_0/inst/blitterInst/gouraudIterator3Inst/plusOp__0 input pin tangerineA7_100_i/tangerineSOC_0/inst/blitterInst/gouraudIterator3Inst/plusOp__0/A[4] is connected to registers with an asynchronous reset. This is preventing the possibility of merging these registers in to the DSP Block since the DSP block registers only possess synchronous reset capability.  It is suggested to recode or change these registers to remove the reset or use a synchronous reset to get the best optimization for performance, power and area.
Related violations: <none>

DPIR-1#157 Warning
Asynchronous driver check  
DSP tangerineA7_100_i/tangerineSOC_0/inst/blitterInst/gouraudIterator3Inst/plusOp__0 input pin tangerineA7_100_i/tangerineSOC_0/inst/blitterInst/gouraudIterator3Inst/plusOp__0/A[5] is connected to registers with an asynchronous reset. This is preventing the possibility of merging these registers in to the DSP Block since the DSP block registers only possess synchronous reset capability.  It is suggested to recode or change these registers to remove the reset or use a synchronous reset to get the best optimization for performance, power and area.
Related violations: <none>

DPIR-1#158 Warning
Asynchronous driver check  
DSP tangerineA7_100_i/tangerineSOC_0/inst/blitterInst/gouraudIterator3Inst/plusOp__0 input pin tangerineA7_100_i/tangerineSOC_0/inst/blitterInst/gouraudIterator3Inst/plusOp__0/A[6] is connected to registers with an asynchronous reset. This is preventing the possibility of merging these registers in to the DSP Block since the DSP block registers only possess synchronous reset capability.  It is suggested to recode or change these registers to remove the reset or use a synchronous reset to get the best optimization for performance, power and area.
Related violations: <none>

DPIR-1#159 Warning
Asynchronous driver check  
DSP tangerineA7_100_i/tangerineSOC_0/inst/blitterInst/gouraudIterator3Inst/plusOp__0 input pin tangerineA7_100_i/tangerineSOC_0/inst/blitterInst/gouraudIterator3Inst/plusOp__0/A[7] is connected to registers with an asynchronous reset. This is preventing the possibility of merging these registers in to the DSP Block since the DSP block registers only possess synchronous reset capability.  It is suggested to recode or change these registers to remove the reset or use a synchronous reset to get the best optimization for performance, power and area.
Related violations: <none>

DPIR-1#160 Warning
Asynchronous driver check  
DSP tangerineA7_100_i/tangerineSOC_0/inst/blitterInst/gouraudIterator3Inst/plusOp__0 input pin tangerineA7_100_i/tangerineSOC_0/inst/blitterInst/gouraudIterator3Inst/plusOp__0/A[8] is connected to registers with an asynchronous reset. This is preventing the possibility of merging these registers in to the DSP Block since the DSP block registers only possess synchronous reset capability.  It is suggested to recode or change these registers to remove the reset or use a synchronous reset to get the best optimization for performance, power and area.
Related violations: <none>

DPIR-1#161 Warning
Asynchronous driver check  
DSP tangerineA7_100_i/tangerineSOC_0/inst/blitterInst/gouraudIterator3Inst/plusOp__0 input pin tangerineA7_100_i/tangerineSOC_0/inst/blitterInst/gouraudIterator3Inst/plusOp__0/A[9] is connected to registers with an asynchronous reset. This is preventing the possibility of merging these registers in to the DSP Block since the DSP block registers only possess synchronous reset capability.  It is suggested to recode or change these registers to remove the reset or use a synchronous reset to get the best optimization for performance, power and area.
Related violations: <none>

HPDR-1#1 Warning
Port pin direction inconsistency  
Hierarchical port(pin) sdMciDat[3] direction INOUT is not consistent with the directions of the cell pins/ports found at that level of the netlist hierarchy. Please review the design and consider changing the port(pin) direction. Both drivers and loads were expected for the net (sdMciDat[3]) connected to this Port, but both were not found.
Related violations: <none>

HPDR-2#1 Warning
Port pin INOUT inconsistency  
Hierarchical port(pin) tangerineA7_100_i/sdMciDat[0] direction INOUT is not consistent with the directions of the cell pins/ports found at that level of the netlist hierarchy. Please review the design and consider changing the port(pin) direction. Both drivers and loads were expected for the net (sdMciDat_IBUF[0]) connected to this hierarchical pin/port, but both were not found.
Related violations: <none>

HPDR-2#2 Warning
Port pin INOUT inconsistency  
Hierarchical port(pin) tangerineA7_100_i/sdMciDat[3] direction INOUT is not consistent with the directions of the cell pins/ports found at that level of the netlist hierarchy. Please review the design and consider changing the port(pin) direction. Both drivers and loads were expected for the net (sdMciDat_IBUF__0[3]) connected to this hierarchical pin/port, but both were not found.
Related violations: <none>

HPDR-2#3 Warning
Port pin INOUT inconsistency  
Hierarchical port(pin) tangerineA7_100_i/tangerineSOC_0/sdMciDat[0] direction INOUT is not consistent with the directions of the cell pins/ports found at that level of the netlist hierarchy. Please review the design and consider changing the port(pin) direction. Both drivers and loads were expected for the net (tangerineA7_100_i/tangerineSOC_0/sdMciDat[0]) connected to this hierarchical pin/port, but both were not found.
Related violations: <none>

LUTAR-1#1 Warning
LUT drives async reset alert  
LUT cell tangerineA7_100_i/tangerineMIGWrapper_0/inst/tangerineMIGInst/u_mig_7series_tangerine_mig/u_iodelay_ctrl/rstdiv2_sync_r[11]_i_1, with 2 or more inputs, drives asynchronous preset/clear pin(s) tangerineA7_100_i/tangerineMIGWrapper_0/inst/tangerineMIGInst/u_mig_7series_tangerine_mig/u_ddr3_infrastructure/rstdiv0_sync_r1_reg_rep__7/PRE,
tangerineA7_100_i/tangerineMIGWrapper_0/inst/tangerineMIGInst/u_mig_7series_tangerine_mig/u_ddr3_infrastructure/rstdiv0_sync_r1_reg_rep__8/PRE,
tangerineA7_100_i/tangerineMIGWrapper_0/inst/tangerineMIGInst/u_mig_7series_tangerine_mig/u_ddr3_infrastructure/rstdiv0_sync_r1_reg_rep__9/PRE,
tangerineA7_100_i/tangerineMIGWrapper_0/inst/tangerineMIGInst/u_mig_7series_tangerine_mig/u_ddr3_infrastructure/rstdiv0_sync_r_reg[0]/PRE,
tangerineA7_100_i/tangerineMIGWrapper_0/inst/tangerineMIGInst/u_mig_7series_tangerine_mig/u_ddr3_infrastructure/rstdiv0_sync_r_reg[10]/PRE,
tangerineA7_100_i/tangerineMIGWrapper_0/inst/tangerineMIGInst/u_mig_7series_tangerine_mig/u_ddr3_infrastructure/rstdiv0_sync_r_reg[11]/PRE,
tangerineA7_100_i/tangerineMIGWrapper_0/inst/tangerineMIGInst/u_mig_7series_tangerine_mig/u_ddr3_infrastructure/rstdiv0_sync_r_reg[1]/PRE,
tangerineA7_100_i/tangerineMIGWrapper_0/inst/tangerineMIGInst/u_mig_7series_tangerine_mig/u_ddr3_infrastructure/rstdiv0_sync_r_reg[2]/PRE,
tangerineA7_100_i/tangerineMIGWrapper_0/inst/tangerineMIGInst/u_mig_7series_tangerine_mig/u_ddr3_infrastructure/rstdiv0_sync_r_reg[3]/PRE,
tangerineA7_100_i/tangerineMIGWrapper_0/inst/tangerineMIGInst/u_mig_7series_tangerine_mig/u_ddr3_infrastructure/rstdiv0_sync_r_reg[4]/PRE,
tangerineA7_100_i/tangerineMIGWrapper_0/inst/tangerineMIGInst/u_mig_7series_tangerine_mig/u_ddr3_infrastructure/rstdiv0_sync_r_reg[5]/PRE,
tangerineA7_100_i/tangerineMIGWrapper_0/inst/tangerineMIGInst/u_mig_7series_tangerine_mig/u_ddr3_infrastructure/rstdiv0_sync_r_reg[6]/PRE,
tangerineA7_100_i/tangerineMIGWrapper_0/inst/tangerineMIGInst/u_mig_7series_tangerine_mig/u_ddr3_infrastructure/rstdiv0_sync_r_reg[7]/PRE,
tangerineA7_100_i/tangerineMIGWrapper_0/inst/tangerineMIGInst/u_mig_7series_tangerine_mig/u_ddr3_infrastructure/rstdiv0_sync_r_reg[8]/PRE,
tangerineA7_100_i/tangerineMIGWrapper_0/inst/tangerineMIGInst/u_mig_7series_tangerine_mig/u_ddr3_infrastructure/rstdiv0_sync_r_reg[9]/PRE
 (the first 15 of 32 listed). The LUT may glitch and trigger an unexpected reset, even if it is a properly timed path.
Related violations: <none>

PDRC-190#1 Warning
Suboptimally placed synchronized register chain  
The FDRE cell tangerineA7_100_i/tangerineMIGWrapper_0/inst/tangerineMIGInst/u_mig_7series_tangerine_mig/temp_mon_enabled.u_tempmon/device_temp_sync_r5_reg[0] in site SLICE_X28Y122 is part of a synchronized register chain that is suboptimally placed as the load FDRE cell tangerineA7_100_i/tangerineMIGWrapper_0/inst/tangerineMIGInst/u_mig_7series_tangerine_mig/temp_mon_enabled.u_tempmon/device_temp_r_reg[0] is not placed in the same (SLICE) site.
Related violations: <none>

PDRC-190#2 Warning
Suboptimally placed synchronized register chain  
The FDRE cell tangerineA7_100_i/tangerineMIGWrapper_0/inst/tangerineMIGInst/u_mig_7series_tangerine_mig/temp_mon_enabled.u_tempmon/device_temp_sync_r5_reg[10] in site SLICE_X33Y125 is part of a synchronized register chain that is suboptimally placed as the load FDRE cell tangerineA7_100_i/tangerineMIGWrapper_0/inst/tangerineMIGInst/u_mig_7series_tangerine_mig/temp_mon_enabled.u_tempmon/device_temp_r_reg[10] is not placed in the same (SLICE) site.
Related violations: <none>

PDRC-190#3 Warning
Suboptimally placed synchronized register chain  
The FDRE cell tangerineA7_100_i/tangerineMIGWrapper_0/inst/tangerineMIGInst/u_mig_7series_tangerine_mig/temp_mon_enabled.u_tempmon/device_temp_sync_r5_reg[11] in site SLICE_X29Y126 is part of a synchronized register chain that is suboptimally placed as the load FDRE cell tangerineA7_100_i/tangerineMIGWrapper_0/inst/tangerineMIGInst/u_mig_7series_tangerine_mig/temp_mon_enabled.u_tempmon/device_temp_r_reg[11] is not placed in the same (SLICE) site.
Related violations: <none>

PDRC-190#4 Warning
Suboptimally placed synchronized register chain  
The FDRE cell tangerineA7_100_i/tangerineMIGWrapper_0/inst/tangerineMIGInst/u_mig_7series_tangerine_mig/temp_mon_enabled.u_tempmon/device_temp_sync_r5_reg[1] in site SLICE_X32Y123 is part of a synchronized register chain that is suboptimally placed as the load FDRE cell tangerineA7_100_i/tangerineMIGWrapper_0/inst/tangerineMIGInst/u_mig_7series_tangerine_mig/temp_mon_enabled.u_tempmon/device_temp_r_reg[1] is not placed in the same (SLICE) site.
Related violations: <none>

PDRC-190#5 Warning
Suboptimally placed synchronized register chain  
The FDRE cell tangerineA7_100_i/tangerineMIGWrapper_0/inst/tangerineMIGInst/u_mig_7series_tangerine_mig/temp_mon_enabled.u_tempmon/device_temp_sync_r5_reg[2] in site SLICE_X32Y125 is part of a synchronized register chain that is suboptimally placed as the load FDRE cell tangerineA7_100_i/tangerineMIGWrapper_0/inst/tangerineMIGInst/u_mig_7series_tangerine_mig/temp_mon_enabled.u_tempmon/device_temp_r_reg[2] is not placed in the same (SLICE) site.
Related violations: <none>

PDRC-190#6 Warning
Suboptimally placed synchronized register chain  
The FDRE cell tangerineA7_100_i/tangerineMIGWrapper_0/inst/tangerineMIGInst/u_mig_7series_tangerine_mig/temp_mon_enabled.u_tempmon/device_temp_sync_r5_reg[3] in site SLICE_X29Y122 is part of a synchronized register chain that is suboptimally placed as the load FDRE cell tangerineA7_100_i/tangerineMIGWrapper_0/inst/tangerineMIGInst/u_mig_7series_tangerine_mig/temp_mon_enabled.u_tempmon/device_temp_r_reg[3] is not placed in the same (SLICE) site.
Related violations: <none>

PDRC-190#7 Warning
Suboptimally placed synchronized register chain  
The FDRE cell tangerineA7_100_i/tangerineMIGWrapper_0/inst/tangerineMIGInst/u_mig_7series_tangerine_mig/temp_mon_enabled.u_tempmon/device_temp_sync_r5_reg[4] in site SLICE_X29Y124 is part of a synchronized register chain that is suboptimally placed as the load FDRE cell tangerineA7_100_i/tangerineMIGWrapper_0/inst/tangerineMIGInst/u_mig_7series_tangerine_mig/temp_mon_enabled.u_tempmon/device_temp_r_reg[4] is not placed in the same (SLICE) site.
Related violations: <none>

PDRC-190#8 Warning
Suboptimally placed synchronized register chain  
The FDRE cell tangerineA7_100_i/tangerineMIGWrapper_0/inst/tangerineMIGInst/u_mig_7series_tangerine_mig/temp_mon_enabled.u_tempmon/device_temp_sync_r5_reg[5] in site SLICE_X28Y124 is part of a synchronized register chain that is suboptimally placed as the load FDRE cell tangerineA7_100_i/tangerineMIGWrapper_0/inst/tangerineMIGInst/u_mig_7series_tangerine_mig/temp_mon_enabled.u_tempmon/device_temp_r_reg[5] is not placed in the same (SLICE) site.
Related violations: <none>

PDRC-190#9 Warning
Suboptimally placed synchronized register chain  
The FDRE cell tangerineA7_100_i/tangerineMIGWrapper_0/inst/tangerineMIGInst/u_mig_7series_tangerine_mig/temp_mon_enabled.u_tempmon/device_temp_sync_r5_reg[6] in site SLICE_X31Y124 is part of a synchronized register chain that is suboptimally placed as the load FDRE cell tangerineA7_100_i/tangerineMIGWrapper_0/inst/tangerineMIGInst/u_mig_7series_tangerine_mig/temp_mon_enabled.u_tempmon/device_temp_r_reg[6] is not placed in the same (SLICE) site.
Related violations: <none>

PDRC-190#10 Warning
Suboptimally placed synchronized register chain  
The FDRE cell tangerineA7_100_i/tangerineMIGWrapper_0/inst/tangerineMIGInst/u_mig_7series_tangerine_mig/temp_mon_enabled.u_tempmon/device_temp_sync_r5_reg[7] in site SLICE_X30Y122 is part of a synchronized register chain that is suboptimally placed as the load FDRE cell tangerineA7_100_i/tangerineMIGWrapper_0/inst/tangerineMIGInst/u_mig_7series_tangerine_mig/temp_mon_enabled.u_tempmon/device_temp_r_reg[7] is not placed in the same (SLICE) site.
Related violations: <none>

PDRC-190#11 Warning
Suboptimally placed synchronized register chain  
The FDRE cell tangerineA7_100_i/tangerineMIGWrapper_0/inst/tangerineMIGInst/u_mig_7series_tangerine_mig/temp_mon_enabled.u_tempmon/device_temp_sync_r5_reg[8] in site SLICE_X31Y122 is part of a synchronized register chain that is suboptimally placed as the load FDRE cell tangerineA7_100_i/tangerineMIGWrapper_0/inst/tangerineMIGInst/u_mig_7series_tangerine_mig/temp_mon_enabled.u_tempmon/device_temp_r_reg[8] is not placed in the same (SLICE) site.
Related violations: <none>

PDRC-190#12 Warning
Suboptimally placed synchronized register chain  
The FDRE cell tangerineA7_100_i/tangerineMIGWrapper_0/inst/tangerineMIGInst/u_mig_7series_tangerine_mig/temp_mon_enabled.u_tempmon/device_temp_sync_r5_reg[9] in site SLICE_X30Y125 is part of a synchronized register chain that is suboptimally placed as the load FDRE cell tangerineA7_100_i/tangerineMIGWrapper_0/inst/tangerineMIGInst/u_mig_7series_tangerine_mig/temp_mon_enabled.u_tempmon/device_temp_r_reg[9] is not placed in the same (SLICE) site.
Related violations: <none>

PDRC-190#13 Warning
Suboptimally placed synchronized register chain  
The FDRE cell tangerineA7_100_i/tangerineSOC_0/inst/UARTInst/rxFiFoInst/U0/inst_fifo_gen/gconvfifo.rf/grf.rf/rstblk/grstd1.grst_full.grst_f.rst_d2_reg in site SLICE_X72Y68 is part of a synchronized register chain that is suboptimally placed as the load FDSE cell tangerineA7_100_i/tangerineSOC_0/inst/UARTInst/rxFiFoInst/U0/inst_fifo_gen/gconvfifo.rf/grf.rf/rstblk/grstd1.grst_full.grst_f.rst_d3_reg is not placed in the same (SLICE) site.
Related violations: <none>

PDRC-190#14 Warning
Suboptimally placed synchronized register chain  
The FDRE cell tangerineA7_100_i/tangerineSOC_0/inst/ps2HostInst/ps2aFifoInst/U0/inst_fifo_gen/gconvfifo.rf/grf.rf/rstblk/grstd1.grst_full.grst_f.rst_d2_reg in site SLICE_X79Y117 is part of a synchronized register chain that is suboptimally placed as the load FDSE cell tangerineA7_100_i/tangerineSOC_0/inst/ps2HostInst/ps2aFifoInst/U0/inst_fifo_gen/gconvfifo.rf/grf.rf/rstblk/grstd1.grst_full.grst_f.rst_d3_reg is not placed in the same (SLICE) site.
Related violations: <none>

PDRC-190#15 Warning
Suboptimally placed synchronized register chain  
The FDRE cell tangerineA7_100_i/tangerineSOC_0/inst/ps2HostInst/ps2bFifoInst/U0/inst_fifo_gen/gconvfifo.rf/grf.rf/rstblk/grstd1.grst_full.grst_f.rst_d2_reg in site SLICE_X9Y122 is part of a synchronized register chain that is suboptimally placed as the load FDSE cell tangerineA7_100_i/tangerineSOC_0/inst/ps2HostInst/ps2bFifoInst/U0/inst_fifo_gen/gconvfifo.rf/grf.rf/rstblk/grstd1.grst_full.grst_f.rst_d3_reg is not placed in the same (SLICE) site.
Related violations: <none>

TIMING-16#1 Warning
Large setup violation  
There is a large setup violation of -1.001 ns between tangerineA7_100_i/tangerineSOC_0/inst/axiDMAInst/triggerCacheFlush_reg_rep__19/C (clocked by clk162_5_tangerineA7_100_clk_wiz_2_0) and tangerineA7_100_i/tangerineSOC_0/inst/axiDMAInst/cacheValidWay3_reg[226]/D (clocked by clk_pll_i). Large setup violations at the end of those stages might be difficult to fix during the post-placement implementation flow and could be the result of non-optimal XDC constraints or non-optimal design architecture
Related violations: <none>

TIMING-16#2 Warning
Large setup violation  
There is a large setup violation of -1.002 ns between tangerineA7_100_i/tangerineSOC_0/inst/axiDMAInst/triggerCacheFlush_reg_rep__19/C (clocked by clk162_5_tangerineA7_100_clk_wiz_2_0) and tangerineA7_100_i/tangerineSOC_0/inst/axiDMAInst/cacheValidWay3_reg[62]/D (clocked by clk_pll_i). Large setup violations at the end of those stages might be difficult to fix during the post-placement implementation flow and could be the result of non-optimal XDC constraints or non-optimal design architecture
Related violations: <none>

TIMING-16#3 Warning
Large setup violation  
There is a large setup violation of -1.009 ns between tangerineA7_100_i/tangerineMIGWrapper_0/inst/tangerineMIGInst/u_mig_7series_tangerine_mig/u_memc_ui_top_axi/u_axi_mc/USE_UPSIZER.upsizer_d2/USE_READ.read_data_inst/use_wrap_buffer_reg/C (clocked by clk_pll_i) and tangerineA7_100_i/tangerineSOC_0/inst/axiDMAInst/cacheWay2DInb_reg[4]/D (clocked by clk_pll_i). Large setup violations at the end of those stages might be difficult to fix during the post-placement implementation flow and could be the result of non-optimal XDC constraints or non-optimal design architecture
Related violations: <none>

TIMING-16#4 Warning
Large setup violation  
There is a large setup violation of -1.009 ns between tangerineA7_100_i/tangerineSOC_0/inst/axiDMAInst/cacheA_reg[7]_rep/C (clocked by clk_pll_i) and tangerineA7_100_i/tangerineSOC_0/inst/axiDMAInst/cacheValidWay2_reg[387]/D (clocked by clk_pll_i). Large setup violations at the end of those stages might be difficult to fix during the post-placement implementation flow and could be the result of non-optimal XDC constraints or non-optimal design architecture
Related violations: <none>

TIMING-16#5 Warning
Large setup violation  
There is a large setup violation of -1.010 ns between tangerineA7_100_i/tangerineSOC_0/inst/axiDMAInst/triggerCacheFlush_reg_rep__19/C (clocked by clk162_5_tangerineA7_100_clk_wiz_2_0) and tangerineA7_100_i/tangerineSOC_0/inst/axiDMAInst/cacheValidWay3_reg[293]/D (clocked by clk_pll_i). Large setup violations at the end of those stages might be difficult to fix during the post-placement implementation flow and could be the result of non-optimal XDC constraints or non-optimal design architecture
Related violations: <none>

TIMING-16#6 Warning
Large setup violation  
There is a large setup violation of -1.010 ns between tangerineA7_100_i/tangerineSOC_0/inst/axiDMAInst/triggerCacheFlush_reg_rep__19/C (clocked by clk162_5_tangerineA7_100_clk_wiz_2_0) and tangerineA7_100_i/tangerineSOC_0/inst/axiDMAInst/cacheValidWay3_reg[87]/D (clocked by clk_pll_i). Large setup violations at the end of those stages might be difficult to fix during the post-placement implementation flow and could be the result of non-optimal XDC constraints or non-optimal design architecture
Related violations: <none>

TIMING-16#7 Warning
Large setup violation  
There is a large setup violation of -1.010 ns between tangerineA7_100_i/tangerineSOC_0/inst/nekoRvInst/dout_reg[25]/C (clocked by clk162_5_tangerineA7_100_clk_wiz_2_0) and tangerineA7_100_i/tangerineSOC_0/inst/axiDMAInst/cacheDIn_reg[25]/D (clocked by clk_pll_i). Large setup violations at the end of those stages might be difficult to fix during the post-placement implementation flow and could be the result of non-optimal XDC constraints or non-optimal design architecture
Related violations: <none>

TIMING-16#8 Warning
Large setup violation  
There is a large setup violation of -1.014 ns between tangerineA7_100_i/tangerineSOC_0/inst/axiDMAInst/triggerCacheFlush_reg_rep__19/C (clocked by clk162_5_tangerineA7_100_clk_wiz_2_0) and tangerineA7_100_i/tangerineSOC_0/inst/axiDMAInst/cacheValidWay3_reg[193]/D (clocked by clk_pll_i). Large setup violations at the end of those stages might be difficult to fix during the post-placement implementation flow and could be the result of non-optimal XDC constraints or non-optimal design architecture
Related violations: <none>

TIMING-16#9 Warning
Large setup violation  
There is a large setup violation of -1.016 ns between tangerineA7_100_i/tangerineSOC_0/inst/axiDMAInst/triggerCacheFlush_reg_rep__23/C (clocked by clk162_5_tangerineA7_100_clk_wiz_2_0) and tangerineA7_100_i/tangerineSOC_0/inst/axiDMAInst/cacheValidWay2_reg[5]/D (clocked by clk_pll_i). Large setup violations at the end of those stages might be difficult to fix during the post-placement implementation flow and could be the result of non-optimal XDC constraints or non-optimal design architecture
Related violations: <none>

TIMING-16#10 Warning
Large setup violation  
There is a large setup violation of -1.018 ns between tangerineA7_100_i/tangerineSOC_0/inst/axiDMAInst/triggerCacheFlush_reg_rep__19/C (clocked by clk162_5_tangerineA7_100_clk_wiz_2_0) and tangerineA7_100_i/tangerineSOC_0/inst/axiDMAInst/cacheValidWay3_reg[64]/D (clocked by clk_pll_i). Large setup violations at the end of those stages might be difficult to fix during the post-placement implementation flow and could be the result of non-optimal XDC constraints or non-optimal design architecture
Related violations: <none>

TIMING-16#11 Warning
Large setup violation  
There is a large setup violation of -1.018 ns between tangerineA7_100_i/tangerineSOC_0/inst/axiDMAInst/triggerCacheFlush_reg_rep__19/C (clocked by clk162_5_tangerineA7_100_clk_wiz_2_0) and tangerineA7_100_i/tangerineSOC_0/inst/axiDMAInst/cacheValidWay3_reg[70]/D (clocked by clk_pll_i). Large setup violations at the end of those stages might be difficult to fix during the post-placement implementation flow and could be the result of non-optimal XDC constraints or non-optimal design architecture
Related violations: <none>

TIMING-16#12 Warning
Large setup violation  
There is a large setup violation of -1.018 ns between tangerineA7_100_i/tangerineSOC_0/inst/blitterInst/bltDmaRequest_reg/C (clocked by clk162_5_tangerineA7_100_clk_wiz_2_0) and tangerineA7_100_i/tangerineSOC_0/inst/axiDMAInst/cacheA_reg[11]_replica_2/D (clocked by clk_pll_i). Large setup violations at the end of those stages might be difficult to fix during the post-placement implementation flow and could be the result of non-optimal XDC constraints or non-optimal design architecture
Related violations: <none>

TIMING-16#13 Warning
Large setup violation  
There is a large setup violation of -1.023 ns between tangerineA7_100_i/tangerineSOC_0/inst/axiDMAInst/triggerCacheFlush_reg_rep__19/C (clocked by clk162_5_tangerineA7_100_clk_wiz_2_0) and tangerineA7_100_i/tangerineSOC_0/inst/axiDMAInst/cacheValidWay3_reg[82]/D (clocked by clk_pll_i). Large setup violations at the end of those stages might be difficult to fix during the post-placement implementation flow and could be the result of non-optimal XDC constraints or non-optimal design architecture
Related violations: <none>

TIMING-16#14 Warning
Large setup violation  
There is a large setup violation of -1.025 ns between tangerineA7_100_i/tangerineSOC_0/inst/axiDMAInst/triggerCacheFlush_reg_rep__21/C (clocked by clk162_5_tangerineA7_100_clk_wiz_2_0) and tangerineA7_100_i/tangerineSOC_0/inst/axiDMAInst/cacheValidWay1_reg[182]/D (clocked by clk_pll_i). Large setup violations at the end of those stages might be difficult to fix during the post-placement implementation flow and could be the result of non-optimal XDC constraints or non-optimal design architecture
Related violations: <none>

TIMING-16#15 Warning
Large setup violation  
There is a large setup violation of -1.029 ns between tangerineA7_100_i/tangerineSOC_0/inst/axiDMAInst/triggerCacheFlush_reg_rep__19/C (clocked by clk162_5_tangerineA7_100_clk_wiz_2_0) and tangerineA7_100_i/tangerineSOC_0/inst/axiDMAInst/cacheValidWay3_reg[65]/D (clocked by clk_pll_i). Large setup violations at the end of those stages might be difficult to fix during the post-placement implementation flow and could be the result of non-optimal XDC constraints or non-optimal design architecture
Related violations: <none>

TIMING-16#16 Warning
Large setup violation  
There is a large setup violation of -1.030 ns between tangerineA7_100_i/tangerineSOC_0/inst/axiDMAInst/cacheDIn_reg[2]/C (clocked by clk_pll_i) and tangerineA7_100_i/tangerineSOC_0/inst/axiDMAInst/cacheDataRamW2Inst/U0/inst_blk_mem_gen/gnbram.gnativebmg.native_blk_mem_gen/valid.cstr/ramloop[0].ram.r/prim_noinit.ram/DEVICE_7SERIES.NO_BMM_INFO.TRUE_DP.SIMPLE_PRIM36.ram/DIADI[2] (clocked by clk162_5_tangerineA7_100_clk_wiz_2_0). Large setup violations at the end of those stages might be difficult to fix during the post-placement implementation flow and could be the result of non-optimal XDC constraints or non-optimal design architecture
Related violations: <none>

TIMING-16#17 Warning
Large setup violation  
There is a large setup violation of -1.031 ns between tangerineA7_100_i/tangerineMIGWrapper_0/inst/tangerineMIGInst/u_mig_7series_tangerine_mig/u_memc_ui_top_axi/u_axi_mc/USE_UPSIZER.upsizer_d2/USE_READ.read_data_inst/use_wrap_buffer_reg/C (clocked by clk_pll_i) and tangerineA7_100_i/tangerineSOC_0/inst/axiDMAInst/cacheWay2DInb_reg[103]/D (clocked by clk_pll_i). Large setup violations at the end of those stages might be difficult to fix during the post-placement implementation flow and could be the result of non-optimal XDC constraints or non-optimal design architecture
Related violations: <none>

TIMING-16#18 Warning
Large setup violation  
There is a large setup violation of -1.035 ns between tangerineA7_100_i/tangerineSOC_0/inst/axiDMAInst/cacheA_reg[13]/C (clocked by clk_pll_i) and tangerineA7_100_i/tangerineSOC_0/inst/axiDMAInst/cacheDataRamW3Inst/U0/inst_blk_mem_gen/gnbram.gnativebmg.native_blk_mem_gen/valid.cstr/ramloop[1].ram.r/prim_noinit.ram/DEVICE_7SERIES.NO_BMM_INFO.TRUE_DP.SIMPLE_PRIM36.ram/ADDRARDADDR[14] (clocked by clk162_5_tangerineA7_100_clk_wiz_2_0). Large setup violations at the end of those stages might be difficult to fix during the post-placement implementation flow and could be the result of non-optimal XDC constraints or non-optimal design architecture
Related violations: <none>

TIMING-16#19 Warning
Large setup violation  
There is a large setup violation of -1.035 ns between tangerineA7_100_i/tangerineSOC_0/inst/nekoRvInst/dout_reg[9]/C (clocked by clk162_5_tangerineA7_100_clk_wiz_2_0) and tangerineA7_100_i/tangerineSOC_0/inst/axiDMAInst/ch2Input0_reg[41]/D (clocked by clk162_5_tangerineA7_100_clk_wiz_2_0). Large setup violations at the end of those stages might be difficult to fix during the post-placement implementation flow and could be the result of non-optimal XDC constraints or non-optimal design architecture
Related violations: <none>

TIMING-16#20 Warning
Large setup violation  
There is a large setup violation of -1.041 ns between tangerineA7_100_i/tangerineSOC_0/inst/axiDMAInst/cacheDIn_reg[3]/C (clocked by clk_pll_i) and tangerineA7_100_i/tangerineSOC_0/inst/axiDMAInst/cacheDataRamW1Inst/U0/inst_blk_mem_gen/gnbram.gnativebmg.native_blk_mem_gen/valid.cstr/ramloop[0].ram.r/prim_noinit.ram/DEVICE_7SERIES.NO_BMM_INFO.TRUE_DP.SIMPLE_PRIM36.ram/DIADI[3] (clocked by clk162_5_tangerineA7_100_clk_wiz_2_0). Large setup violations at the end of those stages might be difficult to fix during the post-placement implementation flow and could be the result of non-optimal XDC constraints or non-optimal design architecture
Related violations: <none>

TIMING-16#21 Warning
Large setup violation  
There is a large setup violation of -1.041 ns between tangerineA7_100_i/tangerineSOC_0/inst/axiDMAInst/triggerCacheFlush_reg_rep__19/C (clocked by clk162_5_tangerineA7_100_clk_wiz_2_0) and tangerineA7_100_i/tangerineSOC_0/inst/axiDMAInst/cacheValidWay3_reg[83]/D (clocked by clk_pll_i). Large setup violations at the end of those stages might be difficult to fix during the post-placement implementation flow and could be the result of non-optimal XDC constraints or non-optimal design architecture
Related violations: <none>

TIMING-16#22 Warning
Large setup violation  
There is a large setup violation of -1.041 ns between tangerineA7_100_i/tangerineSOC_0/inst/nekoRvInst/be_reg/C (clocked by clk162_5_tangerineA7_100_clk_wiz_2_0) and tangerineA7_100_i/tangerineSOC_0/inst/axiDMAInst/cacheA_reg[9]_replica_5/CE (clocked by clk_pll_i). Large setup violations at the end of those stages might be difficult to fix during the post-placement implementation flow and could be the result of non-optimal XDC constraints or non-optimal design architecture
Related violations: <none>

TIMING-16#23 Warning
Large setup violation  
There is a large setup violation of -1.044 ns between tangerineA7_100_i/tangerineSOC_0/inst/axiDMAInst/cacheA_reg[2]/C (clocked by clk_pll_i) and tangerineA7_100_i/tangerineSOC_0/inst/axiDMAInst/cacheDataRamW1Inst/U0/inst_blk_mem_gen/gnbram.gnativebmg.native_blk_mem_gen/valid.cstr/ramloop[6].ram.r/prim_noinit.ram/DEVICE_7SERIES.NO_BMM_INFO.TRUE_DP.SIMPLE_PRIM36.ram/ADDRARDADDR[3] (clocked by clk162_5_tangerineA7_100_clk_wiz_2_0). Large setup violations at the end of those stages might be difficult to fix during the post-placement implementation flow and could be the result of non-optimal XDC constraints or non-optimal design architecture
Related violations: <none>

TIMING-16#24 Warning
Large setup violation  
There is a large setup violation of -1.046 ns between tangerineA7_100_i/tangerineSOC_0/inst/axiDMAInst/triggerCacheFlush_reg_rep__19/C (clocked by clk162_5_tangerineA7_100_clk_wiz_2_0) and tangerineA7_100_i/tangerineSOC_0/inst/axiDMAInst/cacheValidWay3_reg[198]/D (clocked by clk_pll_i). Large setup violations at the end of those stages might be difficult to fix during the post-placement implementation flow and could be the result of non-optimal XDC constraints or non-optimal design architecture
Related violations: <none>

TIMING-16#25 Warning
Large setup violation  
There is a large setup violation of -1.047 ns between tangerineA7_100_i/tangerineSOC_0/inst/axiDMAInst/cacheA_reg[7]_rep/C (clocked by clk_pll_i) and tangerineA7_100_i/tangerineSOC_0/inst/axiDMAInst/cacheValidWay2_reg[399]/D (clocked by clk_pll_i). Large setup violations at the end of those stages might be difficult to fix during the post-placement implementation flow and could be the result of non-optimal XDC constraints or non-optimal design architecture
Related violations: <none>

TIMING-16#26 Warning
Large setup violation  
There is a large setup violation of -1.049 ns between tangerineA7_100_i/tangerineSOC_0/inst/axiDMAInst/cacheA_reg[7]_rep/C (clocked by clk_pll_i) and tangerineA7_100_i/tangerineSOC_0/inst/axiDMAInst/cacheValidWay2_reg[441]/D (clocked by clk_pll_i). Large setup violations at the end of those stages might be difficult to fix during the post-placement implementation flow and could be the result of non-optimal XDC constraints or non-optimal design architecture
Related violations: <none>

TIMING-16#27 Warning
Large setup violation  
There is a large setup violation of -1.051 ns between tangerineA7_100_i/tangerineSOC_0/inst/axiDMAInst/triggerCacheFlush_reg_rep__17/C (clocked by clk162_5_tangerineA7_100_clk_wiz_2_0) and tangerineA7_100_i/tangerineSOC_0/inst/axiDMAInst/cacheValidWay3_reg[208]/D (clocked by clk_pll_i). Large setup violations at the end of those stages might be difficult to fix during the post-placement implementation flow and could be the result of non-optimal XDC constraints or non-optimal design architecture
Related violations: <none>

TIMING-16#28 Warning
Large setup violation  
There is a large setup violation of -1.052 ns between tangerineA7_100_i/tangerineSOC_0/inst/axiDMAInst/triggerCacheFlush_reg_rep__19/C (clocked by clk162_5_tangerineA7_100_clk_wiz_2_0) and tangerineA7_100_i/tangerineSOC_0/inst/axiDMAInst/cacheValidWay3_reg[25]/D (clocked by clk_pll_i). Large setup violations at the end of those stages might be difficult to fix during the post-placement implementation flow and could be the result of non-optimal XDC constraints or non-optimal design architecture
Related violations: <none>

TIMING-16#29 Warning
Large setup violation  
There is a large setup violation of -1.053 ns between tangerineA7_100_i/tangerineSOC_0/inst/nekoRvInst/a_reg[23]/C (clocked by clk162_5_tangerineA7_100_clk_wiz_2_0) and tangerineA7_100_i/tangerineSOC_0/inst/axiDMAInst/ch2SaAddress_reg[20]/CE (clocked by clk162_5_tangerineA7_100_clk_wiz_2_0). Large setup violations at the end of those stages might be difficult to fix during the post-placement implementation flow and could be the result of non-optimal XDC constraints or non-optimal design architecture
Related violations: <none>

TIMING-16#30 Warning
Large setup violation  
There is a large setup violation of -1.053 ns between tangerineA7_100_i/tangerineSOC_0/inst/nekoRvInst/a_reg[23]/C (clocked by clk162_5_tangerineA7_100_clk_wiz_2_0) and tangerineA7_100_i/tangerineSOC_0/inst/axiDMAInst/ch2SaAddress_reg[21]/CE (clocked by clk162_5_tangerineA7_100_clk_wiz_2_0). Large setup violations at the end of those stages might be difficult to fix during the post-placement implementation flow and could be the result of non-optimal XDC constraints or non-optimal design architecture
Related violations: <none>

TIMING-16#31 Warning
Large setup violation  
There is a large setup violation of -1.053 ns between tangerineA7_100_i/tangerineSOC_0/inst/nekoRvInst/a_reg[23]/C (clocked by clk162_5_tangerineA7_100_clk_wiz_2_0) and tangerineA7_100_i/tangerineSOC_0/inst/axiDMAInst/ch2SaAddress_reg[22]/CE (clocked by clk162_5_tangerineA7_100_clk_wiz_2_0). Large setup violations at the end of those stages might be difficult to fix during the post-placement implementation flow and could be the result of non-optimal XDC constraints or non-optimal design architecture
Related violations: <none>

TIMING-16#32 Warning
Large setup violation  
There is a large setup violation of -1.053 ns between tangerineA7_100_i/tangerineSOC_0/inst/nekoRvInst/a_reg[23]/C (clocked by clk162_5_tangerineA7_100_clk_wiz_2_0) and tangerineA7_100_i/tangerineSOC_0/inst/axiDMAInst/ch2SaAddress_reg[23]/CE (clocked by clk162_5_tangerineA7_100_clk_wiz_2_0). Large setup violations at the end of those stages might be difficult to fix during the post-placement implementation flow and could be the result of non-optimal XDC constraints or non-optimal design architecture
Related violations: <none>

TIMING-16#33 Warning
Large setup violation  
There is a large setup violation of -1.055 ns between tangerineA7_100_i/tangerineSOC_0/inst/nekoRvInst/a_reg[2]_rep__2/C (clocked by clk162_5_tangerineA7_100_clk_wiz_2_0) and tangerineA7_100_i/tangerineSOC_0/inst/axiDMAInst/ch1DmaRequestLength_reg[1]/CE (clocked by clk162_5_tangerineA7_100_clk_wiz_2_0). Large setup violations at the end of those stages might be difficult to fix during the post-placement implementation flow and could be the result of non-optimal XDC constraints or non-optimal design architecture
Related violations: <none>

TIMING-16#34 Warning
Large setup violation  
There is a large setup violation of -1.055 ns between tangerineA7_100_i/tangerineSOC_0/inst/nekoRvInst/a_reg[2]_rep__2/C (clocked by clk162_5_tangerineA7_100_clk_wiz_2_0) and tangerineA7_100_i/tangerineSOC_0/inst/axiDMAInst/ch1DmaRequestLength_reg[3]/CE (clocked by clk162_5_tangerineA7_100_clk_wiz_2_0). Large setup violations at the end of those stages might be difficult to fix during the post-placement implementation flow and could be the result of non-optimal XDC constraints or non-optimal design architecture
Related violations: <none>

TIMING-16#35 Warning
Large setup violation  
There is a large setup violation of -1.055 ns between tangerineA7_100_i/tangerineSOC_0/inst/nekoRvInst/a_reg[2]_rep__2/C (clocked by clk162_5_tangerineA7_100_clk_wiz_2_0) and tangerineA7_100_i/tangerineSOC_0/inst/axiDMAInst/ch1DmaRequestLength_reg[5]/CE (clocked by clk162_5_tangerineA7_100_clk_wiz_2_0). Large setup violations at the end of those stages might be difficult to fix during the post-placement implementation flow and could be the result of non-optimal XDC constraints or non-optimal design architecture
Related violations: <none>

TIMING-16#36 Warning
Large setup violation  
There is a large setup violation of -1.055 ns between tangerineA7_100_i/tangerineSOC_0/inst/nekoRvInst/a_reg[2]_rep__2/C (clocked by clk162_5_tangerineA7_100_clk_wiz_2_0) and tangerineA7_100_i/tangerineSOC_0/inst/axiDMAInst/ch1DmaRequestLength_reg[7]/CE (clocked by clk162_5_tangerineA7_100_clk_wiz_2_0). Large setup violations at the end of those stages might be difficult to fix during the post-placement implementation flow and could be the result of non-optimal XDC constraints or non-optimal design architecture
Related violations: <none>

TIMING-16#37 Warning
Large setup violation  
There is a large setup violation of -1.056 ns between tangerineA7_100_i/tangerineSOC_0/inst/axiDMAInst/triggerCacheFlush_reg_rep__19/C (clocked by clk162_5_tangerineA7_100_clk_wiz_2_0) and tangerineA7_100_i/tangerineSOC_0/inst/axiDMAInst/cacheValidWay3_reg[90]/D (clocked by clk_pll_i). Large setup violations at the end of those stages might be difficult to fix during the post-placement implementation flow and could be the result of non-optimal XDC constraints or non-optimal design architecture
Related violations: <none>

TIMING-16#38 Warning
Large setup violation  
There is a large setup violation of -1.060 ns between tangerineA7_100_i/tangerineSOC_0/inst/axiDMAInst/cacheA_reg[7]_rep/C (clocked by clk_pll_i) and tangerineA7_100_i/tangerineSOC_0/inst/axiDMAInst/cacheValidWay2_reg[379]/D (clocked by clk_pll_i). Large setup violations at the end of those stages might be difficult to fix during the post-placement implementation flow and could be the result of non-optimal XDC constraints or non-optimal design architecture
Related violations: <none>

TIMING-16#39 Warning
Large setup violation  
There is a large setup violation of -1.060 ns between tangerineA7_100_i/tangerineSOC_0/inst/axiDMAInst/cacheA_reg[7]_rep/C (clocked by clk_pll_i) and tangerineA7_100_i/tangerineSOC_0/inst/axiDMAInst/cacheWay1DInb_reg[64]/CE (clocked by clk_pll_i). Large setup violations at the end of those stages might be difficult to fix during the post-placement implementation flow and could be the result of non-optimal XDC constraints or non-optimal design architecture
Related violations: <none>

TIMING-16#40 Warning
Large setup violation  
There is a large setup violation of -1.060 ns between tangerineA7_100_i/tangerineSOC_0/inst/axiDMAInst/cacheA_reg[7]_rep/C (clocked by clk_pll_i) and tangerineA7_100_i/tangerineSOC_0/inst/axiDMAInst/cacheWay1DInb_reg[68]/CE (clocked by clk_pll_i). Large setup violations at the end of those stages might be difficult to fix during the post-placement implementation flow and could be the result of non-optimal XDC constraints or non-optimal design architecture
Related violations: <none>

TIMING-16#41 Warning
Large setup violation  
There is a large setup violation of -1.060 ns between tangerineA7_100_i/tangerineSOC_0/inst/axiDMAInst/cacheA_reg[7]_rep/C (clocked by clk_pll_i) and tangerineA7_100_i/tangerineSOC_0/inst/axiDMAInst/cacheWay1DInb_reg[70]/CE (clocked by clk_pll_i). Large setup violations at the end of those stages might be difficult to fix during the post-placement implementation flow and could be the result of non-optimal XDC constraints or non-optimal design architecture
Related violations: <none>

TIMING-16#42 Warning
Large setup violation  
There is a large setup violation of -1.060 ns between tangerineA7_100_i/tangerineSOC_0/inst/axiDMAInst/cacheA_reg[7]_rep/C (clocked by clk_pll_i) and tangerineA7_100_i/tangerineSOC_0/inst/axiDMAInst/cacheWay1DInb_reg[98]/CE (clocked by clk_pll_i). Large setup violations at the end of those stages might be difficult to fix during the post-placement implementation flow and could be the result of non-optimal XDC constraints or non-optimal design architecture
Related violations: <none>

TIMING-16#43 Warning
Large setup violation  
There is a large setup violation of -1.061 ns between tangerineA7_100_i/tangerineSOC_0/inst/axiDMAInst/cacheA_reg[7]_rep/C (clocked by clk_pll_i) and tangerineA7_100_i/tangerineSOC_0/inst/axiDMAInst/cacheWay1DInb_reg[65]/CE (clocked by clk_pll_i). Large setup violations at the end of those stages might be difficult to fix during the post-placement implementation flow and could be the result of non-optimal XDC constraints or non-optimal design architecture
Related violations: <none>

TIMING-16#44 Warning
Large setup violation  
There is a large setup violation of -1.061 ns between tangerineA7_100_i/tangerineSOC_0/inst/axiDMAInst/cacheA_reg[7]_rep/C (clocked by clk_pll_i) and tangerineA7_100_i/tangerineSOC_0/inst/axiDMAInst/cacheWay1DInb_reg[67]/CE (clocked by clk_pll_i). Large setup violations at the end of those stages might be difficult to fix during the post-placement implementation flow and could be the result of non-optimal XDC constraints or non-optimal design architecture
Related violations: <none>

TIMING-16#45 Warning
Large setup violation  
There is a large setup violation of -1.061 ns between tangerineA7_100_i/tangerineSOC_0/inst/axiDMAInst/cacheA_reg[7]_rep/C (clocked by clk_pll_i) and tangerineA7_100_i/tangerineSOC_0/inst/axiDMAInst/cacheWay1DInb_reg[6]/CE (clocked by clk_pll_i). Large setup violations at the end of those stages might be difficult to fix during the post-placement implementation flow and could be the result of non-optimal XDC constraints or non-optimal design architecture
Related violations: <none>

TIMING-16#46 Warning
Large setup violation  
There is a large setup violation of -1.061 ns between tangerineA7_100_i/tangerineSOC_0/inst/axiDMAInst/cacheA_reg[7]_rep/C (clocked by clk_pll_i) and tangerineA7_100_i/tangerineSOC_0/inst/axiDMAInst/cacheWay1DInb_reg[71]/CE (clocked by clk_pll_i). Large setup violations at the end of those stages might be difficult to fix during the post-placement implementation flow and could be the result of non-optimal XDC constraints or non-optimal design architecture
Related violations: <none>

TIMING-16#47 Warning
Large setup violation  
There is a large setup violation of -1.063 ns between tangerineA7_100_i/tangerineSOC_0/inst/axiDMAInst/triggerCacheFlush_reg_rep__19/C (clocked by clk162_5_tangerineA7_100_clk_wiz_2_0) and tangerineA7_100_i/tangerineSOC_0/inst/axiDMAInst/cacheValidWay3_reg[27]/D (clocked by clk_pll_i). Large setup violations at the end of those stages might be difficult to fix during the post-placement implementation flow and could be the result of non-optimal XDC constraints or non-optimal design architecture
Related violations: <none>

TIMING-16#48 Warning
Large setup violation  
There is a large setup violation of -1.064 ns between tangerineA7_100_i/tangerineSOC_0/inst/axiDMAInst/triggerCacheFlush_reg_rep__19/C (clocked by clk162_5_tangerineA7_100_clk_wiz_2_0) and tangerineA7_100_i/tangerineSOC_0/inst/axiDMAInst/cacheValidWay3_reg[84]/D (clocked by clk_pll_i). Large setup violations at the end of those stages might be difficult to fix during the post-placement implementation flow and could be the result of non-optimal XDC constraints or non-optimal design architecture
Related violations: <none>

TIMING-16#49 Warning
Large setup violation  
There is a large setup violation of -1.064 ns between tangerineA7_100_i/tangerineSOC_0/inst/axiDMAInst/triggerCacheFlush_reg_rep__23/C (clocked by clk162_5_tangerineA7_100_clk_wiz_2_0) and tangerineA7_100_i/tangerineSOC_0/inst/axiDMAInst/cacheValidWay2_reg[31]/D (clocked by clk_pll_i). Large setup violations at the end of those stages might be difficult to fix during the post-placement implementation flow and could be the result of non-optimal XDC constraints or non-optimal design architecture
Related violations: <none>

TIMING-16#50 Warning
Large setup violation  
There is a large setup violation of -1.067 ns between tangerineA7_100_i/tangerineSOC_0/inst/nekoRvInst/dout_reg[8]/C (clocked by clk162_5_tangerineA7_100_clk_wiz_2_0) and tangerineA7_100_i/tangerineSOC_0/inst/axiDMAInst/ch2DaLastWriteMask_reg[8]/D (clocked by clk162_5_tangerineA7_100_clk_wiz_2_0). Large setup violations at the end of those stages might be difficult to fix during the post-placement implementation flow and could be the result of non-optimal XDC constraints or non-optimal design architecture
Related violations: <none>

TIMING-16#51 Warning
Large setup violation  
There is a large setup violation of -1.068 ns between tangerineA7_100_i/tangerineSOC_0/inst/axiDMAInst/cacheA_reg[7]_rep/C (clocked by clk_pll_i) and tangerineA7_100_i/tangerineSOC_0/inst/axiDMAInst/cacheValidWay2_reg[385]/D (clocked by clk_pll_i). Large setup violations at the end of those stages might be difficult to fix during the post-placement implementation flow and could be the result of non-optimal XDC constraints or non-optimal design architecture
Related violations: <none>

TIMING-16#52 Warning
Large setup violation  
There is a large setup violation of -1.068 ns between tangerineA7_100_i/tangerineSOC_0/inst/axiDMAInst/ch2Input0_reg[0]/C (clocked by clk162_5_tangerineA7_100_clk_wiz_2_0) and tangerineA7_100_i/tangerineSOC_0/inst/axiDMAInst/ch2PreviousData_reg[50]/D (clocked by clk_pll_i). Large setup violations at the end of those stages might be difficult to fix during the post-placement implementation flow and could be the result of non-optimal XDC constraints or non-optimal design architecture
Related violations: <none>

TIMING-16#53 Warning
Large setup violation  
There is a large setup violation of -1.068 ns between tangerineA7_100_i/tangerineSOC_0/inst/blitterInst/bltDmaA_reg[6]/C (clocked by clk162_5_tangerineA7_100_clk_wiz_2_0) and tangerineA7_100_i/tangerineSOC_0/inst/axiDMAInst/cacheA_reg[6]_rep__2_replica_8/D (clocked by clk_pll_i). Large setup violations at the end of those stages might be difficult to fix during the post-placement implementation flow and could be the result of non-optimal XDC constraints or non-optimal design architecture
Related violations: <none>

TIMING-16#54 Warning
Large setup violation  
There is a large setup violation of -1.072 ns between tangerineA7_100_i/tangerineSOC_0/inst/axiDMAInst/cacheA_reg[2]/C (clocked by clk_pll_i) and tangerineA7_100_i/tangerineSOC_0/inst/axiDMAInst/cacheDataRamW0Inst/U0/inst_blk_mem_gen/gnbram.gnativebmg.native_blk_mem_gen/valid.cstr/ramloop[4].ram.r/prim_noinit.ram/DEVICE_7SERIES.NO_BMM_INFO.TRUE_DP.SIMPLE_PRIM36.ram/ADDRARDADDR[3] (clocked by clk162_5_tangerineA7_100_clk_wiz_2_0). Large setup violations at the end of those stages might be difficult to fix during the post-placement implementation flow and could be the result of non-optimal XDC constraints or non-optimal design architecture
Related violations: <none>

TIMING-16#55 Warning
Large setup violation  
There is a large setup violation of -1.075 ns between tangerineA7_100_i/tangerineSOC_0/inst/axiDMAInst/cacheA_reg[7]_rep/C (clocked by clk_pll_i) and tangerineA7_100_i/tangerineSOC_0/inst/axiDMAInst/cacheWay1DInb_reg[102]/CE (clocked by clk_pll_i). Large setup violations at the end of those stages might be difficult to fix during the post-placement implementation flow and could be the result of non-optimal XDC constraints or non-optimal design architecture
Related violations: <none>

TIMING-16#56 Warning
Large setup violation  
There is a large setup violation of -1.075 ns between tangerineA7_100_i/tangerineSOC_0/inst/axiDMAInst/triggerCacheFlush_reg_rep__7/C (clocked by clk162_5_tangerineA7_100_clk_wiz_2_0) and tangerineA7_100_i/tangerineSOC_0/inst/axiDMAInst/cacheValidWay1_reg[150]/D (clocked by clk_pll_i). Large setup violations at the end of those stages might be difficult to fix during the post-placement implementation flow and could be the result of non-optimal XDC constraints or non-optimal design architecture
Related violations: <none>

TIMING-16#57 Warning
Large setup violation  
There is a large setup violation of -1.077 ns between tangerineA7_100_i/tangerineSOC_0/inst/axiDMAInst/cacheA_reg[7]_rep/C (clocked by clk_pll_i) and tangerineA7_100_i/tangerineSOC_0/inst/axiDMAInst/cacheValidWay2_reg[398]/D (clocked by clk_pll_i). Large setup violations at the end of those stages might be difficult to fix during the post-placement implementation flow and could be the result of non-optimal XDC constraints or non-optimal design architecture
Related violations: <none>

TIMING-16#58 Warning
Large setup violation  
There is a large setup violation of -1.077 ns between tangerineA7_100_i/tangerineSOC_0/inst/axiDMAInst/ch2Input0_reg[2]/C (clocked by clk162_5_tangerineA7_100_clk_wiz_2_0) and tangerineA7_100_i/tangerineSOC_0/inst/axiDMAInst/ch2BufDOut_reg[69]/D (clocked by clk_pll_i). Large setup violations at the end of those stages might be difficult to fix during the post-placement implementation flow and could be the result of non-optimal XDC constraints or non-optimal design architecture
Related violations: <none>

TIMING-16#59 Warning
Large setup violation  
There is a large setup violation of -1.082 ns between tangerineA7_100_i/tangerineSOC_0/inst/axiDMAInst/triggerCacheFlush_reg_rep__19/C (clocked by clk162_5_tangerineA7_100_clk_wiz_2_0) and tangerineA7_100_i/tangerineSOC_0/inst/axiDMAInst/cacheValidWay2_reg[52]/D (clocked by clk_pll_i). Large setup violations at the end of those stages might be difficult to fix during the post-placement implementation flow and could be the result of non-optimal XDC constraints or non-optimal design architecture
Related violations: <none>

TIMING-16#60 Warning
Large setup violation  
There is a large setup violation of -1.084 ns between tangerineA7_100_i/tangerineSOC_0/inst/axiDMAInst/triggerCacheFlush_reg_rep__19/C (clocked by clk162_5_tangerineA7_100_clk_wiz_2_0) and tangerineA7_100_i/tangerineSOC_0/inst/axiDMAInst/cacheValidWay3_reg[120]/D (clocked by clk_pll_i). Large setup violations at the end of those stages might be difficult to fix during the post-placement implementation flow and could be the result of non-optimal XDC constraints or non-optimal design architecture
Related violations: <none>

TIMING-16#61 Warning
Large setup violation  
There is a large setup violation of -1.085 ns between tangerineA7_100_i/tangerineSOC_0/inst/axiDMAInst/cacheDIn_reg[31]/C (clocked by clk_pll_i) and tangerineA7_100_i/tangerineSOC_0/inst/axiDMAInst/cacheDataRamW0Inst/U0/inst_blk_mem_gen/gnbram.gnativebmg.native_blk_mem_gen/valid.cstr/ramloop[6].ram.r/prim_noinit.ram/DEVICE_7SERIES.NO_BMM_INFO.TRUE_DP.SIMPLE_PRIM36.ram/DIADI[7] (clocked by clk162_5_tangerineA7_100_clk_wiz_2_0). Large setup violations at the end of those stages might be difficult to fix during the post-placement implementation flow and could be the result of non-optimal XDC constraints or non-optimal design architecture
Related violations: <none>

TIMING-16#62 Warning
Large setup violation  
There is a large setup violation of -1.086 ns between tangerineA7_100_i/tangerineSOC_0/inst/blitterInst/bltDmaRequest_reg/C (clocked by clk162_5_tangerineA7_100_clk_wiz_2_0) and tangerineA7_100_i/tangerineSOC_0/inst/axiDMAInst/cacheA_reg[10]_replica/D (clocked by clk_pll_i). Large setup violations at the end of those stages might be difficult to fix during the post-placement implementation flow and could be the result of non-optimal XDC constraints or non-optimal design architecture
Related violations: <none>

TIMING-16#63 Warning
Large setup violation  
There is a large setup violation of -1.094 ns between tangerineA7_100_i/tangerineSOC_0/inst/axiDMAInst/triggerCacheFlush_reg_rep__28/C (clocked by clk162_5_tangerineA7_100_clk_wiz_2_0) and tangerineA7_100_i/tangerineSOC_0/inst/axiDMAInst/cacheValidWay3_reg[126]/D (clocked by clk_pll_i). Large setup violations at the end of those stages might be difficult to fix during the post-placement implementation flow and could be the result of non-optimal XDC constraints or non-optimal design architecture
Related violations: <none>

TIMING-16#64 Warning
Large setup violation  
There is a large setup violation of -1.102 ns between tangerineA7_100_i/tangerineSOC_0/inst/axiDMAInst/cacheA_reg[7]_rep/C (clocked by clk_pll_i) and tangerineA7_100_i/tangerineSOC_0/inst/axiDMAInst/cacheWay1DInb_reg[37]/CE (clocked by clk_pll_i). Large setup violations at the end of those stages might be difficult to fix during the post-placement implementation flow and could be the result of non-optimal XDC constraints or non-optimal design architecture
Related violations: <none>

TIMING-16#65 Warning
Large setup violation  
There is a large setup violation of -1.103 ns between tangerineA7_100_i/tangerineMIGWrapper_0/inst/tangerineMIGInst/u_mig_7series_tangerine_mig/u_memc_ui_top_axi/u_axi_mc/USE_UPSIZER.upsizer_d2/USE_READ.read_data_inst/use_wrap_buffer_reg/C (clocked by clk_pll_i) and tangerineA7_100_i/tangerineSOC_0/inst/axiDMAInst/cacheWay2DInb_reg[2]/D (clocked by clk_pll_i). Large setup violations at the end of those stages might be difficult to fix during the post-placement implementation flow and could be the result of non-optimal XDC constraints or non-optimal design architecture
Related violations: <none>

TIMING-16#66 Warning
Large setup violation  
There is a large setup violation of -1.107 ns between tangerineA7_100_i/tangerineSOC_0/inst/axiDMAInst/triggerCacheFlush_reg_rep__29/C (clocked by clk162_5_tangerineA7_100_clk_wiz_2_0) and tangerineA7_100_i/tangerineSOC_0/inst/axiDMAInst/cacheValidWay3_reg[257]/D (clocked by clk_pll_i). Large setup violations at the end of those stages might be difficult to fix during the post-placement implementation flow and could be the result of non-optimal XDC constraints or non-optimal design architecture
Related violations: <none>

TIMING-16#67 Warning
Large setup violation  
There is a large setup violation of -1.108 ns between tangerineA7_100_i/tangerineSOC_0/inst/nekoRvInst/a_reg[23]/C (clocked by clk162_5_tangerineA7_100_clk_wiz_2_0) and tangerineA7_100_i/tangerineSOC_0/inst/axiDMAInst/ch2SaAddress_reg[6]/CE (clocked by clk162_5_tangerineA7_100_clk_wiz_2_0). Large setup violations at the end of those stages might be difficult to fix during the post-placement implementation flow and could be the result of non-optimal XDC constraints or non-optimal design architecture
Related violations: <none>

TIMING-16#68 Warning
Large setup violation  
There is a large setup violation of -1.108 ns between tangerineA7_100_i/tangerineSOC_0/inst/nekoRvInst/a_reg[23]/C (clocked by clk162_5_tangerineA7_100_clk_wiz_2_0) and tangerineA7_100_i/tangerineSOC_0/inst/axiDMAInst/ch2SaAddress_reg[7]/CE (clocked by clk162_5_tangerineA7_100_clk_wiz_2_0). Large setup violations at the end of those stages might be difficult to fix during the post-placement implementation flow and could be the result of non-optimal XDC constraints or non-optimal design architecture
Related violations: <none>

TIMING-16#69 Warning
Large setup violation  
There is a large setup violation of -1.110 ns between tangerineA7_100_i/tangerineSOC_0/inst/axiDMAInst/cacheA_reg[7]_rep/C (clocked by clk_pll_i) and tangerineA7_100_i/tangerineSOC_0/inst/axiDMAInst/cacheWay1DInb_reg[39]/CE (clocked by clk_pll_i). Large setup violations at the end of those stages might be difficult to fix during the post-placement implementation flow and could be the result of non-optimal XDC constraints or non-optimal design architecture
Related violations: <none>

TIMING-16#70 Warning
Large setup violation  
There is a large setup violation of -1.111 ns between tangerineA7_100_i/tangerineSOC_0/inst/axiDMAInst/triggerCacheFlush_reg_rep__19/C (clocked by clk162_5_tangerineA7_100_clk_wiz_2_0) and tangerineA7_100_i/tangerineSOC_0/inst/axiDMAInst/cacheValidWay3_reg[196]/D (clocked by clk_pll_i). Large setup violations at the end of those stages might be difficult to fix during the post-placement implementation flow and could be the result of non-optimal XDC constraints or non-optimal design architecture
Related violations: <none>

TIMING-16#71 Warning
Large setup violation  
There is a large setup violation of -1.117 ns between tangerineA7_100_i/tangerineSOC_0/inst/axiDMAInst/cacheA_reg[7]_rep/C (clocked by clk_pll_i) and tangerineA7_100_i/tangerineSOC_0/inst/axiDMAInst/cacheValidWay2_reg[394]/D (clocked by clk_pll_i). Large setup violations at the end of those stages might be difficult to fix during the post-placement implementation flow and could be the result of non-optimal XDC constraints or non-optimal design architecture
Related violations: <none>

TIMING-16#72 Warning
Large setup violation  
There is a large setup violation of -1.117 ns between tangerineA7_100_i/tangerineSOC_0/inst/axiDMAInst/cacheWay1WEa_reg[2]/C (clocked by clk_pll_i) and tangerineA7_100_i/tangerineSOC_0/inst/axiDMAInst/cacheDataRamW1Inst/U0/inst_blk_mem_gen/gnbram.gnativebmg.native_blk_mem_gen/valid.cstr/ramloop[5].ram.r/prim_noinit.ram/DEVICE_7SERIES.NO_BMM_INFO.TRUE_DP.SIMPLE_PRIM36.ram/WEA[0] (clocked by clk162_5_tangerineA7_100_clk_wiz_2_0). Large setup violations at the end of those stages might be difficult to fix during the post-placement implementation flow and could be the result of non-optimal XDC constraints or non-optimal design architecture
Related violations: <none>

TIMING-16#73 Warning
Large setup violation  
There is a large setup violation of -1.118 ns between tangerineA7_100_i/tangerineSOC_0/inst/axiDMAInst/triggerCacheFlush_reg_rep__19/C (clocked by clk162_5_tangerineA7_100_clk_wiz_2_0) and tangerineA7_100_i/tangerineSOC_0/inst/axiDMAInst/cacheValidWay3_reg[225]/D (clocked by clk_pll_i). Large setup violations at the end of those stages might be difficult to fix during the post-placement implementation flow and could be the result of non-optimal XDC constraints or non-optimal design architecture
Related violations: <none>

TIMING-16#74 Warning
Large setup violation  
There is a large setup violation of -1.120 ns between tangerineA7_100_i/tangerineSOC_0/inst/axiDMAInst/triggerCacheFlush_reg_rep__17/C (clocked by clk162_5_tangerineA7_100_clk_wiz_2_0) and tangerineA7_100_i/tangerineSOC_0/inst/axiDMAInst/cacheValidWay3_reg[223]/D (clocked by clk_pll_i). Large setup violations at the end of those stages might be difficult to fix during the post-placement implementation flow and could be the result of non-optimal XDC constraints or non-optimal design architecture
Related violations: <none>

TIMING-16#75 Warning
Large setup violation  
There is a large setup violation of -1.121 ns between tangerineA7_100_i/tangerineSOC_0/inst/axiDMAInst/cacheA_reg[7]_rep/C (clocked by clk_pll_i) and tangerineA7_100_i/tangerineSOC_0/inst/axiDMAInst/cacheWay1DInb_reg[5]/CE (clocked by clk_pll_i). Large setup violations at the end of those stages might be difficult to fix during the post-placement implementation flow and could be the result of non-optimal XDC constraints or non-optimal design architecture
Related violations: <none>

TIMING-16#76 Warning
Large setup violation  
There is a large setup violation of -1.121 ns between tangerineA7_100_i/tangerineSOC_0/inst/axiDMAInst/cacheA_reg[7]_rep/C (clocked by clk_pll_i) and tangerineA7_100_i/tangerineSOC_0/inst/axiDMAInst/cacheWay1DInb_reg[69]/CE (clocked by clk_pll_i). Large setup violations at the end of those stages might be difficult to fix during the post-placement implementation flow and could be the result of non-optimal XDC constraints or non-optimal design architecture
Related violations: <none>

TIMING-16#77 Warning
Large setup violation  
There is a large setup violation of -1.129 ns between tangerineA7_100_i/tangerineSOC_0/inst/nekoRvInst/be_reg/C (clocked by clk162_5_tangerineA7_100_clk_wiz_2_0) and tangerineA7_100_i/tangerineSOC_0/inst/axiDMAInst/cacheA_reg[6]_rep__2_replica_4/CE (clocked by clk_pll_i). Large setup violations at the end of those stages might be difficult to fix during the post-placement implementation flow and could be the result of non-optimal XDC constraints or non-optimal design architecture
Related violations: <none>

TIMING-16#78 Warning
Large setup violation  
There is a large setup violation of -1.131 ns between tangerineA7_100_i/tangerineSOC_0/inst/axiDMAInst/triggerCacheFlush_reg_rep__19/C (clocked by clk162_5_tangerineA7_100_clk_wiz_2_0) and tangerineA7_100_i/tangerineSOC_0/inst/axiDMAInst/cacheValidWay3_reg[94]/D (clocked by clk_pll_i). Large setup violations at the end of those stages might be difficult to fix during the post-placement implementation flow and could be the result of non-optimal XDC constraints or non-optimal design architecture
Related violations: <none>

TIMING-16#79 Warning
Large setup violation  
There is a large setup violation of -1.133 ns between tangerineA7_100_i/tangerineSOC_0/inst/axiDMAInst/triggerCacheFlush_reg_rep__23/C (clocked by clk162_5_tangerineA7_100_clk_wiz_2_0) and tangerineA7_100_i/tangerineSOC_0/inst/axiDMAInst/cacheValidWay2_reg[25]/D (clocked by clk_pll_i). Large setup violations at the end of those stages might be difficult to fix during the post-placement implementation flow and could be the result of non-optimal XDC constraints or non-optimal design architecture
Related violations: <none>

TIMING-16#80 Warning
Large setup violation  
There is a large setup violation of -1.140 ns between tangerineA7_100_i/tangerineSOC_0/inst/nekoRvInst/a_reg[23]/C (clocked by clk162_5_tangerineA7_100_clk_wiz_2_0) and tangerineA7_100_i/tangerineSOC_0/inst/axiDMAInst/ch2SaAddress_reg[15]/CE (clocked by clk162_5_tangerineA7_100_clk_wiz_2_0). Large setup violations at the end of those stages might be difficult to fix during the post-placement implementation flow and could be the result of non-optimal XDC constraints or non-optimal design architecture
Related violations: <none>

TIMING-16#81 Warning
Large setup violation  
There is a large setup violation of -1.140 ns between tangerineA7_100_i/tangerineSOC_0/inst/nekoRvInst/a_reg[23]/C (clocked by clk162_5_tangerineA7_100_clk_wiz_2_0) and tangerineA7_100_i/tangerineSOC_0/inst/axiDMAInst/ch2SaAddress_reg[24]/CE (clocked by clk162_5_tangerineA7_100_clk_wiz_2_0). Large setup violations at the end of those stages might be difficult to fix during the post-placement implementation flow and could be the result of non-optimal XDC constraints or non-optimal design architecture
Related violations: <none>

TIMING-16#82 Warning
Large setup violation  
There is a large setup violation of -1.140 ns between tangerineA7_100_i/tangerineSOC_0/inst/nekoRvInst/a_reg[23]/C (clocked by clk162_5_tangerineA7_100_clk_wiz_2_0) and tangerineA7_100_i/tangerineSOC_0/inst/axiDMAInst/ch2SaAddress_reg[25]/CE (clocked by clk162_5_tangerineA7_100_clk_wiz_2_0). Large setup violations at the end of those stages might be difficult to fix during the post-placement implementation flow and could be the result of non-optimal XDC constraints or non-optimal design architecture
Related violations: <none>

TIMING-16#83 Warning
Large setup violation  
There is a large setup violation of -1.140 ns between tangerineA7_100_i/tangerineSOC_0/inst/nekoRvInst/a_reg[23]/C (clocked by clk162_5_tangerineA7_100_clk_wiz_2_0) and tangerineA7_100_i/tangerineSOC_0/inst/axiDMAInst/ch2SaAddress_reg[26]/CE (clocked by clk162_5_tangerineA7_100_clk_wiz_2_0). Large setup violations at the end of those stages might be difficult to fix during the post-placement implementation flow and could be the result of non-optimal XDC constraints or non-optimal design architecture
Related violations: <none>

TIMING-16#84 Warning
Large setup violation  
There is a large setup violation of -1.141 ns between tangerineA7_100_i/tangerineSOC_0/inst/axiDMAInst/cacheA_reg[4]/C (clocked by clk_pll_i) and tangerineA7_100_i/tangerineSOC_0/inst/axiDMAInst/cacheDataRamW0Inst/U0/inst_blk_mem_gen/gnbram.gnativebmg.native_blk_mem_gen/valid.cstr/ramloop[5].ram.r/prim_noinit.ram/DEVICE_7SERIES.NO_BMM_INFO.TRUE_DP.SIMPLE_PRIM36.ram/ADDRARDADDR[5] (clocked by clk162_5_tangerineA7_100_clk_wiz_2_0). Large setup violations at the end of those stages might be difficult to fix during the post-placement implementation flow and could be the result of non-optimal XDC constraints or non-optimal design architecture
Related violations: <none>

TIMING-16#85 Warning
Large setup violation  
There is a large setup violation of -1.142 ns between tangerineA7_100_i/tangerineSOC_0/inst/axiDMAInst/triggerCacheFlush_reg_rep__19/C (clocked by clk162_5_tangerineA7_100_clk_wiz_2_0) and tangerineA7_100_i/tangerineSOC_0/inst/axiDMAInst/cacheValidWay3_reg[239]/D (clocked by clk_pll_i). Large setup violations at the end of those stages might be difficult to fix during the post-placement implementation flow and could be the result of non-optimal XDC constraints or non-optimal design architecture
Related violations: <none>

TIMING-16#86 Warning
Large setup violation  
There is a large setup violation of -1.143 ns between tangerineA7_100_i/tangerineSOC_0/inst/axiDMAInst/cacheDIn_reg[8]/C (clocked by clk_pll_i) and tangerineA7_100_i/tangerineSOC_0/inst/axiDMAInst/cacheDataRamW1Inst/U0/inst_blk_mem_gen/gnbram.gnativebmg.native_blk_mem_gen/valid.cstr/ramloop[2].ram.r/prim_noinit.ram/DEVICE_7SERIES.NO_BMM_INFO.TRUE_DP.SIMPLE_PRIM36.ram/DIADI[0] (clocked by clk162_5_tangerineA7_100_clk_wiz_2_0). Large setup violations at the end of those stages might be difficult to fix during the post-placement implementation flow and could be the result of non-optimal XDC constraints or non-optimal design architecture
Related violations: <none>

TIMING-16#87 Warning
Large setup violation  
There is a large setup violation of -1.144 ns between tangerineA7_100_i/tangerineSOC_0/inst/axiDMAInst/cacheA_reg[7]_rep/C (clocked by clk_pll_i) and tangerineA7_100_i/tangerineSOC_0/inst/axiDMAInst/cacheWay1DInb_reg[97]/CE (clocked by clk_pll_i). Large setup violations at the end of those stages might be difficult to fix during the post-placement implementation flow and could be the result of non-optimal XDC constraints or non-optimal design architecture
Related violations: <none>

TIMING-16#88 Warning
Large setup violation  
There is a large setup violation of -1.144 ns between tangerineA7_100_i/tangerineSOC_0/inst/axiDMAInst/cacheA_reg[7]_rep/C (clocked by clk_pll_i) and tangerineA7_100_i/tangerineSOC_0/inst/axiDMAInst/cacheWay1DInb_reg[99]/CE (clocked by clk_pll_i). Large setup violations at the end of those stages might be difficult to fix during the post-placement implementation flow and could be the result of non-optimal XDC constraints or non-optimal design architecture
Related violations: <none>

TIMING-16#89 Warning
Large setup violation  
There is a large setup violation of -1.146 ns between tangerineA7_100_i/tangerineMIGWrapper_0/inst/tangerineMIGInst/u_mig_7series_tangerine_mig/u_memc_ui_top_axi/u_axi_mc/USE_UPSIZER.upsizer_d2/USE_READ.read_data_inst/use_wrap_buffer_reg/C (clocked by clk_pll_i) and tangerineA7_100_i/tangerineSOC_0/inst/axiDMAInst/cacheWay2DInb_reg[96]/D (clocked by clk_pll_i). Large setup violations at the end of those stages might be difficult to fix during the post-placement implementation flow and could be the result of non-optimal XDC constraints or non-optimal design architecture
Related violations: <none>

TIMING-16#90 Warning
Large setup violation  
There is a large setup violation of -1.148 ns between tangerineA7_100_i/tangerineSOC_0/inst/axiDMAInst/triggerCacheFlush_reg_rep__19/C (clocked by clk162_5_tangerineA7_100_clk_wiz_2_0) and tangerineA7_100_i/tangerineSOC_0/inst/axiDMAInst/cacheValidWay3_reg[206]/D (clocked by clk_pll_i). Large setup violations at the end of those stages might be difficult to fix during the post-placement implementation flow and could be the result of non-optimal XDC constraints or non-optimal design architecture
Related violations: <none>

TIMING-16#91 Warning
Large setup violation  
There is a large setup violation of -1.151 ns between tangerineA7_100_i/tangerineSOC_0/inst/axiDMAInst/triggerCacheFlush_reg_rep__28/C (clocked by clk162_5_tangerineA7_100_clk_wiz_2_0) and tangerineA7_100_i/tangerineSOC_0/inst/axiDMAInst/cacheValidWay3_reg[117]/D (clocked by clk_pll_i). Large setup violations at the end of those stages might be difficult to fix during the post-placement implementation flow and could be the result of non-optimal XDC constraints or non-optimal design architecture
Related violations: <none>

TIMING-16#92 Warning
Large setup violation  
There is a large setup violation of -1.153 ns between tangerineA7_100_i/tangerineSOC_0/inst/axiDMAInst/cacheA_reg[2]/C (clocked by clk_pll_i) and tangerineA7_100_i/tangerineSOC_0/inst/axiDMAInst/cacheDataRamW0Inst/U0/inst_blk_mem_gen/gnbram.gnativebmg.native_blk_mem_gen/valid.cstr/ramloop[7].ram.r/prim_noinit.ram/DEVICE_7SERIES.NO_BMM_INFO.TRUE_DP.SIMPLE_PRIM36.ram/ADDRARDADDR[3] (clocked by clk162_5_tangerineA7_100_clk_wiz_2_0). Large setup violations at the end of those stages might be difficult to fix during the post-placement implementation flow and could be the result of non-optimal XDC constraints or non-optimal design architecture
Related violations: <none>

TIMING-16#93 Warning
Large setup violation  
There is a large setup violation of -1.154 ns between tangerineA7_100_i/tangerineSOC_0/inst/blitterInst/bltDmaRequest_reg/C (clocked by clk162_5_tangerineA7_100_clk_wiz_2_0) and tangerineA7_100_i/tangerineSOC_0/inst/axiDMAInst/cacheA_reg[9]_replica_7/D (clocked by clk_pll_i). Large setup violations at the end of those stages might be difficult to fix during the post-placement implementation flow and could be the result of non-optimal XDC constraints or non-optimal design architecture
Related violations: <none>

TIMING-16#94 Warning
Large setup violation  
There is a large setup violation of -1.155 ns between tangerineA7_100_i/tangerineSOC_0/inst/axiDMAInst/triggerCacheFlush_reg_rep__19/C (clocked by clk162_5_tangerineA7_100_clk_wiz_2_0) and tangerineA7_100_i/tangerineSOC_0/inst/axiDMAInst/cacheValidWay3_reg[201]/D (clocked by clk_pll_i). Large setup violations at the end of those stages might be difficult to fix during the post-placement implementation flow and could be the result of non-optimal XDC constraints or non-optimal design architecture
Related violations: <none>

TIMING-16#95 Warning
Large setup violation  
There is a large setup violation of -1.155 ns between tangerineA7_100_i/tangerineSOC_0/inst/axiDMAInst/triggerCacheFlush_reg_rep__28/C (clocked by clk162_5_tangerineA7_100_clk_wiz_2_0) and tangerineA7_100_i/tangerineSOC_0/inst/axiDMAInst/cacheValidWay3_reg[106]/D (clocked by clk_pll_i). Large setup violations at the end of those stages might be difficult to fix during the post-placement implementation flow and could be the result of non-optimal XDC constraints or non-optimal design architecture
Related violations: <none>

TIMING-16#96 Warning
Large setup violation  
There is a large setup violation of -1.159 ns between tangerineA7_100_i/tangerineSOC_0/inst/axiDMAInst/triggerCacheFlush_reg_rep__19/C (clocked by clk162_5_tangerineA7_100_clk_wiz_2_0) and tangerineA7_100_i/tangerineSOC_0/inst/axiDMAInst/cacheValidWay3_reg[312]/D (clocked by clk_pll_i). Large setup violations at the end of those stages might be difficult to fix during the post-placement implementation flow and could be the result of non-optimal XDC constraints or non-optimal design architecture
Related violations: <none>

TIMING-16#97 Warning
Large setup violation  
There is a large setup violation of -1.163 ns between tangerineA7_100_i/tangerineSOC_0/inst/nekoRvInst/a_reg[23]/C (clocked by clk162_5_tangerineA7_100_clk_wiz_2_0) and tangerineA7_100_i/tangerineSOC_0/inst/axiDMAInst/ch2SaAddress_reg[10]/CE (clocked by clk162_5_tangerineA7_100_clk_wiz_2_0). Large setup violations at the end of those stages might be difficult to fix during the post-placement implementation flow and could be the result of non-optimal XDC constraints or non-optimal design architecture
Related violations: <none>

TIMING-16#98 Warning
Large setup violation  
There is a large setup violation of -1.163 ns between tangerineA7_100_i/tangerineSOC_0/inst/nekoRvInst/a_reg[23]/C (clocked by clk162_5_tangerineA7_100_clk_wiz_2_0) and tangerineA7_100_i/tangerineSOC_0/inst/axiDMAInst/ch2SaAddress_reg[11]/CE (clocked by clk162_5_tangerineA7_100_clk_wiz_2_0). Large setup violations at the end of those stages might be difficult to fix during the post-placement implementation flow and could be the result of non-optimal XDC constraints or non-optimal design architecture
Related violations: <none>

TIMING-16#99 Warning
Large setup violation  
There is a large setup violation of -1.163 ns between tangerineA7_100_i/tangerineSOC_0/inst/nekoRvInst/a_reg[23]/C (clocked by clk162_5_tangerineA7_100_clk_wiz_2_0) and tangerineA7_100_i/tangerineSOC_0/inst/axiDMAInst/ch2SaAddress_reg[8]/CE (clocked by clk162_5_tangerineA7_100_clk_wiz_2_0). Large setup violations at the end of those stages might be difficult to fix during the post-placement implementation flow and could be the result of non-optimal XDC constraints or non-optimal design architecture
Related violations: <none>

TIMING-16#100 Warning
Large setup violation  
There is a large setup violation of -1.163 ns between tangerineA7_100_i/tangerineSOC_0/inst/nekoRvInst/a_reg[23]/C (clocked by clk162_5_tangerineA7_100_clk_wiz_2_0) and tangerineA7_100_i/tangerineSOC_0/inst/axiDMAInst/ch2SaAddress_reg[9]/CE (clocked by clk162_5_tangerineA7_100_clk_wiz_2_0). Large setup violations at the end of those stages might be difficult to fix during the post-placement implementation flow and could be the result of non-optimal XDC constraints or non-optimal design architecture
Related violations: <none>

TIMING-16#101 Warning
Large setup violation  
There is a large setup violation of -1.168 ns between tangerineA7_100_i/tangerineSOC_0/inst/nekoRvInst/a_reg[2]_rep__2/C (clocked by clk162_5_tangerineA7_100_clk_wiz_2_0) and tangerineA7_100_i/tangerineSOC_0/inst/axiDMAInst/ch2TransferLength_reg[0]/CE (clocked by clk162_5_tangerineA7_100_clk_wiz_2_0). Large setup violations at the end of those stages might be difficult to fix during the post-placement implementation flow and could be the result of non-optimal XDC constraints or non-optimal design architecture
Related violations: <none>

TIMING-16#102 Warning
Large setup violation  
There is a large setup violation of -1.168 ns between tangerineA7_100_i/tangerineSOC_0/inst/nekoRvInst/a_reg[2]_rep__2/C (clocked by clk162_5_tangerineA7_100_clk_wiz_2_0) and tangerineA7_100_i/tangerineSOC_0/inst/axiDMAInst/ch2TransferLength_reg[1]/CE (clocked by clk162_5_tangerineA7_100_clk_wiz_2_0). Large setup violations at the end of those stages might be difficult to fix during the post-placement implementation flow and could be the result of non-optimal XDC constraints or non-optimal design architecture
Related violations: <none>

TIMING-16#103 Warning
Large setup violation  
There is a large setup violation of -1.168 ns between tangerineA7_100_i/tangerineSOC_0/inst/nekoRvInst/a_reg[2]_rep__2/C (clocked by clk162_5_tangerineA7_100_clk_wiz_2_0) and tangerineA7_100_i/tangerineSOC_0/inst/axiDMAInst/ch2TransferLength_reg[2]/CE (clocked by clk162_5_tangerineA7_100_clk_wiz_2_0). Large setup violations at the end of those stages might be difficult to fix during the post-placement implementation flow and could be the result of non-optimal XDC constraints or non-optimal design architecture
Related violations: <none>

TIMING-16#104 Warning
Large setup violation  
There is a large setup violation of -1.168 ns between tangerineA7_100_i/tangerineSOC_0/inst/nekoRvInst/a_reg[2]_rep__2/C (clocked by clk162_5_tangerineA7_100_clk_wiz_2_0) and tangerineA7_100_i/tangerineSOC_0/inst/axiDMAInst/ch2TransferLength_reg[3]/CE (clocked by clk162_5_tangerineA7_100_clk_wiz_2_0). Large setup violations at the end of those stages might be difficult to fix during the post-placement implementation flow and could be the result of non-optimal XDC constraints or non-optimal design architecture
Related violations: <none>

TIMING-16#105 Warning
Large setup violation  
There is a large setup violation of -1.168 ns between tangerineA7_100_i/tangerineSOC_0/inst/nekoRvInst/a_reg[2]_rep__2/C (clocked by clk162_5_tangerineA7_100_clk_wiz_2_0) and tangerineA7_100_i/tangerineSOC_0/inst/axiDMAInst/ch2TransferLength_reg[4]/CE (clocked by clk162_5_tangerineA7_100_clk_wiz_2_0). Large setup violations at the end of those stages might be difficult to fix during the post-placement implementation flow and could be the result of non-optimal XDC constraints or non-optimal design architecture
Related violations: <none>

TIMING-16#106 Warning
Large setup violation  
There is a large setup violation of -1.168 ns between tangerineA7_100_i/tangerineSOC_0/inst/nekoRvInst/a_reg[2]_rep__2/C (clocked by clk162_5_tangerineA7_100_clk_wiz_2_0) and tangerineA7_100_i/tangerineSOC_0/inst/axiDMAInst/ch2TransferLength_reg[5]/CE (clocked by clk162_5_tangerineA7_100_clk_wiz_2_0). Large setup violations at the end of those stages might be difficult to fix during the post-placement implementation flow and could be the result of non-optimal XDC constraints or non-optimal design architecture
Related violations: <none>

TIMING-16#107 Warning
Large setup violation  
There is a large setup violation of -1.168 ns between tangerineA7_100_i/tangerineSOC_0/inst/nekoRvInst/a_reg[2]_rep__2/C (clocked by clk162_5_tangerineA7_100_clk_wiz_2_0) and tangerineA7_100_i/tangerineSOC_0/inst/axiDMAInst/ch2TransferLength_reg[6]/CE (clocked by clk162_5_tangerineA7_100_clk_wiz_2_0). Large setup violations at the end of those stages might be difficult to fix during the post-placement implementation flow and could be the result of non-optimal XDC constraints or non-optimal design architecture
Related violations: <none>

TIMING-16#108 Warning
Large setup violation  
There is a large setup violation of -1.168 ns between tangerineA7_100_i/tangerineSOC_0/inst/nekoRvInst/a_reg[2]_rep__2/C (clocked by clk162_5_tangerineA7_100_clk_wiz_2_0) and tangerineA7_100_i/tangerineSOC_0/inst/axiDMAInst/ch2TransferLength_reg[7]/CE (clocked by clk162_5_tangerineA7_100_clk_wiz_2_0). Large setup violations at the end of those stages might be difficult to fix during the post-placement implementation flow and could be the result of non-optimal XDC constraints or non-optimal design architecture
Related violations: <none>

TIMING-16#109 Warning
Large setup violation  
There is a large setup violation of -1.171 ns between tangerineA7_100_i/tangerineSOC_0/inst/axiDMAInst/cacheWay1WEa_reg[1]/C (clocked by clk_pll_i) and tangerineA7_100_i/tangerineSOC_0/inst/axiDMAInst/cacheDataRamW1Inst/U0/inst_blk_mem_gen/gnbram.gnativebmg.native_blk_mem_gen/valid.cstr/ramloop[3].ram.r/prim_noinit.ram/DEVICE_7SERIES.NO_BMM_INFO.TRUE_DP.SIMPLE_PRIM36.ram/WEA[0] (clocked by clk162_5_tangerineA7_100_clk_wiz_2_0). Large setup violations at the end of those stages might be difficult to fix during the post-placement implementation flow and could be the result of non-optimal XDC constraints or non-optimal design architecture
Related violations: <none>

TIMING-16#110 Warning
Large setup violation  
There is a large setup violation of -1.179 ns between tangerineA7_100_i/tangerineSOC_0/inst/axiDMAInst/ch2Input0_reg[2]/C (clocked by clk162_5_tangerineA7_100_clk_wiz_2_0) and tangerineA7_100_i/tangerineSOC_0/inst/axiDMAInst/ch2BufDOut_reg[71]/D (clocked by clk_pll_i). Large setup violations at the end of those stages might be difficult to fix during the post-placement implementation flow and could be the result of non-optimal XDC constraints or non-optimal design architecture
Related violations: <none>

TIMING-16#111 Warning
Large setup violation  
There is a large setup violation of -1.183 ns between tangerineA7_100_i/tangerineMIGWrapper_0/inst/tangerineMIGInst/u_mig_7series_tangerine_mig/u_memc_ui_top_axi/u_axi_mc/USE_UPSIZER.upsizer_d2/USE_READ.read_data_inst/use_wrap_buffer_reg/C (clocked by clk_pll_i) and tangerineA7_100_i/tangerineSOC_0/inst/axiDMAInst/cacheWay2DInb_reg[33]/D (clocked by clk_pll_i). Large setup violations at the end of those stages might be difficult to fix during the post-placement implementation flow and could be the result of non-optimal XDC constraints or non-optimal design architecture
Related violations: <none>

TIMING-16#112 Warning
Large setup violation  
There is a large setup violation of -1.186 ns between tangerineA7_100_i/tangerineSOC_0/inst/axiDMAInst/triggerCacheFlush_reg_rep__12/C (clocked by clk162_5_tangerineA7_100_clk_wiz_2_0) and tangerineA7_100_i/tangerineSOC_0/inst/axiDMAInst/cacheValidWay2_reg[406]/D (clocked by clk_pll_i). Large setup violations at the end of those stages might be difficult to fix during the post-placement implementation flow and could be the result of non-optimal XDC constraints or non-optimal design architecture
Related violations: <none>

TIMING-16#113 Warning
Large setup violation  
There is a large setup violation of -1.186 ns between tangerineA7_100_i/tangerineSOC_0/inst/axiDMAInst/triggerCacheFlush_reg_rep__19/C (clocked by clk162_5_tangerineA7_100_clk_wiz_2_0) and tangerineA7_100_i/tangerineSOC_0/inst/axiDMAInst/cacheValidWay2_reg[54]/D (clocked by clk_pll_i). Large setup violations at the end of those stages might be difficult to fix during the post-placement implementation flow and could be the result of non-optimal XDC constraints or non-optimal design architecture
Related violations: <none>

TIMING-16#114 Warning
Large setup violation  
There is a large setup violation of -1.188 ns between tangerineA7_100_i/tangerineSOC_0/inst/axiDMAInst/triggerCacheFlush_reg_rep__19/C (clocked by clk162_5_tangerineA7_100_clk_wiz_2_0) and tangerineA7_100_i/tangerineSOC_0/inst/axiDMAInst/cacheValidWay3_reg[30]/D (clocked by clk_pll_i). Large setup violations at the end of those stages might be difficult to fix during the post-placement implementation flow and could be the result of non-optimal XDC constraints or non-optimal design architecture
Related violations: <none>

TIMING-16#115 Warning
Large setup violation  
There is a large setup violation of -1.190 ns between tangerineA7_100_i/tangerineSOC_0/inst/axiDMAInst/triggerCacheFlush_reg_rep__19/C (clocked by clk162_5_tangerineA7_100_clk_wiz_2_0) and tangerineA7_100_i/tangerineSOC_0/inst/axiDMAInst/cacheValidWay3_reg[18]/D (clocked by clk_pll_i). Large setup violations at the end of those stages might be difficult to fix during the post-placement implementation flow and could be the result of non-optimal XDC constraints or non-optimal design architecture
Related violations: <none>

TIMING-16#116 Warning
Large setup violation  
There is a large setup violation of -1.191 ns between tangerineA7_100_i/tangerineSOC_0/inst/axiDMAInst/triggerCacheFlush_reg_rep__20/C (clocked by clk162_5_tangerineA7_100_clk_wiz_2_0) and tangerineA7_100_i/tangerineSOC_0/inst/axiDMAInst/cacheValidWay1_reg[129]/D (clocked by clk_pll_i). Large setup violations at the end of those stages might be difficult to fix during the post-placement implementation flow and could be the result of non-optimal XDC constraints or non-optimal design architecture
Related violations: <none>

TIMING-16#117 Warning
Large setup violation  
There is a large setup violation of -1.193 ns between tangerineA7_100_i/tangerineSOC_0/inst/axiDMAInst/ch2Input0_reg[2]_rep/C (clocked by clk162_5_tangerineA7_100_clk_wiz_2_0) and tangerineA7_100_i/tangerineSOC_0/inst/axiDMAInst/ch2BufDOut_reg[112]/D (clocked by clk_pll_i). Large setup violations at the end of those stages might be difficult to fix during the post-placement implementation flow and could be the result of non-optimal XDC constraints or non-optimal design architecture
Related violations: <none>

TIMING-16#118 Warning
Large setup violation  
There is a large setup violation of -1.193 ns between tangerineA7_100_i/tangerineSOC_0/inst/axiDMAInst/triggerCacheFlush_reg_rep__19/C (clocked by clk162_5_tangerineA7_100_clk_wiz_2_0) and tangerineA7_100_i/tangerineSOC_0/inst/axiDMAInst/cacheValidWay2_reg[382]/D (clocked by clk_pll_i). Large setup violations at the end of those stages might be difficult to fix during the post-placement implementation flow and could be the result of non-optimal XDC constraints or non-optimal design architecture
Related violations: <none>

TIMING-16#119 Warning
Large setup violation  
There is a large setup violation of -1.194 ns between tangerineA7_100_i/tangerineMIGWrapper_0/inst/tangerineMIGInst/u_mig_7series_tangerine_mig/u_memc_ui_top_axi/u_axi_mc/USE_UPSIZER.upsizer_d2/USE_READ.read_data_inst/use_wrap_buffer_reg/C (clocked by clk_pll_i) and tangerineA7_100_i/tangerineSOC_0/inst/axiDMAInst/cacheWay2DInb_reg[64]/D (clocked by clk_pll_i). Large setup violations at the end of those stages might be difficult to fix during the post-placement implementation flow and could be the result of non-optimal XDC constraints or non-optimal design architecture
Related violations: <none>

TIMING-16#120 Warning
Large setup violation  
There is a large setup violation of -1.195 ns between tangerineA7_100_i/tangerineSOC_0/inst/axiDMAInst/triggerCacheFlush_reg_rep__19/C (clocked by clk162_5_tangerineA7_100_clk_wiz_2_0) and tangerineA7_100_i/tangerineSOC_0/inst/axiDMAInst/cacheValidWay3_reg[266]/D (clocked by clk_pll_i). Large setup violations at the end of those stages might be difficult to fix during the post-placement implementation flow and could be the result of non-optimal XDC constraints or non-optimal design architecture
Related violations: <none>

TIMING-16#121 Warning
Large setup violation  
There is a large setup violation of -1.195 ns between tangerineA7_100_i/tangerineSOC_0/inst/axiDMAInst/triggerCacheFlush_reg_rep__19/C (clocked by clk162_5_tangerineA7_100_clk_wiz_2_0) and tangerineA7_100_i/tangerineSOC_0/inst/axiDMAInst/cacheValidWay3_reg[50]/D (clocked by clk_pll_i). Large setup violations at the end of those stages might be difficult to fix during the post-placement implementation flow and could be the result of non-optimal XDC constraints or non-optimal design architecture
Related violations: <none>

TIMING-16#122 Warning
Large setup violation  
There is a large setup violation of -1.195 ns between tangerineA7_100_i/tangerineSOC_0/inst/blitterInst/bltDmaRequest_reg/C (clocked by clk162_5_tangerineA7_100_clk_wiz_2_0) and tangerineA7_100_i/tangerineSOC_0/inst/axiDMAInst/cacheA_reg[9]_replica_3/D (clocked by clk_pll_i). Large setup violations at the end of those stages might be difficult to fix during the post-placement implementation flow and could be the result of non-optimal XDC constraints or non-optimal design architecture
Related violations: <none>

TIMING-16#123 Warning
Large setup violation  
There is a large setup violation of -1.196 ns between tangerineA7_100_i/tangerineSOC_0/inst/axiDMAInst/triggerCacheFlush_reg_rep__10/C (clocked by clk162_5_tangerineA7_100_clk_wiz_2_0) and tangerineA7_100_i/tangerineSOC_0/inst/axiDMAInst/cacheValidWay1_reg[103]/D (clocked by clk_pll_i). Large setup violations at the end of those stages might be difficult to fix during the post-placement implementation flow and could be the result of non-optimal XDC constraints or non-optimal design architecture
Related violations: <none>

TIMING-16#124 Warning
Large setup violation  
There is a large setup violation of -1.196 ns between tangerineA7_100_i/tangerineSOC_0/inst/axiDMAInst/triggerCacheFlush_reg_rep__19/C (clocked by clk162_5_tangerineA7_100_clk_wiz_2_0) and tangerineA7_100_i/tangerineSOC_0/inst/axiDMAInst/cacheValidWay3_reg[52]/D (clocked by clk_pll_i). Large setup violations at the end of those stages might be difficult to fix during the post-placement implementation flow and could be the result of non-optimal XDC constraints or non-optimal design architecture
Related violations: <none>

TIMING-16#125 Warning
Large setup violation  
There is a large setup violation of -1.197 ns between tangerineA7_100_i/tangerineSOC_0/inst/axiDMAInst/triggerCacheFlush_reg_rep__19/C (clocked by clk162_5_tangerineA7_100_clk_wiz_2_0) and tangerineA7_100_i/tangerineSOC_0/inst/axiDMAInst/cacheValidWay2_reg[56]/D (clocked by clk_pll_i). Large setup violations at the end of those stages might be difficult to fix during the post-placement implementation flow and could be the result of non-optimal XDC constraints or non-optimal design architecture
Related violations: <none>

TIMING-16#126 Warning
Large setup violation  
There is a large setup violation of -1.204 ns between tangerineA7_100_i/tangerineSOC_0/inst/axiDMAInst/triggerCacheFlush_reg_rep__19/C (clocked by clk162_5_tangerineA7_100_clk_wiz_2_0) and tangerineA7_100_i/tangerineSOC_0/inst/axiDMAInst/cacheValidWay3_reg[17]/D (clocked by clk_pll_i). Large setup violations at the end of those stages might be difficult to fix during the post-placement implementation flow and could be the result of non-optimal XDC constraints or non-optimal design architecture
Related violations: <none>

TIMING-16#127 Warning
Large setup violation  
There is a large setup violation of -1.206 ns between tangerineA7_100_i/tangerineSOC_0/inst/nekoRvInst/a_reg[2]_rep__2/C (clocked by clk162_5_tangerineA7_100_clk_wiz_2_0) and tangerineA7_100_i/tangerineSOC_0/inst/axiDMAInst/ch1DmaRequestLength_reg[0]/CE (clocked by clk162_5_tangerineA7_100_clk_wiz_2_0). Large setup violations at the end of those stages might be difficult to fix during the post-placement implementation flow and could be the result of non-optimal XDC constraints or non-optimal design architecture
Related violations: <none>

TIMING-16#128 Warning
Large setup violation  
There is a large setup violation of -1.206 ns between tangerineA7_100_i/tangerineSOC_0/inst/nekoRvInst/a_reg[2]_rep__2/C (clocked by clk162_5_tangerineA7_100_clk_wiz_2_0) and tangerineA7_100_i/tangerineSOC_0/inst/axiDMAInst/ch1DmaRequestLength_reg[2]/CE (clocked by clk162_5_tangerineA7_100_clk_wiz_2_0). Large setup violations at the end of those stages might be difficult to fix during the post-placement implementation flow and could be the result of non-optimal XDC constraints or non-optimal design architecture
Related violations: <none>

TIMING-16#129 Warning
Large setup violation  
There is a large setup violation of -1.206 ns between tangerineA7_100_i/tangerineSOC_0/inst/nekoRvInst/a_reg[2]_rep__2/C (clocked by clk162_5_tangerineA7_100_clk_wiz_2_0) and tangerineA7_100_i/tangerineSOC_0/inst/axiDMAInst/ch1DmaRequestLength_reg[4]/CE (clocked by clk162_5_tangerineA7_100_clk_wiz_2_0). Large setup violations at the end of those stages might be difficult to fix during the post-placement implementation flow and could be the result of non-optimal XDC constraints or non-optimal design architecture
Related violations: <none>

TIMING-16#130 Warning
Large setup violation  
There is a large setup violation of -1.206 ns between tangerineA7_100_i/tangerineSOC_0/inst/nekoRvInst/a_reg[2]_rep__2/C (clocked by clk162_5_tangerineA7_100_clk_wiz_2_0) and tangerineA7_100_i/tangerineSOC_0/inst/axiDMAInst/ch1DmaRequestLength_reg[6]/CE (clocked by clk162_5_tangerineA7_100_clk_wiz_2_0). Large setup violations at the end of those stages might be difficult to fix during the post-placement implementation flow and could be the result of non-optimal XDC constraints or non-optimal design architecture
Related violations: <none>

TIMING-16#131 Warning
Large setup violation  
There is a large setup violation of -1.214 ns between tangerineA7_100_i/tangerineSOC_0/inst/axiDMAInst/cacheA_reg[7]_rep/C (clocked by clk_pll_i) and tangerineA7_100_i/tangerineSOC_0/inst/axiDMAInst/cacheWay1DInb_reg[2]/CE (clocked by clk_pll_i). Large setup violations at the end of those stages might be difficult to fix during the post-placement implementation flow and could be the result of non-optimal XDC constraints or non-optimal design architecture
Related violations: <none>

TIMING-16#132 Warning
Large setup violation  
There is a large setup violation of -1.214 ns between tangerineA7_100_i/tangerineSOC_0/inst/axiDMAInst/cacheA_reg[7]_rep/C (clocked by clk_pll_i) and tangerineA7_100_i/tangerineSOC_0/inst/axiDMAInst/cacheWay1DInb_reg[34]/CE (clocked by clk_pll_i). Large setup violations at the end of those stages might be difficult to fix during the post-placement implementation flow and could be the result of non-optimal XDC constraints or non-optimal design architecture
Related violations: <none>

TIMING-16#133 Warning
Large setup violation  
There is a large setup violation of -1.214 ns between tangerineA7_100_i/tangerineSOC_0/inst/axiDMAInst/cacheA_reg[7]_rep/C (clocked by clk_pll_i) and tangerineA7_100_i/tangerineSOC_0/inst/axiDMAInst/cacheWay1DInb_reg[4]/CE (clocked by clk_pll_i). Large setup violations at the end of those stages might be difficult to fix during the post-placement implementation flow and could be the result of non-optimal XDC constraints or non-optimal design architecture
Related violations: <none>

TIMING-16#134 Warning
Large setup violation  
There is a large setup violation of -1.214 ns between tangerineA7_100_i/tangerineSOC_0/inst/axiDMAInst/cacheA_reg[7]_rep/C (clocked by clk_pll_i) and tangerineA7_100_i/tangerineSOC_0/inst/axiDMAInst/cacheWay1DInb_reg[96]/CE (clocked by clk_pll_i). Large setup violations at the end of those stages might be difficult to fix during the post-placement implementation flow and could be the result of non-optimal XDC constraints or non-optimal design architecture
Related violations: <none>

TIMING-16#135 Warning
Large setup violation  
There is a large setup violation of -1.214 ns between tangerineA7_100_i/tangerineSOC_0/inst/axiDMAInst/cacheDIn_reg[6]/C (clocked by clk_pll_i) and tangerineA7_100_i/tangerineSOC_0/inst/axiDMAInst/cacheDataRamW2Inst/U0/inst_blk_mem_gen/gnbram.gnativebmg.native_blk_mem_gen/valid.cstr/ramloop[1].ram.r/prim_noinit.ram/DEVICE_7SERIES.NO_BMM_INFO.TRUE_DP.SIMPLE_PRIM36.ram/DIADI[6] (clocked by clk162_5_tangerineA7_100_clk_wiz_2_0). Large setup violations at the end of those stages might be difficult to fix during the post-placement implementation flow and could be the result of non-optimal XDC constraints or non-optimal design architecture
Related violations: <none>

TIMING-16#136 Warning
Large setup violation  
There is a large setup violation of -1.220 ns between tangerineA7_100_i/tangerineSOC_0/inst/axiDMAInst/cacheA_reg[7]_rep/C (clocked by clk_pll_i) and tangerineA7_100_i/tangerineSOC_0/inst/axiDMAInst/cacheWay1DInb_reg[100]/CE (clocked by clk_pll_i). Large setup violations at the end of those stages might be difficult to fix during the post-placement implementation flow and could be the result of non-optimal XDC constraints or non-optimal design architecture
Related violations: <none>

TIMING-16#137 Warning
Large setup violation  
There is a large setup violation of -1.220 ns between tangerineA7_100_i/tangerineSOC_0/inst/axiDMAInst/cacheA_reg[7]_rep/C (clocked by clk_pll_i) and tangerineA7_100_i/tangerineSOC_0/inst/axiDMAInst/cacheWay1DInb_reg[1]/CE (clocked by clk_pll_i). Large setup violations at the end of those stages might be difficult to fix during the post-placement implementation flow and could be the result of non-optimal XDC constraints or non-optimal design architecture
Related violations: <none>

TIMING-16#138 Warning
Large setup violation  
There is a large setup violation of -1.220 ns between tangerineA7_100_i/tangerineSOC_0/inst/axiDMAInst/cacheA_reg[7]_rep/C (clocked by clk_pll_i) and tangerineA7_100_i/tangerineSOC_0/inst/axiDMAInst/cacheWay1DInb_reg[32]/CE (clocked by clk_pll_i). Large setup violations at the end of those stages might be difficult to fix during the post-placement implementation flow and could be the result of non-optimal XDC constraints or non-optimal design architecture
Related violations: <none>

TIMING-16#139 Warning
Large setup violation  
There is a large setup violation of -1.220 ns between tangerineA7_100_i/tangerineSOC_0/inst/axiDMAInst/cacheA_reg[7]_rep/C (clocked by clk_pll_i) and tangerineA7_100_i/tangerineSOC_0/inst/axiDMAInst/cacheWay1DInb_reg[36]/CE (clocked by clk_pll_i). Large setup violations at the end of those stages might be difficult to fix during the post-placement implementation flow and could be the result of non-optimal XDC constraints or non-optimal design architecture
Related violations: <none>

TIMING-16#140 Warning
Large setup violation  
There is a large setup violation of -1.221 ns between tangerineA7_100_i/tangerineSOC_0/inst/axiDMAInst/triggerCacheFlush_reg_rep__19/C (clocked by clk162_5_tangerineA7_100_clk_wiz_2_0) and tangerineA7_100_i/tangerineSOC_0/inst/axiDMAInst/cacheValidWay3_reg[93]/D (clocked by clk_pll_i). Large setup violations at the end of those stages might be difficult to fix during the post-placement implementation flow and could be the result of non-optimal XDC constraints or non-optimal design architecture
Related violations: <none>

TIMING-16#141 Warning
Large setup violation  
There is a large setup violation of -1.222 ns between tangerineA7_100_i/tangerineSOC_0/inst/axiDMAInst/cacheA_reg[7]_rep/C (clocked by clk_pll_i) and tangerineA7_100_i/tangerineSOC_0/inst/axiDMAInst/cacheWay1DInb_reg[38]/CE (clocked by clk_pll_i). Large setup violations at the end of those stages might be difficult to fix during the post-placement implementation flow and could be the result of non-optimal XDC constraints or non-optimal design architecture
Related violations: <none>

TIMING-16#142 Warning
Large setup violation  
There is a large setup violation of -1.222 ns between tangerineA7_100_i/tangerineSOC_0/inst/axiDMAInst/cacheA_reg[7]_rep/C (clocked by clk_pll_i) and tangerineA7_100_i/tangerineSOC_0/inst/axiDMAInst/cacheWay1DInb_reg[3]/CE (clocked by clk_pll_i). Large setup violations at the end of those stages might be difficult to fix during the post-placement implementation flow and could be the result of non-optimal XDC constraints or non-optimal design architecture
Related violations: <none>

TIMING-16#143 Warning
Large setup violation  
There is a large setup violation of -1.224 ns between tangerineA7_100_i/tangerineSOC_0/inst/axiDMAInst/triggerCacheFlush_reg_rep__19/C (clocked by clk162_5_tangerineA7_100_clk_wiz_2_0) and tangerineA7_100_i/tangerineSOC_0/inst/axiDMAInst/cacheValidWay3_reg[66]/D (clocked by clk_pll_i). Large setup violations at the end of those stages might be difficult to fix during the post-placement implementation flow and could be the result of non-optimal XDC constraints or non-optimal design architecture
Related violations: <none>

TIMING-16#144 Warning
Large setup violation  
There is a large setup violation of -1.227 ns between tangerineA7_100_i/tangerineSOC_0/inst/axiDMAInst/triggerCacheFlush_reg_rep__17/C (clocked by clk162_5_tangerineA7_100_clk_wiz_2_0) and tangerineA7_100_i/tangerineSOC_0/inst/axiDMAInst/cacheValidWay3_reg[190]/D (clocked by clk_pll_i). Large setup violations at the end of those stages might be difficult to fix during the post-placement implementation flow and could be the result of non-optimal XDC constraints or non-optimal design architecture
Related violations: <none>

TIMING-16#145 Warning
Large setup violation  
There is a large setup violation of -1.231 ns between tangerineA7_100_i/tangerineSOC_0/inst/nekoRvInst/be_reg/C (clocked by clk162_5_tangerineA7_100_clk_wiz_2_0) and tangerineA7_100_i/tangerineSOC_0/inst/axiDMAInst/cacheA_reg[11]_replica_3/CE (clocked by clk_pll_i). Large setup violations at the end of those stages might be difficult to fix during the post-placement implementation flow and could be the result of non-optimal XDC constraints or non-optimal design architecture
Related violations: <none>

TIMING-16#146 Warning
Large setup violation  
There is a large setup violation of -1.240 ns between tangerineA7_100_i/tangerineSOC_0/inst/axiDMAInst/triggerCacheFlush_reg_rep__19/C (clocked by clk162_5_tangerineA7_100_clk_wiz_2_0) and tangerineA7_100_i/tangerineSOC_0/inst/axiDMAInst/cacheValidWay3_reg[123]/D (clocked by clk_pll_i). Large setup violations at the end of those stages might be difficult to fix during the post-placement implementation flow and could be the result of non-optimal XDC constraints or non-optimal design architecture
Related violations: <none>

TIMING-16#147 Warning
Large setup violation  
There is a large setup violation of -1.240 ns between tangerineA7_100_i/tangerineSOC_0/inst/axiDMAInst/triggerCacheFlush_reg_rep__20/C (clocked by clk162_5_tangerineA7_100_clk_wiz_2_0) and tangerineA7_100_i/tangerineSOC_0/inst/axiDMAInst/cacheValidWay1_reg[133]/D (clocked by clk_pll_i). Large setup violations at the end of those stages might be difficult to fix during the post-placement implementation flow and could be the result of non-optimal XDC constraints or non-optimal design architecture
Related violations: <none>

TIMING-16#148 Warning
Large setup violation  
There is a large setup violation of -1.240 ns between tangerineA7_100_i/tangerineSOC_0/inst/nekoRvInst/dout_reg[8]/C (clocked by clk162_5_tangerineA7_100_clk_wiz_2_0) and tangerineA7_100_i/tangerineSOC_0/inst/axiDMAInst/ch2Input0_reg[8]/D (clocked by clk162_5_tangerineA7_100_clk_wiz_2_0). Large setup violations at the end of those stages might be difficult to fix during the post-placement implementation flow and could be the result of non-optimal XDC constraints or non-optimal design architecture
Related violations: <none>

TIMING-16#149 Warning
Large setup violation  
There is a large setup violation of -1.241 ns between tangerineA7_100_i/tangerineSOC_0/inst/axiDMAInst/triggerCacheFlush_reg_rep__19/C (clocked by clk162_5_tangerineA7_100_clk_wiz_2_0) and tangerineA7_100_i/tangerineSOC_0/inst/axiDMAInst/cacheValidWay3_reg[26]/D (clocked by clk_pll_i). Large setup violations at the end of those stages might be difficult to fix during the post-placement implementation flow and could be the result of non-optimal XDC constraints or non-optimal design architecture
Related violations: <none>

TIMING-16#150 Warning
Large setup violation  
There is a large setup violation of -1.242 ns between tangerineA7_100_i/tangerineMIGWrapper_0/inst/tangerineMIGInst/u_mig_7series_tangerine_mig/u_memc_ui_top_axi/u_axi_mc/USE_UPSIZER.upsizer_d2/USE_READ.read_data_inst/use_wrap_buffer_reg/C (clocked by clk_pll_i) and tangerineA7_100_i/tangerineSOC_0/inst/axiDMAInst/cacheWay1DInb_reg[65]/D (clocked by clk_pll_i). Large setup violations at the end of those stages might be difficult to fix during the post-placement implementation flow and could be the result of non-optimal XDC constraints or non-optimal design architecture
Related violations: <none>

TIMING-16#151 Warning
Large setup violation  
There is a large setup violation of -1.245 ns between tangerineA7_100_i/tangerineSOC_0/inst/nekoRvInst/wr_reg/C (clocked by clk162_5_tangerineA7_100_clk_wiz_2_0) and tangerineA7_100_i/tangerineSOC_0/inst/UARTInst/dout_reg[21]/R (clocked by clk162_5_tangerineA7_100_clk_wiz_2_0). Large setup violations at the end of those stages might be difficult to fix during the post-placement implementation flow and could be the result of non-optimal XDC constraints or non-optimal design architecture
Related violations: <none>

TIMING-16#152 Warning
Large setup violation  
There is a large setup violation of -1.247 ns between tangerineA7_100_i/tangerineSOC_0/inst/axiDMAInst/cacheDIn_reg[24]/C (clocked by clk_pll_i) and tangerineA7_100_i/tangerineSOC_0/inst/axiDMAInst/cacheDataRamW0Inst/U0/inst_blk_mem_gen/gnbram.gnativebmg.native_blk_mem_gen/valid.cstr/ramloop[6].ram.r/prim_noinit.ram/DEVICE_7SERIES.NO_BMM_INFO.TRUE_DP.SIMPLE_PRIM36.ram/DIADI[0] (clocked by clk162_5_tangerineA7_100_clk_wiz_2_0). Large setup violations at the end of those stages might be difficult to fix during the post-placement implementation flow and could be the result of non-optimal XDC constraints or non-optimal design architecture
Related violations: <none>

TIMING-16#153 Warning
Large setup violation  
There is a large setup violation of -1.249 ns between tangerineA7_100_i/tangerineSOC_0/inst/axiDMAInst/triggerCacheFlush_reg_rep__17/C (clocked by clk162_5_tangerineA7_100_clk_wiz_2_0) and tangerineA7_100_i/tangerineSOC_0/inst/axiDMAInst/cacheValidWay3_reg[218]/D (clocked by clk_pll_i). Large setup violations at the end of those stages might be difficult to fix during the post-placement implementation flow and could be the result of non-optimal XDC constraints or non-optimal design architecture
Related violations: <none>

TIMING-16#154 Warning
Large setup violation  
There is a large setup violation of -1.250 ns between tangerineA7_100_i/tangerineSOC_0/inst/axiDMAInst/cacheA_reg[7]_rep/C (clocked by clk_pll_i) and tangerineA7_100_i/tangerineSOC_0/inst/axiDMAInst/cacheWay1DInb_reg[7]/CE (clocked by clk_pll_i). Large setup violations at the end of those stages might be difficult to fix during the post-placement implementation flow and could be the result of non-optimal XDC constraints or non-optimal design architecture
Related violations: <none>

TIMING-16#155 Warning
Large setup violation  
There is a large setup violation of -1.253 ns between tangerineA7_100_i/tangerineSOC_0/inst/axiDMAInst/cacheDIn_reg[30]/C (clocked by clk_pll_i) and tangerineA7_100_i/tangerineSOC_0/inst/axiDMAInst/cacheDataRamW0Inst/U0/inst_blk_mem_gen/gnbram.gnativebmg.native_blk_mem_gen/valid.cstr/ramloop[6].ram.r/prim_noinit.ram/DEVICE_7SERIES.NO_BMM_INFO.TRUE_DP.SIMPLE_PRIM36.ram/DIADI[6] (clocked by clk162_5_tangerineA7_100_clk_wiz_2_0). Large setup violations at the end of those stages might be difficult to fix during the post-placement implementation flow and could be the result of non-optimal XDC constraints or non-optimal design architecture
Related violations: <none>

TIMING-16#156 Warning
Large setup violation  
There is a large setup violation of -1.253 ns between tangerineA7_100_i/tangerineSOC_0/inst/nekoRvInst/be_reg/C (clocked by clk162_5_tangerineA7_100_clk_wiz_2_0) and tangerineA7_100_i/tangerineSOC_0/inst/axiDMAInst/cacheA_reg[6]_rep__2_replica_2/CE (clocked by clk_pll_i). Large setup violations at the end of those stages might be difficult to fix during the post-placement implementation flow and could be the result of non-optimal XDC constraints or non-optimal design architecture
Related violations: <none>

TIMING-16#157 Warning
Large setup violation  
There is a large setup violation of -1.253 ns between tangerineA7_100_i/tangerineSOC_0/inst/nekoRvInst/be_reg/C (clocked by clk162_5_tangerineA7_100_clk_wiz_2_0) and tangerineA7_100_i/tangerineSOC_0/inst/axiDMAInst/cacheA_reg[7]_rep__2_replica_4/CE (clocked by clk_pll_i). Large setup violations at the end of those stages might be difficult to fix during the post-placement implementation flow and could be the result of non-optimal XDC constraints or non-optimal design architecture
Related violations: <none>

TIMING-16#158 Warning
Large setup violation  
There is a large setup violation of -1.257 ns between tangerineA7_100_i/tangerineSOC_0/inst/axiDMAInst/ch2Input0_reg[1]_rep__0/C (clocked by clk162_5_tangerineA7_100_clk_wiz_2_0) and tangerineA7_100_i/tangerineSOC_0/inst/axiDMAInst/ch2BufDOut_reg[70]/D (clocked by clk_pll_i). Large setup violations at the end of those stages might be difficult to fix during the post-placement implementation flow and could be the result of non-optimal XDC constraints or non-optimal design architecture
Related violations: <none>

TIMING-16#159 Warning
Large setup violation  
There is a large setup violation of -1.257 ns between tangerineA7_100_i/tangerineSOC_0/inst/axiDMAInst/triggerCacheFlush_reg_rep__29/C (clocked by clk162_5_tangerineA7_100_clk_wiz_2_0) and tangerineA7_100_i/tangerineSOC_0/inst/axiDMAInst/cacheValidWay3_reg[259]/D (clocked by clk_pll_i). Large setup violations at the end of those stages might be difficult to fix during the post-placement implementation flow and could be the result of non-optimal XDC constraints or non-optimal design architecture
Related violations: <none>

TIMING-16#160 Warning
Large setup violation  
There is a large setup violation of -1.259 ns between tangerineA7_100_i/tangerineSOC_0/inst/axiDMAInst/cacheA_reg[7]_rep/C (clocked by clk_pll_i) and tangerineA7_100_i/tangerineSOC_0/inst/axiDMAInst/cacheValidWay2_reg[392]/D (clocked by clk_pll_i). Large setup violations at the end of those stages might be difficult to fix during the post-placement implementation flow and could be the result of non-optimal XDC constraints or non-optimal design architecture
Related violations: <none>

TIMING-16#161 Warning
Large setup violation  
There is a large setup violation of -1.264 ns between tangerineA7_100_i/tangerineSOC_0/inst/axiDMAInst/triggerCacheFlush_reg_rep__19/C (clocked by clk162_5_tangerineA7_100_clk_wiz_2_0) and tangerineA7_100_i/tangerineSOC_0/inst/axiDMAInst/cacheValidWay3_reg[29]/D (clocked by clk_pll_i). Large setup violations at the end of those stages might be difficult to fix during the post-placement implementation flow and could be the result of non-optimal XDC constraints or non-optimal design architecture
Related violations: <none>

TIMING-16#162 Warning
Large setup violation  
There is a large setup violation of -1.265 ns between tangerineA7_100_i/tangerineSOC_0/inst/nekoRvInst/be_reg/C (clocked by clk162_5_tangerineA7_100_clk_wiz_2_0) and tangerineA7_100_i/tangerineSOC_0/inst/axiDMAInst/cacheA_reg[10]_replica_1/CE (clocked by clk_pll_i). Large setup violations at the end of those stages might be difficult to fix during the post-placement implementation flow and could be the result of non-optimal XDC constraints or non-optimal design architecture
Related violations: <none>

TIMING-16#163 Warning
Large setup violation  
There is a large setup violation of -1.265 ns between tangerineA7_100_i/tangerineSOC_0/inst/nekoRvInst/be_reg/C (clocked by clk162_5_tangerineA7_100_clk_wiz_2_0) and tangerineA7_100_i/tangerineSOC_0/inst/axiDMAInst/cacheA_reg[11]_replica_1/CE (clocked by clk_pll_i). Large setup violations at the end of those stages might be difficult to fix during the post-placement implementation flow and could be the result of non-optimal XDC constraints or non-optimal design architecture
Related violations: <none>

TIMING-16#164 Warning
Large setup violation  
There is a large setup violation of -1.265 ns between tangerineA7_100_i/tangerineSOC_0/inst/nekoRvInst/be_reg/C (clocked by clk162_5_tangerineA7_100_clk_wiz_2_0) and tangerineA7_100_i/tangerineSOC_0/inst/axiDMAInst/cacheA_reg[12]_replica_1/CE (clocked by clk_pll_i). Large setup violations at the end of those stages might be difficult to fix during the post-placement implementation flow and could be the result of non-optimal XDC constraints or non-optimal design architecture
Related violations: <none>

TIMING-16#165 Warning
Large setup violation  
There is a large setup violation of -1.265 ns between tangerineA7_100_i/tangerineSOC_0/inst/nekoRvInst/be_reg/C (clocked by clk162_5_tangerineA7_100_clk_wiz_2_0) and tangerineA7_100_i/tangerineSOC_0/inst/axiDMAInst/cacheA_reg[8]_rep_replica_3/CE (clocked by clk_pll_i). Large setup violations at the end of those stages might be difficult to fix during the post-placement implementation flow and could be the result of non-optimal XDC constraints or non-optimal design architecture
Related violations: <none>

TIMING-16#166 Warning
Large setup violation  
There is a large setup violation of -1.265 ns between tangerineA7_100_i/tangerineSOC_0/inst/nekoRvInst/be_reg/C (clocked by clk162_5_tangerineA7_100_clk_wiz_2_0) and tangerineA7_100_i/tangerineSOC_0/inst/axiDMAInst/cacheA_reg[9]_replica_3/CE (clocked by clk_pll_i). Large setup violations at the end of those stages might be difficult to fix during the post-placement implementation flow and could be the result of non-optimal XDC constraints or non-optimal design architecture
Related violations: <none>

TIMING-16#167 Warning
Large setup violation  
There is a large setup violation of -1.266 ns between tangerineA7_100_i/tangerineSOC_0/inst/blitterInst/bltDmaRequest_reg/C (clocked by clk162_5_tangerineA7_100_clk_wiz_2_0) and tangerineA7_100_i/tangerineSOC_0/inst/axiDMAInst/cacheA_reg[12]_replica_2/D (clocked by clk_pll_i). Large setup violations at the end of those stages might be difficult to fix during the post-placement implementation flow and could be the result of non-optimal XDC constraints or non-optimal design architecture
Related violations: <none>

TIMING-16#168 Warning
Large setup violation  
There is a large setup violation of -1.269 ns between tangerineA7_100_i/tangerineSOC_0/inst/nekoRvInst/a_reg[23]/C (clocked by clk162_5_tangerineA7_100_clk_wiz_2_0) and tangerineA7_100_i/tangerineSOC_0/inst/axiDMAInst/ch2DaRowWidth_reg[0]/CE (clocked by clk162_5_tangerineA7_100_clk_wiz_2_0). Large setup violations at the end of those stages might be difficult to fix during the post-placement implementation flow and could be the result of non-optimal XDC constraints or non-optimal design architecture
Related violations: <none>

TIMING-16#169 Warning
Large setup violation  
There is a large setup violation of -1.269 ns between tangerineA7_100_i/tangerineSOC_0/inst/nekoRvInst/a_reg[23]/C (clocked by clk162_5_tangerineA7_100_clk_wiz_2_0) and tangerineA7_100_i/tangerineSOC_0/inst/axiDMAInst/ch2DaRowWidth_reg[3]/CE (clocked by clk162_5_tangerineA7_100_clk_wiz_2_0). Large setup violations at the end of those stages might be difficult to fix during the post-placement implementation flow and could be the result of non-optimal XDC constraints or non-optimal design architecture
Related violations: <none>

TIMING-16#170 Warning
Large setup violation  
There is a large setup violation of -1.271 ns between tangerineA7_100_i/tangerineSOC_0/inst/axiDMAInst/cacheA_reg[7]_rep/C (clocked by clk_pll_i) and tangerineA7_100_i/tangerineSOC_0/inst/axiDMAInst/cacheValidWay2_reg[386]/D (clocked by clk_pll_i). Large setup violations at the end of those stages might be difficult to fix during the post-placement implementation flow and could be the result of non-optimal XDC constraints or non-optimal design architecture
Related violations: <none>

TIMING-16#171 Warning
Large setup violation  
There is a large setup violation of -1.271 ns between tangerineA7_100_i/tangerineSOC_0/inst/axiDMAInst/triggerCacheFlush_reg_rep__17/C (clocked by clk162_5_tangerineA7_100_clk_wiz_2_0) and tangerineA7_100_i/tangerineSOC_0/inst/axiDMAInst/cacheValidWay3_reg[191]/D (clocked by clk_pll_i). Large setup violations at the end of those stages might be difficult to fix during the post-placement implementation flow and could be the result of non-optimal XDC constraints or non-optimal design architecture
Related violations: <none>

TIMING-16#172 Warning
Large setup violation  
There is a large setup violation of -1.274 ns between tangerineA7_100_i/tangerineSOC_0/inst/axiDMAInst/triggerCacheFlush_reg_rep__10/C (clocked by clk162_5_tangerineA7_100_clk_wiz_2_0) and tangerineA7_100_i/tangerineSOC_0/inst/axiDMAInst/cacheValidWay1_reg[92]/D (clocked by clk_pll_i). Large setup violations at the end of those stages might be difficult to fix during the post-placement implementation flow and could be the result of non-optimal XDC constraints or non-optimal design architecture
Related violations: <none>

TIMING-16#173 Warning
Large setup violation  
There is a large setup violation of -1.279 ns between tangerineA7_100_i/tangerineSOC_0/inst/axiDMAInst/triggerCacheFlush_reg_rep__28/C (clocked by clk162_5_tangerineA7_100_clk_wiz_2_0) and tangerineA7_100_i/tangerineSOC_0/inst/axiDMAInst/cacheValidWay3_reg[125]/D (clocked by clk_pll_i). Large setup violations at the end of those stages might be difficult to fix during the post-placement implementation flow and could be the result of non-optimal XDC constraints or non-optimal design architecture
Related violations: <none>

TIMING-16#174 Warning
Large setup violation  
There is a large setup violation of -1.280 ns between tangerineA7_100_i/tangerineSOC_0/inst/axiDMAInst/triggerCacheFlush_reg_rep__17/C (clocked by clk162_5_tangerineA7_100_clk_wiz_2_0) and tangerineA7_100_i/tangerineSOC_0/inst/axiDMAInst/cacheValidWay3_reg[221]/D (clocked by clk_pll_i). Large setup violations at the end of those stages might be difficult to fix during the post-placement implementation flow and could be the result of non-optimal XDC constraints or non-optimal design architecture
Related violations: <none>

TIMING-16#175 Warning
Large setup violation  
There is a large setup violation of -1.281 ns between tangerineA7_100_i/tangerineSOC_0/inst/axiDMAInst/cacheA_reg[7]_rep/C (clocked by clk_pll_i) and tangerineA7_100_i/tangerineSOC_0/inst/axiDMAInst/cacheWay1DInb_reg[101]/CE (clocked by clk_pll_i). Large setup violations at the end of those stages might be difficult to fix during the post-placement implementation flow and could be the result of non-optimal XDC constraints or non-optimal design architecture
Related violations: <none>

TIMING-16#176 Warning
Large setup violation  
There is a large setup violation of -1.281 ns between tangerineA7_100_i/tangerineSOC_0/inst/axiDMAInst/cacheA_reg[7]_rep/C (clocked by clk_pll_i) and tangerineA7_100_i/tangerineSOC_0/inst/axiDMAInst/cacheWay1DInb_reg[103]/CE (clocked by clk_pll_i). Large setup violations at the end of those stages might be difficult to fix during the post-placement implementation flow and could be the result of non-optimal XDC constraints or non-optimal design architecture
Related violations: <none>

TIMING-16#177 Warning
Large setup violation  
There is a large setup violation of -1.281 ns between tangerineA7_100_i/tangerineSOC_0/inst/axiDMAInst/cacheA_reg[7]_rep/C (clocked by clk_pll_i) and tangerineA7_100_i/tangerineSOC_0/inst/axiDMAInst/cacheWay1DInb_reg[33]/CE (clocked by clk_pll_i). Large setup violations at the end of those stages might be difficult to fix during the post-placement implementation flow and could be the result of non-optimal XDC constraints or non-optimal design architecture
Related violations: <none>

TIMING-16#178 Warning
Large setup violation  
There is a large setup violation of -1.281 ns between tangerineA7_100_i/tangerineSOC_0/inst/axiDMAInst/cacheA_reg[7]_rep/C (clocked by clk_pll_i) and tangerineA7_100_i/tangerineSOC_0/inst/axiDMAInst/cacheWay1DInb_reg[35]/CE (clocked by clk_pll_i). Large setup violations at the end of those stages might be difficult to fix during the post-placement implementation flow and could be the result of non-optimal XDC constraints or non-optimal design architecture
Related violations: <none>

TIMING-16#179 Warning
Large setup violation  
There is a large setup violation of -1.287 ns between tangerineA7_100_i/tangerineSOC_0/inst/blitterInst/bltDmaRequest_reg/C (clocked by clk162_5_tangerineA7_100_clk_wiz_2_0) and tangerineA7_100_i/tangerineSOC_0/inst/axiDMAInst/cacheA_reg[12]/D (clocked by clk_pll_i). Large setup violations at the end of those stages might be difficult to fix during the post-placement implementation flow and could be the result of non-optimal XDC constraints or non-optimal design architecture
Related violations: <none>

TIMING-16#180 Warning
Large setup violation  
There is a large setup violation of -1.294 ns between tangerineA7_100_i/tangerineSOC_0/inst/axiDMAInst/cacheA_reg[5]/C (clocked by clk_pll_i) and tangerineA7_100_i/tangerineSOC_0/inst/axiDMAInst/cacheDataRamW3Inst/U0/inst_blk_mem_gen/gnbram.gnativebmg.native_blk_mem_gen/valid.cstr/ramloop[3].ram.r/prim_noinit.ram/DEVICE_7SERIES.NO_BMM_INFO.TRUE_DP.SIMPLE_PRIM36.ram/ADDRARDADDR[6] (clocked by clk162_5_tangerineA7_100_clk_wiz_2_0). Large setup violations at the end of those stages might be difficult to fix during the post-placement implementation flow and could be the result of non-optimal XDC constraints or non-optimal design architecture
Related violations: <none>

TIMING-16#181 Warning
Large setup violation  
There is a large setup violation of -1.298 ns between tangerineA7_100_i/tangerineSOC_0/inst/axiDMAInst/cacheA_reg[7]_rep/C (clocked by clk_pll_i) and tangerineA7_100_i/tangerineSOC_0/inst/axiDMAInst/cacheValidWay2_reg[384]/D (clocked by clk_pll_i). Large setup violations at the end of those stages might be difficult to fix during the post-placement implementation flow and could be the result of non-optimal XDC constraints or non-optimal design architecture
Related violations: <none>

TIMING-16#182 Warning
Large setup violation  
There is a large setup violation of -1.301 ns between tangerineA7_100_i/tangerineSOC_0/inst/nekoRvInst/dout_reg[24]/C (clocked by clk162_5_tangerineA7_100_clk_wiz_2_0) and tangerineA7_100_i/tangerineSOC_0/inst/axiDMAInst/cacheDIn_reg[24]/D (clocked by clk_pll_i). Large setup violations at the end of those stages might be difficult to fix during the post-placement implementation flow and could be the result of non-optimal XDC constraints or non-optimal design architecture
Related violations: <none>

TIMING-16#183 Warning
Large setup violation  
There is a large setup violation of -1.303 ns between tangerineA7_100_i/tangerineSOC_0/inst/blitterInst/bltDmaRequest_reg/C (clocked by clk162_5_tangerineA7_100_clk_wiz_2_0) and tangerineA7_100_i/tangerineSOC_0/inst/axiDMAInst/cacheA_reg[9]_replica_8/D (clocked by clk_pll_i). Large setup violations at the end of those stages might be difficult to fix during the post-placement implementation flow and could be the result of non-optimal XDC constraints or non-optimal design architecture
Related violations: <none>

TIMING-16#184 Warning
Large setup violation  
There is a large setup violation of -1.303 ns between tangerineA7_100_i/tangerineSOC_0/inst/nekoRvInst/a_reg[2]_rep__2/C (clocked by clk162_5_tangerineA7_100_clk_wiz_2_0) and tangerineA7_100_i/tangerineSOC_0/inst/axiDMAInst/ch2DaFirstWriteMask_reg[11]/CE (clocked by clk162_5_tangerineA7_100_clk_wiz_2_0). Large setup violations at the end of those stages might be difficult to fix during the post-placement implementation flow and could be the result of non-optimal XDC constraints or non-optimal design architecture
Related violations: <none>

TIMING-16#185 Warning
Large setup violation  
There is a large setup violation of -1.303 ns between tangerineA7_100_i/tangerineSOC_0/inst/nekoRvInst/a_reg[2]_rep__2/C (clocked by clk162_5_tangerineA7_100_clk_wiz_2_0) and tangerineA7_100_i/tangerineSOC_0/inst/axiDMAInst/ch2DaFirstWriteMask_reg[6]/CE (clocked by clk162_5_tangerineA7_100_clk_wiz_2_0). Large setup violations at the end of those stages might be difficult to fix during the post-placement implementation flow and could be the result of non-optimal XDC constraints or non-optimal design architecture
Related violations: <none>

TIMING-16#186 Warning
Large setup violation  
There is a large setup violation of -1.304 ns between tangerineA7_100_i/tangerineSOC_0/inst/nekoRvInst/a_reg[23]/C (clocked by clk162_5_tangerineA7_100_clk_wiz_2_0) and tangerineA7_100_i/tangerineSOC_0/inst/axiDMAInst/ch2SaAddress_reg[1]/CE (clocked by clk162_5_tangerineA7_100_clk_wiz_2_0). Large setup violations at the end of those stages might be difficult to fix during the post-placement implementation flow and could be the result of non-optimal XDC constraints or non-optimal design architecture
Related violations: <none>

TIMING-16#187 Warning
Large setup violation  
There is a large setup violation of -1.304 ns between tangerineA7_100_i/tangerineSOC_0/inst/nekoRvInst/a_reg[23]/C (clocked by clk162_5_tangerineA7_100_clk_wiz_2_0) and tangerineA7_100_i/tangerineSOC_0/inst/axiDMAInst/ch2SaAddress_reg[2]/CE (clocked by clk162_5_tangerineA7_100_clk_wiz_2_0). Large setup violations at the end of those stages might be difficult to fix during the post-placement implementation flow and could be the result of non-optimal XDC constraints or non-optimal design architecture
Related violations: <none>

TIMING-16#188 Warning
Large setup violation  
There is a large setup violation of -1.304 ns between tangerineA7_100_i/tangerineSOC_0/inst/nekoRvInst/a_reg[23]/C (clocked by clk162_5_tangerineA7_100_clk_wiz_2_0) and tangerineA7_100_i/tangerineSOC_0/inst/axiDMAInst/ch2SaAddress_reg[4]/CE (clocked by clk162_5_tangerineA7_100_clk_wiz_2_0). Large setup violations at the end of those stages might be difficult to fix during the post-placement implementation flow and could be the result of non-optimal XDC constraints or non-optimal design architecture
Related violations: <none>

TIMING-16#189 Warning
Large setup violation  
There is a large setup violation of -1.305 ns between tangerineA7_100_i/tangerineSOC_0/inst/axiDMAInst/cacheA_reg[3]/C (clocked by clk_pll_i) and tangerineA7_100_i/tangerineSOC_0/inst/axiDMAInst/cacheDataRamW0Inst/U0/inst_blk_mem_gen/gnbram.gnativebmg.native_blk_mem_gen/valid.cstr/ramloop[5].ram.r/prim_noinit.ram/DEVICE_7SERIES.NO_BMM_INFO.TRUE_DP.SIMPLE_PRIM36.ram/ADDRARDADDR[4] (clocked by clk162_5_tangerineA7_100_clk_wiz_2_0). Large setup violations at the end of those stages might be difficult to fix during the post-placement implementation flow and could be the result of non-optimal XDC constraints or non-optimal design architecture
Related violations: <none>

TIMING-16#190 Warning
Large setup violation  
There is a large setup violation of -1.308 ns between tangerineA7_100_i/tangerineSOC_0/inst/axiDMAInst/cacheDIn_reg[15]/C (clocked by clk_pll_i) and tangerineA7_100_i/tangerineSOC_0/inst/axiDMAInst/cacheDataRamW1Inst/U0/inst_blk_mem_gen/gnbram.gnativebmg.native_blk_mem_gen/valid.cstr/ramloop[3].ram.r/prim_noinit.ram/DEVICE_7SERIES.NO_BMM_INFO.TRUE_DP.SIMPLE_PRIM36.ram/DIADI[7] (clocked by clk162_5_tangerineA7_100_clk_wiz_2_0). Large setup violations at the end of those stages might be difficult to fix during the post-placement implementation flow and could be the result of non-optimal XDC constraints or non-optimal design architecture
Related violations: <none>

TIMING-16#191 Warning
Large setup violation  
There is a large setup violation of -1.308 ns between tangerineA7_100_i/tangerineSOC_0/inst/axiDMAInst/triggerCacheFlush_reg_rep__17/C (clocked by clk162_5_tangerineA7_100_clk_wiz_2_0) and tangerineA7_100_i/tangerineSOC_0/inst/axiDMAInst/cacheValidWay3_reg[186]/D (clocked by clk_pll_i). Large setup violations at the end of those stages might be difficult to fix during the post-placement implementation flow and could be the result of non-optimal XDC constraints or non-optimal design architecture
Related violations: <none>

TIMING-16#192 Warning
Large setup violation  
There is a large setup violation of -1.314 ns between tangerineA7_100_i/tangerineSOC_0/inst/axiDMAInst/triggerCacheFlush_reg_rep__10/C (clocked by clk162_5_tangerineA7_100_clk_wiz_2_0) and tangerineA7_100_i/tangerineSOC_0/inst/axiDMAInst/cacheValidWay1_reg[85]/D (clocked by clk_pll_i). Large setup violations at the end of those stages might be difficult to fix during the post-placement implementation flow and could be the result of non-optimal XDC constraints or non-optimal design architecture
Related violations: <none>

TIMING-16#193 Warning
Large setup violation  
There is a large setup violation of -1.319 ns between tangerineA7_100_i/tangerineSOC_0/inst/axiDMAInst/cacheA_reg[7]_rep/C (clocked by clk_pll_i) and tangerineA7_100_i/tangerineSOC_0/inst/axiDMAInst/cacheWay1DInb_reg[66]/CE (clocked by clk_pll_i). Large setup violations at the end of those stages might be difficult to fix during the post-placement implementation flow and could be the result of non-optimal XDC constraints or non-optimal design architecture
Related violations: <none>

TIMING-16#194 Warning
Large setup violation  
There is a large setup violation of -1.320 ns between tangerineA7_100_i/tangerineSOC_0/inst/axiDMAInst/triggerCacheFlush_reg_rep__19/C (clocked by clk162_5_tangerineA7_100_clk_wiz_2_0) and tangerineA7_100_i/tangerineSOC_0/inst/axiDMAInst/cacheValidWay3_reg[23]/D (clocked by clk_pll_i). Large setup violations at the end of those stages might be difficult to fix during the post-placement implementation flow and could be the result of non-optimal XDC constraints or non-optimal design architecture
Related violations: <none>

TIMING-16#195 Warning
Large setup violation  
There is a large setup violation of -1.320 ns between tangerineA7_100_i/tangerineSOC_0/inst/axiDMAInst/triggerCacheFlush_reg_rep__29/C (clocked by clk162_5_tangerineA7_100_clk_wiz_2_0) and tangerineA7_100_i/tangerineSOC_0/inst/axiDMAInst/cacheValidWay3_reg[262]/D (clocked by clk_pll_i). Large setup violations at the end of those stages might be difficult to fix during the post-placement implementation flow and could be the result of non-optimal XDC constraints or non-optimal design architecture
Related violations: <none>

TIMING-16#196 Warning
Large setup violation  
There is a large setup violation of -1.323 ns between tangerineA7_100_i/tangerineSOC_0/inst/blitterInst/bltDmaA_reg[7]/C (clocked by clk162_5_tangerineA7_100_clk_wiz_2_0) and tangerineA7_100_i/tangerineSOC_0/inst/axiDMAInst/cacheA_reg[7]_rep__2_replica_3/D (clocked by clk_pll_i). Large setup violations at the end of those stages might be difficult to fix during the post-placement implementation flow and could be the result of non-optimal XDC constraints or non-optimal design architecture
Related violations: <none>

TIMING-16#197 Warning
Large setup violation  
There is a large setup violation of -1.332 ns between tangerineA7_100_i/tangerineSOC_0/inst/axiDMAInst/triggerCacheFlush_reg_rep__28/C (clocked by clk162_5_tangerineA7_100_clk_wiz_2_0) and tangerineA7_100_i/tangerineSOC_0/inst/axiDMAInst/cacheValidWay3_reg[124]/D (clocked by clk_pll_i). Large setup violations at the end of those stages might be difficult to fix during the post-placement implementation flow and could be the result of non-optimal XDC constraints or non-optimal design architecture
Related violations: <none>

TIMING-16#198 Warning
Large setup violation  
There is a large setup violation of -1.335 ns between tangerineA7_100_i/tangerineSOC_0/inst/axiDMAInst/triggerCacheFlush_reg_rep__28/C (clocked by clk162_5_tangerineA7_100_clk_wiz_2_0) and tangerineA7_100_i/tangerineSOC_0/inst/axiDMAInst/cacheValidWay3_reg[115]/D (clocked by clk_pll_i). Large setup violations at the end of those stages might be difficult to fix during the post-placement implementation flow and could be the result of non-optimal XDC constraints or non-optimal design architecture
Related violations: <none>

TIMING-16#199 Warning
Large setup violation  
There is a large setup violation of -1.337 ns between tangerineA7_100_i/tangerineSOC_0/inst/axiDMAInst/triggerCacheFlush_reg_rep__17/C (clocked by clk162_5_tangerineA7_100_clk_wiz_2_0) and tangerineA7_100_i/tangerineSOC_0/inst/axiDMAInst/cacheValidWay3_reg[188]/D (clocked by clk_pll_i). Large setup violations at the end of those stages might be difficult to fix during the post-placement implementation flow and could be the result of non-optimal XDC constraints or non-optimal design architecture
Related violations: <none>

TIMING-16#200 Warning
Large setup violation  
There is a large setup violation of -1.340 ns between tangerineA7_100_i/tangerineMIGWrapper_0/inst/tangerineMIGInst/u_mig_7series_tangerine_mig/u_memc_ui_top_axi/u_axi_mc/USE_UPSIZER.upsizer_d2/USE_READ.read_data_inst/use_wrap_buffer_reg/C (clocked by clk_pll_i) and tangerineA7_100_i/tangerineSOC_0/inst/axiDMAInst/cacheWay2DInb_reg[98]/D (clocked by clk_pll_i). Large setup violations at the end of those stages might be difficult to fix during the post-placement implementation flow and could be the result of non-optimal XDC constraints or non-optimal design architecture
Related violations: <none>

TIMING-16#201 Warning
Large setup violation  
There is a large setup violation of -1.341 ns between tangerineA7_100_i/tangerineSOC_0/inst/axiDMAInst/triggerCacheFlush_reg_rep__19/C (clocked by clk162_5_tangerineA7_100_clk_wiz_2_0) and tangerineA7_100_i/tangerineSOC_0/inst/axiDMAInst/cacheValidWay2_reg[53]/D (clocked by clk_pll_i). Large setup violations at the end of those stages might be difficult to fix during the post-placement implementation flow and could be the result of non-optimal XDC constraints or non-optimal design architecture
Related violations: <none>

TIMING-16#202 Warning
Large setup violation  
There is a large setup violation of -1.345 ns between tangerineA7_100_i/tangerineSOC_0/inst/axiDMAInst/triggerCacheFlush_reg_rep__12/C (clocked by clk162_5_tangerineA7_100_clk_wiz_2_0) and tangerineA7_100_i/tangerineSOC_0/inst/axiDMAInst/cacheValidWay2_reg[404]/D (clocked by clk_pll_i). Large setup violations at the end of those stages might be difficult to fix during the post-placement implementation flow and could be the result of non-optimal XDC constraints or non-optimal design architecture
Related violations: <none>

TIMING-16#203 Warning
Large setup violation  
There is a large setup violation of -1.353 ns between tangerineA7_100_i/tangerineSOC_0/inst/axiDMAInst/triggerCacheFlush_reg_rep__19/C (clocked by clk162_5_tangerineA7_100_clk_wiz_2_0) and tangerineA7_100_i/tangerineSOC_0/inst/axiDMAInst/cacheValidWay3_reg[22]/D (clocked by clk_pll_i). Large setup violations at the end of those stages might be difficult to fix during the post-placement implementation flow and could be the result of non-optimal XDC constraints or non-optimal design architecture
Related violations: <none>

TIMING-16#204 Warning
Large setup violation  
There is a large setup violation of -1.353 ns between tangerineA7_100_i/tangerineSOC_0/inst/nekoRvInst/dout_reg[8]/C (clocked by clk162_5_tangerineA7_100_clk_wiz_2_0) and tangerineA7_100_i/tangerineSOC_0/inst/axiDMAInst/ch2Input0_reg[40]/D (clocked by clk162_5_tangerineA7_100_clk_wiz_2_0). Large setup violations at the end of those stages might be difficult to fix during the post-placement implementation flow and could be the result of non-optimal XDC constraints or non-optimal design architecture
Related violations: <none>

TIMING-16#205 Warning
Large setup violation  
There is a large setup violation of -1.357 ns between tangerineA7_100_i/tangerineSOC_0/inst/axiDMAInst/ch2Input0_reg[1]/C (clocked by clk162_5_tangerineA7_100_clk_wiz_2_0) and tangerineA7_100_i/tangerineSOC_0/inst/axiDMAInst/ch2BufDOut_reg[86]/D (clocked by clk_pll_i). Large setup violations at the end of those stages might be difficult to fix during the post-placement implementation flow and could be the result of non-optimal XDC constraints or non-optimal design architecture
Related violations: <none>

TIMING-16#206 Warning
Large setup violation  
There is a large setup violation of -1.357 ns between tangerineA7_100_i/tangerineSOC_0/inst/nekoRvInst/a_reg[2]_rep__2/C (clocked by clk162_5_tangerineA7_100_clk_wiz_2_0) and tangerineA7_100_i/tangerineSOC_0/inst/axiDMAInst/ch2DaFirstWriteMask_reg[2]/CE (clocked by clk162_5_tangerineA7_100_clk_wiz_2_0). Large setup violations at the end of those stages might be difficult to fix during the post-placement implementation flow and could be the result of non-optimal XDC constraints or non-optimal design architecture
Related violations: <none>

TIMING-16#207 Warning
Large setup violation  
There is a large setup violation of -1.357 ns between tangerineA7_100_i/tangerineSOC_0/inst/nekoRvInst/a_reg[2]_rep__2/C (clocked by clk162_5_tangerineA7_100_clk_wiz_2_0) and tangerineA7_100_i/tangerineSOC_0/inst/axiDMAInst/ch2DaLastWriteMask_reg[2]/CE (clocked by clk162_5_tangerineA7_100_clk_wiz_2_0). Large setup violations at the end of those stages might be difficult to fix during the post-placement implementation flow and could be the result of non-optimal XDC constraints or non-optimal design architecture
Related violations: <none>

TIMING-16#208 Warning
Large setup violation  
There is a large setup violation of -1.357 ns between tangerineA7_100_i/tangerineSOC_0/inst/nekoRvInst/a_reg[2]_rep__2/C (clocked by clk162_5_tangerineA7_100_clk_wiz_2_0) and tangerineA7_100_i/tangerineSOC_0/inst/axiDMAInst/ch2DaLastWriteMask_reg[3]/CE (clocked by clk162_5_tangerineA7_100_clk_wiz_2_0). Large setup violations at the end of those stages might be difficult to fix during the post-placement implementation flow and could be the result of non-optimal XDC constraints or non-optimal design architecture
Related violations: <none>

TIMING-16#209 Warning
Large setup violation  
There is a large setup violation of -1.357 ns between tangerineA7_100_i/tangerineSOC_0/inst/nekoRvInst/a_reg[2]_rep__2/C (clocked by clk162_5_tangerineA7_100_clk_wiz_2_0) and tangerineA7_100_i/tangerineSOC_0/inst/axiDMAInst/ch2DaLastWriteMask_reg[7]/CE (clocked by clk162_5_tangerineA7_100_clk_wiz_2_0). Large setup violations at the end of those stages might be difficult to fix during the post-placement implementation flow and could be the result of non-optimal XDC constraints or non-optimal design architecture
Related violations: <none>

TIMING-16#210 Warning
Large setup violation  
There is a large setup violation of -1.359 ns between tangerineA7_100_i/tangerineSOC_0/inst/axiDMAInst/triggerCacheFlush_reg_rep__17/C (clocked by clk162_5_tangerineA7_100_clk_wiz_2_0) and tangerineA7_100_i/tangerineSOC_0/inst/axiDMAInst/cacheValidWay3_reg[210]/D (clocked by clk_pll_i). Large setup violations at the end of those stages might be difficult to fix during the post-placement implementation flow and could be the result of non-optimal XDC constraints or non-optimal design architecture
Related violations: <none>

TIMING-16#211 Warning
Large setup violation  
There is a large setup violation of -1.363 ns between tangerineA7_100_i/tangerineSOC_0/inst/nekoRvInst/dout_reg[8]/C (clocked by clk162_5_tangerineA7_100_clk_wiz_2_0) and tangerineA7_100_i/tangerineSOC_0/inst/axiDMAInst/ch2Input0_reg[72]/D (clocked by clk162_5_tangerineA7_100_clk_wiz_2_0). Large setup violations at the end of those stages might be difficult to fix during the post-placement implementation flow and could be the result of non-optimal XDC constraints or non-optimal design architecture
Related violations: <none>

TIMING-16#212 Warning
Large setup violation  
There is a large setup violation of -1.364 ns between tangerineA7_100_i/tangerineSOC_0/inst/axiDMAInst/triggerCacheFlush_reg_rep__19/C (clocked by clk162_5_tangerineA7_100_clk_wiz_2_0) and tangerineA7_100_i/tangerineSOC_0/inst/axiDMAInst/cacheValidWay3_reg[21]/D (clocked by clk_pll_i). Large setup violations at the end of those stages might be difficult to fix during the post-placement implementation flow and could be the result of non-optimal XDC constraints or non-optimal design architecture
Related violations: <none>

TIMING-16#213 Warning
Large setup violation  
There is a large setup violation of -1.370 ns between tangerineA7_100_i/tangerineSOC_0/inst/axiDMAInst/cacheA_reg[7]_rep/C (clocked by clk_pll_i) and tangerineA7_100_i/tangerineSOC_0/inst/axiDMAInst/cacheWay1DInb_reg[0]/CE (clocked by clk_pll_i). Large setup violations at the end of those stages might be difficult to fix during the post-placement implementation flow and could be the result of non-optimal XDC constraints or non-optimal design architecture
Related violations: <none>

TIMING-16#214 Warning
Large setup violation  
There is a large setup violation of -1.370 ns between tangerineA7_100_i/tangerineSOC_0/inst/axiDMAInst/cacheDIn_reg[2]/C (clocked by clk_pll_i) and tangerineA7_100_i/tangerineSOC_0/inst/axiDMAInst/cacheDataRamW2Inst/U0/inst_blk_mem_gen/gnbram.gnativebmg.native_blk_mem_gen/valid.cstr/ramloop[1].ram.r/prim_noinit.ram/DEVICE_7SERIES.NO_BMM_INFO.TRUE_DP.SIMPLE_PRIM36.ram/DIADI[2] (clocked by clk162_5_tangerineA7_100_clk_wiz_2_0). Large setup violations at the end of those stages might be difficult to fix during the post-placement implementation flow and could be the result of non-optimal XDC constraints or non-optimal design architecture
Related violations: <none>

TIMING-16#215 Warning
Large setup violation  
There is a large setup violation of -1.376 ns between tangerineA7_100_i/tangerineSOC_0/inst/axiDMAInst/cacheA_reg[13]/C (clocked by clk_pll_i) and tangerineA7_100_i/tangerineSOC_0/inst/axiDMAInst/cacheDataRamW0Inst/U0/inst_blk_mem_gen/gnbram.gnativebmg.native_blk_mem_gen/valid.cstr/ramloop[3].ram.r/prim_noinit.ram/DEVICE_7SERIES.NO_BMM_INFO.TRUE_DP.SIMPLE_PRIM36.ram/ADDRARDADDR[14] (clocked by clk162_5_tangerineA7_100_clk_wiz_2_0). Large setup violations at the end of those stages might be difficult to fix during the post-placement implementation flow and could be the result of non-optimal XDC constraints or non-optimal design architecture
Related violations: <none>

TIMING-16#216 Warning
Large setup violation  
There is a large setup violation of -1.376 ns between tangerineA7_100_i/tangerineSOC_0/inst/axiDMAInst/triggerCacheFlush_reg_rep__29/C (clocked by clk162_5_tangerineA7_100_clk_wiz_2_0) and tangerineA7_100_i/tangerineSOC_0/inst/axiDMAInst/cacheValidWay3_reg[264]/D (clocked by clk_pll_i). Large setup violations at the end of those stages might be difficult to fix during the post-placement implementation flow and could be the result of non-optimal XDC constraints or non-optimal design architecture
Related violations: <none>

TIMING-16#217 Warning
Large setup violation  
There is a large setup violation of -1.378 ns between tangerineA7_100_i/tangerineSOC_0/inst/axiDMAInst/cacheA_reg[2]/C (clocked by clk_pll_i) and tangerineA7_100_i/tangerineSOC_0/inst/axiDMAInst/cacheDataRamW1Inst/U0/inst_blk_mem_gen/gnbram.gnativebmg.native_blk_mem_gen/valid.cstr/ramloop[1].ram.r/prim_noinit.ram/DEVICE_7SERIES.NO_BMM_INFO.TRUE_DP.SIMPLE_PRIM36.ram/ADDRARDADDR[3] (clocked by clk162_5_tangerineA7_100_clk_wiz_2_0). Large setup violations at the end of those stages might be difficult to fix during the post-placement implementation flow and could be the result of non-optimal XDC constraints or non-optimal design architecture
Related violations: <none>

TIMING-16#218 Warning
Large setup violation  
There is a large setup violation of -1.381 ns between tangerineA7_100_i/tangerineSOC_0/inst/nekoRvInst/dout_reg[12]/C (clocked by clk162_5_tangerineA7_100_clk_wiz_2_0) and tangerineA7_100_i/tangerineSOC_0/inst/axiDMAInst/ch2Input0_reg[12]/D (clocked by clk162_5_tangerineA7_100_clk_wiz_2_0). Large setup violations at the end of those stages might be difficult to fix during the post-placement implementation flow and could be the result of non-optimal XDC constraints or non-optimal design architecture
Related violations: <none>

TIMING-16#219 Warning
Large setup violation  
There is a large setup violation of -1.391 ns between tangerineA7_100_i/tangerineSOC_0/inst/nekoRvInst/a_reg[23]/C (clocked by clk162_5_tangerineA7_100_clk_wiz_2_0) and tangerineA7_100_i/tangerineSOC_0/inst/axiDMAInst/ch2SaAddress_reg[27]/CE (clocked by clk162_5_tangerineA7_100_clk_wiz_2_0). Large setup violations at the end of those stages might be difficult to fix during the post-placement implementation flow and could be the result of non-optimal XDC constraints or non-optimal design architecture
Related violations: <none>

TIMING-16#220 Warning
Large setup violation  
There is a large setup violation of -1.391 ns between tangerineA7_100_i/tangerineSOC_0/inst/nekoRvInst/a_reg[23]/C (clocked by clk162_5_tangerineA7_100_clk_wiz_2_0) and tangerineA7_100_i/tangerineSOC_0/inst/axiDMAInst/ch2SaAddress_reg[31]/CE (clocked by clk162_5_tangerineA7_100_clk_wiz_2_0). Large setup violations at the end of those stages might be difficult to fix during the post-placement implementation flow and could be the result of non-optimal XDC constraints or non-optimal design architecture
Related violations: <none>

TIMING-16#221 Warning
Large setup violation  
There is a large setup violation of -1.394 ns between tangerineA7_100_i/tangerineSOC_0/inst/axiDMAInst/ch2Input0_reg[0]_rep/C (clocked by clk162_5_tangerineA7_100_clk_wiz_2_0) and tangerineA7_100_i/tangerineSOC_0/inst/axiDMAInst/ch2BufDOut_reg[6]/D (clocked by clk_pll_i). Large setup violations at the end of those stages might be difficult to fix during the post-placement implementation flow and could be the result of non-optimal XDC constraints or non-optimal design architecture
Related violations: <none>

TIMING-16#222 Warning
Large setup violation  
There is a large setup violation of -1.401 ns between tangerineA7_100_i/tangerineSOC_0/inst/axiDMAInst/ch2Input0_reg[2]/C (clocked by clk162_5_tangerineA7_100_clk_wiz_2_0) and tangerineA7_100_i/tangerineSOC_0/inst/axiDMAInst/ch2BufDOut_reg[53]/D (clocked by clk_pll_i). Large setup violations at the end of those stages might be difficult to fix during the post-placement implementation flow and could be the result of non-optimal XDC constraints or non-optimal design architecture
Related violations: <none>

TIMING-16#223 Warning
Large setup violation  
There is a large setup violation of -1.401 ns between tangerineA7_100_i/tangerineSOC_0/inst/nekoRvInst/a_reg[23]/C (clocked by clk162_5_tangerineA7_100_clk_wiz_2_0) and tangerineA7_100_i/tangerineSOC_0/inst/axiDMAInst/ch2SaAddress_reg[16]/CE (clocked by clk162_5_tangerineA7_100_clk_wiz_2_0). Large setup violations at the end of those stages might be difficult to fix during the post-placement implementation flow and could be the result of non-optimal XDC constraints or non-optimal design architecture
Related violations: <none>

TIMING-16#224 Warning
Large setup violation  
There is a large setup violation of -1.401 ns between tangerineA7_100_i/tangerineSOC_0/inst/nekoRvInst/a_reg[23]/C (clocked by clk162_5_tangerineA7_100_clk_wiz_2_0) and tangerineA7_100_i/tangerineSOC_0/inst/axiDMAInst/ch2SaAddress_reg[17]/CE (clocked by clk162_5_tangerineA7_100_clk_wiz_2_0). Large setup violations at the end of those stages might be difficult to fix during the post-placement implementation flow and could be the result of non-optimal XDC constraints or non-optimal design architecture
Related violations: <none>

TIMING-16#225 Warning
Large setup violation  
There is a large setup violation of -1.401 ns between tangerineA7_100_i/tangerineSOC_0/inst/nekoRvInst/a_reg[23]/C (clocked by clk162_5_tangerineA7_100_clk_wiz_2_0) and tangerineA7_100_i/tangerineSOC_0/inst/axiDMAInst/ch2SaAddress_reg[18]/CE (clocked by clk162_5_tangerineA7_100_clk_wiz_2_0). Large setup violations at the end of those stages might be difficult to fix during the post-placement implementation flow and could be the result of non-optimal XDC constraints or non-optimal design architecture
Related violations: <none>

TIMING-16#226 Warning
Large setup violation  
There is a large setup violation of -1.401 ns between tangerineA7_100_i/tangerineSOC_0/inst/nekoRvInst/a_reg[23]/C (clocked by clk162_5_tangerineA7_100_clk_wiz_2_0) and tangerineA7_100_i/tangerineSOC_0/inst/axiDMAInst/ch2SaAddress_reg[19]/CE (clocked by clk162_5_tangerineA7_100_clk_wiz_2_0). Large setup violations at the end of those stages might be difficult to fix during the post-placement implementation flow and could be the result of non-optimal XDC constraints or non-optimal design architecture
Related violations: <none>

TIMING-16#227 Warning
Large setup violation  
There is a large setup violation of -1.409 ns between tangerineA7_100_i/tangerineSOC_0/inst/blitterInst/bltDmaRequest_reg/C (clocked by clk162_5_tangerineA7_100_clk_wiz_2_0) and tangerineA7_100_i/tangerineSOC_0/inst/axiDMAInst/cacheA_reg[11]_replica_5/D (clocked by clk_pll_i). Large setup violations at the end of those stages might be difficult to fix during the post-placement implementation flow and could be the result of non-optimal XDC constraints or non-optimal design architecture
Related violations: <none>

TIMING-16#228 Warning
Large setup violation  
There is a large setup violation of -1.411 ns between tangerineA7_100_i/tangerineSOC_0/inst/axiDMAInst/ch2Input0_reg[1]/C (clocked by clk162_5_tangerineA7_100_clk_wiz_2_0) and tangerineA7_100_i/tangerineSOC_0/inst/axiDMAInst/ch2BufDOut_reg[54]/D (clocked by clk_pll_i). Large setup violations at the end of those stages might be difficult to fix during the post-placement implementation flow and could be the result of non-optimal XDC constraints or non-optimal design architecture
Related violations: <none>

TIMING-16#229 Warning
Large setup violation  
There is a large setup violation of -1.412 ns between tangerineA7_100_i/tangerineSOC_0/inst/nekoRvInst/dout_reg[21]/C (clocked by clk162_5_tangerineA7_100_clk_wiz_2_0) and tangerineA7_100_i/tangerineSOC_0/inst/axiDMAInst/cacheDIn_reg[21]/D (clocked by clk_pll_i). Large setup violations at the end of those stages might be difficult to fix during the post-placement implementation flow and could be the result of non-optimal XDC constraints or non-optimal design architecture
Related violations: <none>

TIMING-16#230 Warning
Large setup violation  
There is a large setup violation of -1.415 ns between tangerineA7_100_i/tangerineSOC_0/inst/axiDMAInst/cacheA_reg[2]/C (clocked by clk_pll_i) and tangerineA7_100_i/tangerineSOC_0/inst/axiDMAInst/cacheDataRamW3Inst/U0/inst_blk_mem_gen/gnbram.gnativebmg.native_blk_mem_gen/valid.cstr/ramloop[3].ram.r/prim_noinit.ram/DEVICE_7SERIES.NO_BMM_INFO.TRUE_DP.SIMPLE_PRIM36.ram/ADDRARDADDR[3] (clocked by clk162_5_tangerineA7_100_clk_wiz_2_0). Large setup violations at the end of those stages might be difficult to fix during the post-placement implementation flow and could be the result of non-optimal XDC constraints or non-optimal design architecture
Related violations: <none>

TIMING-16#231 Warning
Large setup violation  
There is a large setup violation of -1.417 ns between tangerineA7_100_i/tangerineSOC_0/inst/axiDMAInst/ch2Input0_reg[1]/C (clocked by clk162_5_tangerineA7_100_clk_wiz_2_0) and tangerineA7_100_i/tangerineSOC_0/inst/axiDMAInst/ch2BufDOut_reg[34]/D (clocked by clk_pll_i). Large setup violations at the end of those stages might be difficult to fix during the post-placement implementation flow and could be the result of non-optimal XDC constraints or non-optimal design architecture
Related violations: <none>

TIMING-16#232 Warning
Large setup violation  
There is a large setup violation of -1.417 ns between tangerineA7_100_i/tangerineSOC_0/inst/axiDMAInst/triggerCacheFlush_reg_rep__17/C (clocked by clk162_5_tangerineA7_100_clk_wiz_2_0) and tangerineA7_100_i/tangerineSOC_0/inst/axiDMAInst/cacheValidWay3_reg[217]/D (clocked by clk_pll_i). Large setup violations at the end of those stages might be difficult to fix during the post-placement implementation flow and could be the result of non-optimal XDC constraints or non-optimal design architecture
Related violations: <none>

TIMING-16#233 Warning
Large setup violation  
There is a large setup violation of -1.424 ns between tangerineA7_100_i/tangerineSOC_0/inst/axiDMAInst/triggerCacheFlush_reg_rep__28/C (clocked by clk162_5_tangerineA7_100_clk_wiz_2_0) and tangerineA7_100_i/tangerineSOC_0/inst/axiDMAInst/cacheValidWay3_reg[119]/D (clocked by clk_pll_i). Large setup violations at the end of those stages might be difficult to fix during the post-placement implementation flow and could be the result of non-optimal XDC constraints or non-optimal design architecture
Related violations: <none>

TIMING-16#234 Warning
Large setup violation  
There is a large setup violation of -1.425 ns between tangerineA7_100_i/tangerineMIGWrapper_0/inst/tangerineMIGInst/u_mig_7series_tangerine_mig/u_memc_ui_top_axi/u_axi_mc/USE_UPSIZER.upsizer_d2/USE_READ.read_data_inst/use_wrap_buffer_reg/C (clocked by clk_pll_i) and tangerineA7_100_i/tangerineSOC_0/inst/axiDMAInst/cacheWay2DInb_reg[5]/D (clocked by clk_pll_i). Large setup violations at the end of those stages might be difficult to fix during the post-placement implementation flow and could be the result of non-optimal XDC constraints or non-optimal design architecture
Related violations: <none>

TIMING-16#235 Warning
Large setup violation  
There is a large setup violation of -1.430 ns between tangerineA7_100_i/tangerineSOC_0/inst/axiDMAInst/ch2Input0_reg[2]_rep/C (clocked by clk162_5_tangerineA7_100_clk_wiz_2_0) and tangerineA7_100_i/tangerineSOC_0/inst/axiDMAInst/ch2BufDOut_reg[117]/D (clocked by clk_pll_i). Large setup violations at the end of those stages might be difficult to fix during the post-placement implementation flow and could be the result of non-optimal XDC constraints or non-optimal design architecture
Related violations: <none>

TIMING-16#236 Warning
Large setup violation  
There is a large setup violation of -1.430 ns between tangerineA7_100_i/tangerineSOC_0/inst/nekoRvInst/be_reg/C (clocked by clk162_5_tangerineA7_100_clk_wiz_2_0) and tangerineA7_100_i/tangerineSOC_0/inst/axiDMAInst/cacheA_reg[6]_rep__2_replica/CE (clocked by clk_pll_i). Large setup violations at the end of those stages might be difficult to fix during the post-placement implementation flow and could be the result of non-optimal XDC constraints or non-optimal design architecture
Related violations: <none>

TIMING-16#237 Warning
Large setup violation  
There is a large setup violation of -1.431 ns between tangerineA7_100_i/tangerineSOC_0/inst/blitterInst/bltDmaA_reg[6]/C (clocked by clk162_5_tangerineA7_100_clk_wiz_2_0) and tangerineA7_100_i/tangerineSOC_0/inst/axiDMAInst/cacheA_reg[6]_rep__2_replica_3/D (clocked by clk_pll_i). Large setup violations at the end of those stages might be difficult to fix during the post-placement implementation flow and could be the result of non-optimal XDC constraints or non-optimal design architecture
Related violations: <none>

TIMING-16#238 Warning
Large setup violation  
There is a large setup violation of -1.437 ns between tangerineA7_100_i/tangerineSOC_0/inst/axiDMAInst/triggerCacheFlush_reg_rep__17/C (clocked by clk162_5_tangerineA7_100_clk_wiz_2_0) and tangerineA7_100_i/tangerineSOC_0/inst/axiDMAInst/cacheValidWay3_reg[222]/D (clocked by clk_pll_i). Large setup violations at the end of those stages might be difficult to fix during the post-placement implementation flow and could be the result of non-optimal XDC constraints or non-optimal design architecture
Related violations: <none>

TIMING-16#239 Warning
Large setup violation  
There is a large setup violation of -1.446 ns between tangerineA7_100_i/tangerineSOC_0/inst/axiDMAInst/ch2Input0_reg[1]/C (clocked by clk162_5_tangerineA7_100_clk_wiz_2_0) and tangerineA7_100_i/tangerineSOC_0/inst/axiDMAInst/ch2BufDOut_reg[36]/D (clocked by clk_pll_i). Large setup violations at the end of those stages might be difficult to fix during the post-placement implementation flow and could be the result of non-optimal XDC constraints or non-optimal design architecture
Related violations: <none>

TIMING-16#240 Warning
Large setup violation  
There is a large setup violation of -1.446 ns between tangerineA7_100_i/tangerineSOC_0/inst/nekoRvInst/a_reg[23]/C (clocked by clk162_5_tangerineA7_100_clk_wiz_2_0) and tangerineA7_100_i/tangerineSOC_0/inst/axiDMAInst/ch2SaAddress_reg[5]/CE (clocked by clk162_5_tangerineA7_100_clk_wiz_2_0). Large setup violations at the end of those stages might be difficult to fix during the post-placement implementation flow and could be the result of non-optimal XDC constraints or non-optimal design architecture
Related violations: <none>

TIMING-16#241 Warning
Large setup violation  
There is a large setup violation of -1.448 ns between tangerineA7_100_i/tangerineSOC_0/inst/nekoRvInst/be_reg/C (clocked by clk162_5_tangerineA7_100_clk_wiz_2_0) and tangerineA7_100_i/tangerineSOC_0/inst/axiDMAInst/cacheA_reg[8]_rep_replica_1/CE (clocked by clk_pll_i). Large setup violations at the end of those stages might be difficult to fix during the post-placement implementation flow and could be the result of non-optimal XDC constraints or non-optimal design architecture
Related violations: <none>

TIMING-16#242 Warning
Large setup violation  
There is a large setup violation of -1.449 ns between tangerineA7_100_i/tangerineSOC_0/inst/axiDMAInst/triggerCacheFlush_reg_rep__17/C (clocked by clk162_5_tangerineA7_100_clk_wiz_2_0) and tangerineA7_100_i/tangerineSOC_0/inst/axiDMAInst/cacheValidWay3_reg[214]/D (clocked by clk_pll_i). Large setup violations at the end of those stages might be difficult to fix during the post-placement implementation flow and could be the result of non-optimal XDC constraints or non-optimal design architecture
Related violations: <none>

TIMING-16#243 Warning
Large setup violation  
There is a large setup violation of -1.450 ns between tangerineA7_100_i/tangerineSOC_0/inst/axiDMAInst/cacheDIn_reg[31]/C (clocked by clk_pll_i) and tangerineA7_100_i/tangerineSOC_0/inst/axiDMAInst/cacheDataRamW1Inst/U0/inst_blk_mem_gen/gnbram.gnativebmg.native_blk_mem_gen/valid.cstr/ramloop[6].ram.r/prim_noinit.ram/DEVICE_7SERIES.NO_BMM_INFO.TRUE_DP.SIMPLE_PRIM36.ram/DIADI[7] (clocked by clk162_5_tangerineA7_100_clk_wiz_2_0). Large setup violations at the end of those stages might be difficult to fix during the post-placement implementation flow and could be the result of non-optimal XDC constraints or non-optimal design architecture
Related violations: <none>

TIMING-16#244 Warning
Large setup violation  
There is a large setup violation of -1.452 ns between tangerineA7_100_i/tangerineSOC_0/inst/nekoRvInst/a_reg[2]_rep__2/C (clocked by clk162_5_tangerineA7_100_clk_wiz_2_0) and tangerineA7_100_i/tangerineSOC_0/inst/axiDMAInst/ch2DaFirstWriteMask_reg[8]/CE (clocked by clk162_5_tangerineA7_100_clk_wiz_2_0). Large setup violations at the end of those stages might be difficult to fix during the post-placement implementation flow and could be the result of non-optimal XDC constraints or non-optimal design architecture
Related violations: <none>

TIMING-16#245 Warning
Large setup violation  
There is a large setup violation of -1.452 ns between tangerineA7_100_i/tangerineSOC_0/inst/nekoRvInst/a_reg[2]_rep__2/C (clocked by clk162_5_tangerineA7_100_clk_wiz_2_0) and tangerineA7_100_i/tangerineSOC_0/inst/axiDMAInst/ch2DaLastWriteMask_reg[15]/CE (clocked by clk162_5_tangerineA7_100_clk_wiz_2_0). Large setup violations at the end of those stages might be difficult to fix during the post-placement implementation flow and could be the result of non-optimal XDC constraints or non-optimal design architecture
Related violations: <none>

TIMING-16#246 Warning
Large setup violation  
There is a large setup violation of -1.456 ns between tangerineA7_100_i/tangerineMIGWrapper_0/inst/tangerineMIGInst/u_mig_7series_tangerine_mig/u_memc_ui_top_axi/u_axi_mc/USE_UPSIZER.upsizer_d2/USE_READ.read_data_inst/use_wrap_buffer_reg/C (clocked by clk_pll_i) and tangerineA7_100_i/tangerineSOC_0/inst/axiDMAInst/cacheWay2DInb_reg[35]/D (clocked by clk_pll_i). Large setup violations at the end of those stages might be difficult to fix during the post-placement implementation flow and could be the result of non-optimal XDC constraints or non-optimal design architecture
Related violations: <none>

TIMING-16#247 Warning
Large setup violation  
There is a large setup violation of -1.458 ns between tangerineA7_100_i/tangerineSOC_0/inst/axiDMAInst/triggerCacheFlush_reg_rep__19/C (clocked by clk162_5_tangerineA7_100_clk_wiz_2_0) and tangerineA7_100_i/tangerineSOC_0/inst/axiDMAInst/cacheValidWay3_reg[28]/D (clocked by clk_pll_i). Large setup violations at the end of those stages might be difficult to fix during the post-placement implementation flow and could be the result of non-optimal XDC constraints or non-optimal design architecture
Related violations: <none>

TIMING-16#248 Warning
Large setup violation  
There is a large setup violation of -1.465 ns between tangerineA7_100_i/tangerineSOC_0/inst/axiDMAInst/triggerCacheFlush_reg_rep__17/C (clocked by clk162_5_tangerineA7_100_clk_wiz_2_0) and tangerineA7_100_i/tangerineSOC_0/inst/axiDMAInst/cacheValidWay3_reg[216]/D (clocked by clk_pll_i). Large setup violations at the end of those stages might be difficult to fix during the post-placement implementation flow and could be the result of non-optimal XDC constraints or non-optimal design architecture
Related violations: <none>

TIMING-16#249 Warning
Large setup violation  
There is a large setup violation of -1.479 ns between tangerineA7_100_i/tangerineSOC_0/inst/axiDMAInst/cacheA_reg[7]_rep/C (clocked by clk_pll_i) and tangerineA7_100_i/tangerineSOC_0/inst/axiDMAInst/cacheValidWay2_reg[393]/D (clocked by clk_pll_i). Large setup violations at the end of those stages might be difficult to fix during the post-placement implementation flow and could be the result of non-optimal XDC constraints or non-optimal design architecture
Related violations: <none>

TIMING-16#250 Warning
Large setup violation  
There is a large setup violation of -1.480 ns between tangerineA7_100_i/tangerineSOC_0/inst/axiDMAInst/cacheA_reg[7]_rep/C (clocked by clk_pll_i) and tangerineA7_100_i/tangerineSOC_0/inst/axiDMAInst/cacheValidWay2_reg[377]/D (clocked by clk_pll_i). Large setup violations at the end of those stages might be difficult to fix during the post-placement implementation flow and could be the result of non-optimal XDC constraints or non-optimal design architecture
Related violations: <none>

TIMING-16#251 Warning
Large setup violation  
There is a large setup violation of -1.483 ns between tangerineA7_100_i/tangerineSOC_0/inst/axiDMAInst/cacheA_reg[4]/C (clocked by clk_pll_i) and tangerineA7_100_i/tangerineSOC_0/inst/axiDMAInst/cacheDataRamW0Inst/U0/inst_blk_mem_gen/gnbram.gnativebmg.native_blk_mem_gen/valid.cstr/ramloop[4].ram.r/prim_noinit.ram/DEVICE_7SERIES.NO_BMM_INFO.TRUE_DP.SIMPLE_PRIM36.ram/ADDRARDADDR[5] (clocked by clk162_5_tangerineA7_100_clk_wiz_2_0). Large setup violations at the end of those stages might be difficult to fix during the post-placement implementation flow and could be the result of non-optimal XDC constraints or non-optimal design architecture
Related violations: <none>

TIMING-16#252 Warning
Large setup violation  
There is a large setup violation of -1.485 ns between tangerineA7_100_i/tangerineSOC_0/inst/nekoRvInst/a_reg[2]_rep__3/C (clocked by clk162_5_tangerineA7_100_clk_wiz_2_0) and tangerineA7_100_i/tangerineSOC_0/inst/axiDMAInst/ch2SaPointer_reg[13]/CE (clocked by clk162_5_tangerineA7_100_clk_wiz_2_0). Large setup violations at the end of those stages might be difficult to fix during the post-placement implementation flow and could be the result of non-optimal XDC constraints or non-optimal design architecture
Related violations: <none>

TIMING-16#253 Warning
Large setup violation  
There is a large setup violation of -1.485 ns between tangerineA7_100_i/tangerineSOC_0/inst/nekoRvInst/a_reg[2]_rep__3/C (clocked by clk162_5_tangerineA7_100_clk_wiz_2_0) and tangerineA7_100_i/tangerineSOC_0/inst/axiDMAInst/ch2SaPointer_reg[16]/CE (clocked by clk162_5_tangerineA7_100_clk_wiz_2_0). Large setup violations at the end of those stages might be difficult to fix during the post-placement implementation flow and could be the result of non-optimal XDC constraints or non-optimal design architecture
Related violations: <none>

TIMING-16#254 Warning
Large setup violation  
There is a large setup violation of -1.485 ns between tangerineA7_100_i/tangerineSOC_0/inst/nekoRvInst/a_reg[2]_rep__3/C (clocked by clk162_5_tangerineA7_100_clk_wiz_2_0) and tangerineA7_100_i/tangerineSOC_0/inst/axiDMAInst/ch2SaPointer_reg[20]/CE (clocked by clk162_5_tangerineA7_100_clk_wiz_2_0). Large setup violations at the end of those stages might be difficult to fix during the post-placement implementation flow and could be the result of non-optimal XDC constraints or non-optimal design architecture
Related violations: <none>

TIMING-16#255 Warning
Large setup violation  
There is a large setup violation of -1.485 ns between tangerineA7_100_i/tangerineSOC_0/inst/nekoRvInst/a_reg[2]_rep__3/C (clocked by clk162_5_tangerineA7_100_clk_wiz_2_0) and tangerineA7_100_i/tangerineSOC_0/inst/axiDMAInst/ch2SaPointer_reg[21]/CE (clocked by clk162_5_tangerineA7_100_clk_wiz_2_0). Large setup violations at the end of those stages might be difficult to fix during the post-placement implementation flow and could be the result of non-optimal XDC constraints or non-optimal design architecture
Related violations: <none>

TIMING-16#256 Warning
Large setup violation  
There is a large setup violation of -1.485 ns between tangerineA7_100_i/tangerineSOC_0/inst/nekoRvInst/a_reg[2]_rep__3/C (clocked by clk162_5_tangerineA7_100_clk_wiz_2_0) and tangerineA7_100_i/tangerineSOC_0/inst/axiDMAInst/ch2SaPointer_reg[22]/CE (clocked by clk162_5_tangerineA7_100_clk_wiz_2_0). Large setup violations at the end of those stages might be difficult to fix during the post-placement implementation flow and could be the result of non-optimal XDC constraints or non-optimal design architecture
Related violations: <none>

TIMING-16#257 Warning
Large setup violation  
There is a large setup violation of -1.485 ns between tangerineA7_100_i/tangerineSOC_0/inst/nekoRvInst/a_reg[2]_rep__3/C (clocked by clk162_5_tangerineA7_100_clk_wiz_2_0) and tangerineA7_100_i/tangerineSOC_0/inst/axiDMAInst/ch2SaPointer_reg[24]/CE (clocked by clk162_5_tangerineA7_100_clk_wiz_2_0). Large setup violations at the end of those stages might be difficult to fix during the post-placement implementation flow and could be the result of non-optimal XDC constraints or non-optimal design architecture
Related violations: <none>

TIMING-16#258 Warning
Large setup violation  
There is a large setup violation of -1.485 ns between tangerineA7_100_i/tangerineSOC_0/inst/nekoRvInst/a_reg[2]_rep__3/C (clocked by clk162_5_tangerineA7_100_clk_wiz_2_0) and tangerineA7_100_i/tangerineSOC_0/inst/axiDMAInst/ch2SaPointer_reg[25]/CE (clocked by clk162_5_tangerineA7_100_clk_wiz_2_0). Large setup violations at the end of those stages might be difficult to fix during the post-placement implementation flow and could be the result of non-optimal XDC constraints or non-optimal design architecture
Related violations: <none>

TIMING-16#259 Warning
Large setup violation  
There is a large setup violation of -1.485 ns between tangerineA7_100_i/tangerineSOC_0/inst/nekoRvInst/a_reg[2]_rep__3/C (clocked by clk162_5_tangerineA7_100_clk_wiz_2_0) and tangerineA7_100_i/tangerineSOC_0/inst/axiDMAInst/ch2SaPointer_reg[26]/CE (clocked by clk162_5_tangerineA7_100_clk_wiz_2_0). Large setup violations at the end of those stages might be difficult to fix during the post-placement implementation flow and could be the result of non-optimal XDC constraints or non-optimal design architecture
Related violations: <none>

TIMING-16#260 Warning
Large setup violation  
There is a large setup violation of -1.486 ns between tangerineA7_100_i/tangerineSOC_0/inst/axiDMAInst/cacheA_reg[2]/C (clocked by clk_pll_i) and tangerineA7_100_i/tangerineSOC_0/inst/axiDMAInst/cacheDataRamW0Inst/U0/inst_blk_mem_gen/gnbram.gnativebmg.native_blk_mem_gen/valid.cstr/ramloop[6].ram.r/prim_noinit.ram/DEVICE_7SERIES.NO_BMM_INFO.TRUE_DP.SIMPLE_PRIM36.ram/ADDRARDADDR[3] (clocked by clk162_5_tangerineA7_100_clk_wiz_2_0). Large setup violations at the end of those stages might be difficult to fix during the post-placement implementation flow and could be the result of non-optimal XDC constraints or non-optimal design architecture
Related violations: <none>

TIMING-16#261 Warning
Large setup violation  
There is a large setup violation of -1.493 ns between tangerineA7_100_i/tangerineSOC_0/inst/nekoRvInst/a_reg[2]_rep__2/C (clocked by clk162_5_tangerineA7_100_clk_wiz_2_0) and tangerineA7_100_i/tangerineSOC_0/inst/axiDMAInst/ch2DaAddress_reg[12]/CE (clocked by clk162_5_tangerineA7_100_clk_wiz_2_0). Large setup violations at the end of those stages might be difficult to fix during the post-placement implementation flow and could be the result of non-optimal XDC constraints or non-optimal design architecture
Related violations: <none>

TIMING-16#262 Warning
Large setup violation  
There is a large setup violation of -1.493 ns between tangerineA7_100_i/tangerineSOC_0/inst/nekoRvInst/a_reg[2]_rep__2/C (clocked by clk162_5_tangerineA7_100_clk_wiz_2_0) and tangerineA7_100_i/tangerineSOC_0/inst/axiDMAInst/ch2DaAddress_reg[13]/CE (clocked by clk162_5_tangerineA7_100_clk_wiz_2_0). Large setup violations at the end of those stages might be difficult to fix during the post-placement implementation flow and could be the result of non-optimal XDC constraints or non-optimal design architecture
Related violations: <none>

TIMING-16#263 Warning
Large setup violation  
There is a large setup violation of -1.493 ns between tangerineA7_100_i/tangerineSOC_0/inst/nekoRvInst/a_reg[2]_rep__2/C (clocked by clk162_5_tangerineA7_100_clk_wiz_2_0) and tangerineA7_100_i/tangerineSOC_0/inst/axiDMAInst/ch2DaAddress_reg[14]/CE (clocked by clk162_5_tangerineA7_100_clk_wiz_2_0). Large setup violations at the end of those stages might be difficult to fix during the post-placement implementation flow and could be the result of non-optimal XDC constraints or non-optimal design architecture
Related violations: <none>

TIMING-16#264 Warning
Large setup violation  
There is a large setup violation of -1.493 ns between tangerineA7_100_i/tangerineSOC_0/inst/nekoRvInst/a_reg[2]_rep__2/C (clocked by clk162_5_tangerineA7_100_clk_wiz_2_0) and tangerineA7_100_i/tangerineSOC_0/inst/axiDMAInst/ch2DaAddress_reg[15]/CE (clocked by clk162_5_tangerineA7_100_clk_wiz_2_0). Large setup violations at the end of those stages might be difficult to fix during the post-placement implementation flow and could be the result of non-optimal XDC constraints or non-optimal design architecture
Related violations: <none>

TIMING-16#265 Warning
Large setup violation  
There is a large setup violation of -1.497 ns between tangerineA7_100_i/tangerineSOC_0/inst/nekoRvInst/dout_reg[11]/C (clocked by clk162_5_tangerineA7_100_clk_wiz_2_0) and tangerineA7_100_i/tangerineSOC_0/inst/axiDMAInst/cacheDIn_reg[11]/D (clocked by clk_pll_i). Large setup violations at the end of those stages might be difficult to fix during the post-placement implementation flow and could be the result of non-optimal XDC constraints or non-optimal design architecture
Related violations: <none>

TIMING-16#266 Warning
Large setup violation  
There is a large setup violation of -1.498 ns between tangerineA7_100_i/tangerineSOC_0/inst/axiDMAInst/ch2Input0_reg[1]/C (clocked by clk162_5_tangerineA7_100_clk_wiz_2_0) and tangerineA7_100_i/tangerineSOC_0/inst/axiDMAInst/ch2BufDOut_reg[39]/D (clocked by clk_pll_i). Large setup violations at the end of those stages might be difficult to fix during the post-placement implementation flow and could be the result of non-optimal XDC constraints or non-optimal design architecture
Related violations: <none>

TIMING-16#267 Warning
Large setup violation  
There is a large setup violation of -1.502 ns between tangerineA7_100_i/tangerineSOC_0/inst/axiDMAInst/ch2Input0_reg[2]_rep/C (clocked by clk162_5_tangerineA7_100_clk_wiz_2_0) and tangerineA7_100_i/tangerineSOC_0/inst/axiDMAInst/ch2BufDOut_reg[115]/D (clocked by clk_pll_i). Large setup violations at the end of those stages might be difficult to fix during the post-placement implementation flow and could be the result of non-optimal XDC constraints or non-optimal design architecture
Related violations: <none>

TIMING-16#268 Warning
Large setup violation  
There is a large setup violation of -1.507 ns between tangerineA7_100_i/tangerineSOC_0/inst/blitterInst/bltDmaRequest_reg/C (clocked by clk162_5_tangerineA7_100_clk_wiz_2_0) and tangerineA7_100_i/tangerineSOC_0/inst/axiDMAInst/cacheA_reg[11]/D (clocked by clk_pll_i). Large setup violations at the end of those stages might be difficult to fix during the post-placement implementation flow and could be the result of non-optimal XDC constraints or non-optimal design architecture
Related violations: <none>

TIMING-16#269 Warning
Large setup violation  
There is a large setup violation of -1.508 ns between tangerineA7_100_i/tangerineSOC_0/inst/nekoRvInst/a_reg[2]_rep__2/C (clocked by clk162_5_tangerineA7_100_clk_wiz_2_0) and tangerineA7_100_i/tangerineSOC_0/inst/axiDMAInst/ch1DmaPointerStart_reg[20]/CE (clocked by clk162_5_tangerineA7_100_clk_wiz_2_0). Large setup violations at the end of those stages might be difficult to fix during the post-placement implementation flow and could be the result of non-optimal XDC constraints or non-optimal design architecture
Related violations: <none>

TIMING-16#270 Warning
Large setup violation  
There is a large setup violation of -1.508 ns between tangerineA7_100_i/tangerineSOC_0/inst/nekoRvInst/a_reg[2]_rep__2/C (clocked by clk162_5_tangerineA7_100_clk_wiz_2_0) and tangerineA7_100_i/tangerineSOC_0/inst/axiDMAInst/ch1DmaPointerStart_reg[22]/CE (clocked by clk162_5_tangerineA7_100_clk_wiz_2_0). Large setup violations at the end of those stages might be difficult to fix during the post-placement implementation flow and could be the result of non-optimal XDC constraints or non-optimal design architecture
Related violations: <none>

TIMING-16#271 Warning
Large setup violation  
There is a large setup violation of -1.508 ns between tangerineA7_100_i/tangerineSOC_0/inst/nekoRvInst/a_reg[2]_rep__2/C (clocked by clk162_5_tangerineA7_100_clk_wiz_2_0) and tangerineA7_100_i/tangerineSOC_0/inst/axiDMAInst/ch1DmaPointerStart_reg[23]/CE (clocked by clk162_5_tangerineA7_100_clk_wiz_2_0). Large setup violations at the end of those stages might be difficult to fix during the post-placement implementation flow and could be the result of non-optimal XDC constraints or non-optimal design architecture
Related violations: <none>

TIMING-16#272 Warning
Large setup violation  
There is a large setup violation of -1.508 ns between tangerineA7_100_i/tangerineSOC_0/inst/nekoRvInst/a_reg[2]_rep__2/C (clocked by clk162_5_tangerineA7_100_clk_wiz_2_0) and tangerineA7_100_i/tangerineSOC_0/inst/axiDMAInst/ch1DmaPointerStart_reg[25]/CE (clocked by clk162_5_tangerineA7_100_clk_wiz_2_0). Large setup violations at the end of those stages might be difficult to fix during the post-placement implementation flow and could be the result of non-optimal XDC constraints or non-optimal design architecture
Related violations: <none>

TIMING-16#273 Warning
Large setup violation  
There is a large setup violation of -1.513 ns between tangerineA7_100_i/tangerineSOC_0/inst/nekoRvInst/dout_reg[23]/C (clocked by clk162_5_tangerineA7_100_clk_wiz_2_0) and tangerineA7_100_i/tangerineSOC_0/inst/axiDMAInst/cacheDIn_reg[23]/D (clocked by clk_pll_i). Large setup violations at the end of those stages might be difficult to fix during the post-placement implementation flow and could be the result of non-optimal XDC constraints or non-optimal design architecture
Related violations: <none>

TIMING-16#274 Warning
Large setup violation  
There is a large setup violation of -1.516 ns between tangerineA7_100_i/tangerineSOC_0/inst/nekoRvInst/dout_reg[15]/C (clocked by clk162_5_tangerineA7_100_clk_wiz_2_0) and tangerineA7_100_i/tangerineSOC_0/inst/axiDMAInst/cacheDIn_reg[15]/D (clocked by clk_pll_i). Large setup violations at the end of those stages might be difficult to fix during the post-placement implementation flow and could be the result of non-optimal XDC constraints or non-optimal design architecture
Related violations: <none>

TIMING-16#275 Warning
Large setup violation  
There is a large setup violation of -1.522 ns between tangerineA7_100_i/tangerineSOC_0/inst/nekoRvInst/a_reg[2]_rep__2/C (clocked by clk162_5_tangerineA7_100_clk_wiz_2_0) and tangerineA7_100_i/tangerineSOC_0/inst/axiDMAInst/ch2DaFirstWriteMask_reg[12]/CE (clocked by clk162_5_tangerineA7_100_clk_wiz_2_0). Large setup violations at the end of those stages might be difficult to fix during the post-placement implementation flow and could be the result of non-optimal XDC constraints or non-optimal design architecture
Related violations: <none>

TIMING-16#276 Warning
Large setup violation  
There is a large setup violation of -1.522 ns between tangerineA7_100_i/tangerineSOC_0/inst/nekoRvInst/a_reg[2]_rep__2/C (clocked by clk162_5_tangerineA7_100_clk_wiz_2_0) and tangerineA7_100_i/tangerineSOC_0/inst/axiDMAInst/ch2DaFirstWriteMask_reg[13]/CE (clocked by clk162_5_tangerineA7_100_clk_wiz_2_0). Large setup violations at the end of those stages might be difficult to fix during the post-placement implementation flow and could be the result of non-optimal XDC constraints or non-optimal design architecture
Related violations: <none>

TIMING-16#277 Warning
Large setup violation  
There is a large setup violation of -1.522 ns between tangerineA7_100_i/tangerineSOC_0/inst/nekoRvInst/a_reg[2]_rep__2/C (clocked by clk162_5_tangerineA7_100_clk_wiz_2_0) and tangerineA7_100_i/tangerineSOC_0/inst/axiDMAInst/ch2DaFirstWriteMask_reg[15]/CE (clocked by clk162_5_tangerineA7_100_clk_wiz_2_0). Large setup violations at the end of those stages might be difficult to fix during the post-placement implementation flow and could be the result of non-optimal XDC constraints or non-optimal design architecture
Related violations: <none>

TIMING-16#278 Warning
Large setup violation  
There is a large setup violation of -1.529 ns between tangerineA7_100_i/tangerineSOC_0/inst/nekoRvInst/a_reg[2]_rep__2/C (clocked by clk162_5_tangerineA7_100_clk_wiz_2_0) and tangerineA7_100_i/tangerineSOC_0/inst/axiDMAInst/ch2DaLastWriteMask_reg[8]/CE (clocked by clk162_5_tangerineA7_100_clk_wiz_2_0). Large setup violations at the end of those stages might be difficult to fix during the post-placement implementation flow and could be the result of non-optimal XDC constraints or non-optimal design architecture
Related violations: <none>

TIMING-16#279 Warning
Large setup violation  
There is a large setup violation of -1.529 ns between tangerineA7_100_i/tangerineSOC_0/inst/nekoRvInst/a_reg[2]_rep__2/C (clocked by clk162_5_tangerineA7_100_clk_wiz_2_0) and tangerineA7_100_i/tangerineSOC_0/inst/axiDMAInst/ch2DaLastWriteMask_reg[9]/CE (clocked by clk162_5_tangerineA7_100_clk_wiz_2_0). Large setup violations at the end of those stages might be difficult to fix during the post-placement implementation flow and could be the result of non-optimal XDC constraints or non-optimal design architecture
Related violations: <none>

TIMING-16#280 Warning
Large setup violation  
There is a large setup violation of -1.538 ns between tangerineA7_100_i/tangerineSOC_0/inst/nekoRvInst/dout_reg[12]/C (clocked by clk162_5_tangerineA7_100_clk_wiz_2_0) and tangerineA7_100_i/tangerineSOC_0/inst/axiDMAInst/ch2Input0_reg[76]/D (clocked by clk162_5_tangerineA7_100_clk_wiz_2_0). Large setup violations at the end of those stages might be difficult to fix during the post-placement implementation flow and could be the result of non-optimal XDC constraints or non-optimal design architecture
Related violations: <none>

TIMING-16#281 Warning
Large setup violation  
There is a large setup violation of -1.548 ns between tangerineA7_100_i/tangerineSOC_0/inst/axiDMAInst/triggerCacheFlush_reg_rep__29/C (clocked by clk162_5_tangerineA7_100_clk_wiz_2_0) and tangerineA7_100_i/tangerineSOC_0/inst/axiDMAInst/cacheValidWay3_reg[256]/D (clocked by clk_pll_i). Large setup violations at the end of those stages might be difficult to fix during the post-placement implementation flow and could be the result of non-optimal XDC constraints or non-optimal design architecture
Related violations: <none>

TIMING-16#282 Warning
Large setup violation  
There is a large setup violation of -1.557 ns between tangerineA7_100_i/tangerineSOC_0/inst/nekoRvInst/a_reg[2]_rep__2/C (clocked by clk162_5_tangerineA7_100_clk_wiz_2_0) and tangerineA7_100_i/tangerineSOC_0/inst/axiDMAInst/ch2DaFirstWriteMask_reg[0]/CE (clocked by clk162_5_tangerineA7_100_clk_wiz_2_0). Large setup violations at the end of those stages might be difficult to fix during the post-placement implementation flow and could be the result of non-optimal XDC constraints or non-optimal design architecture
Related violations: <none>

TIMING-16#283 Warning
Large setup violation  
There is a large setup violation of -1.557 ns between tangerineA7_100_i/tangerineSOC_0/inst/nekoRvInst/a_reg[2]_rep__2/C (clocked by clk162_5_tangerineA7_100_clk_wiz_2_0) and tangerineA7_100_i/tangerineSOC_0/inst/axiDMAInst/ch2DaFirstWriteMask_reg[4]/CE (clocked by clk162_5_tangerineA7_100_clk_wiz_2_0). Large setup violations at the end of those stages might be difficult to fix during the post-placement implementation flow and could be the result of non-optimal XDC constraints or non-optimal design architecture
Related violations: <none>

TIMING-16#284 Warning
Large setup violation  
There is a large setup violation of -1.557 ns between tangerineA7_100_i/tangerineSOC_0/inst/nekoRvInst/a_reg[2]_rep__2/C (clocked by clk162_5_tangerineA7_100_clk_wiz_2_0) and tangerineA7_100_i/tangerineSOC_0/inst/axiDMAInst/ch2DaLastWriteMask_reg[0]/CE (clocked by clk162_5_tangerineA7_100_clk_wiz_2_0). Large setup violations at the end of those stages might be difficult to fix during the post-placement implementation flow and could be the result of non-optimal XDC constraints or non-optimal design architecture
Related violations: <none>

TIMING-16#285 Warning
Large setup violation  
There is a large setup violation of -1.557 ns between tangerineA7_100_i/tangerineSOC_0/inst/nekoRvInst/a_reg[2]_rep__2/C (clocked by clk162_5_tangerineA7_100_clk_wiz_2_0) and tangerineA7_100_i/tangerineSOC_0/inst/axiDMAInst/ch2DaLastWriteMask_reg[4]/CE (clocked by clk162_5_tangerineA7_100_clk_wiz_2_0). Large setup violations at the end of those stages might be difficult to fix during the post-placement implementation flow and could be the result of non-optimal XDC constraints or non-optimal design architecture
Related violations: <none>

TIMING-16#286 Warning
Large setup violation  
There is a large setup violation of -1.557 ns between tangerineA7_100_i/tangerineSOC_0/inst/nekoRvInst/a_reg[2]_rep__2/C (clocked by clk162_5_tangerineA7_100_clk_wiz_2_0) and tangerineA7_100_i/tangerineSOC_0/inst/axiDMAInst/ch2DaLastWriteMask_reg[6]/CE (clocked by clk162_5_tangerineA7_100_clk_wiz_2_0). Large setup violations at the end of those stages might be difficult to fix during the post-placement implementation flow and could be the result of non-optimal XDC constraints or non-optimal design architecture
Related violations: <none>

TIMING-16#287 Warning
Large setup violation  
There is a large setup violation of -1.563 ns between tangerineA7_100_i/tangerineSOC_0/inst/nekoRvInst/dout_reg[17]/C (clocked by clk162_5_tangerineA7_100_clk_wiz_2_0) and tangerineA7_100_i/tangerineSOC_0/inst/axiDMAInst/cacheDIn_reg[17]/D (clocked by clk_pll_i). Large setup violations at the end of those stages might be difficult to fix during the post-placement implementation flow and could be the result of non-optimal XDC constraints or non-optimal design architecture
Related violations: <none>

TIMING-16#288 Warning
Large setup violation  
There is a large setup violation of -1.565 ns between tangerineA7_100_i/tangerineSOC_0/inst/blitterInst/bltDmaRequest_reg/C (clocked by clk162_5_tangerineA7_100_clk_wiz_2_0) and tangerineA7_100_i/tangerineSOC_0/inst/axiDMAInst/cacheA_reg[10]_replica_3/D (clocked by clk_pll_i). Large setup violations at the end of those stages might be difficult to fix during the post-placement implementation flow and could be the result of non-optimal XDC constraints or non-optimal design architecture
Related violations: <none>

TIMING-16#289 Warning
Large setup violation  
There is a large setup violation of -1.570 ns between tangerineA7_100_i/tangerineSOC_0/inst/nekoRvInst/a_reg[2]_rep__2/C (clocked by clk162_5_tangerineA7_100_clk_wiz_2_0) and tangerineA7_100_i/tangerineSOC_0/inst/axiDMAInst/ch2DaFirstWriteMask_reg[1]/CE (clocked by clk162_5_tangerineA7_100_clk_wiz_2_0). Large setup violations at the end of those stages might be difficult to fix during the post-placement implementation flow and could be the result of non-optimal XDC constraints or non-optimal design architecture
Related violations: <none>

TIMING-16#290 Warning
Large setup violation  
There is a large setup violation of -1.570 ns between tangerineA7_100_i/tangerineSOC_0/inst/nekoRvInst/a_reg[2]_rep__2/C (clocked by clk162_5_tangerineA7_100_clk_wiz_2_0) and tangerineA7_100_i/tangerineSOC_0/inst/axiDMAInst/ch2DaLastWriteMask_reg[13]/CE (clocked by clk162_5_tangerineA7_100_clk_wiz_2_0). Large setup violations at the end of those stages might be difficult to fix during the post-placement implementation flow and could be the result of non-optimal XDC constraints or non-optimal design architecture
Related violations: <none>

TIMING-16#291 Warning
Large setup violation  
There is a large setup violation of -1.570 ns between tangerineA7_100_i/tangerineSOC_0/inst/nekoRvInst/a_reg[2]_rep__2/C (clocked by clk162_5_tangerineA7_100_clk_wiz_2_0) and tangerineA7_100_i/tangerineSOC_0/inst/axiDMAInst/ch2DaLastWriteMask_reg[1]/CE (clocked by clk162_5_tangerineA7_100_clk_wiz_2_0). Large setup violations at the end of those stages might be difficult to fix during the post-placement implementation flow and could be the result of non-optimal XDC constraints or non-optimal design architecture
Related violations: <none>

TIMING-16#292 Warning
Large setup violation  
There is a large setup violation of -1.570 ns between tangerineA7_100_i/tangerineSOC_0/inst/nekoRvInst/a_reg[2]_rep__2/C (clocked by clk162_5_tangerineA7_100_clk_wiz_2_0) and tangerineA7_100_i/tangerineSOC_0/inst/axiDMAInst/ch2DaLastWriteMask_reg[5]/CE (clocked by clk162_5_tangerineA7_100_clk_wiz_2_0). Large setup violations at the end of those stages might be difficult to fix during the post-placement implementation flow and could be the result of non-optimal XDC constraints or non-optimal design architecture
Related violations: <none>

TIMING-16#293 Warning
Large setup violation  
There is a large setup violation of -1.591 ns between tangerineA7_100_i/tangerineSOC_0/inst/nekoRvInst/a_reg[2]_rep__2/C (clocked by clk162_5_tangerineA7_100_clk_wiz_2_0) and tangerineA7_100_i/tangerineSOC_0/inst/axiDMAInst/ch2DaLastWriteMask_reg[11]/CE (clocked by clk162_5_tangerineA7_100_clk_wiz_2_0). Large setup violations at the end of those stages might be difficult to fix during the post-placement implementation flow and could be the result of non-optimal XDC constraints or non-optimal design architecture
Related violations: <none>

TIMING-16#294 Warning
Large setup violation  
There is a large setup violation of -1.591 ns between tangerineA7_100_i/tangerineSOC_0/inst/nekoRvInst/a_reg[2]_rep__2/C (clocked by clk162_5_tangerineA7_100_clk_wiz_2_0) and tangerineA7_100_i/tangerineSOC_0/inst/axiDMAInst/ch2DaLastWriteMask_reg[14]/CE (clocked by clk162_5_tangerineA7_100_clk_wiz_2_0). Large setup violations at the end of those stages might be difficult to fix during the post-placement implementation flow and could be the result of non-optimal XDC constraints or non-optimal design architecture
Related violations: <none>

TIMING-16#295 Warning
Large setup violation  
There is a large setup violation of -1.592 ns between tangerineA7_100_i/tangerineSOC_0/inst/nekoRvInst/a_reg[2]_rep__2/C (clocked by clk162_5_tangerineA7_100_clk_wiz_2_0) and tangerineA7_100_i/tangerineSOC_0/inst/axiDMAInst/ch2DaFirstWriteMask_reg[10]/CE (clocked by clk162_5_tangerineA7_100_clk_wiz_2_0). Large setup violations at the end of those stages might be difficult to fix during the post-placement implementation flow and could be the result of non-optimal XDC constraints or non-optimal design architecture
Related violations: <none>

TIMING-16#296 Warning
Large setup violation  
There is a large setup violation of -1.592 ns between tangerineA7_100_i/tangerineSOC_0/inst/nekoRvInst/a_reg[2]_rep__2/C (clocked by clk162_5_tangerineA7_100_clk_wiz_2_0) and tangerineA7_100_i/tangerineSOC_0/inst/axiDMAInst/ch2DaFirstWriteMask_reg[7]/CE (clocked by clk162_5_tangerineA7_100_clk_wiz_2_0). Large setup violations at the end of those stages might be difficult to fix during the post-placement implementation flow and could be the result of non-optimal XDC constraints or non-optimal design architecture
Related violations: <none>

TIMING-16#297 Warning
Large setup violation  
There is a large setup violation of -1.596 ns between tangerineA7_100_i/tangerineSOC_0/inst/nekoRvInst/a_reg[2]_rep__2/C (clocked by clk162_5_tangerineA7_100_clk_wiz_2_0) and tangerineA7_100_i/tangerineSOC_0/inst/axiDMAInst/ch2DaFirstWriteMask_reg[3]/CE (clocked by clk162_5_tangerineA7_100_clk_wiz_2_0). Large setup violations at the end of those stages might be difficult to fix during the post-placement implementation flow and could be the result of non-optimal XDC constraints or non-optimal design architecture
Related violations: <none>

TIMING-16#298 Warning
Large setup violation  
There is a large setup violation of -1.596 ns between tangerineA7_100_i/tangerineSOC_0/inst/nekoRvInst/a_reg[2]_rep__2/C (clocked by clk162_5_tangerineA7_100_clk_wiz_2_0) and tangerineA7_100_i/tangerineSOC_0/inst/axiDMAInst/ch2DaFirstWriteMask_reg[9]/CE (clocked by clk162_5_tangerineA7_100_clk_wiz_2_0). Large setup violations at the end of those stages might be difficult to fix during the post-placement implementation flow and could be the result of non-optimal XDC constraints or non-optimal design architecture
Related violations: <none>

TIMING-16#299 Warning
Large setup violation  
There is a large setup violation of -1.596 ns between tangerineA7_100_i/tangerineSOC_0/inst/nekoRvInst/a_reg[2]_rep__2/C (clocked by clk162_5_tangerineA7_100_clk_wiz_2_0) and tangerineA7_100_i/tangerineSOC_0/inst/axiDMAInst/ch2DaLastWriteMask_reg[10]/CE (clocked by clk162_5_tangerineA7_100_clk_wiz_2_0). Large setup violations at the end of those stages might be difficult to fix during the post-placement implementation flow and could be the result of non-optimal XDC constraints or non-optimal design architecture
Related violations: <none>

TIMING-16#300 Warning
Large setup violation  
There is a large setup violation of -1.598 ns between tangerineA7_100_i/tangerineSOC_0/inst/axiDMAInst/cacheDIn_reg[3]/C (clocked by clk_pll_i) and tangerineA7_100_i/tangerineSOC_0/inst/axiDMAInst/cacheDataRamW1Inst/U0/inst_blk_mem_gen/gnbram.gnativebmg.native_blk_mem_gen/valid.cstr/ramloop[1].ram.r/prim_noinit.ram/DEVICE_7SERIES.NO_BMM_INFO.TRUE_DP.SIMPLE_PRIM36.ram/DIADI[3] (clocked by clk162_5_tangerineA7_100_clk_wiz_2_0). Large setup violations at the end of those stages might be difficult to fix during the post-placement implementation flow and could be the result of non-optimal XDC constraints or non-optimal design architecture
Related violations: <none>

TIMING-16#301 Warning
Large setup violation  
There is a large setup violation of -1.605 ns between tangerineA7_100_i/tangerineSOC_0/inst/nekoRvInst/a_reg[23]/C (clocked by clk162_5_tangerineA7_100_clk_wiz_2_0) and tangerineA7_100_i/tangerineSOC_0/inst/axiDMAInst/ch2SaAddress_reg[0]/CE (clocked by clk162_5_tangerineA7_100_clk_wiz_2_0). Large setup violations at the end of those stages might be difficult to fix during the post-placement implementation flow and could be the result of non-optimal XDC constraints or non-optimal design architecture
Related violations: <none>

TIMING-16#302 Warning
Large setup violation  
There is a large setup violation of -1.605 ns between tangerineA7_100_i/tangerineSOC_0/inst/nekoRvInst/a_reg[23]/C (clocked by clk162_5_tangerineA7_100_clk_wiz_2_0) and tangerineA7_100_i/tangerineSOC_0/inst/axiDMAInst/ch2SaAddress_reg[3]/CE (clocked by clk162_5_tangerineA7_100_clk_wiz_2_0). Large setup violations at the end of those stages might be difficult to fix during the post-placement implementation flow and could be the result of non-optimal XDC constraints or non-optimal design architecture
Related violations: <none>

TIMING-16#303 Warning
Large setup violation  
There is a large setup violation of -1.609 ns between tangerineA7_100_i/tangerineSOC_0/inst/axiDMAInst/triggerCacheFlush_reg_rep__17/C (clocked by clk162_5_tangerineA7_100_clk_wiz_2_0) and tangerineA7_100_i/tangerineSOC_0/inst/axiDMAInst/cacheValidWay3_reg[212]/D (clocked by clk_pll_i). Large setup violations at the end of those stages might be difficult to fix during the post-placement implementation flow and could be the result of non-optimal XDC constraints or non-optimal design architecture
Related violations: <none>

TIMING-16#304 Warning
Large setup violation  
There is a large setup violation of -1.609 ns between tangerineA7_100_i/tangerineSOC_0/inst/nekoRvInst/be_reg/C (clocked by clk162_5_tangerineA7_100_clk_wiz_2_0) and tangerineA7_100_i/tangerineSOC_0/inst/axiDMAInst/cacheA_reg[7]_rep__2_replica/CE (clocked by clk_pll_i). Large setup violations at the end of those stages might be difficult to fix during the post-placement implementation flow and could be the result of non-optimal XDC constraints or non-optimal design architecture
Related violations: <none>

TIMING-16#305 Warning
Large setup violation  
There is a large setup violation of -1.610 ns between tangerineA7_100_i/tangerineSOC_0/inst/nekoRvInst/be_reg/C (clocked by clk162_5_tangerineA7_100_clk_wiz_2_0) and tangerineA7_100_i/tangerineSOC_0/inst/axiDMAInst/cacheA_reg[7]_rep/CE (clocked by clk_pll_i). Large setup violations at the end of those stages might be difficult to fix during the post-placement implementation flow and could be the result of non-optimal XDC constraints or non-optimal design architecture
Related violations: <none>

TIMING-16#306 Warning
Large setup violation  
There is a large setup violation of -1.615 ns between tangerineA7_100_i/tangerineSOC_0/inst/axiDMAInst/cacheDIn_reg[24]/C (clocked by clk_pll_i) and tangerineA7_100_i/tangerineSOC_0/inst/axiDMAInst/cacheDataRamW1Inst/U0/inst_blk_mem_gen/gnbram.gnativebmg.native_blk_mem_gen/valid.cstr/ramloop[6].ram.r/prim_noinit.ram/DEVICE_7SERIES.NO_BMM_INFO.TRUE_DP.SIMPLE_PRIM36.ram/DIADI[0] (clocked by clk162_5_tangerineA7_100_clk_wiz_2_0). Large setup violations at the end of those stages might be difficult to fix during the post-placement implementation flow and could be the result of non-optimal XDC constraints or non-optimal design architecture
Related violations: <none>

TIMING-16#307 Warning
Large setup violation  
There is a large setup violation of -1.618 ns between tangerineA7_100_i/tangerineSOC_0/inst/axiDMAInst/cacheDIn_reg[30]/C (clocked by clk_pll_i) and tangerineA7_100_i/tangerineSOC_0/inst/axiDMAInst/cacheDataRamW1Inst/U0/inst_blk_mem_gen/gnbram.gnativebmg.native_blk_mem_gen/valid.cstr/ramloop[6].ram.r/prim_noinit.ram/DEVICE_7SERIES.NO_BMM_INFO.TRUE_DP.SIMPLE_PRIM36.ram/DIADI[6] (clocked by clk162_5_tangerineA7_100_clk_wiz_2_0). Large setup violations at the end of those stages might be difficult to fix during the post-placement implementation flow and could be the result of non-optimal XDC constraints or non-optimal design architecture
Related violations: <none>

TIMING-16#308 Warning
Large setup violation  
There is a large setup violation of -1.618 ns between tangerineA7_100_i/tangerineSOC_0/inst/nekoRvInst/a_reg[2]_rep__2/C (clocked by clk162_5_tangerineA7_100_clk_wiz_2_0) and tangerineA7_100_i/tangerineSOC_0/inst/axiDMAInst/ch1DmaPointerStart_reg[8]/CE (clocked by clk162_5_tangerineA7_100_clk_wiz_2_0). Large setup violations at the end of those stages might be difficult to fix during the post-placement implementation flow and could be the result of non-optimal XDC constraints or non-optimal design architecture
Related violations: <none>

TIMING-16#309 Warning
Large setup violation  
There is a large setup violation of -1.619 ns between tangerineA7_100_i/tangerineSOC_0/inst/axiDMAInst/ch2Input0_reg[0]/C (clocked by clk162_5_tangerineA7_100_clk_wiz_2_0) and tangerineA7_100_i/tangerineSOC_0/inst/axiDMAInst/ch2BufDOut_reg[82]/D (clocked by clk_pll_i). Large setup violations at the end of those stages might be difficult to fix during the post-placement implementation flow and could be the result of non-optimal XDC constraints or non-optimal design architecture
Related violations: <none>

TIMING-16#310 Warning
Large setup violation  
There is a large setup violation of -1.620 ns between tangerineA7_100_i/tangerineSOC_0/inst/axiDMAInst/ch2Input0_reg[2]_rep/C (clocked by clk162_5_tangerineA7_100_clk_wiz_2_0) and tangerineA7_100_i/tangerineSOC_0/inst/axiDMAInst/ch2BufDOut_reg[113]/D (clocked by clk_pll_i). Large setup violations at the end of those stages might be difficult to fix during the post-placement implementation flow and could be the result of non-optimal XDC constraints or non-optimal design architecture
Related violations: <none>

TIMING-16#311 Warning
Large setup violation  
There is a large setup violation of -1.621 ns between tangerineA7_100_i/tangerineSOC_0/inst/axiDMAInst/triggerCacheFlush_reg_rep__19/C (clocked by clk162_5_tangerineA7_100_clk_wiz_2_0) and tangerineA7_100_i/tangerineSOC_0/inst/axiDMAInst/cacheValidWay3_reg[20]/D (clocked by clk_pll_i). Large setup violations at the end of those stages might be difficult to fix during the post-placement implementation flow and could be the result of non-optimal XDC constraints or non-optimal design architecture
Related violations: <none>

TIMING-16#312 Warning
Large setup violation  
There is a large setup violation of -1.622 ns between tangerineA7_100_i/tangerineSOC_0/inst/axiDMAInst/ch2Input0_reg[0]/C (clocked by clk162_5_tangerineA7_100_clk_wiz_2_0) and tangerineA7_100_i/tangerineSOC_0/inst/axiDMAInst/ch2BufDOut_reg[55]/D (clocked by clk_pll_i). Large setup violations at the end of those stages might be difficult to fix during the post-placement implementation flow and could be the result of non-optimal XDC constraints or non-optimal design architecture
Related violations: <none>

TIMING-16#313 Warning
Large setup violation  
There is a large setup violation of -1.628 ns between tangerineA7_100_i/tangerineSOC_0/inst/axiDMAInst/triggerCacheFlush_reg_rep__17/C (clocked by clk162_5_tangerineA7_100_clk_wiz_2_0) and tangerineA7_100_i/tangerineSOC_0/inst/axiDMAInst/cacheValidWay3_reg[219]/D (clocked by clk_pll_i). Large setup violations at the end of those stages might be difficult to fix during the post-placement implementation flow and could be the result of non-optimal XDC constraints or non-optimal design architecture
Related violations: <none>

TIMING-16#314 Warning
Large setup violation  
There is a large setup violation of -1.630 ns between tangerineA7_100_i/tangerineSOC_0/inst/axiDMAInst/cacheDIn_reg[12]/C (clocked by clk_pll_i) and tangerineA7_100_i/tangerineSOC_0/inst/axiDMAInst/cacheDataRamW1Inst/U0/inst_blk_mem_gen/gnbram.gnativebmg.native_blk_mem_gen/valid.cstr/ramloop[3].ram.r/prim_noinit.ram/DEVICE_7SERIES.NO_BMM_INFO.TRUE_DP.SIMPLE_PRIM36.ram/DIADI[4] (clocked by clk162_5_tangerineA7_100_clk_wiz_2_0). Large setup violations at the end of those stages might be difficult to fix during the post-placement implementation flow and could be the result of non-optimal XDC constraints or non-optimal design architecture
Related violations: <none>

TIMING-16#315 Warning
Large setup violation  
There is a large setup violation of -1.630 ns between tangerineA7_100_i/tangerineSOC_0/inst/nekoRvInst/a_reg[2]_rep__2/C (clocked by clk162_5_tangerineA7_100_clk_wiz_2_0) and tangerineA7_100_i/tangerineSOC_0/inst/axiDMAInst/ch2SaRowWidth_reg[13]/CE (clocked by clk162_5_tangerineA7_100_clk_wiz_2_0). Large setup violations at the end of those stages might be difficult to fix during the post-placement implementation flow and could be the result of non-optimal XDC constraints or non-optimal design architecture
Related violations: <none>

TIMING-16#316 Warning
Large setup violation  
There is a large setup violation of -1.630 ns between tangerineA7_100_i/tangerineSOC_0/inst/nekoRvInst/a_reg[2]_rep__2/C (clocked by clk162_5_tangerineA7_100_clk_wiz_2_0) and tangerineA7_100_i/tangerineSOC_0/inst/axiDMAInst/ch2SaRowWidth_reg[14]/CE (clocked by clk162_5_tangerineA7_100_clk_wiz_2_0). Large setup violations at the end of those stages might be difficult to fix during the post-placement implementation flow and could be the result of non-optimal XDC constraints or non-optimal design architecture
Related violations: <none>

TIMING-16#317 Warning
Large setup violation  
There is a large setup violation of -1.632 ns between tangerineA7_100_i/tangerineSOC_0/inst/blitterInst/bltDmaA_reg[8]/C (clocked by clk162_5_tangerineA7_100_clk_wiz_2_0) and tangerineA7_100_i/tangerineSOC_0/inst/axiDMAInst/cacheA_reg[8]_rep_replica_8/D (clocked by clk_pll_i). Large setup violations at the end of those stages might be difficult to fix during the post-placement implementation flow and could be the result of non-optimal XDC constraints or non-optimal design architecture
Related violations: <none>

TIMING-16#318 Warning
Large setup violation  
There is a large setup violation of -1.635 ns between tangerineA7_100_i/tangerineSOC_0/inst/axiDMAInst/cacheA_reg[5]/C (clocked by clk_pll_i) and tangerineA7_100_i/tangerineSOC_0/inst/axiDMAInst/cacheDataRamW3Inst/U0/inst_blk_mem_gen/gnbram.gnativebmg.native_blk_mem_gen/valid.cstr/ramloop[2].ram.r/prim_noinit.ram/DEVICE_7SERIES.NO_BMM_INFO.TRUE_DP.SIMPLE_PRIM36.ram/ADDRARDADDR[6] (clocked by clk162_5_tangerineA7_100_clk_wiz_2_0). Large setup violations at the end of those stages might be difficult to fix during the post-placement implementation flow and could be the result of non-optimal XDC constraints or non-optimal design architecture
Related violations: <none>

TIMING-16#319 Warning
Large setup violation  
There is a large setup violation of -1.638 ns between tangerineA7_100_i/tangerineSOC_0/inst/axiDMAInst/triggerCacheFlush_reg_rep__28/C (clocked by clk162_5_tangerineA7_100_clk_wiz_2_0) and tangerineA7_100_i/tangerineSOC_0/inst/axiDMAInst/cacheValidWay3_reg[127]/D (clocked by clk_pll_i). Large setup violations at the end of those stages might be difficult to fix during the post-placement implementation flow and could be the result of non-optimal XDC constraints or non-optimal design architecture
Related violations: <none>

TIMING-16#320 Warning
Large setup violation  
There is a large setup violation of -1.639 ns between tangerineA7_100_i/tangerineSOC_0/inst/axiDMAInst/triggerCacheFlush_reg_rep__28/C (clocked by clk162_5_tangerineA7_100_clk_wiz_2_0) and tangerineA7_100_i/tangerineSOC_0/inst/axiDMAInst/cacheValidWay3_reg[122]/D (clocked by clk_pll_i). Large setup violations at the end of those stages might be difficult to fix during the post-placement implementation flow and could be the result of non-optimal XDC constraints or non-optimal design architecture
Related violations: <none>

TIMING-16#321 Warning
Large setup violation  
There is a large setup violation of -1.639 ns between tangerineA7_100_i/tangerineSOC_0/inst/nekoRvInst/dout_reg[18]/C (clocked by clk162_5_tangerineA7_100_clk_wiz_2_0) and tangerineA7_100_i/tangerineSOC_0/inst/axiDMAInst/cacheDIn_reg[18]/D (clocked by clk_pll_i). Large setup violations at the end of those stages might be difficult to fix during the post-placement implementation flow and could be the result of non-optimal XDC constraints or non-optimal design architecture
Related violations: <none>

TIMING-16#322 Warning
Large setup violation  
There is a large setup violation of -1.640 ns between tangerineA7_100_i/tangerineSOC_0/inst/nekoRvInst/a_reg[2]_rep__2/C (clocked by clk162_5_tangerineA7_100_clk_wiz_2_0) and tangerineA7_100_i/tangerineSOC_0/inst/axiDMAInst/ch2DaFirstWriteMask_reg[5]/CE (clocked by clk162_5_tangerineA7_100_clk_wiz_2_0). Large setup violations at the end of those stages might be difficult to fix during the post-placement implementation flow and could be the result of non-optimal XDC constraints or non-optimal design architecture
Related violations: <none>

TIMING-16#323 Warning
Large setup violation  
There is a large setup violation of -1.641 ns between tangerineA7_100_i/tangerineSOC_0/inst/axiDMAInst/cacheDIn_reg[6]/C (clocked by clk_pll_i) and tangerineA7_100_i/tangerineSOC_0/inst/axiDMAInst/cacheDataRamW2Inst/U0/inst_blk_mem_gen/gnbram.gnativebmg.native_blk_mem_gen/valid.cstr/ramloop[0].ram.r/prim_noinit.ram/DEVICE_7SERIES.NO_BMM_INFO.TRUE_DP.SIMPLE_PRIM36.ram/DIADI[6] (clocked by clk162_5_tangerineA7_100_clk_wiz_2_0). Large setup violations at the end of those stages might be difficult to fix during the post-placement implementation flow and could be the result of non-optimal XDC constraints or non-optimal design architecture
Related violations: <none>

TIMING-16#324 Warning
Large setup violation  
There is a large setup violation of -1.644 ns between tangerineA7_100_i/tangerineSOC_0/inst/axiDMAInst/cacheDIn_reg[13]/C (clocked by clk_pll_i) and tangerineA7_100_i/tangerineSOC_0/inst/axiDMAInst/cacheDataRamW1Inst/U0/inst_blk_mem_gen/gnbram.gnativebmg.native_blk_mem_gen/valid.cstr/ramloop[3].ram.r/prim_noinit.ram/DEVICE_7SERIES.NO_BMM_INFO.TRUE_DP.SIMPLE_PRIM36.ram/DIADI[5] (clocked by clk162_5_tangerineA7_100_clk_wiz_2_0). Large setup violations at the end of those stages might be difficult to fix during the post-placement implementation flow and could be the result of non-optimal XDC constraints or non-optimal design architecture
Related violations: <none>

TIMING-16#325 Warning
Large setup violation  
There is a large setup violation of -1.646 ns between tangerineA7_100_i/tangerineSOC_0/inst/blitterInst/bltDmaA_reg[7]/C (clocked by clk162_5_tangerineA7_100_clk_wiz_2_0) and tangerineA7_100_i/tangerineSOC_0/inst/axiDMAInst/cacheA_reg[7]_rep__2_replica_4/D (clocked by clk_pll_i). Large setup violations at the end of those stages might be difficult to fix during the post-placement implementation flow and could be the result of non-optimal XDC constraints or non-optimal design architecture
Related violations: <none>

TIMING-16#326 Warning
Large setup violation  
There is a large setup violation of -1.647 ns between tangerineA7_100_i/tangerineSOC_0/inst/axiDMAInst/cacheA_reg[3]/C (clocked by clk_pll_i) and tangerineA7_100_i/tangerineSOC_0/inst/axiDMAInst/cacheDataRamW0Inst/U0/inst_blk_mem_gen/gnbram.gnativebmg.native_blk_mem_gen/valid.cstr/ramloop[4].ram.r/prim_noinit.ram/DEVICE_7SERIES.NO_BMM_INFO.TRUE_DP.SIMPLE_PRIM36.ram/ADDRARDADDR[4] (clocked by clk162_5_tangerineA7_100_clk_wiz_2_0). Large setup violations at the end of those stages might be difficult to fix during the post-placement implementation flow and could be the result of non-optimal XDC constraints or non-optimal design architecture
Related violations: <none>

TIMING-16#327 Warning
Large setup violation  
There is a large setup violation of -1.648 ns between tangerineA7_100_i/tangerineSOC_0/inst/axiDMAInst/triggerCacheFlush_reg_rep__29/C (clocked by clk162_5_tangerineA7_100_clk_wiz_2_0) and tangerineA7_100_i/tangerineSOC_0/inst/axiDMAInst/cacheValidWay3_reg[258]/D (clocked by clk_pll_i). Large setup violations at the end of those stages might be difficult to fix during the post-placement implementation flow and could be the result of non-optimal XDC constraints or non-optimal design architecture
Related violations: <none>

TIMING-16#328 Warning
Large setup violation  
There is a large setup violation of -1.658 ns between tangerineA7_100_i/tangerineSOC_0/inst/axiDMAInst/cacheDIn_reg[31]/C (clocked by clk_pll_i) and tangerineA7_100_i/tangerineSOC_0/inst/axiDMAInst/cacheDataRamW1Inst/U0/inst_blk_mem_gen/gnbram.gnativebmg.native_blk_mem_gen/valid.cstr/ramloop[7].ram.r/prim_noinit.ram/DEVICE_7SERIES.NO_BMM_INFO.TRUE_DP.SIMPLE_PRIM36.ram/DIADI[7] (clocked by clk162_5_tangerineA7_100_clk_wiz_2_0). Large setup violations at the end of those stages might be difficult to fix during the post-placement implementation flow and could be the result of non-optimal XDC constraints or non-optimal design architecture
Related violations: <none>

TIMING-16#329 Warning
Large setup violation  
There is a large setup violation of -1.664 ns between tangerineA7_100_i/tangerineSOC_0/inst/axiDMAInst/cacheDIn_reg[19]/C (clocked by clk_pll_i) and tangerineA7_100_i/tangerineSOC_0/inst/axiDMAInst/cacheDataRamW1Inst/U0/inst_blk_mem_gen/gnbram.gnativebmg.native_blk_mem_gen/valid.cstr/ramloop[4].ram.r/prim_noinit.ram/DEVICE_7SERIES.NO_BMM_INFO.TRUE_DP.SIMPLE_PRIM36.ram/DIADI[3] (clocked by clk162_5_tangerineA7_100_clk_wiz_2_0). Large setup violations at the end of those stages might be difficult to fix during the post-placement implementation flow and could be the result of non-optimal XDC constraints or non-optimal design architecture
Related violations: <none>

TIMING-16#330 Warning
Large setup violation  
There is a large setup violation of -1.667 ns between tangerineA7_100_i/tangerineSOC_0/inst/nekoRvInst/a_reg[2]_rep__2/C (clocked by clk162_5_tangerineA7_100_clk_wiz_2_0) and tangerineA7_100_i/tangerineSOC_0/inst/axiDMAInst/ch2DaAddress_reg[4]/CE (clocked by clk162_5_tangerineA7_100_clk_wiz_2_0). Large setup violations at the end of those stages might be difficult to fix during the post-placement implementation flow and could be the result of non-optimal XDC constraints or non-optimal design architecture
Related violations: <none>

TIMING-16#331 Warning
Large setup violation  
There is a large setup violation of -1.667 ns between tangerineA7_100_i/tangerineSOC_0/inst/nekoRvInst/a_reg[2]_rep__2/C (clocked by clk162_5_tangerineA7_100_clk_wiz_2_0) and tangerineA7_100_i/tangerineSOC_0/inst/axiDMAInst/ch2DaAddress_reg[5]/CE (clocked by clk162_5_tangerineA7_100_clk_wiz_2_0). Large setup violations at the end of those stages might be difficult to fix during the post-placement implementation flow and could be the result of non-optimal XDC constraints or non-optimal design architecture
Related violations: <none>

TIMING-16#332 Warning
Large setup violation  
There is a large setup violation of -1.667 ns between tangerineA7_100_i/tangerineSOC_0/inst/nekoRvInst/a_reg[2]_rep__2/C (clocked by clk162_5_tangerineA7_100_clk_wiz_2_0) and tangerineA7_100_i/tangerineSOC_0/inst/axiDMAInst/ch2DaAddress_reg[6]/CE (clocked by clk162_5_tangerineA7_100_clk_wiz_2_0). Large setup violations at the end of those stages might be difficult to fix during the post-placement implementation flow and could be the result of non-optimal XDC constraints or non-optimal design architecture
Related violations: <none>

TIMING-16#333 Warning
Large setup violation  
There is a large setup violation of -1.667 ns between tangerineA7_100_i/tangerineSOC_0/inst/nekoRvInst/a_reg[2]_rep__2/C (clocked by clk162_5_tangerineA7_100_clk_wiz_2_0) and tangerineA7_100_i/tangerineSOC_0/inst/axiDMAInst/ch2DaAddress_reg[7]/CE (clocked by clk162_5_tangerineA7_100_clk_wiz_2_0). Large setup violations at the end of those stages might be difficult to fix during the post-placement implementation flow and could be the result of non-optimal XDC constraints or non-optimal design architecture
Related violations: <none>

TIMING-16#334 Warning
Large setup violation  
There is a large setup violation of -1.670 ns between tangerineA7_100_i/tangerineSOC_0/inst/axiDMAInst/cacheDIn_reg[9]/C (clocked by clk_pll_i) and tangerineA7_100_i/tangerineSOC_0/inst/axiDMAInst/cacheDataRamW1Inst/U0/inst_blk_mem_gen/gnbram.gnativebmg.native_blk_mem_gen/valid.cstr/ramloop[3].ram.r/prim_noinit.ram/DEVICE_7SERIES.NO_BMM_INFO.TRUE_DP.SIMPLE_PRIM36.ram/DIADI[1] (clocked by clk162_5_tangerineA7_100_clk_wiz_2_0). Large setup violations at the end of those stages might be difficult to fix during the post-placement implementation flow and could be the result of non-optimal XDC constraints or non-optimal design architecture
Related violations: <none>

TIMING-16#335 Warning
Large setup violation  
There is a large setup violation of -1.670 ns between tangerineA7_100_i/tangerineSOC_0/inst/nekoRvInst/a_reg[2]_rep__2/C (clocked by clk162_5_tangerineA7_100_clk_wiz_2_0) and tangerineA7_100_i/tangerineSOC_0/inst/axiDMAInst/ch2DaAddress_reg[31]/CE (clocked by clk162_5_tangerineA7_100_clk_wiz_2_0). Large setup violations at the end of those stages might be difficult to fix during the post-placement implementation flow and could be the result of non-optimal XDC constraints or non-optimal design architecture
Related violations: <none>

TIMING-16#336 Warning
Large setup violation  
There is a large setup violation of -1.672 ns between tangerineA7_100_i/tangerineSOC_0/inst/nekoRvInst/a_reg[2]_rep__3/C (clocked by clk162_5_tangerineA7_100_clk_wiz_2_0) and tangerineA7_100_i/tangerineSOC_0/inst/axiDMAInst/ch2SaPointer_reg[11]/CE (clocked by clk162_5_tangerineA7_100_clk_wiz_2_0). Large setup violations at the end of those stages might be difficult to fix during the post-placement implementation flow and could be the result of non-optimal XDC constraints or non-optimal design architecture
Related violations: <none>

TIMING-16#337 Warning
Large setup violation  
There is a large setup violation of -1.672 ns between tangerineA7_100_i/tangerineSOC_0/inst/nekoRvInst/a_reg[2]_rep__3/C (clocked by clk162_5_tangerineA7_100_clk_wiz_2_0) and tangerineA7_100_i/tangerineSOC_0/inst/axiDMAInst/ch2SaPointer_reg[14]/CE (clocked by clk162_5_tangerineA7_100_clk_wiz_2_0). Large setup violations at the end of those stages might be difficult to fix during the post-placement implementation flow and could be the result of non-optimal XDC constraints or non-optimal design architecture
Related violations: <none>

TIMING-16#338 Warning
Large setup violation  
There is a large setup violation of -1.672 ns between tangerineA7_100_i/tangerineSOC_0/inst/nekoRvInst/a_reg[2]_rep__3/C (clocked by clk162_5_tangerineA7_100_clk_wiz_2_0) and tangerineA7_100_i/tangerineSOC_0/inst/axiDMAInst/ch2SaPointer_reg[17]/CE (clocked by clk162_5_tangerineA7_100_clk_wiz_2_0). Large setup violations at the end of those stages might be difficult to fix during the post-placement implementation flow and could be the result of non-optimal XDC constraints or non-optimal design architecture
Related violations: <none>

TIMING-16#339 Warning
Large setup violation  
There is a large setup violation of -1.672 ns between tangerineA7_100_i/tangerineSOC_0/inst/nekoRvInst/a_reg[2]_rep__3/C (clocked by clk162_5_tangerineA7_100_clk_wiz_2_0) and tangerineA7_100_i/tangerineSOC_0/inst/axiDMAInst/ch2SaPointer_reg[4]/CE (clocked by clk162_5_tangerineA7_100_clk_wiz_2_0). Large setup violations at the end of those stages might be difficult to fix during the post-placement implementation flow and could be the result of non-optimal XDC constraints or non-optimal design architecture
Related violations: <none>

TIMING-16#340 Warning
Large setup violation  
There is a large setup violation of -1.672 ns between tangerineA7_100_i/tangerineSOC_0/inst/nekoRvInst/a_reg[2]_rep__3/C (clocked by clk162_5_tangerineA7_100_clk_wiz_2_0) and tangerineA7_100_i/tangerineSOC_0/inst/axiDMAInst/ch2SaPointer_reg[8]/CE (clocked by clk162_5_tangerineA7_100_clk_wiz_2_0). Large setup violations at the end of those stages might be difficult to fix during the post-placement implementation flow and could be the result of non-optimal XDC constraints or non-optimal design architecture
Related violations: <none>

TIMING-16#341 Warning
Large setup violation  
There is a large setup violation of -1.672 ns between tangerineA7_100_i/tangerineSOC_0/inst/nekoRvInst/a_reg[2]_rep__3/C (clocked by clk162_5_tangerineA7_100_clk_wiz_2_0) and tangerineA7_100_i/tangerineSOC_0/inst/axiDMAInst/ch2SaPointer_reg[9]/CE (clocked by clk162_5_tangerineA7_100_clk_wiz_2_0). Large setup violations at the end of those stages might be difficult to fix during the post-placement implementation flow and could be the result of non-optimal XDC constraints or non-optimal design architecture
Related violations: <none>

TIMING-16#342 Warning
Large setup violation  
There is a large setup violation of -1.674 ns between tangerineA7_100_i/tangerineSOC_0/inst/nekoRvInst/a_reg[2]_rep__2/C (clocked by clk162_5_tangerineA7_100_clk_wiz_2_0) and tangerineA7_100_i/tangerineSOC_0/inst/axiDMAInst/ch1DmaRequestPtrAdd_reg[12]/CE (clocked by clk162_5_tangerineA7_100_clk_wiz_2_0). Large setup violations at the end of those stages might be difficult to fix during the post-placement implementation flow and could be the result of non-optimal XDC constraints or non-optimal design architecture
Related violations: <none>

TIMING-16#343 Warning
Large setup violation  
There is a large setup violation of -1.674 ns between tangerineA7_100_i/tangerineSOC_0/inst/nekoRvInst/a_reg[2]_rep__2/C (clocked by clk162_5_tangerineA7_100_clk_wiz_2_0) and tangerineA7_100_i/tangerineSOC_0/inst/axiDMAInst/ch1DmaRequestPtrAdd_reg[14]/CE (clocked by clk162_5_tangerineA7_100_clk_wiz_2_0). Large setup violations at the end of those stages might be difficult to fix during the post-placement implementation flow and could be the result of non-optimal XDC constraints or non-optimal design architecture
Related violations: <none>

TIMING-16#344 Warning
Large setup violation  
There is a large setup violation of -1.677 ns between tangerineA7_100_i/tangerineSOC_0/inst/nekoRvInst/a_reg[2]_rep__2/C (clocked by clk162_5_tangerineA7_100_clk_wiz_2_0) and tangerineA7_100_i/tangerineSOC_0/inst/axiDMAInst/ch1DmaPointerStart_reg[19]/CE (clocked by clk162_5_tangerineA7_100_clk_wiz_2_0). Large setup violations at the end of those stages might be difficult to fix during the post-placement implementation flow and could be the result of non-optimal XDC constraints or non-optimal design architecture
Related violations: <none>

TIMING-16#345 Warning
Large setup violation  
There is a large setup violation of -1.677 ns between tangerineA7_100_i/tangerineSOC_0/inst/nekoRvInst/a_reg[2]_rep__2/C (clocked by clk162_5_tangerineA7_100_clk_wiz_2_0) and tangerineA7_100_i/tangerineSOC_0/inst/axiDMAInst/ch1DmaPointerStart_reg[24]/CE (clocked by clk162_5_tangerineA7_100_clk_wiz_2_0). Large setup violations at the end of those stages might be difficult to fix during the post-placement implementation flow and could be the result of non-optimal XDC constraints or non-optimal design architecture
Related violations: <none>

TIMING-16#346 Warning
Large setup violation  
There is a large setup violation of -1.677 ns between tangerineA7_100_i/tangerineSOC_0/inst/nekoRvInst/a_reg[2]_rep__2/C (clocked by clk162_5_tangerineA7_100_clk_wiz_2_0) and tangerineA7_100_i/tangerineSOC_0/inst/axiDMAInst/ch1DmaPointerStart_reg[26]/CE (clocked by clk162_5_tangerineA7_100_clk_wiz_2_0). Large setup violations at the end of those stages might be difficult to fix during the post-placement implementation flow and could be the result of non-optimal XDC constraints or non-optimal design architecture
Related violations: <none>

TIMING-16#347 Warning
Large setup violation  
There is a large setup violation of -1.677 ns between tangerineA7_100_i/tangerineSOC_0/inst/nekoRvInst/a_reg[2]_rep__2/C (clocked by clk162_5_tangerineA7_100_clk_wiz_2_0) and tangerineA7_100_i/tangerineSOC_0/inst/axiDMAInst/ch1DmaPointerStart_reg[27]/CE (clocked by clk162_5_tangerineA7_100_clk_wiz_2_0). Large setup violations at the end of those stages might be difficult to fix during the post-placement implementation flow and could be the result of non-optimal XDC constraints or non-optimal design architecture
Related violations: <none>

TIMING-16#348 Warning
Large setup violation  
There is a large setup violation of -1.677 ns between tangerineA7_100_i/tangerineSOC_0/inst/nekoRvInst/a_reg[2]_rep__2/C (clocked by clk162_5_tangerineA7_100_clk_wiz_2_0) and tangerineA7_100_i/tangerineSOC_0/inst/axiDMAInst/ch1DmaPointerStart_reg[28]/CE (clocked by clk162_5_tangerineA7_100_clk_wiz_2_0). Large setup violations at the end of those stages might be difficult to fix during the post-placement implementation flow and could be the result of non-optimal XDC constraints or non-optimal design architecture
Related violations: <none>

TIMING-16#349 Warning
Large setup violation  
There is a large setup violation of -1.681 ns between tangerineA7_100_i/tangerineSOC_0/inst/axiDMAInst/ch2Input0_reg[1]/C (clocked by clk162_5_tangerineA7_100_clk_wiz_2_0) and tangerineA7_100_i/tangerineSOC_0/inst/axiDMAInst/ch2BufDOut_reg[48]/D (clocked by clk_pll_i). Large setup violations at the end of those stages might be difficult to fix during the post-placement implementation flow and could be the result of non-optimal XDC constraints or non-optimal design architecture
Related violations: <none>

TIMING-16#350 Warning
Large setup violation  
There is a large setup violation of -1.681 ns between tangerineA7_100_i/tangerineSOC_0/inst/nekoRvInst/a_reg[2]_rep__3/C (clocked by clk162_5_tangerineA7_100_clk_wiz_2_0) and tangerineA7_100_i/tangerineSOC_0/inst/axiDMAInst/ch2SaPointer_reg[12]/CE (clocked by clk162_5_tangerineA7_100_clk_wiz_2_0). Large setup violations at the end of those stages might be difficult to fix during the post-placement implementation flow and could be the result of non-optimal XDC constraints or non-optimal design architecture
Related violations: <none>

TIMING-16#351 Warning
Large setup violation  
There is a large setup violation of -1.681 ns between tangerineA7_100_i/tangerineSOC_0/inst/nekoRvInst/a_reg[2]_rep__3/C (clocked by clk162_5_tangerineA7_100_clk_wiz_2_0) and tangerineA7_100_i/tangerineSOC_0/inst/axiDMAInst/ch2SaPointer_reg[18]/CE (clocked by clk162_5_tangerineA7_100_clk_wiz_2_0). Large setup violations at the end of those stages might be difficult to fix during the post-placement implementation flow and could be the result of non-optimal XDC constraints or non-optimal design architecture
Related violations: <none>

TIMING-16#352 Warning
Large setup violation  
There is a large setup violation of -1.681 ns between tangerineA7_100_i/tangerineSOC_0/inst/nekoRvInst/a_reg[2]_rep__3/C (clocked by clk162_5_tangerineA7_100_clk_wiz_2_0) and tangerineA7_100_i/tangerineSOC_0/inst/axiDMAInst/ch2SaPointer_reg[19]/CE (clocked by clk162_5_tangerineA7_100_clk_wiz_2_0). Large setup violations at the end of those stages might be difficult to fix during the post-placement implementation flow and could be the result of non-optimal XDC constraints or non-optimal design architecture
Related violations: <none>

TIMING-16#353 Warning
Large setup violation  
There is a large setup violation of -1.681 ns between tangerineA7_100_i/tangerineSOC_0/inst/nekoRvInst/a_reg[2]_rep__3/C (clocked by clk162_5_tangerineA7_100_clk_wiz_2_0) and tangerineA7_100_i/tangerineSOC_0/inst/axiDMAInst/ch2SaPointer_reg[23]/CE (clocked by clk162_5_tangerineA7_100_clk_wiz_2_0). Large setup violations at the end of those stages might be difficult to fix during the post-placement implementation flow and could be the result of non-optimal XDC constraints or non-optimal design architecture
Related violations: <none>

TIMING-16#354 Warning
Large setup violation  
There is a large setup violation of -1.681 ns between tangerineA7_100_i/tangerineSOC_0/inst/nekoRvInst/a_reg[2]_rep__3/C (clocked by clk162_5_tangerineA7_100_clk_wiz_2_0) and tangerineA7_100_i/tangerineSOC_0/inst/axiDMAInst/ch2SaPointer_reg[27]/CE (clocked by clk162_5_tangerineA7_100_clk_wiz_2_0). Large setup violations at the end of those stages might be difficult to fix during the post-placement implementation flow and could be the result of non-optimal XDC constraints or non-optimal design architecture
Related violations: <none>

TIMING-16#355 Warning
Large setup violation  
There is a large setup violation of -1.687 ns between tangerineA7_100_i/tangerineSOC_0/inst/axiDMAInst/cacheDIn_reg[11]/C (clocked by clk_pll_i) and tangerineA7_100_i/tangerineSOC_0/inst/axiDMAInst/cacheDataRamW1Inst/U0/inst_blk_mem_gen/gnbram.gnativebmg.native_blk_mem_gen/valid.cstr/ramloop[3].ram.r/prim_noinit.ram/DEVICE_7SERIES.NO_BMM_INFO.TRUE_DP.SIMPLE_PRIM36.ram/DIADI[3] (clocked by clk162_5_tangerineA7_100_clk_wiz_2_0). Large setup violations at the end of those stages might be difficult to fix during the post-placement implementation flow and could be the result of non-optimal XDC constraints or non-optimal design architecture
Related violations: <none>

TIMING-16#356 Warning
Large setup violation  
There is a large setup violation of -1.700 ns between tangerineA7_100_i/tangerineSOC_0/inst/nekoRvInst/a_reg[2]_rep__2/C (clocked by clk162_5_tangerineA7_100_clk_wiz_2_0) and tangerineA7_100_i/tangerineSOC_0/inst/axiDMAInst/ch1DmaPointerStart_reg[16]/CE (clocked by clk162_5_tangerineA7_100_clk_wiz_2_0). Large setup violations at the end of those stages might be difficult to fix during the post-placement implementation flow and could be the result of non-optimal XDC constraints or non-optimal design architecture
Related violations: <none>

TIMING-16#357 Warning
Large setup violation  
There is a large setup violation of -1.700 ns between tangerineA7_100_i/tangerineSOC_0/inst/nekoRvInst/a_reg[2]_rep__2/C (clocked by clk162_5_tangerineA7_100_clk_wiz_2_0) and tangerineA7_100_i/tangerineSOC_0/inst/axiDMAInst/ch1DmaPointerStart_reg[17]/CE (clocked by clk162_5_tangerineA7_100_clk_wiz_2_0). Large setup violations at the end of those stages might be difficult to fix during the post-placement implementation flow and could be the result of non-optimal XDC constraints or non-optimal design architecture
Related violations: <none>

TIMING-16#358 Warning
Large setup violation  
There is a large setup violation of -1.700 ns between tangerineA7_100_i/tangerineSOC_0/inst/nekoRvInst/a_reg[2]_rep__2/C (clocked by clk162_5_tangerineA7_100_clk_wiz_2_0) and tangerineA7_100_i/tangerineSOC_0/inst/axiDMAInst/ch1DmaPointerStart_reg[18]/CE (clocked by clk162_5_tangerineA7_100_clk_wiz_2_0). Large setup violations at the end of those stages might be difficult to fix during the post-placement implementation flow and could be the result of non-optimal XDC constraints or non-optimal design architecture
Related violations: <none>

TIMING-16#359 Warning
Large setup violation  
There is a large setup violation of -1.700 ns between tangerineA7_100_i/tangerineSOC_0/inst/nekoRvInst/a_reg[2]_rep__2/C (clocked by clk162_5_tangerineA7_100_clk_wiz_2_0) and tangerineA7_100_i/tangerineSOC_0/inst/axiDMAInst/ch1DmaPointerStart_reg[21]/CE (clocked by clk162_5_tangerineA7_100_clk_wiz_2_0). Large setup violations at the end of those stages might be difficult to fix during the post-placement implementation flow and could be the result of non-optimal XDC constraints or non-optimal design architecture
Related violations: <none>

TIMING-16#360 Warning
Large setup violation  
There is a large setup violation of -1.701 ns between tangerineA7_100_i/tangerineSOC_0/inst/nekoRvInst/a_reg[2]_rep__2/C (clocked by clk162_5_tangerineA7_100_clk_wiz_2_0) and tangerineA7_100_i/tangerineSOC_0/inst/axiDMAInst/ch2DaFirstWriteMask_reg[14]/CE (clocked by clk162_5_tangerineA7_100_clk_wiz_2_0). Large setup violations at the end of those stages might be difficult to fix during the post-placement implementation flow and could be the result of non-optimal XDC constraints or non-optimal design architecture
Related violations: <none>

TIMING-16#361 Warning
Large setup violation  
There is a large setup violation of -1.709 ns between tangerineA7_100_i/tangerineSOC_0/inst/axiDMAInst/cacheA_reg[13]/C (clocked by clk_pll_i) and tangerineA7_100_i/tangerineSOC_0/inst/axiDMAInst/cacheDataRamW0Inst/U0/inst_blk_mem_gen/gnbram.gnativebmg.native_blk_mem_gen/valid.cstr/ramloop[2].ram.r/prim_noinit.ram/DEVICE_7SERIES.NO_BMM_INFO.TRUE_DP.SIMPLE_PRIM36.ram/ADDRARDADDR[14] (clocked by clk162_5_tangerineA7_100_clk_wiz_2_0). Large setup violations at the end of those stages might be difficult to fix during the post-placement implementation flow and could be the result of non-optimal XDC constraints or non-optimal design architecture
Related violations: <none>

TIMING-16#362 Warning
Large setup violation  
There is a large setup violation of -1.725 ns between tangerineA7_100_i/tangerineSOC_0/inst/axiDMAInst/ch2Input0_reg[1]/C (clocked by clk162_5_tangerineA7_100_clk_wiz_2_0) and tangerineA7_100_i/tangerineSOC_0/inst/axiDMAInst/ch2BufDOut_reg[51]/D (clocked by clk_pll_i). Large setup violations at the end of those stages might be difficult to fix during the post-placement implementation flow and could be the result of non-optimal XDC constraints or non-optimal design architecture
Related violations: <none>

TIMING-16#363 Warning
Large setup violation  
There is a large setup violation of -1.728 ns between tangerineA7_100_i/tangerineMIGWrapper_0/inst/tangerineMIGInst/u_mig_7series_tangerine_mig/u_memc_ui_top_axi/u_axi_mc/USE_UPSIZER.upsizer_d2/USE_READ.read_data_inst/use_wrap_buffer_reg/C (clocked by clk_pll_i) and tangerineA7_100_i/tangerineSOC_0/inst/axiDMAInst/cacheWay2DInb_reg[101]/D (clocked by clk_pll_i). Large setup violations at the end of those stages might be difficult to fix during the post-placement implementation flow and could be the result of non-optimal XDC constraints or non-optimal design architecture
Related violations: <none>

TIMING-16#364 Warning
Large setup violation  
There is a large setup violation of -1.740 ns between tangerineA7_100_i/tangerineSOC_0/inst/axiDMAInst/ch2Input0_reg[2]_rep/C (clocked by clk162_5_tangerineA7_100_clk_wiz_2_0) and tangerineA7_100_i/tangerineSOC_0/inst/axiDMAInst/ch2BufDOut_reg[114]/D (clocked by clk_pll_i). Large setup violations at the end of those stages might be difficult to fix during the post-placement implementation flow and could be the result of non-optimal XDC constraints or non-optimal design architecture
Related violations: <none>

TIMING-16#365 Warning
Large setup violation  
There is a large setup violation of -1.742 ns between tangerineA7_100_i/tangerineSOC_0/inst/nekoRvInst/a_reg[2]_rep__2/C (clocked by clk162_5_tangerineA7_100_clk_wiz_2_0) and tangerineA7_100_i/tangerineSOC_0/inst/axiDMAInst/ch2DaAddress_reg[24]/CE (clocked by clk162_5_tangerineA7_100_clk_wiz_2_0). Large setup violations at the end of those stages might be difficult to fix during the post-placement implementation flow and could be the result of non-optimal XDC constraints or non-optimal design architecture
Related violations: <none>

TIMING-16#366 Warning
Large setup violation  
There is a large setup violation of -1.742 ns between tangerineA7_100_i/tangerineSOC_0/inst/nekoRvInst/a_reg[2]_rep__2/C (clocked by clk162_5_tangerineA7_100_clk_wiz_2_0) and tangerineA7_100_i/tangerineSOC_0/inst/axiDMAInst/ch2DaAddress_reg[25]/CE (clocked by clk162_5_tangerineA7_100_clk_wiz_2_0). Large setup violations at the end of those stages might be difficult to fix during the post-placement implementation flow and could be the result of non-optimal XDC constraints or non-optimal design architecture
Related violations: <none>

TIMING-16#367 Warning
Large setup violation  
There is a large setup violation of -1.742 ns between tangerineA7_100_i/tangerineSOC_0/inst/nekoRvInst/a_reg[2]_rep__2/C (clocked by clk162_5_tangerineA7_100_clk_wiz_2_0) and tangerineA7_100_i/tangerineSOC_0/inst/axiDMAInst/ch2DaAddress_reg[26]/CE (clocked by clk162_5_tangerineA7_100_clk_wiz_2_0). Large setup violations at the end of those stages might be difficult to fix during the post-placement implementation flow and could be the result of non-optimal XDC constraints or non-optimal design architecture
Related violations: <none>

TIMING-16#368 Warning
Large setup violation  
There is a large setup violation of -1.742 ns between tangerineA7_100_i/tangerineSOC_0/inst/nekoRvInst/a_reg[2]_rep__2/C (clocked by clk162_5_tangerineA7_100_clk_wiz_2_0) and tangerineA7_100_i/tangerineSOC_0/inst/axiDMAInst/ch2DaAddress_reg[27]/CE (clocked by clk162_5_tangerineA7_100_clk_wiz_2_0). Large setup violations at the end of those stages might be difficult to fix during the post-placement implementation flow and could be the result of non-optimal XDC constraints or non-optimal design architecture
Related violations: <none>

TIMING-16#369 Warning
Large setup violation  
There is a large setup violation of -1.746 ns between tangerineA7_100_i/tangerineSOC_0/inst/blitterInst/bltDmaRequest_reg/C (clocked by clk162_5_tangerineA7_100_clk_wiz_2_0) and tangerineA7_100_i/tangerineSOC_0/inst/axiDMAInst/cacheA_reg[10]_replica_7/D (clocked by clk_pll_i). Large setup violations at the end of those stages might be difficult to fix during the post-placement implementation flow and could be the result of non-optimal XDC constraints or non-optimal design architecture
Related violations: <none>

TIMING-16#370 Warning
Large setup violation  
There is a large setup violation of -1.752 ns between tangerineA7_100_i/tangerineSOC_0/inst/blitterInst/bltDmaRequest_reg/C (clocked by clk162_5_tangerineA7_100_clk_wiz_2_0) and tangerineA7_100_i/tangerineSOC_0/inst/axiDMAInst/cacheA_reg[11]_replica_7/D (clocked by clk_pll_i). Large setup violations at the end of those stages might be difficult to fix during the post-placement implementation flow and could be the result of non-optimal XDC constraints or non-optimal design architecture
Related violations: <none>

TIMING-16#371 Warning
Large setup violation  
There is a large setup violation of -1.755 ns between tangerineA7_100_i/tangerineSOC_0/inst/nekoRvInst/a_reg[2]_rep__2/C (clocked by clk162_5_tangerineA7_100_clk_wiz_2_0) and tangerineA7_100_i/tangerineSOC_0/inst/axiDMAInst/ch1DmaPointerStart_reg[30]/CE (clocked by clk162_5_tangerineA7_100_clk_wiz_2_0). Large setup violations at the end of those stages might be difficult to fix during the post-placement implementation flow and could be the result of non-optimal XDC constraints or non-optimal design architecture
Related violations: <none>

TIMING-16#372 Warning
Large setup violation  
There is a large setup violation of -1.756 ns between tangerineA7_100_i/tangerineSOC_0/inst/axiDMAInst/cacheA_reg[2]/C (clocked by clk_pll_i) and tangerineA7_100_i/tangerineSOC_0/inst/axiDMAInst/cacheDataRamW3Inst/U0/inst_blk_mem_gen/gnbram.gnativebmg.native_blk_mem_gen/valid.cstr/ramloop[2].ram.r/prim_noinit.ram/DEVICE_7SERIES.NO_BMM_INFO.TRUE_DP.SIMPLE_PRIM36.ram/ADDRARDADDR[3] (clocked by clk162_5_tangerineA7_100_clk_wiz_2_0). Large setup violations at the end of those stages might be difficult to fix during the post-placement implementation flow and could be the result of non-optimal XDC constraints or non-optimal design architecture
Related violations: <none>

TIMING-16#373 Warning
Large setup violation  
There is a large setup violation of -1.771 ns between tangerineA7_100_i/tangerineSOC_0/inst/nekoRvInst/dout_reg[20]/C (clocked by clk162_5_tangerineA7_100_clk_wiz_2_0) and tangerineA7_100_i/tangerineSOC_0/inst/axiDMAInst/cacheDIn_reg[20]/D (clocked by clk_pll_i). Large setup violations at the end of those stages might be difficult to fix during the post-placement implementation flow and could be the result of non-optimal XDC constraints or non-optimal design architecture
Related violations: <none>

TIMING-16#374 Warning
Large setup violation  
There is a large setup violation of -1.774 ns between tangerineA7_100_i/tangerineSOC_0/inst/blitterInst/bltDmaA_reg[7]/C (clocked by clk162_5_tangerineA7_100_clk_wiz_2_0) and tangerineA7_100_i/tangerineSOC_0/inst/axiDMAInst/cacheA_reg[7]_rep__2_replica_1/D (clocked by clk_pll_i). Large setup violations at the end of those stages might be difficult to fix during the post-placement implementation flow and could be the result of non-optimal XDC constraints or non-optimal design architecture
Related violations: <none>

TIMING-16#375 Warning
Large setup violation  
There is a large setup violation of -1.774 ns between tangerineA7_100_i/tangerineSOC_0/inst/nekoRvInst/a_reg[2]_rep__2/C (clocked by clk162_5_tangerineA7_100_clk_wiz_2_0) and tangerineA7_100_i/tangerineSOC_0/inst/axiDMAInst/ch2DaAddress_reg[20]/CE (clocked by clk162_5_tangerineA7_100_clk_wiz_2_0). Large setup violations at the end of those stages might be difficult to fix during the post-placement implementation flow and could be the result of non-optimal XDC constraints or non-optimal design architecture
Related violations: <none>

TIMING-16#376 Warning
Large setup violation  
There is a large setup violation of -1.774 ns between tangerineA7_100_i/tangerineSOC_0/inst/nekoRvInst/a_reg[2]_rep__2/C (clocked by clk162_5_tangerineA7_100_clk_wiz_2_0) and tangerineA7_100_i/tangerineSOC_0/inst/axiDMAInst/ch2DaAddress_reg[21]/CE (clocked by clk162_5_tangerineA7_100_clk_wiz_2_0). Large setup violations at the end of those stages might be difficult to fix during the post-placement implementation flow and could be the result of non-optimal XDC constraints or non-optimal design architecture
Related violations: <none>

TIMING-16#377 Warning
Large setup violation  
There is a large setup violation of -1.774 ns between tangerineA7_100_i/tangerineSOC_0/inst/nekoRvInst/a_reg[2]_rep__2/C (clocked by clk162_5_tangerineA7_100_clk_wiz_2_0) and tangerineA7_100_i/tangerineSOC_0/inst/axiDMAInst/ch2DaAddress_reg[22]/CE (clocked by clk162_5_tangerineA7_100_clk_wiz_2_0). Large setup violations at the end of those stages might be difficult to fix during the post-placement implementation flow and could be the result of non-optimal XDC constraints or non-optimal design architecture
Related violations: <none>

TIMING-16#378 Warning
Large setup violation  
There is a large setup violation of -1.774 ns between tangerineA7_100_i/tangerineSOC_0/inst/nekoRvInst/a_reg[2]_rep__2/C (clocked by clk162_5_tangerineA7_100_clk_wiz_2_0) and tangerineA7_100_i/tangerineSOC_0/inst/axiDMAInst/ch2DaAddress_reg[23]/CE (clocked by clk162_5_tangerineA7_100_clk_wiz_2_0). Large setup violations at the end of those stages might be difficult to fix during the post-placement implementation flow and could be the result of non-optimal XDC constraints or non-optimal design architecture
Related violations: <none>

TIMING-16#379 Warning
Large setup violation  
There is a large setup violation of -1.775 ns between tangerineA7_100_i/tangerineSOC_0/inst/axiDMAInst/triggerCacheFlush_reg_rep__17/C (clocked by clk162_5_tangerineA7_100_clk_wiz_2_0) and tangerineA7_100_i/tangerineSOC_0/inst/axiDMAInst/cacheValidWay3_reg[213]/D (clocked by clk_pll_i). Large setup violations at the end of those stages might be difficult to fix during the post-placement implementation flow and could be the result of non-optimal XDC constraints or non-optimal design architecture
Related violations: <none>

TIMING-16#380 Warning
Large setup violation  
There is a large setup violation of -1.786 ns between tangerineA7_100_i/tangerineSOC_0/inst/nekoRvInst/a_reg[2]_rep__3/C (clocked by clk162_5_tangerineA7_100_clk_wiz_2_0) and tangerineA7_100_i/tangerineSOC_0/inst/axiDMAInst/ch2SaPointer_reg[10]/CE (clocked by clk162_5_tangerineA7_100_clk_wiz_2_0). Large setup violations at the end of those stages might be difficult to fix during the post-placement implementation flow and could be the result of non-optimal XDC constraints or non-optimal design architecture
Related violations: <none>

TIMING-16#381 Warning
Large setup violation  
There is a large setup violation of -1.786 ns between tangerineA7_100_i/tangerineSOC_0/inst/nekoRvInst/a_reg[2]_rep__3/C (clocked by clk162_5_tangerineA7_100_clk_wiz_2_0) and tangerineA7_100_i/tangerineSOC_0/inst/axiDMAInst/ch2SaPointer_reg[15]/CE (clocked by clk162_5_tangerineA7_100_clk_wiz_2_0). Large setup violations at the end of those stages might be difficult to fix during the post-placement implementation flow and could be the result of non-optimal XDC constraints or non-optimal design architecture
Related violations: <none>

TIMING-16#382 Warning
Large setup violation  
There is a large setup violation of -1.788 ns between tangerineA7_100_i/tangerineSOC_0/inst/nekoRvInst/a_reg[2]_rep__2/C (clocked by clk162_5_tangerineA7_100_clk_wiz_2_0) and tangerineA7_100_i/tangerineSOC_0/inst/axiDMAInst/ch2SaRowWidth_reg[12]/CE (clocked by clk162_5_tangerineA7_100_clk_wiz_2_0). Large setup violations at the end of those stages might be difficult to fix during the post-placement implementation flow and could be the result of non-optimal XDC constraints or non-optimal design architecture
Related violations: <none>

TIMING-16#383 Warning
Large setup violation  
There is a large setup violation of -1.788 ns between tangerineA7_100_i/tangerineSOC_0/inst/nekoRvInst/a_reg[2]_rep__2/C (clocked by clk162_5_tangerineA7_100_clk_wiz_2_0) and tangerineA7_100_i/tangerineSOC_0/inst/axiDMAInst/ch2SaRowWidth_reg[15]/CE (clocked by clk162_5_tangerineA7_100_clk_wiz_2_0). Large setup violations at the end of those stages might be difficult to fix during the post-placement implementation flow and could be the result of non-optimal XDC constraints or non-optimal design architecture
Related violations: <none>

TIMING-16#384 Warning
Large setup violation  
There is a large setup violation of -1.797 ns between tangerineA7_100_i/tangerineSOC_0/inst/nekoRvInst/a_reg[2]_rep__2/C (clocked by clk162_5_tangerineA7_100_clk_wiz_2_0) and tangerineA7_100_i/tangerineSOC_0/inst/axiDMAInst/ch2DaAddress_reg[10]/CE (clocked by clk162_5_tangerineA7_100_clk_wiz_2_0). Large setup violations at the end of those stages might be difficult to fix during the post-placement implementation flow and could be the result of non-optimal XDC constraints or non-optimal design architecture
Related violations: <none>

TIMING-16#385 Warning
Large setup violation  
There is a large setup violation of -1.797 ns between tangerineA7_100_i/tangerineSOC_0/inst/nekoRvInst/a_reg[2]_rep__2/C (clocked by clk162_5_tangerineA7_100_clk_wiz_2_0) and tangerineA7_100_i/tangerineSOC_0/inst/axiDMAInst/ch2DaAddress_reg[11]/CE (clocked by clk162_5_tangerineA7_100_clk_wiz_2_0). Large setup violations at the end of those stages might be difficult to fix during the post-placement implementation flow and could be the result of non-optimal XDC constraints or non-optimal design architecture
Related violations: <none>

TIMING-16#386 Warning
Large setup violation  
There is a large setup violation of -1.797 ns between tangerineA7_100_i/tangerineSOC_0/inst/nekoRvInst/a_reg[2]_rep__2/C (clocked by clk162_5_tangerineA7_100_clk_wiz_2_0) and tangerineA7_100_i/tangerineSOC_0/inst/axiDMAInst/ch2DaAddress_reg[8]/CE (clocked by clk162_5_tangerineA7_100_clk_wiz_2_0). Large setup violations at the end of those stages might be difficult to fix during the post-placement implementation flow and could be the result of non-optimal XDC constraints or non-optimal design architecture
Related violations: <none>

TIMING-16#387 Warning
Large setup violation  
There is a large setup violation of -1.797 ns between tangerineA7_100_i/tangerineSOC_0/inst/nekoRvInst/a_reg[2]_rep__2/C (clocked by clk162_5_tangerineA7_100_clk_wiz_2_0) and tangerineA7_100_i/tangerineSOC_0/inst/axiDMAInst/ch2DaAddress_reg[9]/CE (clocked by clk162_5_tangerineA7_100_clk_wiz_2_0). Large setup violations at the end of those stages might be difficult to fix during the post-placement implementation flow and could be the result of non-optimal XDC constraints or non-optimal design architecture
Related violations: <none>

TIMING-16#388 Warning
Large setup violation  
There is a large setup violation of -1.807 ns between tangerineA7_100_i/tangerineSOC_0/inst/nekoRvInst/a_reg[2]_rep__2/C (clocked by clk162_5_tangerineA7_100_clk_wiz_2_0) and tangerineA7_100_i/tangerineSOC_0/inst/axiDMAInst/ch1DmaPointerStart_reg[10]/CE (clocked by clk162_5_tangerineA7_100_clk_wiz_2_0). Large setup violations at the end of those stages might be difficult to fix during the post-placement implementation flow and could be the result of non-optimal XDC constraints or non-optimal design architecture
Related violations: <none>

TIMING-16#389 Warning
Large setup violation  
There is a large setup violation of -1.807 ns between tangerineA7_100_i/tangerineSOC_0/inst/nekoRvInst/a_reg[2]_rep__2/C (clocked by clk162_5_tangerineA7_100_clk_wiz_2_0) and tangerineA7_100_i/tangerineSOC_0/inst/axiDMAInst/ch1DmaPointerStart_reg[12]/CE (clocked by clk162_5_tangerineA7_100_clk_wiz_2_0). Large setup violations at the end of those stages might be difficult to fix during the post-placement implementation flow and could be the result of non-optimal XDC constraints or non-optimal design architecture
Related violations: <none>

TIMING-16#390 Warning
Large setup violation  
There is a large setup violation of -1.807 ns between tangerineA7_100_i/tangerineSOC_0/inst/nekoRvInst/a_reg[2]_rep__2/C (clocked by clk162_5_tangerineA7_100_clk_wiz_2_0) and tangerineA7_100_i/tangerineSOC_0/inst/axiDMAInst/ch1DmaPointerStart_reg[5]/CE (clocked by clk162_5_tangerineA7_100_clk_wiz_2_0). Large setup violations at the end of those stages might be difficult to fix during the post-placement implementation flow and could be the result of non-optimal XDC constraints or non-optimal design architecture
Related violations: <none>

TIMING-16#391 Warning
Large setup violation  
There is a large setup violation of -1.807 ns between tangerineA7_100_i/tangerineSOC_0/inst/nekoRvInst/a_reg[2]_rep__2/C (clocked by clk162_5_tangerineA7_100_clk_wiz_2_0) and tangerineA7_100_i/tangerineSOC_0/inst/axiDMAInst/ch1DmaPointerStart_reg[9]/CE (clocked by clk162_5_tangerineA7_100_clk_wiz_2_0). Large setup violations at the end of those stages might be difficult to fix during the post-placement implementation flow and could be the result of non-optimal XDC constraints or non-optimal design architecture
Related violations: <none>

TIMING-16#392 Warning
Large setup violation  
There is a large setup violation of -1.810 ns between tangerineA7_100_i/tangerineSOC_0/inst/nekoRvInst/dout_reg[8]/C (clocked by clk162_5_tangerineA7_100_clk_wiz_2_0) and tangerineA7_100_i/tangerineSOC_0/inst/axiDMAInst/ch2Input0_reg[104]/D (clocked by clk162_5_tangerineA7_100_clk_wiz_2_0). Large setup violations at the end of those stages might be difficult to fix during the post-placement implementation flow and could be the result of non-optimal XDC constraints or non-optimal design architecture
Related violations: <none>

TIMING-16#393 Warning
Large setup violation  
There is a large setup violation of -1.817 ns between tangerineA7_100_i/tangerineSOC_0/inst/axiDMAInst/ch2Input0_reg[2]/C (clocked by clk162_5_tangerineA7_100_clk_wiz_2_0) and tangerineA7_100_i/tangerineSOC_0/inst/axiDMAInst/ch2BufDOut_reg[83]/D (clocked by clk_pll_i). Large setup violations at the end of those stages might be difficult to fix during the post-placement implementation flow and could be the result of non-optimal XDC constraints or non-optimal design architecture
Related violations: <none>

TIMING-16#394 Warning
Large setup violation  
There is a large setup violation of -1.817 ns between tangerineA7_100_i/tangerineSOC_0/inst/axiDMAInst/triggerCacheFlush_reg_rep__17/C (clocked by clk162_5_tangerineA7_100_clk_wiz_2_0) and tangerineA7_100_i/tangerineSOC_0/inst/axiDMAInst/cacheValidWay3_reg[209]/D (clocked by clk_pll_i). Large setup violations at the end of those stages might be difficult to fix during the post-placement implementation flow and could be the result of non-optimal XDC constraints or non-optimal design architecture
Related violations: <none>

TIMING-16#395 Warning
Large setup violation  
There is a large setup violation of -1.818 ns between tangerineA7_100_i/tangerineSOC_0/inst/axiDMAInst/cacheDIn_reg[24]/C (clocked by clk_pll_i) and tangerineA7_100_i/tangerineSOC_0/inst/axiDMAInst/cacheDataRamW1Inst/U0/inst_blk_mem_gen/gnbram.gnativebmg.native_blk_mem_gen/valid.cstr/ramloop[7].ram.r/prim_noinit.ram/DEVICE_7SERIES.NO_BMM_INFO.TRUE_DP.SIMPLE_PRIM36.ram/DIADI[0] (clocked by clk162_5_tangerineA7_100_clk_wiz_2_0). Large setup violations at the end of those stages might be difficult to fix during the post-placement implementation flow and could be the result of non-optimal XDC constraints or non-optimal design architecture
Related violations: <none>

TIMING-16#396 Warning
Large setup violation  
There is a large setup violation of -1.818 ns between tangerineA7_100_i/tangerineSOC_0/inst/axiDMAInst/triggerCacheFlush_reg_rep__17/C (clocked by clk162_5_tangerineA7_100_clk_wiz_2_0) and tangerineA7_100_i/tangerineSOC_0/inst/axiDMAInst/cacheValidWay3_reg[187]/D (clocked by clk_pll_i). Large setup violations at the end of those stages might be difficult to fix during the post-placement implementation flow and could be the result of non-optimal XDC constraints or non-optimal design architecture
Related violations: <none>

TIMING-16#397 Warning
Large setup violation  
There is a large setup violation of -1.820 ns between tangerineA7_100_i/tangerineSOC_0/inst/axiDMAInst/cacheA_reg[2]/C (clocked by clk_pll_i) and tangerineA7_100_i/tangerineSOC_0/inst/axiDMAInst/cacheDataRamW1Inst/U0/inst_blk_mem_gen/gnbram.gnativebmg.native_blk_mem_gen/valid.cstr/ramloop[5].ram.r/prim_noinit.ram/DEVICE_7SERIES.NO_BMM_INFO.TRUE_DP.SIMPLE_PRIM36.ram/ADDRARDADDR[3] (clocked by clk162_5_tangerineA7_100_clk_wiz_2_0). Large setup violations at the end of those stages might be difficult to fix during the post-placement implementation flow and could be the result of non-optimal XDC constraints or non-optimal design architecture
Related violations: <none>

TIMING-16#398 Warning
Large setup violation  
There is a large setup violation of -1.821 ns between tangerineA7_100_i/tangerineSOC_0/inst/axiDMAInst/ch2Input0_reg[2]_rep/C (clocked by clk162_5_tangerineA7_100_clk_wiz_2_0) and tangerineA7_100_i/tangerineSOC_0/inst/axiDMAInst/ch2BufDOut_reg[116]/D (clocked by clk_pll_i). Large setup violations at the end of those stages might be difficult to fix during the post-placement implementation flow and could be the result of non-optimal XDC constraints or non-optimal design architecture
Related violations: <none>

TIMING-16#399 Warning
Large setup violation  
There is a large setup violation of -1.821 ns between tangerineA7_100_i/tangerineSOC_0/inst/blitterInst/bltDmaA_reg[6]/C (clocked by clk162_5_tangerineA7_100_clk_wiz_2_0) and tangerineA7_100_i/tangerineSOC_0/inst/axiDMAInst/cacheA_reg[6]_rep__2_replica_2/D (clocked by clk_pll_i). Large setup violations at the end of those stages might be difficult to fix during the post-placement implementation flow and could be the result of non-optimal XDC constraints or non-optimal design architecture
Related violations: <none>

TIMING-16#400 Warning
Large setup violation  
There is a large setup violation of -1.823 ns between tangerineA7_100_i/tangerineSOC_0/inst/nekoRvInst/a_reg[2]_rep__2/C (clocked by clk162_5_tangerineA7_100_clk_wiz_2_0) and tangerineA7_100_i/tangerineSOC_0/inst/axiDMAInst/ch2DaAddress_reg[28]/CE (clocked by clk162_5_tangerineA7_100_clk_wiz_2_0). Large setup violations at the end of those stages might be difficult to fix during the post-placement implementation flow and could be the result of non-optimal XDC constraints or non-optimal design architecture
Related violations: <none>

TIMING-16#401 Warning
Large setup violation  
There is a large setup violation of -1.823 ns between tangerineA7_100_i/tangerineSOC_0/inst/nekoRvInst/a_reg[2]_rep__2/C (clocked by clk162_5_tangerineA7_100_clk_wiz_2_0) and tangerineA7_100_i/tangerineSOC_0/inst/axiDMAInst/ch2DaAddress_reg[29]/CE (clocked by clk162_5_tangerineA7_100_clk_wiz_2_0). Large setup violations at the end of those stages might be difficult to fix during the post-placement implementation flow and could be the result of non-optimal XDC constraints or non-optimal design architecture
Related violations: <none>

TIMING-16#402 Warning
Large setup violation  
There is a large setup violation of -1.823 ns between tangerineA7_100_i/tangerineSOC_0/inst/nekoRvInst/a_reg[2]_rep__2/C (clocked by clk162_5_tangerineA7_100_clk_wiz_2_0) and tangerineA7_100_i/tangerineSOC_0/inst/axiDMAInst/ch2DaAddress_reg[30]/CE (clocked by clk162_5_tangerineA7_100_clk_wiz_2_0). Large setup violations at the end of those stages might be difficult to fix during the post-placement implementation flow and could be the result of non-optimal XDC constraints or non-optimal design architecture
Related violations: <none>

TIMING-16#403 Warning
Large setup violation  
There is a large setup violation of -1.824 ns between tangerineA7_100_i/tangerineSOC_0/inst/nekoRvInst/a_reg[2]_rep__2/C (clocked by clk162_5_tangerineA7_100_clk_wiz_2_0) and tangerineA7_100_i/tangerineSOC_0/inst/axiDMAInst/ch1DmaRequestPtrAdd_reg[8]/CE (clocked by clk162_5_tangerineA7_100_clk_wiz_2_0). Large setup violations at the end of those stages might be difficult to fix during the post-placement implementation flow and could be the result of non-optimal XDC constraints or non-optimal design architecture
Related violations: <none>

TIMING-16#404 Warning
Large setup violation  
There is a large setup violation of -1.826 ns between tangerineA7_100_i/tangerineSOC_0/inst/axiDMAInst/cacheA_reg[4]/C (clocked by clk_pll_i) and tangerineA7_100_i/tangerineSOC_0/inst/axiDMAInst/cacheDataRamW3Inst/U0/inst_blk_mem_gen/gnbram.gnativebmg.native_blk_mem_gen/valid.cstr/ramloop[3].ram.r/prim_noinit.ram/DEVICE_7SERIES.NO_BMM_INFO.TRUE_DP.SIMPLE_PRIM36.ram/ADDRARDADDR[5] (clocked by clk162_5_tangerineA7_100_clk_wiz_2_0). Large setup violations at the end of those stages might be difficult to fix during the post-placement implementation flow and could be the result of non-optimal XDC constraints or non-optimal design architecture
Related violations: <none>

TIMING-16#405 Warning
Large setup violation  
There is a large setup violation of -1.839 ns between tangerineA7_100_i/tangerineSOC_0/inst/axiDMAInst/cacheDIn_reg[1]/C (clocked by clk_pll_i) and tangerineA7_100_i/tangerineSOC_0/inst/axiDMAInst/cacheDataRamW2Inst/U0/inst_blk_mem_gen/gnbram.gnativebmg.native_blk_mem_gen/valid.cstr/ramloop[1].ram.r/prim_noinit.ram/DEVICE_7SERIES.NO_BMM_INFO.TRUE_DP.SIMPLE_PRIM36.ram/DIADI[1] (clocked by clk162_5_tangerineA7_100_clk_wiz_2_0). Large setup violations at the end of those stages might be difficult to fix during the post-placement implementation flow and could be the result of non-optimal XDC constraints or non-optimal design architecture
Related violations: <none>

TIMING-16#406 Warning
Large setup violation  
There is a large setup violation of -1.850 ns between tangerineA7_100_i/tangerineSOC_0/inst/axiDMAInst/ch2Input0_reg[0]/C (clocked by clk162_5_tangerineA7_100_clk_wiz_2_0) and tangerineA7_100_i/tangerineSOC_0/inst/axiDMAInst/ch2BufDOut_reg[52]/D (clocked by clk_pll_i). Large setup violations at the end of those stages might be difficult to fix during the post-placement implementation flow and could be the result of non-optimal XDC constraints or non-optimal design architecture
Related violations: <none>

TIMING-16#407 Warning
Large setup violation  
There is a large setup violation of -1.853 ns between tangerineA7_100_i/tangerineSOC_0/inst/blitterInst/bltDmaRequest_reg/C (clocked by clk162_5_tangerineA7_100_clk_wiz_2_0) and tangerineA7_100_i/tangerineSOC_0/inst/axiDMAInst/cacheA_reg[11]_replica_3/D (clocked by clk_pll_i). Large setup violations at the end of those stages might be difficult to fix during the post-placement implementation flow and could be the result of non-optimal XDC constraints or non-optimal design architecture
Related violations: <none>

TIMING-16#408 Warning
Large setup violation  
There is a large setup violation of -1.869 ns between tangerineA7_100_i/tangerineSOC_0/inst/blitterInst/bltDmaRequest_reg/C (clocked by clk162_5_tangerineA7_100_clk_wiz_2_0) and tangerineA7_100_i/tangerineSOC_0/inst/axiDMAInst/cacheA_reg[10]/D (clocked by clk_pll_i). Large setup violations at the end of those stages might be difficult to fix during the post-placement implementation flow and could be the result of non-optimal XDC constraints or non-optimal design architecture
Related violations: <none>

TIMING-16#409 Warning
Large setup violation  
There is a large setup violation of -1.875 ns between tangerineA7_100_i/tangerineSOC_0/inst/axiDMAInst/cacheDIn_reg[0]/C (clocked by clk_pll_i) and tangerineA7_100_i/tangerineSOC_0/inst/axiDMAInst/cacheDataRamW2Inst/U0/inst_blk_mem_gen/gnbram.gnativebmg.native_blk_mem_gen/valid.cstr/ramloop[1].ram.r/prim_noinit.ram/DEVICE_7SERIES.NO_BMM_INFO.TRUE_DP.SIMPLE_PRIM36.ram/DIADI[0] (clocked by clk162_5_tangerineA7_100_clk_wiz_2_0). Large setup violations at the end of those stages might be difficult to fix during the post-placement implementation flow and could be the result of non-optimal XDC constraints or non-optimal design architecture
Related violations: <none>

TIMING-16#410 Warning
Large setup violation  
There is a large setup violation of -1.881 ns between tangerineA7_100_i/tangerineSOC_0/inst/nekoRvInst/a_reg[2]_rep__2/C (clocked by clk162_5_tangerineA7_100_clk_wiz_2_0) and tangerineA7_100_i/tangerineSOC_0/inst/axiDMAInst/ch1DmaPointerStart_reg[29]/CE (clocked by clk162_5_tangerineA7_100_clk_wiz_2_0). Large setup violations at the end of those stages might be difficult to fix during the post-placement implementation flow and could be the result of non-optimal XDC constraints or non-optimal design architecture
Related violations: <none>

TIMING-16#411 Warning
Large setup violation  
There is a large setup violation of -1.886 ns between tangerineA7_100_i/tangerineSOC_0/inst/nekoRvInst/a_reg[2]_rep__2/C (clocked by clk162_5_tangerineA7_100_clk_wiz_2_0) and tangerineA7_100_i/tangerineSOC_0/inst/axiDMAInst/ch2DaLastWriteMask_reg[12]/CE (clocked by clk162_5_tangerineA7_100_clk_wiz_2_0). Large setup violations at the end of those stages might be difficult to fix during the post-placement implementation flow and could be the result of non-optimal XDC constraints or non-optimal design architecture
Related violations: <none>

TIMING-16#412 Warning
Large setup violation  
There is a large setup violation of -1.889 ns between tangerineA7_100_i/tangerineSOC_0/inst/nekoRvInst/dout_reg[12]/C (clocked by clk162_5_tangerineA7_100_clk_wiz_2_0) and tangerineA7_100_i/tangerineSOC_0/inst/axiDMAInst/ch2Input0_reg[108]/D (clocked by clk162_5_tangerineA7_100_clk_wiz_2_0). Large setup violations at the end of those stages might be difficult to fix during the post-placement implementation flow and could be the result of non-optimal XDC constraints or non-optimal design architecture
Related violations: <none>

TIMING-16#413 Warning
Large setup violation  
There is a large setup violation of -1.893 ns between tangerineA7_100_i/tangerineSOC_0/inst/axiDMAInst/cacheDIn_reg[7]/C (clocked by clk_pll_i) and tangerineA7_100_i/tangerineSOC_0/inst/axiDMAInst/cacheDataRamW2Inst/U0/inst_blk_mem_gen/gnbram.gnativebmg.native_blk_mem_gen/valid.cstr/ramloop[1].ram.r/prim_noinit.ram/DEVICE_7SERIES.NO_BMM_INFO.TRUE_DP.SIMPLE_PRIM36.ram/DIADI[7] (clocked by clk162_5_tangerineA7_100_clk_wiz_2_0). Large setup violations at the end of those stages might be difficult to fix during the post-placement implementation flow and could be the result of non-optimal XDC constraints or non-optimal design architecture
Related violations: <none>

TIMING-16#414 Warning
Large setup violation  
There is a large setup violation of -1.907 ns between tangerineA7_100_i/tangerineMIGWrapper_0/inst/tangerineMIGInst/u_mig_7series_tangerine_mig/u_memc_ui_top_axi/u_axi_mc/USE_UPSIZER.upsizer_d2/USE_READ.read_data_inst/use_wrap_buffer_reg/C (clocked by clk_pll_i) and tangerineA7_100_i/tangerineSOC_0/inst/axiDMAInst/cacheWay2DInb_reg[67]/D (clocked by clk_pll_i). Large setup violations at the end of those stages might be difficult to fix during the post-placement implementation flow and could be the result of non-optimal XDC constraints or non-optimal design architecture
Related violations: <none>

TIMING-16#415 Warning
Large setup violation  
There is a large setup violation of -1.910 ns between tangerineA7_100_i/tangerineSOC_0/inst/nekoRvInst/a_reg[2]_rep__2/C (clocked by clk162_5_tangerineA7_100_clk_wiz_2_0) and tangerineA7_100_i/tangerineSOC_0/inst/axiDMAInst/ch2SaRowWidth_reg[10]/CE (clocked by clk162_5_tangerineA7_100_clk_wiz_2_0). Large setup violations at the end of those stages might be difficult to fix during the post-placement implementation flow and could be the result of non-optimal XDC constraints or non-optimal design architecture
Related violations: <none>

TIMING-16#416 Warning
Large setup violation  
There is a large setup violation of -1.910 ns between tangerineA7_100_i/tangerineSOC_0/inst/nekoRvInst/a_reg[2]_rep__2/C (clocked by clk162_5_tangerineA7_100_clk_wiz_2_0) and tangerineA7_100_i/tangerineSOC_0/inst/axiDMAInst/ch2SaRowWidth_reg[11]/CE (clocked by clk162_5_tangerineA7_100_clk_wiz_2_0). Large setup violations at the end of those stages might be difficult to fix during the post-placement implementation flow and could be the result of non-optimal XDC constraints or non-optimal design architecture
Related violations: <none>

TIMING-16#417 Warning
Large setup violation  
There is a large setup violation of -1.910 ns between tangerineA7_100_i/tangerineSOC_0/inst/nekoRvInst/a_reg[2]_rep__2/C (clocked by clk162_5_tangerineA7_100_clk_wiz_2_0) and tangerineA7_100_i/tangerineSOC_0/inst/axiDMAInst/ch2SaRowWidth_reg[5]/CE (clocked by clk162_5_tangerineA7_100_clk_wiz_2_0). Large setup violations at the end of those stages might be difficult to fix during the post-placement implementation flow and could be the result of non-optimal XDC constraints or non-optimal design architecture
Related violations: <none>

TIMING-16#418 Warning
Large setup violation  
There is a large setup violation of -1.910 ns between tangerineA7_100_i/tangerineSOC_0/inst/nekoRvInst/a_reg[2]_rep__2/C (clocked by clk162_5_tangerineA7_100_clk_wiz_2_0) and tangerineA7_100_i/tangerineSOC_0/inst/axiDMAInst/ch2SaRowWidth_reg[6]/CE (clocked by clk162_5_tangerineA7_100_clk_wiz_2_0). Large setup violations at the end of those stages might be difficult to fix during the post-placement implementation flow and could be the result of non-optimal XDC constraints or non-optimal design architecture
Related violations: <none>

TIMING-16#419 Warning
Large setup violation  
There is a large setup violation of -1.910 ns between tangerineA7_100_i/tangerineSOC_0/inst/nekoRvInst/a_reg[2]_rep__2/C (clocked by clk162_5_tangerineA7_100_clk_wiz_2_0) and tangerineA7_100_i/tangerineSOC_0/inst/axiDMAInst/ch2SaRowWidth_reg[9]/CE (clocked by clk162_5_tangerineA7_100_clk_wiz_2_0). Large setup violations at the end of those stages might be difficult to fix during the post-placement implementation flow and could be the result of non-optimal XDC constraints or non-optimal design architecture
Related violations: <none>

TIMING-16#420 Warning
Large setup violation  
There is a large setup violation of -1.913 ns between tangerineA7_100_i/tangerineSOC_0/inst/blitterInst/bltDmaA_reg[8]/C (clocked by clk162_5_tangerineA7_100_clk_wiz_2_0) and tangerineA7_100_i/tangerineSOC_0/inst/axiDMAInst/cacheA_reg[8]_rep_replica_2/D (clocked by clk_pll_i). Large setup violations at the end of those stages might be difficult to fix during the post-placement implementation flow and could be the result of non-optimal XDC constraints or non-optimal design architecture
Related violations: <none>

TIMING-16#421 Warning
Large setup violation  
There is a large setup violation of -1.913 ns between tangerineA7_100_i/tangerineSOC_0/inst/nekoRvInst/a_reg[2]_rep__2/C (clocked by clk162_5_tangerineA7_100_clk_wiz_2_0) and tangerineA7_100_i/tangerineSOC_0/inst/axiDMAInst/ch2Input0_reg[0]_rep/CE (clocked by clk162_5_tangerineA7_100_clk_wiz_2_0). Large setup violations at the end of those stages might be difficult to fix during the post-placement implementation flow and could be the result of non-optimal XDC constraints or non-optimal design architecture
Related violations: <none>

TIMING-16#422 Warning
Large setup violation  
There is a large setup violation of -1.913 ns between tangerineA7_100_i/tangerineSOC_0/inst/nekoRvInst/a_reg[2]_rep__2/C (clocked by clk162_5_tangerineA7_100_clk_wiz_2_0) and tangerineA7_100_i/tangerineSOC_0/inst/axiDMAInst/ch2Input0_reg[1]_rep/CE (clocked by clk162_5_tangerineA7_100_clk_wiz_2_0). Large setup violations at the end of those stages might be difficult to fix during the post-placement implementation flow and could be the result of non-optimal XDC constraints or non-optimal design architecture
Related violations: <none>

TIMING-16#423 Warning
Large setup violation  
There is a large setup violation of -1.913 ns between tangerineA7_100_i/tangerineSOC_0/inst/nekoRvInst/a_reg[2]_rep__2/C (clocked by clk162_5_tangerineA7_100_clk_wiz_2_0) and tangerineA7_100_i/tangerineSOC_0/inst/axiDMAInst/ch2Input0_reg[24]/CE (clocked by clk162_5_tangerineA7_100_clk_wiz_2_0). Large setup violations at the end of those stages might be difficult to fix during the post-placement implementation flow and could be the result of non-optimal XDC constraints or non-optimal design architecture
Related violations: <none>

TIMING-16#424 Warning
Large setup violation  
There is a large setup violation of -1.913 ns between tangerineA7_100_i/tangerineSOC_0/inst/nekoRvInst/a_reg[2]_rep__2/C (clocked by clk162_5_tangerineA7_100_clk_wiz_2_0) and tangerineA7_100_i/tangerineSOC_0/inst/axiDMAInst/ch2Input0_reg[25]/CE (clocked by clk162_5_tangerineA7_100_clk_wiz_2_0). Large setup violations at the end of those stages might be difficult to fix during the post-placement implementation flow and could be the result of non-optimal XDC constraints or non-optimal design architecture
Related violations: <none>

TIMING-16#425 Warning
Large setup violation  
There is a large setup violation of -1.913 ns between tangerineA7_100_i/tangerineSOC_0/inst/nekoRvInst/a_reg[2]_rep__2/C (clocked by clk162_5_tangerineA7_100_clk_wiz_2_0) and tangerineA7_100_i/tangerineSOC_0/inst/axiDMAInst/ch2Input0_reg[28]/CE (clocked by clk162_5_tangerineA7_100_clk_wiz_2_0). Large setup violations at the end of those stages might be difficult to fix during the post-placement implementation flow and could be the result of non-optimal XDC constraints or non-optimal design architecture
Related violations: <none>

TIMING-16#426 Warning
Large setup violation  
There is a large setup violation of -1.913 ns between tangerineA7_100_i/tangerineSOC_0/inst/nekoRvInst/a_reg[2]_rep__2/C (clocked by clk162_5_tangerineA7_100_clk_wiz_2_0) and tangerineA7_100_i/tangerineSOC_0/inst/axiDMAInst/ch2Input0_reg[2]/CE (clocked by clk162_5_tangerineA7_100_clk_wiz_2_0). Large setup violations at the end of those stages might be difficult to fix during the post-placement implementation flow and could be the result of non-optimal XDC constraints or non-optimal design architecture
Related violations: <none>

TIMING-16#427 Warning
Large setup violation  
There is a large setup violation of -1.913 ns between tangerineA7_100_i/tangerineSOC_0/inst/nekoRvInst/a_reg[2]_rep__2/C (clocked by clk162_5_tangerineA7_100_clk_wiz_2_0) and tangerineA7_100_i/tangerineSOC_0/inst/axiDMAInst/ch2Input0_reg[2]_rep/CE (clocked by clk162_5_tangerineA7_100_clk_wiz_2_0). Large setup violations at the end of those stages might be difficult to fix during the post-placement implementation flow and could be the result of non-optimal XDC constraints or non-optimal design architecture
Related violations: <none>

TIMING-16#428 Warning
Large setup violation  
There is a large setup violation of -1.913 ns between tangerineA7_100_i/tangerineSOC_0/inst/nekoRvInst/a_reg[2]_rep__2/C (clocked by clk162_5_tangerineA7_100_clk_wiz_2_0) and tangerineA7_100_i/tangerineSOC_0/inst/axiDMAInst/ch2Input0_reg[2]_rep__0/CE (clocked by clk162_5_tangerineA7_100_clk_wiz_2_0). Large setup violations at the end of those stages might be difficult to fix during the post-placement implementation flow and could be the result of non-optimal XDC constraints or non-optimal design architecture
Related violations: <none>

TIMING-16#429 Warning
Large setup violation  
There is a large setup violation of -1.914 ns between tangerineA7_100_i/tangerineSOC_0/inst/nekoRvInst/a_reg[2]_rep__2/C (clocked by clk162_5_tangerineA7_100_clk_wiz_2_0) and tangerineA7_100_i/tangerineSOC_0/inst/axiDMAInst/ch2DaAddress_reg[16]/CE (clocked by clk162_5_tangerineA7_100_clk_wiz_2_0). Large setup violations at the end of those stages might be difficult to fix during the post-placement implementation flow and could be the result of non-optimal XDC constraints or non-optimal design architecture
Related violations: <none>

TIMING-16#430 Warning
Large setup violation  
There is a large setup violation of -1.914 ns between tangerineA7_100_i/tangerineSOC_0/inst/nekoRvInst/a_reg[2]_rep__2/C (clocked by clk162_5_tangerineA7_100_clk_wiz_2_0) and tangerineA7_100_i/tangerineSOC_0/inst/axiDMAInst/ch2DaAddress_reg[17]/CE (clocked by clk162_5_tangerineA7_100_clk_wiz_2_0). Large setup violations at the end of those stages might be difficult to fix during the post-placement implementation flow and could be the result of non-optimal XDC constraints or non-optimal design architecture
Related violations: <none>

TIMING-16#431 Warning
Large setup violation  
There is a large setup violation of -1.914 ns between tangerineA7_100_i/tangerineSOC_0/inst/nekoRvInst/a_reg[2]_rep__2/C (clocked by clk162_5_tangerineA7_100_clk_wiz_2_0) and tangerineA7_100_i/tangerineSOC_0/inst/axiDMAInst/ch2DaAddress_reg[18]/CE (clocked by clk162_5_tangerineA7_100_clk_wiz_2_0). Large setup violations at the end of those stages might be difficult to fix during the post-placement implementation flow and could be the result of non-optimal XDC constraints or non-optimal design architecture
Related violations: <none>

TIMING-16#432 Warning
Large setup violation  
There is a large setup violation of -1.914 ns between tangerineA7_100_i/tangerineSOC_0/inst/nekoRvInst/a_reg[2]_rep__2/C (clocked by clk162_5_tangerineA7_100_clk_wiz_2_0) and tangerineA7_100_i/tangerineSOC_0/inst/axiDMAInst/ch2DaAddress_reg[19]/CE (clocked by clk162_5_tangerineA7_100_clk_wiz_2_0). Large setup violations at the end of those stages might be difficult to fix during the post-placement implementation flow and could be the result of non-optimal XDC constraints or non-optimal design architecture
Related violations: <none>

TIMING-16#433 Warning
Large setup violation  
There is a large setup violation of -1.918 ns between tangerineA7_100_i/tangerineSOC_0/inst/axiDMAInst/ch2Input0_reg[2]_rep/C (clocked by clk162_5_tangerineA7_100_clk_wiz_2_0) and tangerineA7_100_i/tangerineSOC_0/inst/axiDMAInst/ch2BufDOut_reg[118]/D (clocked by clk_pll_i). Large setup violations at the end of those stages might be difficult to fix during the post-placement implementation flow and could be the result of non-optimal XDC constraints or non-optimal design architecture
Related violations: <none>

TIMING-16#434 Warning
Large setup violation  
There is a large setup violation of -1.926 ns between tangerineA7_100_i/tangerineSOC_0/inst/nekoRvInst/a_reg[2]_rep__2/C (clocked by clk162_5_tangerineA7_100_clk_wiz_2_0) and tangerineA7_100_i/tangerineSOC_0/inst/axiDMAInst/ch2Input0_reg[1]/CE (clocked by clk162_5_tangerineA7_100_clk_wiz_2_0). Large setup violations at the end of those stages might be difficult to fix during the post-placement implementation flow and could be the result of non-optimal XDC constraints or non-optimal design architecture
Related violations: <none>

TIMING-16#435 Warning
Large setup violation  
There is a large setup violation of -1.929 ns between tangerineA7_100_i/tangerineSOC_0/inst/axiDMAInst/ch2Input0_reg[0]/C (clocked by clk162_5_tangerineA7_100_clk_wiz_2_0) and tangerineA7_100_i/tangerineSOC_0/inst/axiDMAInst/ch2BufDOut_reg[50]/D (clocked by clk_pll_i). Large setup violations at the end of those stages might be difficult to fix during the post-placement implementation flow and could be the result of non-optimal XDC constraints or non-optimal design architecture
Related violations: <none>

TIMING-16#436 Warning
Large setup violation  
There is a large setup violation of -1.938 ns between tangerineA7_100_i/tangerineSOC_0/inst/nekoRvInst/a_reg[2]_rep__2/C (clocked by clk162_5_tangerineA7_100_clk_wiz_2_0) and tangerineA7_100_i/tangerineSOC_0/inst/axiDMAInst/ch1DmaRequestPtrAdd_reg[10]/CE (clocked by clk162_5_tangerineA7_100_clk_wiz_2_0). Large setup violations at the end of those stages might be difficult to fix during the post-placement implementation flow and could be the result of non-optimal XDC constraints or non-optimal design architecture
Related violations: <none>

TIMING-16#437 Warning
Large setup violation  
There is a large setup violation of -1.938 ns between tangerineA7_100_i/tangerineSOC_0/inst/nekoRvInst/a_reg[2]_rep__2/C (clocked by clk162_5_tangerineA7_100_clk_wiz_2_0) and tangerineA7_100_i/tangerineSOC_0/inst/axiDMAInst/ch1DmaRequestPtrAdd_reg[13]/CE (clocked by clk162_5_tangerineA7_100_clk_wiz_2_0). Large setup violations at the end of those stages might be difficult to fix during the post-placement implementation flow and could be the result of non-optimal XDC constraints or non-optimal design architecture
Related violations: <none>

TIMING-16#438 Warning
Large setup violation  
There is a large setup violation of -1.938 ns between tangerineA7_100_i/tangerineSOC_0/inst/nekoRvInst/a_reg[2]_rep__2/C (clocked by clk162_5_tangerineA7_100_clk_wiz_2_0) and tangerineA7_100_i/tangerineSOC_0/inst/axiDMAInst/ch1DmaRequestPtrAdd_reg[5]/CE (clocked by clk162_5_tangerineA7_100_clk_wiz_2_0). Large setup violations at the end of those stages might be difficult to fix during the post-placement implementation flow and could be the result of non-optimal XDC constraints or non-optimal design architecture
Related violations: <none>

TIMING-16#439 Warning
Large setup violation  
There is a large setup violation of -1.938 ns between tangerineA7_100_i/tangerineSOC_0/inst/nekoRvInst/a_reg[2]_rep__2/C (clocked by clk162_5_tangerineA7_100_clk_wiz_2_0) and tangerineA7_100_i/tangerineSOC_0/inst/axiDMAInst/ch1DmaRequestPtrAdd_reg[9]/CE (clocked by clk162_5_tangerineA7_100_clk_wiz_2_0). Large setup violations at the end of those stages might be difficult to fix during the post-placement implementation flow and could be the result of non-optimal XDC constraints or non-optimal design architecture
Related violations: <none>

TIMING-16#440 Warning
Large setup violation  
There is a large setup violation of -1.941 ns between tangerineA7_100_i/tangerineSOC_0/inst/nekoRvInst/a_reg[2]_rep__2/C (clocked by clk162_5_tangerineA7_100_clk_wiz_2_0) and tangerineA7_100_i/tangerineSOC_0/inst/axiDMAInst/ch2SaRowWidth_reg[1]/CE (clocked by clk162_5_tangerineA7_100_clk_wiz_2_0). Large setup violations at the end of those stages might be difficult to fix during the post-placement implementation flow and could be the result of non-optimal XDC constraints or non-optimal design architecture
Related violations: <none>

TIMING-16#441 Warning
Large setup violation  
There is a large setup violation of -1.941 ns between tangerineA7_100_i/tangerineSOC_0/inst/nekoRvInst/a_reg[2]_rep__2/C (clocked by clk162_5_tangerineA7_100_clk_wiz_2_0) and tangerineA7_100_i/tangerineSOC_0/inst/axiDMAInst/ch2SaRowWidth_reg[2]/CE (clocked by clk162_5_tangerineA7_100_clk_wiz_2_0). Large setup violations at the end of those stages might be difficult to fix during the post-placement implementation flow and could be the result of non-optimal XDC constraints or non-optimal design architecture
Related violations: <none>

TIMING-16#442 Warning
Large setup violation  
There is a large setup violation of -1.941 ns between tangerineA7_100_i/tangerineSOC_0/inst/nekoRvInst/a_reg[2]_rep__2/C (clocked by clk162_5_tangerineA7_100_clk_wiz_2_0) and tangerineA7_100_i/tangerineSOC_0/inst/axiDMAInst/ch2SaRowWidth_reg[4]/CE (clocked by clk162_5_tangerineA7_100_clk_wiz_2_0). Large setup violations at the end of those stages might be difficult to fix during the post-placement implementation flow and could be the result of non-optimal XDC constraints or non-optimal design architecture
Related violations: <none>

TIMING-16#443 Warning
Large setup violation  
There is a large setup violation of -1.941 ns between tangerineA7_100_i/tangerineSOC_0/inst/nekoRvInst/a_reg[2]_rep__2/C (clocked by clk162_5_tangerineA7_100_clk_wiz_2_0) and tangerineA7_100_i/tangerineSOC_0/inst/axiDMAInst/ch2SaRowWidth_reg[7]/CE (clocked by clk162_5_tangerineA7_100_clk_wiz_2_0). Large setup violations at the end of those stages might be difficult to fix during the post-placement implementation flow and could be the result of non-optimal XDC constraints or non-optimal design architecture
Related violations: <none>

TIMING-16#444 Warning
Large setup violation  
There is a large setup violation of -1.941 ns between tangerineA7_100_i/tangerineSOC_0/inst/nekoRvInst/a_reg[2]_rep__2/C (clocked by clk162_5_tangerineA7_100_clk_wiz_2_0) and tangerineA7_100_i/tangerineSOC_0/inst/axiDMAInst/ch2SaRowWidth_reg[8]/CE (clocked by clk162_5_tangerineA7_100_clk_wiz_2_0). Large setup violations at the end of those stages might be difficult to fix during the post-placement implementation flow and could be the result of non-optimal XDC constraints or non-optimal design architecture
Related violations: <none>

TIMING-16#445 Warning
Large setup violation  
There is a large setup violation of -1.943 ns between tangerineA7_100_i/tangerineSOC_0/inst/axiDMAInst/cacheDIn_reg[7]/C (clocked by clk_pll_i) and tangerineA7_100_i/tangerineSOC_0/inst/axiDMAInst/cacheDataRamW2Inst/U0/inst_blk_mem_gen/gnbram.gnativebmg.native_blk_mem_gen/valid.cstr/ramloop[0].ram.r/prim_noinit.ram/DEVICE_7SERIES.NO_BMM_INFO.TRUE_DP.SIMPLE_PRIM36.ram/DIADI[7] (clocked by clk162_5_tangerineA7_100_clk_wiz_2_0). Large setup violations at the end of those stages might be difficult to fix during the post-placement implementation flow and could be the result of non-optimal XDC constraints or non-optimal design architecture
Related violations: <none>

TIMING-16#446 Warning
Large setup violation  
There is a large setup violation of -1.947 ns between tangerineA7_100_i/tangerineSOC_0/inst/nekoRvInst/a_reg[2]_rep__2/C (clocked by clk162_5_tangerineA7_100_clk_wiz_2_0) and tangerineA7_100_i/tangerineSOC_0/inst/axiDMAInst/ch2DaAddress_reg[0]/CE (clocked by clk162_5_tangerineA7_100_clk_wiz_2_0). Large setup violations at the end of those stages might be difficult to fix during the post-placement implementation flow and could be the result of non-optimal XDC constraints or non-optimal design architecture
Related violations: <none>

TIMING-16#447 Warning
Large setup violation  
There is a large setup violation of -1.947 ns between tangerineA7_100_i/tangerineSOC_0/inst/nekoRvInst/a_reg[2]_rep__2/C (clocked by clk162_5_tangerineA7_100_clk_wiz_2_0) and tangerineA7_100_i/tangerineSOC_0/inst/axiDMAInst/ch2DaAddress_reg[1]/CE (clocked by clk162_5_tangerineA7_100_clk_wiz_2_0). Large setup violations at the end of those stages might be difficult to fix during the post-placement implementation flow and could be the result of non-optimal XDC constraints or non-optimal design architecture
Related violations: <none>

TIMING-16#448 Warning
Large setup violation  
There is a large setup violation of -1.947 ns between tangerineA7_100_i/tangerineSOC_0/inst/nekoRvInst/a_reg[2]_rep__2/C (clocked by clk162_5_tangerineA7_100_clk_wiz_2_0) and tangerineA7_100_i/tangerineSOC_0/inst/axiDMAInst/ch2DaAddress_reg[2]/CE (clocked by clk162_5_tangerineA7_100_clk_wiz_2_0). Large setup violations at the end of those stages might be difficult to fix during the post-placement implementation flow and could be the result of non-optimal XDC constraints or non-optimal design architecture
Related violations: <none>

TIMING-16#449 Warning
Large setup violation  
There is a large setup violation of -1.947 ns between tangerineA7_100_i/tangerineSOC_0/inst/nekoRvInst/a_reg[2]_rep__2/C (clocked by clk162_5_tangerineA7_100_clk_wiz_2_0) and tangerineA7_100_i/tangerineSOC_0/inst/axiDMAInst/ch2DaAddress_reg[3]/CE (clocked by clk162_5_tangerineA7_100_clk_wiz_2_0). Large setup violations at the end of those stages might be difficult to fix during the post-placement implementation flow and could be the result of non-optimal XDC constraints or non-optimal design architecture
Related violations: <none>

TIMING-16#450 Warning
Large setup violation  
There is a large setup violation of -1.954 ns between tangerineA7_100_i/tangerineSOC_0/inst/nekoRvInst/a_reg[2]_rep__3/C (clocked by clk162_5_tangerineA7_100_clk_wiz_2_0) and tangerineA7_100_i/tangerineSOC_0/inst/axiDMAInst/ch2SaPointer_reg[0]/CE (clocked by clk162_5_tangerineA7_100_clk_wiz_2_0). Large setup violations at the end of those stages might be difficult to fix during the post-placement implementation flow and could be the result of non-optimal XDC constraints or non-optimal design architecture
Related violations: <none>

TIMING-16#451 Warning
Large setup violation  
There is a large setup violation of -1.954 ns between tangerineA7_100_i/tangerineSOC_0/inst/nekoRvInst/a_reg[2]_rep__3/C (clocked by clk162_5_tangerineA7_100_clk_wiz_2_0) and tangerineA7_100_i/tangerineSOC_0/inst/axiDMAInst/ch2SaPointer_reg[1]/CE (clocked by clk162_5_tangerineA7_100_clk_wiz_2_0). Large setup violations at the end of those stages might be difficult to fix during the post-placement implementation flow and could be the result of non-optimal XDC constraints or non-optimal design architecture
Related violations: <none>

TIMING-16#452 Warning
Large setup violation  
There is a large setup violation of -1.954 ns between tangerineA7_100_i/tangerineSOC_0/inst/nekoRvInst/a_reg[2]_rep__3/C (clocked by clk162_5_tangerineA7_100_clk_wiz_2_0) and tangerineA7_100_i/tangerineSOC_0/inst/axiDMAInst/ch2SaPointer_reg[2]/CE (clocked by clk162_5_tangerineA7_100_clk_wiz_2_0). Large setup violations at the end of those stages might be difficult to fix during the post-placement implementation flow and could be the result of non-optimal XDC constraints or non-optimal design architecture
Related violations: <none>

TIMING-16#453 Warning
Large setup violation  
There is a large setup violation of -1.954 ns between tangerineA7_100_i/tangerineSOC_0/inst/nekoRvInst/a_reg[2]_rep__3/C (clocked by clk162_5_tangerineA7_100_clk_wiz_2_0) and tangerineA7_100_i/tangerineSOC_0/inst/axiDMAInst/ch2SaPointer_reg[3]/CE (clocked by clk162_5_tangerineA7_100_clk_wiz_2_0). Large setup violations at the end of those stages might be difficult to fix during the post-placement implementation flow and could be the result of non-optimal XDC constraints or non-optimal design architecture
Related violations: <none>

TIMING-16#454 Warning
Large setup violation  
There is a large setup violation of -1.954 ns between tangerineA7_100_i/tangerineSOC_0/inst/nekoRvInst/a_reg[2]_rep__3/C (clocked by clk162_5_tangerineA7_100_clk_wiz_2_0) and tangerineA7_100_i/tangerineSOC_0/inst/axiDMAInst/ch2SaPointer_reg[5]/CE (clocked by clk162_5_tangerineA7_100_clk_wiz_2_0). Large setup violations at the end of those stages might be difficult to fix during the post-placement implementation flow and could be the result of non-optimal XDC constraints or non-optimal design architecture
Related violations: <none>

TIMING-16#455 Warning
Large setup violation  
There is a large setup violation of -1.954 ns between tangerineA7_100_i/tangerineSOC_0/inst/nekoRvInst/a_reg[2]_rep__3/C (clocked by clk162_5_tangerineA7_100_clk_wiz_2_0) and tangerineA7_100_i/tangerineSOC_0/inst/axiDMAInst/ch2SaPointer_reg[6]/CE (clocked by clk162_5_tangerineA7_100_clk_wiz_2_0). Large setup violations at the end of those stages might be difficult to fix during the post-placement implementation flow and could be the result of non-optimal XDC constraints or non-optimal design architecture
Related violations: <none>

TIMING-16#456 Warning
Large setup violation  
There is a large setup violation of -1.954 ns between tangerineA7_100_i/tangerineSOC_0/inst/nekoRvInst/a_reg[2]_rep__3/C (clocked by clk162_5_tangerineA7_100_clk_wiz_2_0) and tangerineA7_100_i/tangerineSOC_0/inst/axiDMAInst/ch2SaPointer_reg[7]/CE (clocked by clk162_5_tangerineA7_100_clk_wiz_2_0). Large setup violations at the end of those stages might be difficult to fix during the post-placement implementation flow and could be the result of non-optimal XDC constraints or non-optimal design architecture
Related violations: <none>

TIMING-16#457 Warning
Large setup violation  
There is a large setup violation of -1.957 ns between tangerineA7_100_i/tangerineSOC_0/inst/nekoRvInst/a_reg[2]_rep__2/C (clocked by clk162_5_tangerineA7_100_clk_wiz_2_0) and tangerineA7_100_i/tangerineSOC_0/inst/axiDMAInst/ch1DmaPointerStart_reg[0]/CE (clocked by clk162_5_tangerineA7_100_clk_wiz_2_0). Large setup violations at the end of those stages might be difficult to fix during the post-placement implementation flow and could be the result of non-optimal XDC constraints or non-optimal design architecture
Related violations: <none>

TIMING-16#458 Warning
Large setup violation  
There is a large setup violation of -1.957 ns between tangerineA7_100_i/tangerineSOC_0/inst/nekoRvInst/a_reg[2]_rep__2/C (clocked by clk162_5_tangerineA7_100_clk_wiz_2_0) and tangerineA7_100_i/tangerineSOC_0/inst/axiDMAInst/ch1DmaPointerStart_reg[11]/CE (clocked by clk162_5_tangerineA7_100_clk_wiz_2_0). Large setup violations at the end of those stages might be difficult to fix during the post-placement implementation flow and could be the result of non-optimal XDC constraints or non-optimal design architecture
Related violations: <none>

TIMING-16#459 Warning
Large setup violation  
There is a large setup violation of -1.957 ns between tangerineA7_100_i/tangerineSOC_0/inst/nekoRvInst/a_reg[2]_rep__2/C (clocked by clk162_5_tangerineA7_100_clk_wiz_2_0) and tangerineA7_100_i/tangerineSOC_0/inst/axiDMAInst/ch1DmaPointerStart_reg[1]/CE (clocked by clk162_5_tangerineA7_100_clk_wiz_2_0). Large setup violations at the end of those stages might be difficult to fix during the post-placement implementation flow and could be the result of non-optimal XDC constraints or non-optimal design architecture
Related violations: <none>

TIMING-16#460 Warning
Large setup violation  
There is a large setup violation of -1.957 ns between tangerineA7_100_i/tangerineSOC_0/inst/nekoRvInst/a_reg[2]_rep__2/C (clocked by clk162_5_tangerineA7_100_clk_wiz_2_0) and tangerineA7_100_i/tangerineSOC_0/inst/axiDMAInst/ch1DmaPointerStart_reg[2]/CE (clocked by clk162_5_tangerineA7_100_clk_wiz_2_0). Large setup violations at the end of those stages might be difficult to fix during the post-placement implementation flow and could be the result of non-optimal XDC constraints or non-optimal design architecture
Related violations: <none>

TIMING-16#461 Warning
Large setup violation  
There is a large setup violation of -1.957 ns between tangerineA7_100_i/tangerineSOC_0/inst/nekoRvInst/a_reg[2]_rep__2/C (clocked by clk162_5_tangerineA7_100_clk_wiz_2_0) and tangerineA7_100_i/tangerineSOC_0/inst/axiDMAInst/ch1DmaPointerStart_reg[31]/CE (clocked by clk162_5_tangerineA7_100_clk_wiz_2_0). Large setup violations at the end of those stages might be difficult to fix during the post-placement implementation flow and could be the result of non-optimal XDC constraints or non-optimal design architecture
Related violations: <none>

TIMING-16#462 Warning
Large setup violation  
There is a large setup violation of -1.957 ns between tangerineA7_100_i/tangerineSOC_0/inst/nekoRvInst/a_reg[2]_rep__2/C (clocked by clk162_5_tangerineA7_100_clk_wiz_2_0) and tangerineA7_100_i/tangerineSOC_0/inst/axiDMAInst/ch1DmaPointerStart_reg[3]/CE (clocked by clk162_5_tangerineA7_100_clk_wiz_2_0). Large setup violations at the end of those stages might be difficult to fix during the post-placement implementation flow and could be the result of non-optimal XDC constraints or non-optimal design architecture
Related violations: <none>

TIMING-16#463 Warning
Large setup violation  
There is a large setup violation of -1.957 ns between tangerineA7_100_i/tangerineSOC_0/inst/nekoRvInst/a_reg[2]_rep__2/C (clocked by clk162_5_tangerineA7_100_clk_wiz_2_0) and tangerineA7_100_i/tangerineSOC_0/inst/axiDMAInst/ch1DmaPointerStart_reg[7]/CE (clocked by clk162_5_tangerineA7_100_clk_wiz_2_0). Large setup violations at the end of those stages might be difficult to fix during the post-placement implementation flow and could be the result of non-optimal XDC constraints or non-optimal design architecture
Related violations: <none>

TIMING-16#464 Warning
Large setup violation  
There is a large setup violation of -1.958 ns between tangerineA7_100_i/tangerineSOC_0/inst/axiDMAInst/triggerCacheFlush_reg_rep__17/C (clocked by clk162_5_tangerineA7_100_clk_wiz_2_0) and tangerineA7_100_i/tangerineSOC_0/inst/axiDMAInst/cacheValidWay3_reg[189]/D (clocked by clk_pll_i). Large setup violations at the end of those stages might be difficult to fix during the post-placement implementation flow and could be the result of non-optimal XDC constraints or non-optimal design architecture
Related violations: <none>

TIMING-16#465 Warning
Large setup violation  
There is a large setup violation of -1.959 ns between tangerineA7_100_i/tangerineSOC_0/inst/axiDMAInst/triggerCacheFlush_reg_rep__17/C (clocked by clk162_5_tangerineA7_100_clk_wiz_2_0) and tangerineA7_100_i/tangerineSOC_0/inst/axiDMAInst/cacheValidWay3_reg[215]/D (clocked by clk_pll_i). Large setup violations at the end of those stages might be difficult to fix during the post-placement implementation flow and could be the result of non-optimal XDC constraints or non-optimal design architecture
Related violations: <none>

TIMING-16#466 Warning
Large setup violation  
There is a large setup violation of -1.962 ns between tangerineA7_100_i/tangerineSOC_0/inst/axiDMAInst/cacheDIn_reg[30]/C (clocked by clk_pll_i) and tangerineA7_100_i/tangerineSOC_0/inst/axiDMAInst/cacheDataRamW1Inst/U0/inst_blk_mem_gen/gnbram.gnativebmg.native_blk_mem_gen/valid.cstr/ramloop[7].ram.r/prim_noinit.ram/DEVICE_7SERIES.NO_BMM_INFO.TRUE_DP.SIMPLE_PRIM36.ram/DIADI[6] (clocked by clk162_5_tangerineA7_100_clk_wiz_2_0). Large setup violations at the end of those stages might be difficult to fix during the post-placement implementation flow and could be the result of non-optimal XDC constraints or non-optimal design architecture
Related violations: <none>

TIMING-16#467 Warning
Large setup violation  
There is a large setup violation of -1.962 ns between tangerineA7_100_i/tangerineSOC_0/inst/nekoRvInst/a_reg[2]_rep__2/C (clocked by clk162_5_tangerineA7_100_clk_wiz_2_0) and tangerineA7_100_i/tangerineSOC_0/inst/axiDMAInst/ch2Input0_reg[0]/CE (clocked by clk162_5_tangerineA7_100_clk_wiz_2_0). Large setup violations at the end of those stages might be difficult to fix during the post-placement implementation flow and could be the result of non-optimal XDC constraints or non-optimal design architecture
Related violations: <none>

TIMING-16#468 Warning
Large setup violation  
There is a large setup violation of -1.962 ns between tangerineA7_100_i/tangerineSOC_0/inst/nekoRvInst/a_reg[2]_rep__2/C (clocked by clk162_5_tangerineA7_100_clk_wiz_2_0) and tangerineA7_100_i/tangerineSOC_0/inst/axiDMAInst/ch2Input0_reg[21]/CE (clocked by clk162_5_tangerineA7_100_clk_wiz_2_0). Large setup violations at the end of those stages might be difficult to fix during the post-placement implementation flow and could be the result of non-optimal XDC constraints or non-optimal design architecture
Related violations: <none>

TIMING-16#469 Warning
Large setup violation  
There is a large setup violation of -1.962 ns between tangerineA7_100_i/tangerineSOC_0/inst/nekoRvInst/a_reg[2]_rep__2/C (clocked by clk162_5_tangerineA7_100_clk_wiz_2_0) and tangerineA7_100_i/tangerineSOC_0/inst/axiDMAInst/ch2Input0_reg[22]/CE (clocked by clk162_5_tangerineA7_100_clk_wiz_2_0). Large setup violations at the end of those stages might be difficult to fix during the post-placement implementation flow and could be the result of non-optimal XDC constraints or non-optimal design architecture
Related violations: <none>

TIMING-16#470 Warning
Large setup violation  
There is a large setup violation of -1.962 ns between tangerineA7_100_i/tangerineSOC_0/inst/nekoRvInst/a_reg[2]_rep__2/C (clocked by clk162_5_tangerineA7_100_clk_wiz_2_0) and tangerineA7_100_i/tangerineSOC_0/inst/axiDMAInst/ch2Input0_reg[27]/CE (clocked by clk162_5_tangerineA7_100_clk_wiz_2_0). Large setup violations at the end of those stages might be difficult to fix during the post-placement implementation flow and could be the result of non-optimal XDC constraints or non-optimal design architecture
Related violations: <none>

TIMING-16#471 Warning
Large setup violation  
There is a large setup violation of -1.962 ns between tangerineA7_100_i/tangerineSOC_0/inst/nekoRvInst/a_reg[2]_rep__2/C (clocked by clk162_5_tangerineA7_100_clk_wiz_2_0) and tangerineA7_100_i/tangerineSOC_0/inst/axiDMAInst/ch2Input0_reg[29]/CE (clocked by clk162_5_tangerineA7_100_clk_wiz_2_0). Large setup violations at the end of those stages might be difficult to fix during the post-placement implementation flow and could be the result of non-optimal XDC constraints or non-optimal design architecture
Related violations: <none>

TIMING-16#472 Warning
Large setup violation  
There is a large setup violation of -1.968 ns between tangerineA7_100_i/tangerineSOC_0/inst/axiDMAInst/cacheA_reg[5]/C (clocked by clk_pll_i) and tangerineA7_100_i/tangerineSOC_0/inst/axiDMAInst/cacheDataRamW1Inst/U0/inst_blk_mem_gen/gnbram.gnativebmg.native_blk_mem_gen/valid.cstr/ramloop[2].ram.r/prim_noinit.ram/DEVICE_7SERIES.NO_BMM_INFO.TRUE_DP.SIMPLE_PRIM36.ram/ADDRARDADDR[6] (clocked by clk162_5_tangerineA7_100_clk_wiz_2_0). Large setup violations at the end of those stages might be difficult to fix during the post-placement implementation flow and could be the result of non-optimal XDC constraints or non-optimal design architecture
Related violations: <none>

TIMING-16#473 Warning
Large setup violation  
There is a large setup violation of -1.969 ns between tangerineA7_100_i/tangerineSOC_0/inst/nekoRvInst/a_reg[2]_rep__2/C (clocked by clk162_5_tangerineA7_100_clk_wiz_2_0) and tangerineA7_100_i/tangerineSOC_0/inst/axiDMAInst/ch2Input0_reg[0]_rep__0/CE (clocked by clk162_5_tangerineA7_100_clk_wiz_2_0). Large setup violations at the end of those stages might be difficult to fix during the post-placement implementation flow and could be the result of non-optimal XDC constraints or non-optimal design architecture
Related violations: <none>

TIMING-16#474 Warning
Large setup violation  
There is a large setup violation of -1.969 ns between tangerineA7_100_i/tangerineSOC_0/inst/nekoRvInst/a_reg[2]_rep__2/C (clocked by clk162_5_tangerineA7_100_clk_wiz_2_0) and tangerineA7_100_i/tangerineSOC_0/inst/axiDMAInst/ch2Input0_reg[1]_rep__0/CE (clocked by clk162_5_tangerineA7_100_clk_wiz_2_0). Large setup violations at the end of those stages might be difficult to fix during the post-placement implementation flow and could be the result of non-optimal XDC constraints or non-optimal design architecture
Related violations: <none>

TIMING-16#475 Warning
Large setup violation  
There is a large setup violation of -1.969 ns between tangerineA7_100_i/tangerineSOC_0/inst/nekoRvInst/a_reg[2]_rep__2/C (clocked by clk162_5_tangerineA7_100_clk_wiz_2_0) and tangerineA7_100_i/tangerineSOC_0/inst/axiDMAInst/ch2Input0_reg[5]/CE (clocked by clk162_5_tangerineA7_100_clk_wiz_2_0). Large setup violations at the end of those stages might be difficult to fix during the post-placement implementation flow and could be the result of non-optimal XDC constraints or non-optimal design architecture
Related violations: <none>

TIMING-16#476 Warning
Large setup violation  
There is a large setup violation of -1.974 ns between tangerineA7_100_i/tangerineSOC_0/inst/axiDMAInst/cacheDIn_reg[5]/C (clocked by clk_pll_i) and tangerineA7_100_i/tangerineSOC_0/inst/axiDMAInst/cacheDataRamW2Inst/U0/inst_blk_mem_gen/gnbram.gnativebmg.native_blk_mem_gen/valid.cstr/ramloop[1].ram.r/prim_noinit.ram/DEVICE_7SERIES.NO_BMM_INFO.TRUE_DP.SIMPLE_PRIM36.ram/DIADI[5] (clocked by clk162_5_tangerineA7_100_clk_wiz_2_0). Large setup violations at the end of those stages might be difficult to fix during the post-placement implementation flow and could be the result of non-optimal XDC constraints or non-optimal design architecture
Related violations: <none>

TIMING-16#477 Warning
Large setup violation  
There is a large setup violation of -1.990 ns between tangerineA7_100_i/tangerineSOC_0/inst/axiDMAInst/cacheA_reg[3]/C (clocked by clk_pll_i) and tangerineA7_100_i/tangerineSOC_0/inst/axiDMAInst/cacheDataRamW3Inst/U0/inst_blk_mem_gen/gnbram.gnativebmg.native_blk_mem_gen/valid.cstr/ramloop[3].ram.r/prim_noinit.ram/DEVICE_7SERIES.NO_BMM_INFO.TRUE_DP.SIMPLE_PRIM36.ram/ADDRARDADDR[4] (clocked by clk162_5_tangerineA7_100_clk_wiz_2_0). Large setup violations at the end of those stages might be difficult to fix during the post-placement implementation flow and could be the result of non-optimal XDC constraints or non-optimal design architecture
Related violations: <none>

TIMING-16#478 Warning
Large setup violation  
There is a large setup violation of -1.990 ns between tangerineA7_100_i/tangerineSOC_0/inst/nekoRvInst/a_reg[2]_rep__2/C (clocked by clk162_5_tangerineA7_100_clk_wiz_2_0) and tangerineA7_100_i/tangerineSOC_0/inst/axiDMAInst/ch1DmaPointerStart_reg[13]/CE (clocked by clk162_5_tangerineA7_100_clk_wiz_2_0). Large setup violations at the end of those stages might be difficult to fix during the post-placement implementation flow and could be the result of non-optimal XDC constraints or non-optimal design architecture
Related violations: <none>

TIMING-16#479 Warning
Large setup violation  
There is a large setup violation of -1.990 ns between tangerineA7_100_i/tangerineSOC_0/inst/nekoRvInst/a_reg[2]_rep__2/C (clocked by clk162_5_tangerineA7_100_clk_wiz_2_0) and tangerineA7_100_i/tangerineSOC_0/inst/axiDMAInst/ch1DmaPointerStart_reg[14]/CE (clocked by clk162_5_tangerineA7_100_clk_wiz_2_0). Large setup violations at the end of those stages might be difficult to fix during the post-placement implementation flow and could be the result of non-optimal XDC constraints or non-optimal design architecture
Related violations: <none>

TIMING-16#480 Warning
Large setup violation  
There is a large setup violation of -1.990 ns between tangerineA7_100_i/tangerineSOC_0/inst/nekoRvInst/a_reg[2]_rep__2/C (clocked by clk162_5_tangerineA7_100_clk_wiz_2_0) and tangerineA7_100_i/tangerineSOC_0/inst/axiDMAInst/ch1DmaPointerStart_reg[15]/CE (clocked by clk162_5_tangerineA7_100_clk_wiz_2_0). Large setup violations at the end of those stages might be difficult to fix during the post-placement implementation flow and could be the result of non-optimal XDC constraints or non-optimal design architecture
Related violations: <none>

TIMING-16#481 Warning
Large setup violation  
There is a large setup violation of -1.990 ns between tangerineA7_100_i/tangerineSOC_0/inst/nekoRvInst/a_reg[2]_rep__2/C (clocked by clk162_5_tangerineA7_100_clk_wiz_2_0) and tangerineA7_100_i/tangerineSOC_0/inst/axiDMAInst/ch1DmaPointerStart_reg[4]/CE (clocked by clk162_5_tangerineA7_100_clk_wiz_2_0). Large setup violations at the end of those stages might be difficult to fix during the post-placement implementation flow and could be the result of non-optimal XDC constraints or non-optimal design architecture
Related violations: <none>

TIMING-16#482 Warning
Large setup violation  
There is a large setup violation of -1.990 ns between tangerineA7_100_i/tangerineSOC_0/inst/nekoRvInst/a_reg[2]_rep__2/C (clocked by clk162_5_tangerineA7_100_clk_wiz_2_0) and tangerineA7_100_i/tangerineSOC_0/inst/axiDMAInst/ch1DmaPointerStart_reg[6]/CE (clocked by clk162_5_tangerineA7_100_clk_wiz_2_0). Large setup violations at the end of those stages might be difficult to fix during the post-placement implementation flow and could be the result of non-optimal XDC constraints or non-optimal design architecture
Related violations: <none>

TIMING-16#483 Warning
Large setup violation  
There is a large setup violation of -1.992 ns between tangerineA7_100_i/tangerineSOC_0/inst/nekoRvInst/a_reg[2]_rep__2/C (clocked by clk162_5_tangerineA7_100_clk_wiz_2_0) and tangerineA7_100_i/tangerineSOC_0/inst/axiDMAInst/ch2Input0_reg[115]/CE (clocked by clk162_5_tangerineA7_100_clk_wiz_2_0). Large setup violations at the end of those stages might be difficult to fix during the post-placement implementation flow and could be the result of non-optimal XDC constraints or non-optimal design architecture
Related violations: <none>

TIMING-16#484 Warning
Large setup violation  
There is a large setup violation of -1.993 ns between tangerineA7_100_i/tangerineSOC_0/inst/axiDMAInst/ch2Input0_reg[1]/C (clocked by clk162_5_tangerineA7_100_clk_wiz_2_0) and tangerineA7_100_i/tangerineSOC_0/inst/axiDMAInst/ch2BufDOut_reg[85]/D (clocked by clk_pll_i). Large setup violations at the end of those stages might be difficult to fix during the post-placement implementation flow and could be the result of non-optimal XDC constraints or non-optimal design architecture
Related violations: <none>

TIMING-16#485 Warning
Large setup violation  
There is a large setup violation of -1.994 ns between tangerineA7_100_i/tangerineSOC_0/inst/nekoRvInst/a_reg[2]_rep__2/C (clocked by clk162_5_tangerineA7_100_clk_wiz_2_0) and tangerineA7_100_i/tangerineSOC_0/inst/axiDMAInst/ch2DaPointer_reg[10]/CE (clocked by clk162_5_tangerineA7_100_clk_wiz_2_0). Large setup violations at the end of those stages might be difficult to fix during the post-placement implementation flow and could be the result of non-optimal XDC constraints or non-optimal design architecture
Related violations: <none>

TIMING-16#486 Warning
Large setup violation  
There is a large setup violation of -1.994 ns between tangerineA7_100_i/tangerineSOC_0/inst/nekoRvInst/a_reg[2]_rep__2/C (clocked by clk162_5_tangerineA7_100_clk_wiz_2_0) and tangerineA7_100_i/tangerineSOC_0/inst/axiDMAInst/ch2DaPointer_reg[18]/CE (clocked by clk162_5_tangerineA7_100_clk_wiz_2_0). Large setup violations at the end of those stages might be difficult to fix during the post-placement implementation flow and could be the result of non-optimal XDC constraints or non-optimal design architecture
Related violations: <none>

TIMING-16#487 Warning
Large setup violation  
There is a large setup violation of -1.994 ns between tangerineA7_100_i/tangerineSOC_0/inst/nekoRvInst/a_reg[2]_rep__2/C (clocked by clk162_5_tangerineA7_100_clk_wiz_2_0) and tangerineA7_100_i/tangerineSOC_0/inst/axiDMAInst/ch2DaPointer_reg[19]/CE (clocked by clk162_5_tangerineA7_100_clk_wiz_2_0). Large setup violations at the end of those stages might be difficult to fix during the post-placement implementation flow and could be the result of non-optimal XDC constraints or non-optimal design architecture
Related violations: <none>

TIMING-16#488 Warning
Large setup violation  
There is a large setup violation of -1.994 ns between tangerineA7_100_i/tangerineSOC_0/inst/nekoRvInst/a_reg[2]_rep__2/C (clocked by clk162_5_tangerineA7_100_clk_wiz_2_0) and tangerineA7_100_i/tangerineSOC_0/inst/axiDMAInst/ch2DaPointer_reg[22]/CE (clocked by clk162_5_tangerineA7_100_clk_wiz_2_0). Large setup violations at the end of those stages might be difficult to fix during the post-placement implementation flow and could be the result of non-optimal XDC constraints or non-optimal design architecture
Related violations: <none>

TIMING-16#489 Warning
Large setup violation  
There is a large setup violation of -1.997 ns between tangerineA7_100_i/tangerineSOC_0/inst/nekoRvInst/dout_reg[12]/C (clocked by clk162_5_tangerineA7_100_clk_wiz_2_0) and tangerineA7_100_i/tangerineSOC_0/inst/axiDMAInst/cacheDIn_reg[12]/D (clocked by clk_pll_i). Large setup violations at the end of those stages might be difficult to fix during the post-placement implementation flow and could be the result of non-optimal XDC constraints or non-optimal design architecture
Related violations: <none>

TIMING-16#490 Warning
Large setup violation  
There is a large setup violation of -1.999 ns between tangerineA7_100_i/tangerineSOC_0/inst/nekoRvInst/a_reg[2]_rep__2/C (clocked by clk162_5_tangerineA7_100_clk_wiz_2_0) and tangerineA7_100_i/tangerineSOC_0/inst/axiDMAInst/ch2Input0_reg[114]/CE (clocked by clk162_5_tangerineA7_100_clk_wiz_2_0). Large setup violations at the end of those stages might be difficult to fix during the post-placement implementation flow and could be the result of non-optimal XDC constraints or non-optimal design architecture
Related violations: <none>

TIMING-16#491 Warning
Large setup violation  
There is a large setup violation of -1.999 ns between tangerineA7_100_i/tangerineSOC_0/inst/nekoRvInst/a_reg[2]_rep__2/C (clocked by clk162_5_tangerineA7_100_clk_wiz_2_0) and tangerineA7_100_i/tangerineSOC_0/inst/axiDMAInst/ch2Input0_reg[116]/CE (clocked by clk162_5_tangerineA7_100_clk_wiz_2_0). Large setup violations at the end of those stages might be difficult to fix during the post-placement implementation flow and could be the result of non-optimal XDC constraints or non-optimal design architecture
Related violations: <none>

TIMING-16#492 Warning
Large setup violation  
There is a large setup violation of -2.016 ns between tangerineA7_100_i/tangerineSOC_0/inst/nekoRvInst/a_reg[2]_rep__2/C (clocked by clk162_5_tangerineA7_100_clk_wiz_2_0) and tangerineA7_100_i/tangerineSOC_0/inst/axiDMAInst/ch2Input0_reg[18]/CE (clocked by clk162_5_tangerineA7_100_clk_wiz_2_0). Large setup violations at the end of those stages might be difficult to fix during the post-placement implementation flow and could be the result of non-optimal XDC constraints or non-optimal design architecture
Related violations: <none>

TIMING-16#493 Warning
Large setup violation  
There is a large setup violation of -2.016 ns between tangerineA7_100_i/tangerineSOC_0/inst/nekoRvInst/a_reg[2]_rep__2/C (clocked by clk162_5_tangerineA7_100_clk_wiz_2_0) and tangerineA7_100_i/tangerineSOC_0/inst/axiDMAInst/ch2Input0_reg[19]/CE (clocked by clk162_5_tangerineA7_100_clk_wiz_2_0). Large setup violations at the end of those stages might be difficult to fix during the post-placement implementation flow and could be the result of non-optimal XDC constraints or non-optimal design architecture
Related violations: <none>

TIMING-16#494 Warning
Large setup violation  
There is a large setup violation of -2.016 ns between tangerineA7_100_i/tangerineSOC_0/inst/nekoRvInst/a_reg[2]_rep__2/C (clocked by clk162_5_tangerineA7_100_clk_wiz_2_0) and tangerineA7_100_i/tangerineSOC_0/inst/axiDMAInst/ch2Input0_reg[23]/CE (clocked by clk162_5_tangerineA7_100_clk_wiz_2_0). Large setup violations at the end of those stages might be difficult to fix during the post-placement implementation flow and could be the result of non-optimal XDC constraints or non-optimal design architecture
Related violations: <none>

TIMING-16#495 Warning
Large setup violation  
There is a large setup violation of -2.020 ns between tangerineA7_100_i/tangerineSOC_0/inst/blitterInst/bltDmaA_reg[6]/C (clocked by clk162_5_tangerineA7_100_clk_wiz_2_0) and tangerineA7_100_i/tangerineSOC_0/inst/axiDMAInst/cacheA_reg[6]_rep__2_replica_1/D (clocked by clk_pll_i). Large setup violations at the end of those stages might be difficult to fix during the post-placement implementation flow and could be the result of non-optimal XDC constraints or non-optimal design architecture
Related violations: <none>

TIMING-16#496 Warning
Large setup violation  
There is a large setup violation of -2.030 ns between tangerineA7_100_i/tangerineSOC_0/inst/nekoRvInst/a_reg[2]_rep__2/C (clocked by clk162_5_tangerineA7_100_clk_wiz_2_0) and tangerineA7_100_i/tangerineSOC_0/inst/axiDMAInst/ch2DaPointer_reg[12]/CE (clocked by clk162_5_tangerineA7_100_clk_wiz_2_0). Large setup violations at the end of those stages might be difficult to fix during the post-placement implementation flow and could be the result of non-optimal XDC constraints or non-optimal design architecture
Related violations: <none>

TIMING-16#497 Warning
Large setup violation  
There is a large setup violation of -2.030 ns between tangerineA7_100_i/tangerineSOC_0/inst/nekoRvInst/a_reg[2]_rep__2/C (clocked by clk162_5_tangerineA7_100_clk_wiz_2_0) and tangerineA7_100_i/tangerineSOC_0/inst/axiDMAInst/ch2DaPointer_reg[13]/CE (clocked by clk162_5_tangerineA7_100_clk_wiz_2_0). Large setup violations at the end of those stages might be difficult to fix during the post-placement implementation flow and could be the result of non-optimal XDC constraints or non-optimal design architecture
Related violations: <none>

TIMING-16#498 Warning
Large setup violation  
There is a large setup violation of -2.030 ns between tangerineA7_100_i/tangerineSOC_0/inst/nekoRvInst/a_reg[2]_rep__2/C (clocked by clk162_5_tangerineA7_100_clk_wiz_2_0) and tangerineA7_100_i/tangerineSOC_0/inst/axiDMAInst/ch2DaPointer_reg[15]/CE (clocked by clk162_5_tangerineA7_100_clk_wiz_2_0). Large setup violations at the end of those stages might be difficult to fix during the post-placement implementation flow and could be the result of non-optimal XDC constraints or non-optimal design architecture
Related violations: <none>

TIMING-16#499 Warning
Large setup violation  
There is a large setup violation of -2.030 ns between tangerineA7_100_i/tangerineSOC_0/inst/nekoRvInst/a_reg[2]_rep__2/C (clocked by clk162_5_tangerineA7_100_clk_wiz_2_0) and tangerineA7_100_i/tangerineSOC_0/inst/axiDMAInst/ch2DaPointer_reg[25]/CE (clocked by clk162_5_tangerineA7_100_clk_wiz_2_0). Large setup violations at the end of those stages might be difficult to fix during the post-placement implementation flow and could be the result of non-optimal XDC constraints or non-optimal design architecture
Related violations: <none>

TIMING-16#500 Warning
Large setup violation  
There is a large setup violation of -2.042 ns between tangerineA7_100_i/tangerineSOC_0/inst/axiDMAInst/cacheA_reg[13]/C (clocked by clk_pll_i) and tangerineA7_100_i/tangerineSOC_0/inst/axiDMAInst/cacheDataRamW3Inst/U0/inst_blk_mem_gen/gnbram.gnativebmg.native_blk_mem_gen/valid.cstr/ramloop[7].ram.r/prim_noinit.ram/DEVICE_7SERIES.NO_BMM_INFO.TRUE_DP.SIMPLE_PRIM36.ram/ADDRARDADDR[14] (clocked by clk162_5_tangerineA7_100_clk_wiz_2_0). Large setup violations at the end of those stages might be difficult to fix during the post-placement implementation flow and could be the result of non-optimal XDC constraints or non-optimal design architecture
Related violations: <none>

TIMING-16#501 Warning
Large setup violation  
There is a large setup violation of -2.058 ns between tangerineA7_100_i/tangerineSOC_0/inst/nekoRvInst/a_reg[2]_rep__2/C (clocked by clk162_5_tangerineA7_100_clk_wiz_2_0) and tangerineA7_100_i/tangerineSOC_0/inst/axiDMAInst/ch2Input0_reg[26]/CE (clocked by clk162_5_tangerineA7_100_clk_wiz_2_0). Large setup violations at the end of those stages might be difficult to fix during the post-placement implementation flow and could be the result of non-optimal XDC constraints or non-optimal design architecture
Related violations: <none>

TIMING-16#502 Warning
Large setup violation  
There is a large setup violation of -2.058 ns between tangerineA7_100_i/tangerineSOC_0/inst/nekoRvInst/a_reg[2]_rep__2/C (clocked by clk162_5_tangerineA7_100_clk_wiz_2_0) and tangerineA7_100_i/tangerineSOC_0/inst/axiDMAInst/ch2Input0_reg[30]/CE (clocked by clk162_5_tangerineA7_100_clk_wiz_2_0). Large setup violations at the end of those stages might be difficult to fix during the post-placement implementation flow and could be the result of non-optimal XDC constraints or non-optimal design architecture
Related violations: <none>

TIMING-16#503 Warning
Large setup violation  
There is a large setup violation of -2.058 ns between tangerineA7_100_i/tangerineSOC_0/inst/nekoRvInst/a_reg[2]_rep__2/C (clocked by clk162_5_tangerineA7_100_clk_wiz_2_0) and tangerineA7_100_i/tangerineSOC_0/inst/axiDMAInst/ch2Input0_reg[31]/CE (clocked by clk162_5_tangerineA7_100_clk_wiz_2_0). Large setup violations at the end of those stages might be difficult to fix during the post-placement implementation flow and could be the result of non-optimal XDC constraints or non-optimal design architecture
Related violations: <none>

TIMING-16#504 Warning
Large setup violation  
There is a large setup violation of -2.061 ns between tangerineA7_100_i/tangerineSOC_0/inst/nekoRvInst/a_reg[7]_replica_3/C (clocked by clk162_5_tangerineA7_100_clk_wiz_2_0) and tangerineA7_100_i/tangerineSOC_0/inst/axiDMAInst/ch2DmaRequest_reg/D (clocked by clk162_5_tangerineA7_100_clk_wiz_2_0). Large setup violations at the end of those stages might be difficult to fix during the post-placement implementation flow and could be the result of non-optimal XDC constraints or non-optimal design architecture
Related violations: <none>

TIMING-16#505 Warning
Large setup violation  
There is a large setup violation of -2.070 ns between tangerineA7_100_i/tangerineSOC_0/inst/axiDMAInst/ch2Input0_reg[1]/C (clocked by clk162_5_tangerineA7_100_clk_wiz_2_0) and tangerineA7_100_i/tangerineSOC_0/inst/axiDMAInst/ch2BufDOut_reg[81]/D (clocked by clk_pll_i). Large setup violations at the end of those stages might be difficult to fix during the post-placement implementation flow and could be the result of non-optimal XDC constraints or non-optimal design architecture
Related violations: <none>

TIMING-16#506 Warning
Large setup violation  
There is a large setup violation of -2.072 ns between tangerineA7_100_i/tangerineSOC_0/inst/nekoRvInst/a_reg[2]_rep__2/C (clocked by clk162_5_tangerineA7_100_clk_wiz_2_0) and tangerineA7_100_i/tangerineSOC_0/inst/axiDMAInst/ch1DmaRequestPtrAdd_reg[15]/CE (clocked by clk162_5_tangerineA7_100_clk_wiz_2_0). Large setup violations at the end of those stages might be difficult to fix during the post-placement implementation flow and could be the result of non-optimal XDC constraints or non-optimal design architecture
Related violations: <none>

TIMING-16#507 Warning
Large setup violation  
There is a large setup violation of -2.072 ns between tangerineA7_100_i/tangerineSOC_0/inst/nekoRvInst/a_reg[2]_rep__2/C (clocked by clk162_5_tangerineA7_100_clk_wiz_2_0) and tangerineA7_100_i/tangerineSOC_0/inst/axiDMAInst/ch1DmaRequestPtrAdd_reg[1]/CE (clocked by clk162_5_tangerineA7_100_clk_wiz_2_0). Large setup violations at the end of those stages might be difficult to fix during the post-placement implementation flow and could be the result of non-optimal XDC constraints or non-optimal design architecture
Related violations: <none>

TIMING-16#508 Warning
Large setup violation  
There is a large setup violation of -2.072 ns between tangerineA7_100_i/tangerineSOC_0/inst/nekoRvInst/a_reg[2]_rep__2/C (clocked by clk162_5_tangerineA7_100_clk_wiz_2_0) and tangerineA7_100_i/tangerineSOC_0/inst/axiDMAInst/ch1DmaRequestPtrAdd_reg[2]/CE (clocked by clk162_5_tangerineA7_100_clk_wiz_2_0). Large setup violations at the end of those stages might be difficult to fix during the post-placement implementation flow and could be the result of non-optimal XDC constraints or non-optimal design architecture
Related violations: <none>

TIMING-16#509 Warning
Large setup violation  
There is a large setup violation of -2.072 ns between tangerineA7_100_i/tangerineSOC_0/inst/nekoRvInst/a_reg[2]_rep__2/C (clocked by clk162_5_tangerineA7_100_clk_wiz_2_0) and tangerineA7_100_i/tangerineSOC_0/inst/axiDMAInst/ch1DmaRequestPtrAdd_reg[6]/CE (clocked by clk162_5_tangerineA7_100_clk_wiz_2_0). Large setup violations at the end of those stages might be difficult to fix during the post-placement implementation flow and could be the result of non-optimal XDC constraints or non-optimal design architecture
Related violations: <none>

TIMING-16#510 Warning
Large setup violation  
There is a large setup violation of -2.089 ns between tangerineA7_100_i/tangerineSOC_0/inst/axiDMAInst/cacheA_reg[2]/C (clocked by clk_pll_i) and tangerineA7_100_i/tangerineSOC_0/inst/axiDMAInst/cacheDataRamW1Inst/U0/inst_blk_mem_gen/gnbram.gnativebmg.native_blk_mem_gen/valid.cstr/ramloop[2].ram.r/prim_noinit.ram/DEVICE_7SERIES.NO_BMM_INFO.TRUE_DP.SIMPLE_PRIM36.ram/ADDRARDADDR[3] (clocked by clk162_5_tangerineA7_100_clk_wiz_2_0). Large setup violations at the end of those stages might be difficult to fix during the post-placement implementation flow and could be the result of non-optimal XDC constraints or non-optimal design architecture
Related violations: <none>

TIMING-16#511 Warning
Large setup violation  
There is a large setup violation of -2.091 ns between tangerineA7_100_i/tangerineMIGWrapper_0/inst/tangerineMIGInst/u_mig_7series_tangerine_mig/u_memc_ui_top_axi/u_axi_mc/USE_UPSIZER.upsizer_d2/USE_READ.read_data_inst/use_wrap_buffer_reg/C (clocked by clk_pll_i) and tangerineA7_100_i/tangerineSOC_0/inst/axiDMAInst/cacheWay2DInb_reg[97]/D (clocked by clk_pll_i). Large setup violations at the end of those stages might be difficult to fix during the post-placement implementation flow and could be the result of non-optimal XDC constraints or non-optimal design architecture
Related violations: <none>

TIMING-16#512 Warning
Large setup violation  
There is a large setup violation of -2.097 ns between tangerineA7_100_i/tangerineSOC_0/inst/nekoRvInst/a_reg[7]_replica_3/C (clocked by clk162_5_tangerineA7_100_clk_wiz_2_0) and tangerineA7_100_i/tangerineSOC_0/inst/axiDMAInst/cacheEnabled_reg/D (clocked by clk162_5_tangerineA7_100_clk_wiz_2_0). Large setup violations at the end of those stages might be difficult to fix during the post-placement implementation flow and could be the result of non-optimal XDC constraints or non-optimal design architecture
Related violations: <none>

TIMING-16#513 Warning
Large setup violation  
There is a large setup violation of -2.106 ns between tangerineA7_100_i/tangerineSOC_0/inst/nekoRvInst/a_reg[2]_rep__2/C (clocked by clk162_5_tangerineA7_100_clk_wiz_2_0) and tangerineA7_100_i/tangerineSOC_0/inst/axiDMAInst/ch2Input0_reg[120]/CE (clocked by clk162_5_tangerineA7_100_clk_wiz_2_0). Large setup violations at the end of those stages might be difficult to fix during the post-placement implementation flow and could be the result of non-optimal XDC constraints or non-optimal design architecture
Related violations: <none>

TIMING-16#514 Warning
Large setup violation  
There is a large setup violation of -2.106 ns between tangerineA7_100_i/tangerineSOC_0/inst/nekoRvInst/a_reg[2]_rep__2/C (clocked by clk162_5_tangerineA7_100_clk_wiz_2_0) and tangerineA7_100_i/tangerineSOC_0/inst/axiDMAInst/ch2Input0_reg[121]/CE (clocked by clk162_5_tangerineA7_100_clk_wiz_2_0). Large setup violations at the end of those stages might be difficult to fix during the post-placement implementation flow and could be the result of non-optimal XDC constraints or non-optimal design architecture
Related violations: <none>

TIMING-16#515 Warning
Large setup violation  
There is a large setup violation of -2.106 ns between tangerineA7_100_i/tangerineSOC_0/inst/nekoRvInst/a_reg[2]_rep__2/C (clocked by clk162_5_tangerineA7_100_clk_wiz_2_0) and tangerineA7_100_i/tangerineSOC_0/inst/axiDMAInst/ch2Input0_reg[122]/CE (clocked by clk162_5_tangerineA7_100_clk_wiz_2_0). Large setup violations at the end of those stages might be difficult to fix during the post-placement implementation flow and could be the result of non-optimal XDC constraints or non-optimal design architecture
Related violations: <none>

TIMING-16#516 Warning
Large setup violation  
There is a large setup violation of -2.106 ns between tangerineA7_100_i/tangerineSOC_0/inst/nekoRvInst/a_reg[2]_rep__2/C (clocked by clk162_5_tangerineA7_100_clk_wiz_2_0) and tangerineA7_100_i/tangerineSOC_0/inst/axiDMAInst/ch2Input0_reg[123]/CE (clocked by clk162_5_tangerineA7_100_clk_wiz_2_0). Large setup violations at the end of those stages might be difficult to fix during the post-placement implementation flow and could be the result of non-optimal XDC constraints or non-optimal design architecture
Related violations: <none>

TIMING-16#517 Warning
Large setup violation  
There is a large setup violation of -2.106 ns between tangerineA7_100_i/tangerineSOC_0/inst/nekoRvInst/a_reg[2]_rep__2/C (clocked by clk162_5_tangerineA7_100_clk_wiz_2_0) and tangerineA7_100_i/tangerineSOC_0/inst/axiDMAInst/ch2Input0_reg[124]/CE (clocked by clk162_5_tangerineA7_100_clk_wiz_2_0). Large setup violations at the end of those stages might be difficult to fix during the post-placement implementation flow and could be the result of non-optimal XDC constraints or non-optimal design architecture
Related violations: <none>

TIMING-16#518 Warning
Large setup violation  
There is a large setup violation of -2.106 ns between tangerineA7_100_i/tangerineSOC_0/inst/nekoRvInst/a_reg[2]_rep__2/C (clocked by clk162_5_tangerineA7_100_clk_wiz_2_0) and tangerineA7_100_i/tangerineSOC_0/inst/axiDMAInst/ch2Input0_reg[125]/CE (clocked by clk162_5_tangerineA7_100_clk_wiz_2_0). Large setup violations at the end of those stages might be difficult to fix during the post-placement implementation flow and could be the result of non-optimal XDC constraints or non-optimal design architecture
Related violations: <none>

TIMING-16#519 Warning
Large setup violation  
There is a large setup violation of -2.106 ns between tangerineA7_100_i/tangerineSOC_0/inst/nekoRvInst/a_reg[2]_rep__2/C (clocked by clk162_5_tangerineA7_100_clk_wiz_2_0) and tangerineA7_100_i/tangerineSOC_0/inst/axiDMAInst/ch2Input0_reg[126]/CE (clocked by clk162_5_tangerineA7_100_clk_wiz_2_0). Large setup violations at the end of those stages might be difficult to fix during the post-placement implementation flow and could be the result of non-optimal XDC constraints or non-optimal design architecture
Related violations: <none>

TIMING-16#520 Warning
Large setup violation  
There is a large setup violation of -2.106 ns between tangerineA7_100_i/tangerineSOC_0/inst/nekoRvInst/a_reg[2]_rep__2/C (clocked by clk162_5_tangerineA7_100_clk_wiz_2_0) and tangerineA7_100_i/tangerineSOC_0/inst/axiDMAInst/ch2Input0_reg[127]/CE (clocked by clk162_5_tangerineA7_100_clk_wiz_2_0). Large setup violations at the end of those stages might be difficult to fix during the post-placement implementation flow and could be the result of non-optimal XDC constraints or non-optimal design architecture
Related violations: <none>

TIMING-16#521 Warning
Large setup violation  
There is a large setup violation of -2.118 ns between tangerineA7_100_i/tangerineMIGWrapper_0/inst/tangerineMIGInst/u_mig_7series_tangerine_mig/u_memc_ui_top_axi/u_axi_mc/USE_UPSIZER.upsizer_d2/USE_READ.read_data_inst/use_wrap_buffer_reg/C (clocked by clk_pll_i) and tangerineA7_100_i/tangerineSOC_0/inst/axiDMAInst/cacheWay2DInb_reg[65]/D (clocked by clk_pll_i). Large setup violations at the end of those stages might be difficult to fix during the post-placement implementation flow and could be the result of non-optimal XDC constraints or non-optimal design architecture
Related violations: <none>

TIMING-16#522 Warning
Large setup violation  
There is a large setup violation of -2.130 ns between tangerineA7_100_i/tangerineSOC_0/inst/axiDMAInst/ch2Input0_reg[1]/C (clocked by clk162_5_tangerineA7_100_clk_wiz_2_0) and tangerineA7_100_i/tangerineSOC_0/inst/axiDMAInst/ch2BufDOut_reg[80]/D (clocked by clk_pll_i). Large setup violations at the end of those stages might be difficult to fix during the post-placement implementation flow and could be the result of non-optimal XDC constraints or non-optimal design architecture
Related violations: <none>

TIMING-16#523 Warning
Large setup violation  
There is a large setup violation of -2.130 ns between tangerineA7_100_i/tangerineSOC_0/inst/nekoRvInst/a_reg[2]_rep__2/C (clocked by clk162_5_tangerineA7_100_clk_wiz_2_0) and tangerineA7_100_i/tangerineSOC_0/inst/axiDMAInst/ch1DmaRequestPtrAdd_reg[0]/CE (clocked by clk162_5_tangerineA7_100_clk_wiz_2_0). Large setup violations at the end of those stages might be difficult to fix during the post-placement implementation flow and could be the result of non-optimal XDC constraints or non-optimal design architecture
Related violations: <none>

TIMING-16#524 Warning
Large setup violation  
There is a large setup violation of -2.130 ns between tangerineA7_100_i/tangerineSOC_0/inst/nekoRvInst/a_reg[2]_rep__2/C (clocked by clk162_5_tangerineA7_100_clk_wiz_2_0) and tangerineA7_100_i/tangerineSOC_0/inst/axiDMAInst/ch1DmaRequestPtrAdd_reg[11]/CE (clocked by clk162_5_tangerineA7_100_clk_wiz_2_0). Large setup violations at the end of those stages might be difficult to fix during the post-placement implementation flow and could be the result of non-optimal XDC constraints or non-optimal design architecture
Related violations: <none>

TIMING-16#525 Warning
Large setup violation  
There is a large setup violation of -2.130 ns between tangerineA7_100_i/tangerineSOC_0/inst/nekoRvInst/a_reg[2]_rep__2/C (clocked by clk162_5_tangerineA7_100_clk_wiz_2_0) and tangerineA7_100_i/tangerineSOC_0/inst/axiDMAInst/ch1DmaRequestPtrAdd_reg[3]/CE (clocked by clk162_5_tangerineA7_100_clk_wiz_2_0). Large setup violations at the end of those stages might be difficult to fix during the post-placement implementation flow and could be the result of non-optimal XDC constraints or non-optimal design architecture
Related violations: <none>

TIMING-16#526 Warning
Large setup violation  
There is a large setup violation of -2.130 ns between tangerineA7_100_i/tangerineSOC_0/inst/nekoRvInst/a_reg[2]_rep__2/C (clocked by clk162_5_tangerineA7_100_clk_wiz_2_0) and tangerineA7_100_i/tangerineSOC_0/inst/axiDMAInst/ch1DmaRequestPtrAdd_reg[4]/CE (clocked by clk162_5_tangerineA7_100_clk_wiz_2_0). Large setup violations at the end of those stages might be difficult to fix during the post-placement implementation flow and could be the result of non-optimal XDC constraints or non-optimal design architecture
Related violations: <none>

TIMING-16#527 Warning
Large setup violation  
There is a large setup violation of -2.130 ns between tangerineA7_100_i/tangerineSOC_0/inst/nekoRvInst/a_reg[2]_rep__2/C (clocked by clk162_5_tangerineA7_100_clk_wiz_2_0) and tangerineA7_100_i/tangerineSOC_0/inst/axiDMAInst/ch1DmaRequestPtrAdd_reg[7]/CE (clocked by clk162_5_tangerineA7_100_clk_wiz_2_0). Large setup violations at the end of those stages might be difficult to fix during the post-placement implementation flow and could be the result of non-optimal XDC constraints or non-optimal design architecture
Related violations: <none>

TIMING-16#528 Warning
Large setup violation  
There is a large setup violation of -2.157 ns between tangerineA7_100_i/tangerineSOC_0/inst/axiDMAInst/cacheA_reg[2]/C (clocked by clk_pll_i) and tangerineA7_100_i/tangerineSOC_0/inst/axiDMAInst/cacheDataRamW1Inst/U0/inst_blk_mem_gen/gnbram.gnativebmg.native_blk_mem_gen/valid.cstr/ramloop[0].ram.r/prim_noinit.ram/DEVICE_7SERIES.NO_BMM_INFO.TRUE_DP.SIMPLE_PRIM36.ram/ADDRARDADDR[3] (clocked by clk162_5_tangerineA7_100_clk_wiz_2_0). Large setup violations at the end of those stages might be difficult to fix during the post-placement implementation flow and could be the result of non-optimal XDC constraints or non-optimal design architecture
Related violations: <none>

TIMING-16#529 Warning
Large setup violation  
There is a large setup violation of -2.167 ns between tangerineA7_100_i/tangerineSOC_0/inst/axiDMAInst/cacheA_reg[4]/C (clocked by clk_pll_i) and tangerineA7_100_i/tangerineSOC_0/inst/axiDMAInst/cacheDataRamW3Inst/U0/inst_blk_mem_gen/gnbram.gnativebmg.native_blk_mem_gen/valid.cstr/ramloop[2].ram.r/prim_noinit.ram/DEVICE_7SERIES.NO_BMM_INFO.TRUE_DP.SIMPLE_PRIM36.ram/ADDRARDADDR[5] (clocked by clk162_5_tangerineA7_100_clk_wiz_2_0). Large setup violations at the end of those stages might be difficult to fix during the post-placement implementation flow and could be the result of non-optimal XDC constraints or non-optimal design architecture
Related violations: <none>

TIMING-16#530 Warning
Large setup violation  
There is a large setup violation of -2.170 ns between tangerineA7_100_i/tangerineMIGWrapper_0/inst/tangerineMIGInst/u_mig_7series_tangerine_mig/u_memc_ui_top_axi/u_axi_mc/USE_UPSIZER.upsizer_d2/USE_READ.read_data_inst/use_wrap_buffer_reg/C (clocked by clk_pll_i) and tangerineA7_100_i/tangerineSOC_0/inst/axiDMAInst/cacheWay2DInb_reg[69]/D (clocked by clk_pll_i). Large setup violations at the end of those stages might be difficult to fix during the post-placement implementation flow and could be the result of non-optimal XDC constraints or non-optimal design architecture
Related violations: <none>

TIMING-16#531 Warning
Large setup violation  
There is a large setup violation of -2.172 ns between tangerineA7_100_i/tangerineSOC_0/inst/axiDMAInst/ch2Input0_reg[2]_rep/C (clocked by clk162_5_tangerineA7_100_clk_wiz_2_0) and tangerineA7_100_i/tangerineSOC_0/inst/axiDMAInst/ch2BufDOut_reg[119]/D (clocked by clk_pll_i). Large setup violations at the end of those stages might be difficult to fix during the post-placement implementation flow and could be the result of non-optimal XDC constraints or non-optimal design architecture
Related violations: <none>

TIMING-16#532 Warning
Large setup violation  
There is a large setup violation of -2.178 ns between tangerineA7_100_i/tangerineSOC_0/inst/axiDMAInst/cacheDIn_reg[10]/C (clocked by clk_pll_i) and tangerineA7_100_i/tangerineSOC_0/inst/axiDMAInst/cacheDataRamW1Inst/U0/inst_blk_mem_gen/gnbram.gnativebmg.native_blk_mem_gen/valid.cstr/ramloop[3].ram.r/prim_noinit.ram/DEVICE_7SERIES.NO_BMM_INFO.TRUE_DP.SIMPLE_PRIM36.ram/DIADI[2] (clocked by clk162_5_tangerineA7_100_clk_wiz_2_0). Large setup violations at the end of those stages might be difficult to fix during the post-placement implementation flow and could be the result of non-optimal XDC constraints or non-optimal design architecture
Related violations: <none>

TIMING-16#533 Warning
Large setup violation  
There is a large setup violation of -2.193 ns between tangerineA7_100_i/tangerineSOC_0/inst/nekoRvInst/dout_reg[12]/C (clocked by clk162_5_tangerineA7_100_clk_wiz_2_0) and tangerineA7_100_i/tangerineSOC_0/inst/axiDMAInst/ch2Input0_reg[44]/D (clocked by clk162_5_tangerineA7_100_clk_wiz_2_0). Large setup violations at the end of those stages might be difficult to fix during the post-placement implementation flow and could be the result of non-optimal XDC constraints or non-optimal design architecture
Related violations: <none>

TIMING-16#534 Warning
Large setup violation  
There is a large setup violation of -2.228 ns between tangerineA7_100_i/tangerineSOC_0/inst/nekoRvInst/a_reg[2]_rep__2/C (clocked by clk162_5_tangerineA7_100_clk_wiz_2_0) and tangerineA7_100_i/tangerineSOC_0/inst/axiDMAInst/ch2SaRowWidth_reg[0]/CE (clocked by clk162_5_tangerineA7_100_clk_wiz_2_0). Large setup violations at the end of those stages might be difficult to fix during the post-placement implementation flow and could be the result of non-optimal XDC constraints or non-optimal design architecture
Related violations: <none>

TIMING-16#535 Warning
Large setup violation  
There is a large setup violation of -2.228 ns between tangerineA7_100_i/tangerineSOC_0/inst/nekoRvInst/a_reg[2]_rep__2/C (clocked by clk162_5_tangerineA7_100_clk_wiz_2_0) and tangerineA7_100_i/tangerineSOC_0/inst/axiDMAInst/ch2SaRowWidth_reg[3]/CE (clocked by clk162_5_tangerineA7_100_clk_wiz_2_0). Large setup violations at the end of those stages might be difficult to fix during the post-placement implementation flow and could be the result of non-optimal XDC constraints or non-optimal design architecture
Related violations: <none>

TIMING-16#536 Warning
Large setup violation  
There is a large setup violation of -2.293 ns between tangerineA7_100_i/tangerineSOC_0/inst/nekoRvInst/a_reg[2]_rep__2/C (clocked by clk162_5_tangerineA7_100_clk_wiz_2_0) and tangerineA7_100_i/tangerineSOC_0/inst/axiDMAInst/ch2DaPointer_reg[16]/CE (clocked by clk162_5_tangerineA7_100_clk_wiz_2_0). Large setup violations at the end of those stages might be difficult to fix during the post-placement implementation flow and could be the result of non-optimal XDC constraints or non-optimal design architecture
Related violations: <none>

TIMING-16#537 Warning
Large setup violation  
There is a large setup violation of -2.293 ns between tangerineA7_100_i/tangerineSOC_0/inst/nekoRvInst/a_reg[2]_rep__2/C (clocked by clk162_5_tangerineA7_100_clk_wiz_2_0) and tangerineA7_100_i/tangerineSOC_0/inst/axiDMAInst/ch2DaPointer_reg[17]/CE (clocked by clk162_5_tangerineA7_100_clk_wiz_2_0). Large setup violations at the end of those stages might be difficult to fix during the post-placement implementation flow and could be the result of non-optimal XDC constraints or non-optimal design architecture
Related violations: <none>

TIMING-16#538 Warning
Large setup violation  
There is a large setup violation of -2.293 ns between tangerineA7_100_i/tangerineSOC_0/inst/nekoRvInst/a_reg[2]_rep__2/C (clocked by clk162_5_tangerineA7_100_clk_wiz_2_0) and tangerineA7_100_i/tangerineSOC_0/inst/axiDMAInst/ch2DaPointer_reg[20]/CE (clocked by clk162_5_tangerineA7_100_clk_wiz_2_0). Large setup violations at the end of those stages might be difficult to fix during the post-placement implementation flow and could be the result of non-optimal XDC constraints or non-optimal design architecture
Related violations: <none>

TIMING-16#539 Warning
Large setup violation  
There is a large setup violation of -2.293 ns between tangerineA7_100_i/tangerineSOC_0/inst/nekoRvInst/a_reg[2]_rep__2/C (clocked by clk162_5_tangerineA7_100_clk_wiz_2_0) and tangerineA7_100_i/tangerineSOC_0/inst/axiDMAInst/ch2DaPointer_reg[21]/CE (clocked by clk162_5_tangerineA7_100_clk_wiz_2_0). Large setup violations at the end of those stages might be difficult to fix during the post-placement implementation flow and could be the result of non-optimal XDC constraints or non-optimal design architecture
Related violations: <none>

TIMING-16#540 Warning
Large setup violation  
There is a large setup violation of -2.293 ns between tangerineA7_100_i/tangerineSOC_0/inst/nekoRvInst/a_reg[2]_rep__2/C (clocked by clk162_5_tangerineA7_100_clk_wiz_2_0) and tangerineA7_100_i/tangerineSOC_0/inst/axiDMAInst/ch2DaPointer_reg[23]/CE (clocked by clk162_5_tangerineA7_100_clk_wiz_2_0). Large setup violations at the end of those stages might be difficult to fix during the post-placement implementation flow and could be the result of non-optimal XDC constraints or non-optimal design architecture
Related violations: <none>

TIMING-16#541 Warning
Large setup violation  
There is a large setup violation of -2.293 ns between tangerineA7_100_i/tangerineSOC_0/inst/nekoRvInst/a_reg[2]_rep__2/C (clocked by clk162_5_tangerineA7_100_clk_wiz_2_0) and tangerineA7_100_i/tangerineSOC_0/inst/axiDMAInst/ch2DaPointer_reg[24]/CE (clocked by clk162_5_tangerineA7_100_clk_wiz_2_0). Large setup violations at the end of those stages might be difficult to fix during the post-placement implementation flow and could be the result of non-optimal XDC constraints or non-optimal design architecture
Related violations: <none>

TIMING-16#542 Warning
Large setup violation  
There is a large setup violation of -2.293 ns between tangerineA7_100_i/tangerineSOC_0/inst/nekoRvInst/a_reg[2]_rep__2/C (clocked by clk162_5_tangerineA7_100_clk_wiz_2_0) and tangerineA7_100_i/tangerineSOC_0/inst/axiDMAInst/ch2DaPointer_reg[26]/CE (clocked by clk162_5_tangerineA7_100_clk_wiz_2_0). Large setup violations at the end of those stages might be difficult to fix during the post-placement implementation flow and could be the result of non-optimal XDC constraints or non-optimal design architecture
Related violations: <none>

TIMING-16#543 Warning
Large setup violation  
There is a large setup violation of -2.293 ns between tangerineA7_100_i/tangerineSOC_0/inst/nekoRvInst/a_reg[2]_rep__2/C (clocked by clk162_5_tangerineA7_100_clk_wiz_2_0) and tangerineA7_100_i/tangerineSOC_0/inst/axiDMAInst/ch2DaPointer_reg[27]/CE (clocked by clk162_5_tangerineA7_100_clk_wiz_2_0). Large setup violations at the end of those stages might be difficult to fix during the post-placement implementation flow and could be the result of non-optimal XDC constraints or non-optimal design architecture
Related violations: <none>

TIMING-16#544 Warning
Large setup violation  
There is a large setup violation of -2.301 ns between tangerineA7_100_i/tangerineSOC_0/inst/axiDMAInst/cacheA_reg[5]/C (clocked by clk_pll_i) and tangerineA7_100_i/tangerineSOC_0/inst/axiDMAInst/cacheDataRamW1Inst/U0/inst_blk_mem_gen/gnbram.gnativebmg.native_blk_mem_gen/valid.cstr/ramloop[4].ram.r/prim_noinit.ram/DEVICE_7SERIES.NO_BMM_INFO.TRUE_DP.SIMPLE_PRIM36.ram/ADDRARDADDR[6] (clocked by clk162_5_tangerineA7_100_clk_wiz_2_0). Large setup violations at the end of those stages might be difficult to fix during the post-placement implementation flow and could be the result of non-optimal XDC constraints or non-optimal design architecture
Related violations: <none>

TIMING-16#545 Warning
Large setup violation  
There is a large setup violation of -2.301 ns between tangerineA7_100_i/tangerineSOC_0/inst/axiDMAInst/cacheDIn_reg[0]/C (clocked by clk_pll_i) and tangerineA7_100_i/tangerineSOC_0/inst/axiDMAInst/cacheDataRamW2Inst/U0/inst_blk_mem_gen/gnbram.gnativebmg.native_blk_mem_gen/valid.cstr/ramloop[0].ram.r/prim_noinit.ram/DEVICE_7SERIES.NO_BMM_INFO.TRUE_DP.SIMPLE_PRIM36.ram/DIADI[0] (clocked by clk162_5_tangerineA7_100_clk_wiz_2_0). Large setup violations at the end of those stages might be difficult to fix during the post-placement implementation flow and could be the result of non-optimal XDC constraints or non-optimal design architecture
Related violations: <none>

TIMING-16#546 Warning
Large setup violation  
There is a large setup violation of -2.305 ns between tangerineA7_100_i/tangerineSOC_0/inst/nekoRvInst/a_reg[2]_rep__2/C (clocked by clk162_5_tangerineA7_100_clk_wiz_2_0) and tangerineA7_100_i/tangerineSOC_0/inst/axiDMAInst/ch2Input0_reg[10]/CE (clocked by clk162_5_tangerineA7_100_clk_wiz_2_0). Large setup violations at the end of those stages might be difficult to fix during the post-placement implementation flow and could be the result of non-optimal XDC constraints or non-optimal design architecture
Related violations: <none>

TIMING-16#547 Warning
Large setup violation  
There is a large setup violation of -2.305 ns between tangerineA7_100_i/tangerineSOC_0/inst/nekoRvInst/a_reg[2]_rep__2/C (clocked by clk162_5_tangerineA7_100_clk_wiz_2_0) and tangerineA7_100_i/tangerineSOC_0/inst/axiDMAInst/ch2Input0_reg[11]/CE (clocked by clk162_5_tangerineA7_100_clk_wiz_2_0). Large setup violations at the end of those stages might be difficult to fix during the post-placement implementation flow and could be the result of non-optimal XDC constraints or non-optimal design architecture
Related violations: <none>

TIMING-16#548 Warning
Large setup violation  
There is a large setup violation of -2.305 ns between tangerineA7_100_i/tangerineSOC_0/inst/nekoRvInst/a_reg[2]_rep__2/C (clocked by clk162_5_tangerineA7_100_clk_wiz_2_0) and tangerineA7_100_i/tangerineSOC_0/inst/axiDMAInst/ch2Input0_reg[12]/CE (clocked by clk162_5_tangerineA7_100_clk_wiz_2_0). Large setup violations at the end of those stages might be difficult to fix during the post-placement implementation flow and could be the result of non-optimal XDC constraints or non-optimal design architecture
Related violations: <none>

TIMING-16#549 Warning
Large setup violation  
There is a large setup violation of -2.305 ns between tangerineA7_100_i/tangerineSOC_0/inst/nekoRvInst/a_reg[2]_rep__2/C (clocked by clk162_5_tangerineA7_100_clk_wiz_2_0) and tangerineA7_100_i/tangerineSOC_0/inst/axiDMAInst/ch2Input0_reg[15]/CE (clocked by clk162_5_tangerineA7_100_clk_wiz_2_0). Large setup violations at the end of those stages might be difficult to fix during the post-placement implementation flow and could be the result of non-optimal XDC constraints or non-optimal design architecture
Related violations: <none>

TIMING-16#550 Warning
Large setup violation  
There is a large setup violation of -2.305 ns between tangerineA7_100_i/tangerineSOC_0/inst/nekoRvInst/a_reg[2]_rep__2/C (clocked by clk162_5_tangerineA7_100_clk_wiz_2_0) and tangerineA7_100_i/tangerineSOC_0/inst/axiDMAInst/ch2Input0_reg[6]/CE (clocked by clk162_5_tangerineA7_100_clk_wiz_2_0). Large setup violations at the end of those stages might be difficult to fix during the post-placement implementation flow and could be the result of non-optimal XDC constraints or non-optimal design architecture
Related violations: <none>

TIMING-16#551 Warning
Large setup violation  
There is a large setup violation of -2.305 ns between tangerineA7_100_i/tangerineSOC_0/inst/nekoRvInst/a_reg[2]_rep__2/C (clocked by clk162_5_tangerineA7_100_clk_wiz_2_0) and tangerineA7_100_i/tangerineSOC_0/inst/axiDMAInst/ch2Input0_reg[8]/CE (clocked by clk162_5_tangerineA7_100_clk_wiz_2_0). Large setup violations at the end of those stages might be difficult to fix during the post-placement implementation flow and could be the result of non-optimal XDC constraints or non-optimal design architecture
Related violations: <none>

TIMING-16#552 Warning
Large setup violation  
There is a large setup violation of -2.305 ns between tangerineA7_100_i/tangerineSOC_0/inst/nekoRvInst/a_reg[2]_rep__2/C (clocked by clk162_5_tangerineA7_100_clk_wiz_2_0) and tangerineA7_100_i/tangerineSOC_0/inst/axiDMAInst/ch2Input0_reg[9]/CE (clocked by clk162_5_tangerineA7_100_clk_wiz_2_0). Large setup violations at the end of those stages might be difficult to fix during the post-placement implementation flow and could be the result of non-optimal XDC constraints or non-optimal design architecture
Related violations: <none>

TIMING-16#553 Warning
Large setup violation  
There is a large setup violation of -2.318 ns between tangerineA7_100_i/tangerineSOC_0/inst/nekoRvInst/a_reg[2]_rep__2/C (clocked by clk162_5_tangerineA7_100_clk_wiz_2_0) and tangerineA7_100_i/tangerineSOC_0/inst/axiDMAInst/ch2DaPointer_reg[8]/CE (clocked by clk162_5_tangerineA7_100_clk_wiz_2_0). Large setup violations at the end of those stages might be difficult to fix during the post-placement implementation flow and could be the result of non-optimal XDC constraints or non-optimal design architecture
Related violations: <none>

TIMING-16#554 Warning
Large setup violation  
There is a large setup violation of -2.318 ns between tangerineA7_100_i/tangerineSOC_0/inst/nekoRvInst/a_reg[2]_rep__2/C (clocked by clk162_5_tangerineA7_100_clk_wiz_2_0) and tangerineA7_100_i/tangerineSOC_0/inst/axiDMAInst/ch2DaPointer_reg[9]/CE (clocked by clk162_5_tangerineA7_100_clk_wiz_2_0). Large setup violations at the end of those stages might be difficult to fix during the post-placement implementation flow and could be the result of non-optimal XDC constraints or non-optimal design architecture
Related violations: <none>

TIMING-16#555 Warning
Large setup violation  
There is a large setup violation of -2.323 ns between tangerineA7_100_i/tangerineSOC_0/inst/nekoRvInst/a_reg[2]_rep__2/C (clocked by clk162_5_tangerineA7_100_clk_wiz_2_0) and tangerineA7_100_i/tangerineSOC_0/inst/axiDMAInst/ch2Input0_reg[44]/CE (clocked by clk162_5_tangerineA7_100_clk_wiz_2_0). Large setup violations at the end of those stages might be difficult to fix during the post-placement implementation flow and could be the result of non-optimal XDC constraints or non-optimal design architecture
Related violations: <none>

TIMING-16#556 Warning
Large setup violation  
There is a large setup violation of -2.323 ns between tangerineA7_100_i/tangerineSOC_0/inst/nekoRvInst/a_reg[2]_rep__2/C (clocked by clk162_5_tangerineA7_100_clk_wiz_2_0) and tangerineA7_100_i/tangerineSOC_0/inst/axiDMAInst/ch2Input0_reg[50]/CE (clocked by clk162_5_tangerineA7_100_clk_wiz_2_0). Large setup violations at the end of those stages might be difficult to fix during the post-placement implementation flow and could be the result of non-optimal XDC constraints or non-optimal design architecture
Related violations: <none>

TIMING-16#557 Warning
Large setup violation  
There is a large setup violation of -2.323 ns between tangerineA7_100_i/tangerineSOC_0/inst/nekoRvInst/a_reg[2]_rep__2/C (clocked by clk162_5_tangerineA7_100_clk_wiz_2_0) and tangerineA7_100_i/tangerineSOC_0/inst/axiDMAInst/ch2Input0_reg[51]/CE (clocked by clk162_5_tangerineA7_100_clk_wiz_2_0). Large setup violations at the end of those stages might be difficult to fix during the post-placement implementation flow and could be the result of non-optimal XDC constraints or non-optimal design architecture
Related violations: <none>

TIMING-16#558 Warning
Large setup violation  
There is a large setup violation of -2.323 ns between tangerineA7_100_i/tangerineSOC_0/inst/nekoRvInst/a_reg[2]_rep__2/C (clocked by clk162_5_tangerineA7_100_clk_wiz_2_0) and tangerineA7_100_i/tangerineSOC_0/inst/axiDMAInst/ch2Input0_reg[52]/CE (clocked by clk162_5_tangerineA7_100_clk_wiz_2_0). Large setup violations at the end of those stages might be difficult to fix during the post-placement implementation flow and could be the result of non-optimal XDC constraints or non-optimal design architecture
Related violations: <none>

TIMING-16#559 Warning
Large setup violation  
There is a large setup violation of -2.323 ns between tangerineA7_100_i/tangerineSOC_0/inst/nekoRvInst/a_reg[2]_rep__2/C (clocked by clk162_5_tangerineA7_100_clk_wiz_2_0) and tangerineA7_100_i/tangerineSOC_0/inst/axiDMAInst/ch2Input0_reg[53]/CE (clocked by clk162_5_tangerineA7_100_clk_wiz_2_0). Large setup violations at the end of those stages might be difficult to fix during the post-placement implementation flow and could be the result of non-optimal XDC constraints or non-optimal design architecture
Related violations: <none>

TIMING-16#560 Warning
Large setup violation  
There is a large setup violation of -2.323 ns between tangerineA7_100_i/tangerineSOC_0/inst/nekoRvInst/a_reg[2]_rep__2/C (clocked by clk162_5_tangerineA7_100_clk_wiz_2_0) and tangerineA7_100_i/tangerineSOC_0/inst/axiDMAInst/ch2Input0_reg[54]/CE (clocked by clk162_5_tangerineA7_100_clk_wiz_2_0). Large setup violations at the end of those stages might be difficult to fix during the post-placement implementation flow and could be the result of non-optimal XDC constraints or non-optimal design architecture
Related violations: <none>

TIMING-16#561 Warning
Large setup violation  
There is a large setup violation of -2.328 ns between tangerineA7_100_i/tangerineSOC_0/inst/nekoRvInst/a_reg[2]_rep__2/C (clocked by clk162_5_tangerineA7_100_clk_wiz_2_0) and tangerineA7_100_i/tangerineSOC_0/inst/axiDMAInst/ch2DaPointer_reg[0]/CE (clocked by clk162_5_tangerineA7_100_clk_wiz_2_0). Large setup violations at the end of those stages might be difficult to fix during the post-placement implementation flow and could be the result of non-optimal XDC constraints or non-optimal design architecture
Related violations: <none>

TIMING-16#562 Warning
Large setup violation  
There is a large setup violation of -2.328 ns between tangerineA7_100_i/tangerineSOC_0/inst/nekoRvInst/a_reg[2]_rep__2/C (clocked by clk162_5_tangerineA7_100_clk_wiz_2_0) and tangerineA7_100_i/tangerineSOC_0/inst/axiDMAInst/ch2DaPointer_reg[1]/CE (clocked by clk162_5_tangerineA7_100_clk_wiz_2_0). Large setup violations at the end of those stages might be difficult to fix during the post-placement implementation flow and could be the result of non-optimal XDC constraints or non-optimal design architecture
Related violations: <none>

TIMING-16#563 Warning
Large setup violation  
There is a large setup violation of -2.328 ns between tangerineA7_100_i/tangerineSOC_0/inst/nekoRvInst/a_reg[2]_rep__2/C (clocked by clk162_5_tangerineA7_100_clk_wiz_2_0) and tangerineA7_100_i/tangerineSOC_0/inst/axiDMAInst/ch2DaPointer_reg[2]/CE (clocked by clk162_5_tangerineA7_100_clk_wiz_2_0). Large setup violations at the end of those stages might be difficult to fix during the post-placement implementation flow and could be the result of non-optimal XDC constraints or non-optimal design architecture
Related violations: <none>

TIMING-16#564 Warning
Large setup violation  
There is a large setup violation of -2.328 ns between tangerineA7_100_i/tangerineSOC_0/inst/nekoRvInst/a_reg[2]_rep__2/C (clocked by clk162_5_tangerineA7_100_clk_wiz_2_0) and tangerineA7_100_i/tangerineSOC_0/inst/axiDMAInst/ch2DaPointer_reg[3]/CE (clocked by clk162_5_tangerineA7_100_clk_wiz_2_0). Large setup violations at the end of those stages might be difficult to fix during the post-placement implementation flow and could be the result of non-optimal XDC constraints or non-optimal design architecture
Related violations: <none>

TIMING-16#565 Warning
Large setup violation  
There is a large setup violation of -2.328 ns between tangerineA7_100_i/tangerineSOC_0/inst/nekoRvInst/a_reg[2]_rep__2/C (clocked by clk162_5_tangerineA7_100_clk_wiz_2_0) and tangerineA7_100_i/tangerineSOC_0/inst/axiDMAInst/ch2DaPointer_reg[6]/CE (clocked by clk162_5_tangerineA7_100_clk_wiz_2_0). Large setup violations at the end of those stages might be difficult to fix during the post-placement implementation flow and could be the result of non-optimal XDC constraints or non-optimal design architecture
Related violations: <none>

TIMING-16#566 Warning
Large setup violation  
There is a large setup violation of -2.328 ns between tangerineA7_100_i/tangerineSOC_0/inst/nekoRvInst/a_reg[2]_rep__2/C (clocked by clk162_5_tangerineA7_100_clk_wiz_2_0) and tangerineA7_100_i/tangerineSOC_0/inst/axiDMAInst/ch2DaPointer_reg[7]/CE (clocked by clk162_5_tangerineA7_100_clk_wiz_2_0). Large setup violations at the end of those stages might be difficult to fix during the post-placement implementation flow and could be the result of non-optimal XDC constraints or non-optimal design architecture
Related violations: <none>

TIMING-16#567 Warning
Large setup violation  
There is a large setup violation of -2.331 ns between tangerineA7_100_i/tangerineSOC_0/inst/axiDMAInst/cacheA_reg[3]/C (clocked by clk_pll_i) and tangerineA7_100_i/tangerineSOC_0/inst/axiDMAInst/cacheDataRamW3Inst/U0/inst_blk_mem_gen/gnbram.gnativebmg.native_blk_mem_gen/valid.cstr/ramloop[2].ram.r/prim_noinit.ram/DEVICE_7SERIES.NO_BMM_INFO.TRUE_DP.SIMPLE_PRIM36.ram/ADDRARDADDR[4] (clocked by clk162_5_tangerineA7_100_clk_wiz_2_0). Large setup violations at the end of those stages might be difficult to fix during the post-placement implementation flow and could be the result of non-optimal XDC constraints or non-optimal design architecture
Related violations: <none>

TIMING-16#568 Warning
Large setup violation  
There is a large setup violation of -2.332 ns between tangerineA7_100_i/tangerineSOC_0/inst/axiDMAInst/cacheDIn_reg[4]/C (clocked by clk_pll_i) and tangerineA7_100_i/tangerineSOC_0/inst/axiDMAInst/cacheDataRamW2Inst/U0/inst_blk_mem_gen/gnbram.gnativebmg.native_blk_mem_gen/valid.cstr/ramloop[1].ram.r/prim_noinit.ram/DEVICE_7SERIES.NO_BMM_INFO.TRUE_DP.SIMPLE_PRIM36.ram/DIADI[4] (clocked by clk162_5_tangerineA7_100_clk_wiz_2_0). Large setup violations at the end of those stages might be difficult to fix during the post-placement implementation flow and could be the result of non-optimal XDC constraints or non-optimal design architecture
Related violations: <none>

TIMING-16#569 Warning
Large setup violation  
There is a large setup violation of -2.365 ns between tangerineA7_100_i/tangerineSOC_0/inst/axiDMAInst/cacheDIn_reg[1]/C (clocked by clk_pll_i) and tangerineA7_100_i/tangerineSOC_0/inst/axiDMAInst/cacheDataRamW2Inst/U0/inst_blk_mem_gen/gnbram.gnativebmg.native_blk_mem_gen/valid.cstr/ramloop[0].ram.r/prim_noinit.ram/DEVICE_7SERIES.NO_BMM_INFO.TRUE_DP.SIMPLE_PRIM36.ram/DIADI[1] (clocked by clk162_5_tangerineA7_100_clk_wiz_2_0). Large setup violations at the end of those stages might be difficult to fix during the post-placement implementation flow and could be the result of non-optimal XDC constraints or non-optimal design architecture
Related violations: <none>

TIMING-16#570 Warning
Large setup violation  
There is a large setup violation of -2.376 ns between tangerineA7_100_i/tangerineSOC_0/inst/axiDMAInst/cacheA_reg[13]/C (clocked by clk_pll_i) and tangerineA7_100_i/tangerineSOC_0/inst/axiDMAInst/cacheDataRamW2Inst/U0/inst_blk_mem_gen/gnbram.gnativebmg.native_blk_mem_gen/valid.cstr/ramloop[7].ram.r/prim_noinit.ram/DEVICE_7SERIES.NO_BMM_INFO.TRUE_DP.SIMPLE_PRIM36.ram/ADDRARDADDR[14] (clocked by clk162_5_tangerineA7_100_clk_wiz_2_0). Large setup violations at the end of those stages might be difficult to fix during the post-placement implementation flow and could be the result of non-optimal XDC constraints or non-optimal design architecture
Related violations: <none>

TIMING-16#571 Warning
Large setup violation  
There is a large setup violation of -2.384 ns between tangerineA7_100_i/tangerineSOC_0/inst/nekoRvInst/a_reg[2]_rep__2/C (clocked by clk162_5_tangerineA7_100_clk_wiz_2_0) and tangerineA7_100_i/tangerineSOC_0/inst/axiDMAInst/ch2Input0_reg[106]/CE (clocked by clk162_5_tangerineA7_100_clk_wiz_2_0). Large setup violations at the end of those stages might be difficult to fix during the post-placement implementation flow and could be the result of non-optimal XDC constraints or non-optimal design architecture
Related violations: <none>

TIMING-16#572 Warning
Large setup violation  
There is a large setup violation of -2.384 ns between tangerineA7_100_i/tangerineSOC_0/inst/nekoRvInst/a_reg[2]_rep__2/C (clocked by clk162_5_tangerineA7_100_clk_wiz_2_0) and tangerineA7_100_i/tangerineSOC_0/inst/axiDMAInst/ch2Input0_reg[107]/CE (clocked by clk162_5_tangerineA7_100_clk_wiz_2_0). Large setup violations at the end of those stages might be difficult to fix during the post-placement implementation flow and could be the result of non-optimal XDC constraints or non-optimal design architecture
Related violations: <none>

TIMING-16#573 Warning
Large setup violation  
There is a large setup violation of -2.384 ns between tangerineA7_100_i/tangerineSOC_0/inst/nekoRvInst/a_reg[2]_rep__2/C (clocked by clk162_5_tangerineA7_100_clk_wiz_2_0) and tangerineA7_100_i/tangerineSOC_0/inst/axiDMAInst/ch2Input0_reg[112]/CE (clocked by clk162_5_tangerineA7_100_clk_wiz_2_0). Large setup violations at the end of those stages might be difficult to fix during the post-placement implementation flow and could be the result of non-optimal XDC constraints or non-optimal design architecture
Related violations: <none>

TIMING-16#574 Warning
Large setup violation  
There is a large setup violation of -2.384 ns between tangerineA7_100_i/tangerineSOC_0/inst/nekoRvInst/a_reg[2]_rep__2/C (clocked by clk162_5_tangerineA7_100_clk_wiz_2_0) and tangerineA7_100_i/tangerineSOC_0/inst/axiDMAInst/ch2Input0_reg[113]/CE (clocked by clk162_5_tangerineA7_100_clk_wiz_2_0). Large setup violations at the end of those stages might be difficult to fix during the post-placement implementation flow and could be the result of non-optimal XDC constraints or non-optimal design architecture
Related violations: <none>

TIMING-16#575 Warning
Large setup violation  
There is a large setup violation of -2.384 ns between tangerineA7_100_i/tangerineSOC_0/inst/nekoRvInst/a_reg[2]_rep__2/C (clocked by clk162_5_tangerineA7_100_clk_wiz_2_0) and tangerineA7_100_i/tangerineSOC_0/inst/axiDMAInst/ch2Input0_reg[119]/CE (clocked by clk162_5_tangerineA7_100_clk_wiz_2_0). Large setup violations at the end of those stages might be difficult to fix during the post-placement implementation flow and could be the result of non-optimal XDC constraints or non-optimal design architecture
Related violations: <none>

TIMING-16#576 Warning
Large setup violation  
There is a large setup violation of -2.384 ns between tangerineA7_100_i/tangerineSOC_0/inst/nekoRvInst/a_reg[2]_rep__2/C (clocked by clk162_5_tangerineA7_100_clk_wiz_2_0) and tangerineA7_100_i/tangerineSOC_0/inst/axiDMAInst/ch2Input0_reg[98]/CE (clocked by clk162_5_tangerineA7_100_clk_wiz_2_0). Large setup violations at the end of those stages might be difficult to fix during the post-placement implementation flow and could be the result of non-optimal XDC constraints or non-optimal design architecture
Related violations: <none>

TIMING-16#577 Warning
Large setup violation  
There is a large setup violation of -2.393 ns between tangerineA7_100_i/tangerineSOC_0/inst/axiDMAInst/ch2Input0_reg[0]/C (clocked by clk162_5_tangerineA7_100_clk_wiz_2_0) and tangerineA7_100_i/tangerineSOC_0/inst/axiDMAInst/ch2BufDOut_reg[49]/D (clocked by clk_pll_i). Large setup violations at the end of those stages might be difficult to fix during the post-placement implementation flow and could be the result of non-optimal XDC constraints or non-optimal design architecture
Related violations: <none>

TIMING-16#578 Warning
Large setup violation  
There is a large setup violation of -2.400 ns between tangerineA7_100_i/tangerineSOC_0/inst/axiDMAInst/cacheDIn_reg[5]/C (clocked by clk_pll_i) and tangerineA7_100_i/tangerineSOC_0/inst/axiDMAInst/cacheDataRamW2Inst/U0/inst_blk_mem_gen/gnbram.gnativebmg.native_blk_mem_gen/valid.cstr/ramloop[0].ram.r/prim_noinit.ram/DEVICE_7SERIES.NO_BMM_INFO.TRUE_DP.SIMPLE_PRIM36.ram/DIADI[5] (clocked by clk162_5_tangerineA7_100_clk_wiz_2_0). Large setup violations at the end of those stages might be difficult to fix during the post-placement implementation flow and could be the result of non-optimal XDC constraints or non-optimal design architecture
Related violations: <none>

TIMING-16#579 Warning
Large setup violation  
There is a large setup violation of -2.411 ns between tangerineA7_100_i/tangerineSOC_0/inst/nekoRvInst/a_reg[2]_rep__2/C (clocked by clk162_5_tangerineA7_100_clk_wiz_2_0) and tangerineA7_100_i/tangerineSOC_0/inst/axiDMAInst/ch2Input0_reg[13]/CE (clocked by clk162_5_tangerineA7_100_clk_wiz_2_0). Large setup violations at the end of those stages might be difficult to fix during the post-placement implementation flow and could be the result of non-optimal XDC constraints or non-optimal design architecture
Related violations: <none>

TIMING-16#580 Warning
Large setup violation  
There is a large setup violation of -2.411 ns between tangerineA7_100_i/tangerineSOC_0/inst/nekoRvInst/a_reg[2]_rep__2/C (clocked by clk162_5_tangerineA7_100_clk_wiz_2_0) and tangerineA7_100_i/tangerineSOC_0/inst/axiDMAInst/ch2Input0_reg[14]/CE (clocked by clk162_5_tangerineA7_100_clk_wiz_2_0). Large setup violations at the end of those stages might be difficult to fix during the post-placement implementation flow and could be the result of non-optimal XDC constraints or non-optimal design architecture
Related violations: <none>

TIMING-16#581 Warning
Large setup violation  
There is a large setup violation of -2.411 ns between tangerineA7_100_i/tangerineSOC_0/inst/nekoRvInst/a_reg[2]_rep__2/C (clocked by clk162_5_tangerineA7_100_clk_wiz_2_0) and tangerineA7_100_i/tangerineSOC_0/inst/axiDMAInst/ch2Input0_reg[16]/CE (clocked by clk162_5_tangerineA7_100_clk_wiz_2_0). Large setup violations at the end of those stages might be difficult to fix during the post-placement implementation flow and could be the result of non-optimal XDC constraints or non-optimal design architecture
Related violations: <none>

TIMING-16#582 Warning
Large setup violation  
There is a large setup violation of -2.411 ns between tangerineA7_100_i/tangerineSOC_0/inst/nekoRvInst/a_reg[2]_rep__2/C (clocked by clk162_5_tangerineA7_100_clk_wiz_2_0) and tangerineA7_100_i/tangerineSOC_0/inst/axiDMAInst/ch2Input0_reg[17]/CE (clocked by clk162_5_tangerineA7_100_clk_wiz_2_0). Large setup violations at the end of those stages might be difficult to fix during the post-placement implementation flow and could be the result of non-optimal XDC constraints or non-optimal design architecture
Related violations: <none>

TIMING-16#583 Warning
Large setup violation  
There is a large setup violation of -2.411 ns between tangerineA7_100_i/tangerineSOC_0/inst/nekoRvInst/a_reg[2]_rep__2/C (clocked by clk162_5_tangerineA7_100_clk_wiz_2_0) and tangerineA7_100_i/tangerineSOC_0/inst/axiDMAInst/ch2Input0_reg[20]/CE (clocked by clk162_5_tangerineA7_100_clk_wiz_2_0). Large setup violations at the end of those stages might be difficult to fix during the post-placement implementation flow and could be the result of non-optimal XDC constraints or non-optimal design architecture
Related violations: <none>

TIMING-16#584 Warning
Large setup violation  
There is a large setup violation of -2.411 ns between tangerineA7_100_i/tangerineSOC_0/inst/nekoRvInst/a_reg[2]_rep__2/C (clocked by clk162_5_tangerineA7_100_clk_wiz_2_0) and tangerineA7_100_i/tangerineSOC_0/inst/axiDMAInst/ch2Input0_reg[3]/CE (clocked by clk162_5_tangerineA7_100_clk_wiz_2_0). Large setup violations at the end of those stages might be difficult to fix during the post-placement implementation flow and could be the result of non-optimal XDC constraints or non-optimal design architecture
Related violations: <none>

TIMING-16#585 Warning
Large setup violation  
There is a large setup violation of -2.411 ns between tangerineA7_100_i/tangerineSOC_0/inst/nekoRvInst/a_reg[2]_rep__2/C (clocked by clk162_5_tangerineA7_100_clk_wiz_2_0) and tangerineA7_100_i/tangerineSOC_0/inst/axiDMAInst/ch2Input0_reg[4]/CE (clocked by clk162_5_tangerineA7_100_clk_wiz_2_0). Large setup violations at the end of those stages might be difficult to fix during the post-placement implementation flow and could be the result of non-optimal XDC constraints or non-optimal design architecture
Related violations: <none>

TIMING-16#586 Warning
Large setup violation  
There is a large setup violation of -2.411 ns between tangerineA7_100_i/tangerineSOC_0/inst/nekoRvInst/a_reg[2]_rep__2/C (clocked by clk162_5_tangerineA7_100_clk_wiz_2_0) and tangerineA7_100_i/tangerineSOC_0/inst/axiDMAInst/ch2Input0_reg[7]/CE (clocked by clk162_5_tangerineA7_100_clk_wiz_2_0). Large setup violations at the end of those stages might be difficult to fix during the post-placement implementation flow and could be the result of non-optimal XDC constraints or non-optimal design architecture
Related violations: <none>

TIMING-16#587 Warning
Large setup violation  
There is a large setup violation of -2.422 ns between tangerineA7_100_i/tangerineSOC_0/inst/axiDMAInst/cacheA_reg[2]/C (clocked by clk_pll_i) and tangerineA7_100_i/tangerineSOC_0/inst/axiDMAInst/cacheDataRamW1Inst/U0/inst_blk_mem_gen/gnbram.gnativebmg.native_blk_mem_gen/valid.cstr/ramloop[4].ram.r/prim_noinit.ram/DEVICE_7SERIES.NO_BMM_INFO.TRUE_DP.SIMPLE_PRIM36.ram/ADDRARDADDR[3] (clocked by clk162_5_tangerineA7_100_clk_wiz_2_0). Large setup violations at the end of those stages might be difficult to fix during the post-placement implementation flow and could be the result of non-optimal XDC constraints or non-optimal design architecture
Related violations: <none>

TIMING-16#588 Warning
Large setup violation  
There is a large setup violation of -2.425 ns between tangerineA7_100_i/tangerineSOC_0/inst/axiDMAInst/ch2Input0_reg[1]/C (clocked by clk162_5_tangerineA7_100_clk_wiz_2_0) and tangerineA7_100_i/tangerineSOC_0/inst/axiDMAInst/ch2BufDOut_reg[87]/D (clocked by clk_pll_i). Large setup violations at the end of those stages might be difficult to fix during the post-placement implementation flow and could be the result of non-optimal XDC constraints or non-optimal design architecture
Related violations: <none>

TIMING-16#589 Warning
Large setup violation  
There is a large setup violation of -2.454 ns between tangerineA7_100_i/tangerineSOC_0/inst/nekoRvInst/a_reg[2]_rep__2/C (clocked by clk162_5_tangerineA7_100_clk_wiz_2_0) and tangerineA7_100_i/tangerineSOC_0/inst/axiDMAInst/ch2Input0_reg[83]/CE (clocked by clk162_5_tangerineA7_100_clk_wiz_2_0). Large setup violations at the end of those stages might be difficult to fix during the post-placement implementation flow and could be the result of non-optimal XDC constraints or non-optimal design architecture
Related violations: <none>

TIMING-16#590 Warning
Large setup violation  
There is a large setup violation of -2.454 ns between tangerineA7_100_i/tangerineSOC_0/inst/nekoRvInst/a_reg[2]_rep__2/C (clocked by clk162_5_tangerineA7_100_clk_wiz_2_0) and tangerineA7_100_i/tangerineSOC_0/inst/axiDMAInst/ch2Input0_reg[84]/CE (clocked by clk162_5_tangerineA7_100_clk_wiz_2_0). Large setup violations at the end of those stages might be difficult to fix during the post-placement implementation flow and could be the result of non-optimal XDC constraints or non-optimal design architecture
Related violations: <none>

TIMING-16#591 Warning
Large setup violation  
There is a large setup violation of -2.454 ns between tangerineA7_100_i/tangerineSOC_0/inst/nekoRvInst/a_reg[2]_rep__2/C (clocked by clk162_5_tangerineA7_100_clk_wiz_2_0) and tangerineA7_100_i/tangerineSOC_0/inst/axiDMAInst/ch2Input0_reg[85]/CE (clocked by clk162_5_tangerineA7_100_clk_wiz_2_0). Large setup violations at the end of those stages might be difficult to fix during the post-placement implementation flow and could be the result of non-optimal XDC constraints or non-optimal design architecture
Related violations: <none>

TIMING-16#592 Warning
Large setup violation  
There is a large setup violation of -2.454 ns between tangerineA7_100_i/tangerineSOC_0/inst/nekoRvInst/a_reg[2]_rep__2/C (clocked by clk162_5_tangerineA7_100_clk_wiz_2_0) and tangerineA7_100_i/tangerineSOC_0/inst/axiDMAInst/ch2Input0_reg[86]/CE (clocked by clk162_5_tangerineA7_100_clk_wiz_2_0). Large setup violations at the end of those stages might be difficult to fix during the post-placement implementation flow and could be the result of non-optimal XDC constraints or non-optimal design architecture
Related violations: <none>

TIMING-16#593 Warning
Large setup violation  
There is a large setup violation of -2.454 ns between tangerineA7_100_i/tangerineSOC_0/inst/nekoRvInst/a_reg[2]_rep__2/C (clocked by clk162_5_tangerineA7_100_clk_wiz_2_0) and tangerineA7_100_i/tangerineSOC_0/inst/axiDMAInst/ch2Input0_reg[90]/CE (clocked by clk162_5_tangerineA7_100_clk_wiz_2_0). Large setup violations at the end of those stages might be difficult to fix during the post-placement implementation flow and could be the result of non-optimal XDC constraints or non-optimal design architecture
Related violations: <none>

TIMING-16#594 Warning
Large setup violation  
There is a large setup violation of -2.454 ns between tangerineA7_100_i/tangerineSOC_0/inst/nekoRvInst/a_reg[2]_rep__2/C (clocked by clk162_5_tangerineA7_100_clk_wiz_2_0) and tangerineA7_100_i/tangerineSOC_0/inst/axiDMAInst/ch2Input0_reg[95]/CE (clocked by clk162_5_tangerineA7_100_clk_wiz_2_0). Large setup violations at the end of those stages might be difficult to fix during the post-placement implementation flow and could be the result of non-optimal XDC constraints or non-optimal design architecture
Related violations: <none>

TIMING-16#595 Warning
Large setup violation  
There is a large setup violation of -2.472 ns between tangerineA7_100_i/tangerineSOC_0/inst/axiDMAInst/cacheTagRamW0Inst/U0/inst_blk_mem_gen/gnbram.gnativebmg.native_blk_mem_gen/valid.cstr/ramloop[0].ram.r/prim_noinit.ram/DEVICE_7SERIES.NO_BMM_INFO.SP.WIDE_PRIM18.ram/CLKARDCLK (clocked by clk162_5_tangerineA7_100_clk_wiz_2_0) and tangerineA7_100_i/tangerineSOC_0/inst/axiDMAInst/FSM_onehot_axiState_reg[21]/D (clocked by clk_pll_i). Large setup violations at the end of those stages might be difficult to fix during the post-placement implementation flow and could be the result of non-optimal XDC constraints or non-optimal design architecture
Related violations: <none>

TIMING-16#596 Warning
Large setup violation  
There is a large setup violation of -2.493 ns between tangerineA7_100_i/tangerineSOC_0/inst/nekoRvInst/a_reg[2]_rep__2/C (clocked by clk162_5_tangerineA7_100_clk_wiz_2_0) and tangerineA7_100_i/tangerineSOC_0/inst/axiDMAInst/ch2Input0_reg[101]/CE (clocked by clk162_5_tangerineA7_100_clk_wiz_2_0). Large setup violations at the end of those stages might be difficult to fix during the post-placement implementation flow and could be the result of non-optimal XDC constraints or non-optimal design architecture
Related violations: <none>

TIMING-16#597 Warning
Large setup violation  
There is a large setup violation of -2.493 ns between tangerineA7_100_i/tangerineSOC_0/inst/nekoRvInst/a_reg[2]_rep__2/C (clocked by clk162_5_tangerineA7_100_clk_wiz_2_0) and tangerineA7_100_i/tangerineSOC_0/inst/axiDMAInst/ch2Input0_reg[102]/CE (clocked by clk162_5_tangerineA7_100_clk_wiz_2_0). Large setup violations at the end of those stages might be difficult to fix during the post-placement implementation flow and could be the result of non-optimal XDC constraints or non-optimal design architecture
Related violations: <none>

TIMING-16#598 Warning
Large setup violation  
There is a large setup violation of -2.493 ns between tangerineA7_100_i/tangerineSOC_0/inst/nekoRvInst/a_reg[2]_rep__2/C (clocked by clk162_5_tangerineA7_100_clk_wiz_2_0) and tangerineA7_100_i/tangerineSOC_0/inst/axiDMAInst/ch2Input0_reg[104]/CE (clocked by clk162_5_tangerineA7_100_clk_wiz_2_0). Large setup violations at the end of those stages might be difficult to fix during the post-placement implementation flow and could be the result of non-optimal XDC constraints or non-optimal design architecture
Related violations: <none>

TIMING-16#599 Warning
Large setup violation  
There is a large setup violation of -2.493 ns between tangerineA7_100_i/tangerineSOC_0/inst/nekoRvInst/a_reg[2]_rep__2/C (clocked by clk162_5_tangerineA7_100_clk_wiz_2_0) and tangerineA7_100_i/tangerineSOC_0/inst/axiDMAInst/ch2Input0_reg[105]/CE (clocked by clk162_5_tangerineA7_100_clk_wiz_2_0). Large setup violations at the end of those stages might be difficult to fix during the post-placement implementation flow and could be the result of non-optimal XDC constraints or non-optimal design architecture
Related violations: <none>

TIMING-16#600 Warning
Large setup violation  
There is a large setup violation of -2.493 ns between tangerineA7_100_i/tangerineSOC_0/inst/nekoRvInst/a_reg[2]_rep__2/C (clocked by clk162_5_tangerineA7_100_clk_wiz_2_0) and tangerineA7_100_i/tangerineSOC_0/inst/axiDMAInst/ch2Input0_reg[109]/CE (clocked by clk162_5_tangerineA7_100_clk_wiz_2_0). Large setup violations at the end of those stages might be difficult to fix during the post-placement implementation flow and could be the result of non-optimal XDC constraints or non-optimal design architecture
Related violations: <none>

TIMING-16#601 Warning
Large setup violation  
There is a large setup violation of -2.493 ns between tangerineA7_100_i/tangerineSOC_0/inst/nekoRvInst/a_reg[2]_rep__2/C (clocked by clk162_5_tangerineA7_100_clk_wiz_2_0) and tangerineA7_100_i/tangerineSOC_0/inst/axiDMAInst/ch2Input0_reg[117]/CE (clocked by clk162_5_tangerineA7_100_clk_wiz_2_0). Large setup violations at the end of those stages might be difficult to fix during the post-placement implementation flow and could be the result of non-optimal XDC constraints or non-optimal design architecture
Related violations: <none>

TIMING-16#602 Warning
Large setup violation  
There is a large setup violation of -2.493 ns between tangerineA7_100_i/tangerineSOC_0/inst/nekoRvInst/a_reg[2]_rep__2/C (clocked by clk162_5_tangerineA7_100_clk_wiz_2_0) and tangerineA7_100_i/tangerineSOC_0/inst/axiDMAInst/ch2Input0_reg[118]/CE (clocked by clk162_5_tangerineA7_100_clk_wiz_2_0). Large setup violations at the end of those stages might be difficult to fix during the post-placement implementation flow and could be the result of non-optimal XDC constraints or non-optimal design architecture
Related violations: <none>

TIMING-16#603 Warning
Large setup violation  
There is a large setup violation of -2.493 ns between tangerineA7_100_i/tangerineSOC_0/inst/nekoRvInst/a_reg[2]_rep__2/C (clocked by clk162_5_tangerineA7_100_clk_wiz_2_0) and tangerineA7_100_i/tangerineSOC_0/inst/axiDMAInst/ch2Input0_reg[97]/CE (clocked by clk162_5_tangerineA7_100_clk_wiz_2_0). Large setup violations at the end of those stages might be difficult to fix during the post-placement implementation flow and could be the result of non-optimal XDC constraints or non-optimal design architecture
Related violations: <none>

TIMING-16#604 Warning
Large setup violation  
There is a large setup violation of -2.499 ns between tangerineA7_100_i/tangerineSOC_0/inst/nekoRvInst/a_reg[2]_rep__2/C (clocked by clk162_5_tangerineA7_100_clk_wiz_2_0) and tangerineA7_100_i/tangerineSOC_0/inst/axiDMAInst/ch2Input0_reg[100]/CE (clocked by clk162_5_tangerineA7_100_clk_wiz_2_0). Large setup violations at the end of those stages might be difficult to fix during the post-placement implementation flow and could be the result of non-optimal XDC constraints or non-optimal design architecture
Related violations: <none>

TIMING-16#605 Warning
Large setup violation  
There is a large setup violation of -2.499 ns between tangerineA7_100_i/tangerineSOC_0/inst/nekoRvInst/a_reg[2]_rep__2/C (clocked by clk162_5_tangerineA7_100_clk_wiz_2_0) and tangerineA7_100_i/tangerineSOC_0/inst/axiDMAInst/ch2Input0_reg[103]/CE (clocked by clk162_5_tangerineA7_100_clk_wiz_2_0). Large setup violations at the end of those stages might be difficult to fix during the post-placement implementation flow and could be the result of non-optimal XDC constraints or non-optimal design architecture
Related violations: <none>

TIMING-16#606 Warning
Large setup violation  
There is a large setup violation of -2.499 ns between tangerineA7_100_i/tangerineSOC_0/inst/nekoRvInst/a_reg[2]_rep__2/C (clocked by clk162_5_tangerineA7_100_clk_wiz_2_0) and tangerineA7_100_i/tangerineSOC_0/inst/axiDMAInst/ch2Input0_reg[108]/CE (clocked by clk162_5_tangerineA7_100_clk_wiz_2_0). Large setup violations at the end of those stages might be difficult to fix during the post-placement implementation flow and could be the result of non-optimal XDC constraints or non-optimal design architecture
Related violations: <none>

TIMING-16#607 Warning
Large setup violation  
There is a large setup violation of -2.499 ns between tangerineA7_100_i/tangerineSOC_0/inst/nekoRvInst/a_reg[2]_rep__2/C (clocked by clk162_5_tangerineA7_100_clk_wiz_2_0) and tangerineA7_100_i/tangerineSOC_0/inst/axiDMAInst/ch2Input0_reg[110]/CE (clocked by clk162_5_tangerineA7_100_clk_wiz_2_0). Large setup violations at the end of those stages might be difficult to fix during the post-placement implementation flow and could be the result of non-optimal XDC constraints or non-optimal design architecture
Related violations: <none>

TIMING-16#608 Warning
Large setup violation  
There is a large setup violation of -2.499 ns between tangerineA7_100_i/tangerineSOC_0/inst/nekoRvInst/a_reg[2]_rep__2/C (clocked by clk162_5_tangerineA7_100_clk_wiz_2_0) and tangerineA7_100_i/tangerineSOC_0/inst/axiDMAInst/ch2Input0_reg[111]/CE (clocked by clk162_5_tangerineA7_100_clk_wiz_2_0). Large setup violations at the end of those stages might be difficult to fix during the post-placement implementation flow and could be the result of non-optimal XDC constraints or non-optimal design architecture
Related violations: <none>

TIMING-16#609 Warning
Large setup violation  
There is a large setup violation of -2.499 ns between tangerineA7_100_i/tangerineSOC_0/inst/nekoRvInst/a_reg[2]_rep__2/C (clocked by clk162_5_tangerineA7_100_clk_wiz_2_0) and tangerineA7_100_i/tangerineSOC_0/inst/axiDMAInst/ch2Input0_reg[96]/CE (clocked by clk162_5_tangerineA7_100_clk_wiz_2_0). Large setup violations at the end of those stages might be difficult to fix during the post-placement implementation flow and could be the result of non-optimal XDC constraints or non-optimal design architecture
Related violations: <none>

TIMING-16#610 Warning
Large setup violation  
There is a large setup violation of -2.499 ns between tangerineA7_100_i/tangerineSOC_0/inst/nekoRvInst/a_reg[2]_rep__2/C (clocked by clk162_5_tangerineA7_100_clk_wiz_2_0) and tangerineA7_100_i/tangerineSOC_0/inst/axiDMAInst/ch2Input0_reg[99]/CE (clocked by clk162_5_tangerineA7_100_clk_wiz_2_0). Large setup violations at the end of those stages might be difficult to fix during the post-placement implementation flow and could be the result of non-optimal XDC constraints or non-optimal design architecture
Related violations: <none>

TIMING-16#611 Warning
Large setup violation  
There is a large setup violation of -2.500 ns between tangerineA7_100_i/tangerineSOC_0/inst/axiDMAInst/cacheA_reg[4]/C (clocked by clk_pll_i) and tangerineA7_100_i/tangerineSOC_0/inst/axiDMAInst/cacheDataRamW1Inst/U0/inst_blk_mem_gen/gnbram.gnativebmg.native_blk_mem_gen/valid.cstr/ramloop[2].ram.r/prim_noinit.ram/DEVICE_7SERIES.NO_BMM_INFO.TRUE_DP.SIMPLE_PRIM36.ram/ADDRARDADDR[5] (clocked by clk162_5_tangerineA7_100_clk_wiz_2_0). Large setup violations at the end of those stages might be difficult to fix during the post-placement implementation flow and could be the result of non-optimal XDC constraints or non-optimal design architecture
Related violations: <none>

TIMING-16#612 Warning
Large setup violation  
There is a large setup violation of -2.503 ns between tangerineA7_100_i/tangerineSOC_0/inst/axiDMAInst/cacheDIn_reg[21]/C (clocked by clk_pll_i) and tangerineA7_100_i/tangerineSOC_0/inst/axiDMAInst/cacheDataRamW1Inst/U0/inst_blk_mem_gen/gnbram.gnativebmg.native_blk_mem_gen/valid.cstr/ramloop[5].ram.r/prim_noinit.ram/DEVICE_7SERIES.NO_BMM_INFO.TRUE_DP.SIMPLE_PRIM36.ram/DIADI[5] (clocked by clk162_5_tangerineA7_100_clk_wiz_2_0). Large setup violations at the end of those stages might be difficult to fix during the post-placement implementation flow and could be the result of non-optimal XDC constraints or non-optimal design architecture
Related violations: <none>

TIMING-16#613 Warning
Large setup violation  
There is a large setup violation of -2.508 ns between tangerineA7_100_i/tangerineSOC_0/inst/nekoRvInst/a_reg[2]_rep__2/C (clocked by clk162_5_tangerineA7_100_clk_wiz_2_0) and tangerineA7_100_i/tangerineSOC_0/inst/axiDMAInst/ch2Input0_reg[88]/CE (clocked by clk162_5_tangerineA7_100_clk_wiz_2_0). Large setup violations at the end of those stages might be difficult to fix during the post-placement implementation flow and could be the result of non-optimal XDC constraints or non-optimal design architecture
Related violations: <none>

TIMING-16#614 Warning
Large setup violation  
There is a large setup violation of -2.508 ns between tangerineA7_100_i/tangerineSOC_0/inst/nekoRvInst/a_reg[2]_rep__2/C (clocked by clk162_5_tangerineA7_100_clk_wiz_2_0) and tangerineA7_100_i/tangerineSOC_0/inst/axiDMAInst/ch2Input0_reg[89]/CE (clocked by clk162_5_tangerineA7_100_clk_wiz_2_0). Large setup violations at the end of those stages might be difficult to fix during the post-placement implementation flow and could be the result of non-optimal XDC constraints or non-optimal design architecture
Related violations: <none>

TIMING-16#615 Warning
Large setup violation  
There is a large setup violation of -2.508 ns between tangerineA7_100_i/tangerineSOC_0/inst/nekoRvInst/a_reg[2]_rep__2/C (clocked by clk162_5_tangerineA7_100_clk_wiz_2_0) and tangerineA7_100_i/tangerineSOC_0/inst/axiDMAInst/ch2Input0_reg[91]/CE (clocked by clk162_5_tangerineA7_100_clk_wiz_2_0). Large setup violations at the end of those stages might be difficult to fix during the post-placement implementation flow and could be the result of non-optimal XDC constraints or non-optimal design architecture
Related violations: <none>

TIMING-16#616 Warning
Large setup violation  
There is a large setup violation of -2.508 ns between tangerineA7_100_i/tangerineSOC_0/inst/nekoRvInst/a_reg[2]_rep__2/C (clocked by clk162_5_tangerineA7_100_clk_wiz_2_0) and tangerineA7_100_i/tangerineSOC_0/inst/axiDMAInst/ch2Input0_reg[92]/CE (clocked by clk162_5_tangerineA7_100_clk_wiz_2_0). Large setup violations at the end of those stages might be difficult to fix during the post-placement implementation flow and could be the result of non-optimal XDC constraints or non-optimal design architecture
Related violations: <none>

TIMING-16#617 Warning
Large setup violation  
There is a large setup violation of -2.508 ns between tangerineA7_100_i/tangerineSOC_0/inst/nekoRvInst/a_reg[2]_rep__2/C (clocked by clk162_5_tangerineA7_100_clk_wiz_2_0) and tangerineA7_100_i/tangerineSOC_0/inst/axiDMAInst/ch2Input0_reg[93]/CE (clocked by clk162_5_tangerineA7_100_clk_wiz_2_0). Large setup violations at the end of those stages might be difficult to fix during the post-placement implementation flow and could be the result of non-optimal XDC constraints or non-optimal design architecture
Related violations: <none>

TIMING-16#618 Warning
Large setup violation  
There is a large setup violation of -2.508 ns between tangerineA7_100_i/tangerineSOC_0/inst/nekoRvInst/a_reg[2]_rep__2/C (clocked by clk162_5_tangerineA7_100_clk_wiz_2_0) and tangerineA7_100_i/tangerineSOC_0/inst/axiDMAInst/ch2Input0_reg[94]/CE (clocked by clk162_5_tangerineA7_100_clk_wiz_2_0). Large setup violations at the end of those stages might be difficult to fix during the post-placement implementation flow and could be the result of non-optimal XDC constraints or non-optimal design architecture
Related violations: <none>

TIMING-16#619 Warning
Large setup violation  
There is a large setup violation of -2.522 ns between tangerineA7_100_i/tangerineSOC_0/inst/axiDMAInst/cacheDIn_reg[8]/C (clocked by clk_pll_i) and tangerineA7_100_i/tangerineSOC_0/inst/axiDMAInst/cacheDataRamW1Inst/U0/inst_blk_mem_gen/gnbram.gnativebmg.native_blk_mem_gen/valid.cstr/ramloop[3].ram.r/prim_noinit.ram/DEVICE_7SERIES.NO_BMM_INFO.TRUE_DP.SIMPLE_PRIM36.ram/DIADI[0] (clocked by clk162_5_tangerineA7_100_clk_wiz_2_0). Large setup violations at the end of those stages might be difficult to fix during the post-placement implementation flow and could be the result of non-optimal XDC constraints or non-optimal design architecture
Related violations: <none>

TIMING-16#620 Warning
Large setup violation  
There is a large setup violation of -2.535 ns between tangerineA7_100_i/tangerineSOC_0/inst/axiDMAInst/cacheDIn_reg[4]/C (clocked by clk_pll_i) and tangerineA7_100_i/tangerineSOC_0/inst/axiDMAInst/cacheDataRamW2Inst/U0/inst_blk_mem_gen/gnbram.gnativebmg.native_blk_mem_gen/valid.cstr/ramloop[0].ram.r/prim_noinit.ram/DEVICE_7SERIES.NO_BMM_INFO.TRUE_DP.SIMPLE_PRIM36.ram/DIADI[4] (clocked by clk162_5_tangerineA7_100_clk_wiz_2_0). Large setup violations at the end of those stages might be difficult to fix during the post-placement implementation flow and could be the result of non-optimal XDC constraints or non-optimal design architecture
Related violations: <none>

TIMING-16#621 Warning
Large setup violation  
There is a large setup violation of -2.536 ns between tangerineA7_100_i/tangerineSOC_0/inst/nekoRvInst/a_reg[2]_rep__2/C (clocked by clk162_5_tangerineA7_100_clk_wiz_2_0) and tangerineA7_100_i/tangerineSOC_0/inst/axiDMAInst/ch2Input0_reg[56]/CE (clocked by clk162_5_tangerineA7_100_clk_wiz_2_0). Large setup violations at the end of those stages might be difficult to fix during the post-placement implementation flow and could be the result of non-optimal XDC constraints or non-optimal design architecture
Related violations: <none>

TIMING-16#622 Warning
Large setup violation  
There is a large setup violation of -2.536 ns between tangerineA7_100_i/tangerineSOC_0/inst/nekoRvInst/a_reg[2]_rep__2/C (clocked by clk162_5_tangerineA7_100_clk_wiz_2_0) and tangerineA7_100_i/tangerineSOC_0/inst/axiDMAInst/ch2Input0_reg[57]/CE (clocked by clk162_5_tangerineA7_100_clk_wiz_2_0). Large setup violations at the end of those stages might be difficult to fix during the post-placement implementation flow and could be the result of non-optimal XDC constraints or non-optimal design architecture
Related violations: <none>

TIMING-16#623 Warning
Large setup violation  
There is a large setup violation of -2.536 ns between tangerineA7_100_i/tangerineSOC_0/inst/nekoRvInst/a_reg[2]_rep__2/C (clocked by clk162_5_tangerineA7_100_clk_wiz_2_0) and tangerineA7_100_i/tangerineSOC_0/inst/axiDMAInst/ch2Input0_reg[58]/CE (clocked by clk162_5_tangerineA7_100_clk_wiz_2_0). Large setup violations at the end of those stages might be difficult to fix during the post-placement implementation flow and could be the result of non-optimal XDC constraints or non-optimal design architecture
Related violations: <none>

TIMING-16#624 Warning
Large setup violation  
There is a large setup violation of -2.536 ns between tangerineA7_100_i/tangerineSOC_0/inst/nekoRvInst/a_reg[2]_rep__2/C (clocked by clk162_5_tangerineA7_100_clk_wiz_2_0) and tangerineA7_100_i/tangerineSOC_0/inst/axiDMAInst/ch2Input0_reg[59]/CE (clocked by clk162_5_tangerineA7_100_clk_wiz_2_0). Large setup violations at the end of those stages might be difficult to fix during the post-placement implementation flow and could be the result of non-optimal XDC constraints or non-optimal design architecture
Related violations: <none>

TIMING-16#625 Warning
Large setup violation  
There is a large setup violation of -2.536 ns between tangerineA7_100_i/tangerineSOC_0/inst/nekoRvInst/a_reg[2]_rep__2/C (clocked by clk162_5_tangerineA7_100_clk_wiz_2_0) and tangerineA7_100_i/tangerineSOC_0/inst/axiDMAInst/ch2Input0_reg[60]/CE (clocked by clk162_5_tangerineA7_100_clk_wiz_2_0). Large setup violations at the end of those stages might be difficult to fix during the post-placement implementation flow and could be the result of non-optimal XDC constraints or non-optimal design architecture
Related violations: <none>

TIMING-16#626 Warning
Large setup violation  
There is a large setup violation of -2.536 ns between tangerineA7_100_i/tangerineSOC_0/inst/nekoRvInst/a_reg[2]_rep__2/C (clocked by clk162_5_tangerineA7_100_clk_wiz_2_0) and tangerineA7_100_i/tangerineSOC_0/inst/axiDMAInst/ch2Input0_reg[61]/CE (clocked by clk162_5_tangerineA7_100_clk_wiz_2_0). Large setup violations at the end of those stages might be difficult to fix during the post-placement implementation flow and could be the result of non-optimal XDC constraints or non-optimal design architecture
Related violations: <none>

TIMING-16#627 Warning
Large setup violation  
There is a large setup violation of -2.536 ns between tangerineA7_100_i/tangerineSOC_0/inst/nekoRvInst/a_reg[2]_rep__2/C (clocked by clk162_5_tangerineA7_100_clk_wiz_2_0) and tangerineA7_100_i/tangerineSOC_0/inst/axiDMAInst/ch2Input0_reg[62]/CE (clocked by clk162_5_tangerineA7_100_clk_wiz_2_0). Large setup violations at the end of those stages might be difficult to fix during the post-placement implementation flow and could be the result of non-optimal XDC constraints or non-optimal design architecture
Related violations: <none>

TIMING-16#628 Warning
Large setup violation  
There is a large setup violation of -2.536 ns between tangerineA7_100_i/tangerineSOC_0/inst/nekoRvInst/a_reg[2]_rep__2/C (clocked by clk162_5_tangerineA7_100_clk_wiz_2_0) and tangerineA7_100_i/tangerineSOC_0/inst/axiDMAInst/ch2Input0_reg[63]/CE (clocked by clk162_5_tangerineA7_100_clk_wiz_2_0). Large setup violations at the end of those stages might be difficult to fix during the post-placement implementation flow and could be the result of non-optimal XDC constraints or non-optimal design architecture
Related violations: <none>

TIMING-16#629 Warning
Large setup violation  
There is a large setup violation of -2.537 ns between tangerineA7_100_i/tangerineSOC_0/inst/nekoRvInst/a_reg[2]_rep__2/C (clocked by clk162_5_tangerineA7_100_clk_wiz_2_0) and tangerineA7_100_i/tangerineSOC_0/inst/axiDMAInst/ch2Input0_reg[34]/CE (clocked by clk162_5_tangerineA7_100_clk_wiz_2_0). Large setup violations at the end of those stages might be difficult to fix during the post-placement implementation flow and could be the result of non-optimal XDC constraints or non-optimal design architecture
Related violations: <none>

TIMING-16#630 Warning
Large setup violation  
There is a large setup violation of -2.537 ns between tangerineA7_100_i/tangerineSOC_0/inst/nekoRvInst/a_reg[2]_rep__2/C (clocked by clk162_5_tangerineA7_100_clk_wiz_2_0) and tangerineA7_100_i/tangerineSOC_0/inst/axiDMAInst/ch2Input0_reg[36]/CE (clocked by clk162_5_tangerineA7_100_clk_wiz_2_0). Large setup violations at the end of those stages might be difficult to fix during the post-placement implementation flow and could be the result of non-optimal XDC constraints or non-optimal design architecture
Related violations: <none>

TIMING-16#631 Warning
Large setup violation  
There is a large setup violation of -2.537 ns between tangerineA7_100_i/tangerineSOC_0/inst/nekoRvInst/a_reg[2]_rep__2/C (clocked by clk162_5_tangerineA7_100_clk_wiz_2_0) and tangerineA7_100_i/tangerineSOC_0/inst/axiDMAInst/ch2Input0_reg[40]/CE (clocked by clk162_5_tangerineA7_100_clk_wiz_2_0). Large setup violations at the end of those stages might be difficult to fix during the post-placement implementation flow and could be the result of non-optimal XDC constraints or non-optimal design architecture
Related violations: <none>

TIMING-16#632 Warning
Large setup violation  
There is a large setup violation of -2.537 ns between tangerineA7_100_i/tangerineSOC_0/inst/nekoRvInst/a_reg[2]_rep__2/C (clocked by clk162_5_tangerineA7_100_clk_wiz_2_0) and tangerineA7_100_i/tangerineSOC_0/inst/axiDMAInst/ch2Input0_reg[42]/CE (clocked by clk162_5_tangerineA7_100_clk_wiz_2_0). Large setup violations at the end of those stages might be difficult to fix during the post-placement implementation flow and could be the result of non-optimal XDC constraints or non-optimal design architecture
Related violations: <none>

TIMING-16#633 Warning
Large setup violation  
There is a large setup violation of -2.537 ns between tangerineA7_100_i/tangerineSOC_0/inst/nekoRvInst/a_reg[2]_rep__2/C (clocked by clk162_5_tangerineA7_100_clk_wiz_2_0) and tangerineA7_100_i/tangerineSOC_0/inst/axiDMAInst/ch2Input0_reg[43]/CE (clocked by clk162_5_tangerineA7_100_clk_wiz_2_0). Large setup violations at the end of those stages might be difficult to fix during the post-placement implementation flow and could be the result of non-optimal XDC constraints or non-optimal design architecture
Related violations: <none>

TIMING-16#634 Warning
Large setup violation  
There is a large setup violation of -2.537 ns between tangerineA7_100_i/tangerineSOC_0/inst/nekoRvInst/a_reg[2]_rep__2/C (clocked by clk162_5_tangerineA7_100_clk_wiz_2_0) and tangerineA7_100_i/tangerineSOC_0/inst/axiDMAInst/ch2Input0_reg[45]/CE (clocked by clk162_5_tangerineA7_100_clk_wiz_2_0). Large setup violations at the end of those stages might be difficult to fix during the post-placement implementation flow and could be the result of non-optimal XDC constraints or non-optimal design architecture
Related violations: <none>

TIMING-16#635 Warning
Large setup violation  
There is a large setup violation of -2.537 ns between tangerineA7_100_i/tangerineSOC_0/inst/nekoRvInst/a_reg[2]_rep__2/C (clocked by clk162_5_tangerineA7_100_clk_wiz_2_0) and tangerineA7_100_i/tangerineSOC_0/inst/axiDMAInst/ch2Input0_reg[48]/CE (clocked by clk162_5_tangerineA7_100_clk_wiz_2_0). Large setup violations at the end of those stages might be difficult to fix during the post-placement implementation flow and could be the result of non-optimal XDC constraints or non-optimal design architecture
Related violations: <none>

TIMING-16#636 Warning
Large setup violation  
There is a large setup violation of -2.537 ns between tangerineA7_100_i/tangerineSOC_0/inst/nekoRvInst/a_reg[2]_rep__2/C (clocked by clk162_5_tangerineA7_100_clk_wiz_2_0) and tangerineA7_100_i/tangerineSOC_0/inst/axiDMAInst/ch2Input0_reg[55]/CE (clocked by clk162_5_tangerineA7_100_clk_wiz_2_0). Large setup violations at the end of those stages might be difficult to fix during the post-placement implementation flow and could be the result of non-optimal XDC constraints or non-optimal design architecture
Related violations: <none>

TIMING-16#637 Warning
Large setup violation  
There is a large setup violation of -2.577 ns between tangerineA7_100_i/tangerineSOC_0/inst/nekoRvInst/a_reg[2]_rep__2/C (clocked by clk162_5_tangerineA7_100_clk_wiz_2_0) and tangerineA7_100_i/tangerineSOC_0/inst/axiDMAInst/ch2Input0_reg[66]/CE (clocked by clk162_5_tangerineA7_100_clk_wiz_2_0). Large setup violations at the end of those stages might be difficult to fix during the post-placement implementation flow and could be the result of non-optimal XDC constraints or non-optimal design architecture
Related violations: <none>

TIMING-16#638 Warning
Large setup violation  
There is a large setup violation of -2.577 ns between tangerineA7_100_i/tangerineSOC_0/inst/nekoRvInst/a_reg[2]_rep__2/C (clocked by clk162_5_tangerineA7_100_clk_wiz_2_0) and tangerineA7_100_i/tangerineSOC_0/inst/axiDMAInst/ch2Input0_reg[74]/CE (clocked by clk162_5_tangerineA7_100_clk_wiz_2_0). Large setup violations at the end of those stages might be difficult to fix during the post-placement implementation flow and could be the result of non-optimal XDC constraints or non-optimal design architecture
Related violations: <none>

TIMING-16#639 Warning
Large setup violation  
There is a large setup violation of -2.577 ns between tangerineA7_100_i/tangerineSOC_0/inst/nekoRvInst/a_reg[2]_rep__2/C (clocked by clk162_5_tangerineA7_100_clk_wiz_2_0) and tangerineA7_100_i/tangerineSOC_0/inst/axiDMAInst/ch2Input0_reg[75]/CE (clocked by clk162_5_tangerineA7_100_clk_wiz_2_0). Large setup violations at the end of those stages might be difficult to fix during the post-placement implementation flow and could be the result of non-optimal XDC constraints or non-optimal design architecture
Related violations: <none>

TIMING-16#640 Warning
Large setup violation  
There is a large setup violation of -2.577 ns between tangerineA7_100_i/tangerineSOC_0/inst/nekoRvInst/a_reg[2]_rep__2/C (clocked by clk162_5_tangerineA7_100_clk_wiz_2_0) and tangerineA7_100_i/tangerineSOC_0/inst/axiDMAInst/ch2Input0_reg[76]/CE (clocked by clk162_5_tangerineA7_100_clk_wiz_2_0). Large setup violations at the end of those stages might be difficult to fix during the post-placement implementation flow and could be the result of non-optimal XDC constraints or non-optimal design architecture
Related violations: <none>

TIMING-16#641 Warning
Large setup violation  
There is a large setup violation of -2.577 ns between tangerineA7_100_i/tangerineSOC_0/inst/nekoRvInst/a_reg[2]_rep__2/C (clocked by clk162_5_tangerineA7_100_clk_wiz_2_0) and tangerineA7_100_i/tangerineSOC_0/inst/axiDMAInst/ch2Input0_reg[77]/CE (clocked by clk162_5_tangerineA7_100_clk_wiz_2_0). Large setup violations at the end of those stages might be difficult to fix during the post-placement implementation flow and could be the result of non-optimal XDC constraints or non-optimal design architecture
Related violations: <none>

TIMING-16#642 Warning
Large setup violation  
There is a large setup violation of -2.577 ns between tangerineA7_100_i/tangerineSOC_0/inst/nekoRvInst/a_reg[2]_rep__2/C (clocked by clk162_5_tangerineA7_100_clk_wiz_2_0) and tangerineA7_100_i/tangerineSOC_0/inst/axiDMAInst/ch2Input0_reg[79]/CE (clocked by clk162_5_tangerineA7_100_clk_wiz_2_0). Large setup violations at the end of those stages might be difficult to fix during the post-placement implementation flow and could be the result of non-optimal XDC constraints or non-optimal design architecture
Related violations: <none>

TIMING-16#643 Warning
Large setup violation  
There is a large setup violation of -2.577 ns between tangerineA7_100_i/tangerineSOC_0/inst/nekoRvInst/a_reg[2]_rep__2/C (clocked by clk162_5_tangerineA7_100_clk_wiz_2_0) and tangerineA7_100_i/tangerineSOC_0/inst/axiDMAInst/ch2Input0_reg[80]/CE (clocked by clk162_5_tangerineA7_100_clk_wiz_2_0). Large setup violations at the end of those stages might be difficult to fix during the post-placement implementation flow and could be the result of non-optimal XDC constraints or non-optimal design architecture
Related violations: <none>

TIMING-16#644 Warning
Large setup violation  
There is a large setup violation of -2.579 ns between tangerineA7_100_i/tangerineSOC_0/inst/nekoRvInst/a_reg[2]_rep__2/C (clocked by clk162_5_tangerineA7_100_clk_wiz_2_0) and tangerineA7_100_i/tangerineSOC_0/inst/axiDMAInst/ch2Input0_reg[65]/CE (clocked by clk162_5_tangerineA7_100_clk_wiz_2_0). Large setup violations at the end of those stages might be difficult to fix during the post-placement implementation flow and could be the result of non-optimal XDC constraints or non-optimal design architecture
Related violations: <none>

TIMING-16#645 Warning
Large setup violation  
There is a large setup violation of -2.580 ns between tangerineA7_100_i/tangerineSOC_0/inst/nekoRvInst/a_reg[2]_rep__2/C (clocked by clk162_5_tangerineA7_100_clk_wiz_2_0) and tangerineA7_100_i/tangerineSOC_0/inst/axiDMAInst/ch2Input0_reg[70]/CE (clocked by clk162_5_tangerineA7_100_clk_wiz_2_0). Large setup violations at the end of those stages might be difficult to fix during the post-placement implementation flow and could be the result of non-optimal XDC constraints or non-optimal design architecture
Related violations: <none>

TIMING-16#646 Warning
Large setup violation  
There is a large setup violation of -2.580 ns between tangerineA7_100_i/tangerineSOC_0/inst/nekoRvInst/a_reg[2]_rep__2/C (clocked by clk162_5_tangerineA7_100_clk_wiz_2_0) and tangerineA7_100_i/tangerineSOC_0/inst/axiDMAInst/ch2Input0_reg[72]/CE (clocked by clk162_5_tangerineA7_100_clk_wiz_2_0). Large setup violations at the end of those stages might be difficult to fix during the post-placement implementation flow and could be the result of non-optimal XDC constraints or non-optimal design architecture
Related violations: <none>

TIMING-16#647 Warning
Large setup violation  
There is a large setup violation of -2.580 ns between tangerineA7_100_i/tangerineSOC_0/inst/nekoRvInst/a_reg[2]_rep__2/C (clocked by clk162_5_tangerineA7_100_clk_wiz_2_0) and tangerineA7_100_i/tangerineSOC_0/inst/axiDMAInst/ch2Input0_reg[73]/CE (clocked by clk162_5_tangerineA7_100_clk_wiz_2_0). Large setup violations at the end of those stages might be difficult to fix during the post-placement implementation flow and could be the result of non-optimal XDC constraints or non-optimal design architecture
Related violations: <none>

TIMING-16#648 Warning
Large setup violation  
There is a large setup violation of -2.615 ns between tangerineA7_100_i/tangerineSOC_0/inst/nekoRvInst/a_reg[2]_rep__2/C (clocked by clk162_5_tangerineA7_100_clk_wiz_2_0) and tangerineA7_100_i/tangerineSOC_0/inst/axiDMAInst/ch2DaPointer_reg[11]/CE (clocked by clk162_5_tangerineA7_100_clk_wiz_2_0). Large setup violations at the end of those stages might be difficult to fix during the post-placement implementation flow and could be the result of non-optimal XDC constraints or non-optimal design architecture
Related violations: <none>

TIMING-16#649 Warning
Large setup violation  
There is a large setup violation of -2.615 ns between tangerineA7_100_i/tangerineSOC_0/inst/nekoRvInst/a_reg[2]_rep__2/C (clocked by clk162_5_tangerineA7_100_clk_wiz_2_0) and tangerineA7_100_i/tangerineSOC_0/inst/axiDMAInst/ch2DaPointer_reg[14]/CE (clocked by clk162_5_tangerineA7_100_clk_wiz_2_0). Large setup violations at the end of those stages might be difficult to fix during the post-placement implementation flow and could be the result of non-optimal XDC constraints or non-optimal design architecture
Related violations: <none>

TIMING-16#650 Warning
Large setup violation  
There is a large setup violation of -2.615 ns between tangerineA7_100_i/tangerineSOC_0/inst/nekoRvInst/a_reg[2]_rep__2/C (clocked by clk162_5_tangerineA7_100_clk_wiz_2_0) and tangerineA7_100_i/tangerineSOC_0/inst/axiDMAInst/ch2DaPointer_reg[4]/CE (clocked by clk162_5_tangerineA7_100_clk_wiz_2_0). Large setup violations at the end of those stages might be difficult to fix during the post-placement implementation flow and could be the result of non-optimal XDC constraints or non-optimal design architecture
Related violations: <none>

TIMING-16#651 Warning
Large setup violation  
There is a large setup violation of -2.631 ns between tangerineA7_100_i/tangerineSOC_0/inst/nekoRvInst/a_reg[2]_rep__2/C (clocked by clk162_5_tangerineA7_100_clk_wiz_2_0) and tangerineA7_100_i/tangerineSOC_0/inst/axiDMAInst/ch2Input0_reg[64]/CE (clocked by clk162_5_tangerineA7_100_clk_wiz_2_0). Large setup violations at the end of those stages might be difficult to fix during the post-placement implementation flow and could be the result of non-optimal XDC constraints or non-optimal design architecture
Related violations: <none>

TIMING-16#652 Warning
Large setup violation  
There is a large setup violation of -2.631 ns between tangerineA7_100_i/tangerineSOC_0/inst/nekoRvInst/a_reg[2]_rep__2/C (clocked by clk162_5_tangerineA7_100_clk_wiz_2_0) and tangerineA7_100_i/tangerineSOC_0/inst/axiDMAInst/ch2Input0_reg[67]/CE (clocked by clk162_5_tangerineA7_100_clk_wiz_2_0). Large setup violations at the end of those stages might be difficult to fix during the post-placement implementation flow and could be the result of non-optimal XDC constraints or non-optimal design architecture
Related violations: <none>

TIMING-16#653 Warning
Large setup violation  
There is a large setup violation of -2.631 ns between tangerineA7_100_i/tangerineSOC_0/inst/nekoRvInst/a_reg[2]_rep__2/C (clocked by clk162_5_tangerineA7_100_clk_wiz_2_0) and tangerineA7_100_i/tangerineSOC_0/inst/axiDMAInst/ch2Input0_reg[68]/CE (clocked by clk162_5_tangerineA7_100_clk_wiz_2_0). Large setup violations at the end of those stages might be difficult to fix during the post-placement implementation flow and could be the result of non-optimal XDC constraints or non-optimal design architecture
Related violations: <none>

TIMING-16#654 Warning
Large setup violation  
There is a large setup violation of -2.631 ns between tangerineA7_100_i/tangerineSOC_0/inst/nekoRvInst/a_reg[2]_rep__2/C (clocked by clk162_5_tangerineA7_100_clk_wiz_2_0) and tangerineA7_100_i/tangerineSOC_0/inst/axiDMAInst/ch2Input0_reg[69]/CE (clocked by clk162_5_tangerineA7_100_clk_wiz_2_0). Large setup violations at the end of those stages might be difficult to fix during the post-placement implementation flow and could be the result of non-optimal XDC constraints or non-optimal design architecture
Related violations: <none>

TIMING-16#655 Warning
Large setup violation  
There is a large setup violation of -2.631 ns between tangerineA7_100_i/tangerineSOC_0/inst/nekoRvInst/a_reg[2]_rep__2/C (clocked by clk162_5_tangerineA7_100_clk_wiz_2_0) and tangerineA7_100_i/tangerineSOC_0/inst/axiDMAInst/ch2Input0_reg[71]/CE (clocked by clk162_5_tangerineA7_100_clk_wiz_2_0). Large setup violations at the end of those stages might be difficult to fix during the post-placement implementation flow and could be the result of non-optimal XDC constraints or non-optimal design architecture
Related violations: <none>

TIMING-16#656 Warning
Large setup violation  
There is a large setup violation of -2.631 ns between tangerineA7_100_i/tangerineSOC_0/inst/nekoRvInst/a_reg[2]_rep__2/C (clocked by clk162_5_tangerineA7_100_clk_wiz_2_0) and tangerineA7_100_i/tangerineSOC_0/inst/axiDMAInst/ch2Input0_reg[78]/CE (clocked by clk162_5_tangerineA7_100_clk_wiz_2_0). Large setup violations at the end of those stages might be difficult to fix during the post-placement implementation flow and could be the result of non-optimal XDC constraints or non-optimal design architecture
Related violations: <none>

TIMING-16#657 Warning
Large setup violation  
There is a large setup violation of -2.635 ns between tangerineA7_100_i/tangerineSOC_0/inst/axiDMAInst/cacheA_reg[5]/C (clocked by clk_pll_i) and tangerineA7_100_i/tangerineSOC_0/inst/axiDMAInst/cacheDataRamW2Inst/U0/inst_blk_mem_gen/gnbram.gnativebmg.native_blk_mem_gen/valid.cstr/ramloop[0].ram.r/prim_noinit.ram/DEVICE_7SERIES.NO_BMM_INFO.TRUE_DP.SIMPLE_PRIM36.ram/ADDRARDADDR[6] (clocked by clk162_5_tangerineA7_100_clk_wiz_2_0). Large setup violations at the end of those stages might be difficult to fix during the post-placement implementation flow and could be the result of non-optimal XDC constraints or non-optimal design architecture
Related violations: <none>

TIMING-16#658 Warning
Large setup violation  
There is a large setup violation of -2.645 ns between tangerineA7_100_i/tangerineSOC_0/inst/nekoRvInst/a_reg[2]_rep__2/C (clocked by clk162_5_tangerineA7_100_clk_wiz_2_0) and tangerineA7_100_i/tangerineSOC_0/inst/axiDMAInst/ch2Input0_reg[81]/CE (clocked by clk162_5_tangerineA7_100_clk_wiz_2_0). Large setup violations at the end of those stages might be difficult to fix during the post-placement implementation flow and could be the result of non-optimal XDC constraints or non-optimal design architecture
Related violations: <none>

TIMING-16#659 Warning
Large setup violation  
There is a large setup violation of -2.645 ns between tangerineA7_100_i/tangerineSOC_0/inst/nekoRvInst/a_reg[2]_rep__2/C (clocked by clk162_5_tangerineA7_100_clk_wiz_2_0) and tangerineA7_100_i/tangerineSOC_0/inst/axiDMAInst/ch2Input0_reg[82]/CE (clocked by clk162_5_tangerineA7_100_clk_wiz_2_0). Large setup violations at the end of those stages might be difficult to fix during the post-placement implementation flow and could be the result of non-optimal XDC constraints or non-optimal design architecture
Related violations: <none>

TIMING-16#660 Warning
Large setup violation  
There is a large setup violation of -2.645 ns between tangerineA7_100_i/tangerineSOC_0/inst/nekoRvInst/a_reg[2]_rep__2/C (clocked by clk162_5_tangerineA7_100_clk_wiz_2_0) and tangerineA7_100_i/tangerineSOC_0/inst/axiDMAInst/ch2Input0_reg[87]/CE (clocked by clk162_5_tangerineA7_100_clk_wiz_2_0). Large setup violations at the end of those stages might be difficult to fix during the post-placement implementation flow and could be the result of non-optimal XDC constraints or non-optimal design architecture
Related violations: <none>

TIMING-16#661 Warning
Large setup violation  
There is a large setup violation of -2.664 ns between tangerineA7_100_i/tangerineSOC_0/inst/axiDMAInst/cacheA_reg[3]/C (clocked by clk_pll_i) and tangerineA7_100_i/tangerineSOC_0/inst/axiDMAInst/cacheDataRamW1Inst/U0/inst_blk_mem_gen/gnbram.gnativebmg.native_blk_mem_gen/valid.cstr/ramloop[2].ram.r/prim_noinit.ram/DEVICE_7SERIES.NO_BMM_INFO.TRUE_DP.SIMPLE_PRIM36.ram/ADDRARDADDR[4] (clocked by clk162_5_tangerineA7_100_clk_wiz_2_0). Large setup violations at the end of those stages might be difficult to fix during the post-placement implementation flow and could be the result of non-optimal XDC constraints or non-optimal design architecture
Related violations: <none>

TIMING-16#662 Warning
Large setup violation  
There is a large setup violation of -2.713 ns between tangerineA7_100_i/tangerineSOC_0/inst/axiDMAInst/cacheA_reg[13]/C (clocked by clk_pll_i) and tangerineA7_100_i/tangerineSOC_0/inst/axiDMAInst/cacheDataRamW2Inst/U0/inst_blk_mem_gen/gnbram.gnativebmg.native_blk_mem_gen/valid.cstr/ramloop[6].ram.r/prim_noinit.ram/DEVICE_7SERIES.NO_BMM_INFO.TRUE_DP.SIMPLE_PRIM36.ram/ADDRARDADDR[14] (clocked by clk162_5_tangerineA7_100_clk_wiz_2_0). Large setup violations at the end of those stages might be difficult to fix during the post-placement implementation flow and could be the result of non-optimal XDC constraints or non-optimal design architecture
Related violations: <none>

TIMING-16#663 Warning
Large setup violation  
There is a large setup violation of -2.731 ns between tangerineA7_100_i/tangerineSOC_0/inst/nekoRvInst/a_reg[2]_rep__2/C (clocked by clk162_5_tangerineA7_100_clk_wiz_2_0) and tangerineA7_100_i/tangerineSOC_0/inst/axiDMAInst/ch2Input0_reg[41]/CE (clocked by clk162_5_tangerineA7_100_clk_wiz_2_0). Large setup violations at the end of those stages might be difficult to fix during the post-placement implementation flow and could be the result of non-optimal XDC constraints or non-optimal design architecture
Related violations: <none>

TIMING-16#664 Warning
Large setup violation  
There is a large setup violation of -2.731 ns between tangerineA7_100_i/tangerineSOC_0/inst/nekoRvInst/a_reg[2]_rep__2/C (clocked by clk162_5_tangerineA7_100_clk_wiz_2_0) and tangerineA7_100_i/tangerineSOC_0/inst/axiDMAInst/ch2Input0_reg[47]/CE (clocked by clk162_5_tangerineA7_100_clk_wiz_2_0). Large setup violations at the end of those stages might be difficult to fix during the post-placement implementation flow and could be the result of non-optimal XDC constraints or non-optimal design architecture
Related violations: <none>

TIMING-16#665 Warning
Large setup violation  
There is a large setup violation of -2.731 ns between tangerineA7_100_i/tangerineSOC_0/inst/nekoRvInst/a_reg[2]_rep__2/C (clocked by clk162_5_tangerineA7_100_clk_wiz_2_0) and tangerineA7_100_i/tangerineSOC_0/inst/axiDMAInst/ch2Input0_reg[49]/CE (clocked by clk162_5_tangerineA7_100_clk_wiz_2_0). Large setup violations at the end of those stages might be difficult to fix during the post-placement implementation flow and could be the result of non-optimal XDC constraints or non-optimal design architecture
Related violations: <none>

TIMING-16#666 Warning
Large setup violation  
There is a large setup violation of -2.735 ns between tangerineA7_100_i/tangerineSOC_0/inst/nekoRvInst/a_reg[2]_rep__2/C (clocked by clk162_5_tangerineA7_100_clk_wiz_2_0) and tangerineA7_100_i/tangerineSOC_0/inst/axiDMAInst/ch2Input0_reg[32]/CE (clocked by clk162_5_tangerineA7_100_clk_wiz_2_0). Large setup violations at the end of those stages might be difficult to fix during the post-placement implementation flow and could be the result of non-optimal XDC constraints or non-optimal design architecture
Related violations: <none>

TIMING-16#667 Warning
Large setup violation  
There is a large setup violation of -2.735 ns between tangerineA7_100_i/tangerineSOC_0/inst/nekoRvInst/a_reg[2]_rep__2/C (clocked by clk162_5_tangerineA7_100_clk_wiz_2_0) and tangerineA7_100_i/tangerineSOC_0/inst/axiDMAInst/ch2Input0_reg[33]/CE (clocked by clk162_5_tangerineA7_100_clk_wiz_2_0). Large setup violations at the end of those stages might be difficult to fix during the post-placement implementation flow and could be the result of non-optimal XDC constraints or non-optimal design architecture
Related violations: <none>

TIMING-16#668 Warning
Large setup violation  
There is a large setup violation of -2.735 ns between tangerineA7_100_i/tangerineSOC_0/inst/nekoRvInst/a_reg[2]_rep__2/C (clocked by clk162_5_tangerineA7_100_clk_wiz_2_0) and tangerineA7_100_i/tangerineSOC_0/inst/axiDMAInst/ch2Input0_reg[35]/CE (clocked by clk162_5_tangerineA7_100_clk_wiz_2_0). Large setup violations at the end of those stages might be difficult to fix during the post-placement implementation flow and could be the result of non-optimal XDC constraints or non-optimal design architecture
Related violations: <none>

TIMING-16#669 Warning
Large setup violation  
There is a large setup violation of -2.735 ns between tangerineA7_100_i/tangerineSOC_0/inst/nekoRvInst/a_reg[2]_rep__2/C (clocked by clk162_5_tangerineA7_100_clk_wiz_2_0) and tangerineA7_100_i/tangerineSOC_0/inst/axiDMAInst/ch2Input0_reg[37]/CE (clocked by clk162_5_tangerineA7_100_clk_wiz_2_0). Large setup violations at the end of those stages might be difficult to fix during the post-placement implementation flow and could be the result of non-optimal XDC constraints or non-optimal design architecture
Related violations: <none>

TIMING-16#670 Warning
Large setup violation  
There is a large setup violation of -2.735 ns between tangerineA7_100_i/tangerineSOC_0/inst/nekoRvInst/a_reg[2]_rep__2/C (clocked by clk162_5_tangerineA7_100_clk_wiz_2_0) and tangerineA7_100_i/tangerineSOC_0/inst/axiDMAInst/ch2Input0_reg[38]/CE (clocked by clk162_5_tangerineA7_100_clk_wiz_2_0). Large setup violations at the end of those stages might be difficult to fix during the post-placement implementation flow and could be the result of non-optimal XDC constraints or non-optimal design architecture
Related violations: <none>

TIMING-16#671 Warning
Large setup violation  
There is a large setup violation of -2.735 ns between tangerineA7_100_i/tangerineSOC_0/inst/nekoRvInst/a_reg[2]_rep__2/C (clocked by clk162_5_tangerineA7_100_clk_wiz_2_0) and tangerineA7_100_i/tangerineSOC_0/inst/axiDMAInst/ch2Input0_reg[39]/CE (clocked by clk162_5_tangerineA7_100_clk_wiz_2_0). Large setup violations at the end of those stages might be difficult to fix during the post-placement implementation flow and could be the result of non-optimal XDC constraints or non-optimal design architecture
Related violations: <none>

TIMING-16#672 Warning
Large setup violation  
There is a large setup violation of -2.735 ns between tangerineA7_100_i/tangerineSOC_0/inst/nekoRvInst/a_reg[2]_rep__2/C (clocked by clk162_5_tangerineA7_100_clk_wiz_2_0) and tangerineA7_100_i/tangerineSOC_0/inst/axiDMAInst/ch2Input0_reg[46]/CE (clocked by clk162_5_tangerineA7_100_clk_wiz_2_0). Large setup violations at the end of those stages might be difficult to fix during the post-placement implementation flow and could be the result of non-optimal XDC constraints or non-optimal design architecture
Related violations: <none>

TIMING-16#673 Warning
Large setup violation  
There is a large setup violation of -2.756 ns between tangerineA7_100_i/tangerineSOC_0/inst/axiDMAInst/cacheA_reg[2]/C (clocked by clk_pll_i) and tangerineA7_100_i/tangerineSOC_0/inst/axiDMAInst/cacheDataRamW2Inst/U0/inst_blk_mem_gen/gnbram.gnativebmg.native_blk_mem_gen/valid.cstr/ramloop[0].ram.r/prim_noinit.ram/DEVICE_7SERIES.NO_BMM_INFO.TRUE_DP.SIMPLE_PRIM36.ram/ADDRARDADDR[3] (clocked by clk162_5_tangerineA7_100_clk_wiz_2_0). Large setup violations at the end of those stages might be difficult to fix during the post-placement implementation flow and could be the result of non-optimal XDC constraints or non-optimal design architecture
Related violations: <none>

TIMING-16#674 Warning
Large setup violation  
There is a large setup violation of -2.757 ns between tangerineA7_100_i/tangerineSOC_0/inst/nekoRvInst/a_reg[2]_rep__2/C (clocked by clk162_5_tangerineA7_100_clk_wiz_2_0) and tangerineA7_100_i/tangerineSOC_0/inst/axiDMAInst/ch2DaPointer_reg[5]/CE (clocked by clk162_5_tangerineA7_100_clk_wiz_2_0). Large setup violations at the end of those stages might be difficult to fix during the post-placement implementation flow and could be the result of non-optimal XDC constraints or non-optimal design architecture
Related violations: <none>

TIMING-16#675 Warning
Large setup violation  
There is a large setup violation of -2.796 ns between tangerineA7_100_i/tangerineSOC_0/inst/axiDMAInst/cacheTagRamW1Inst/U0/inst_blk_mem_gen/gnbram.gnativebmg.native_blk_mem_gen/valid.cstr/ramloop[0].ram.r/prim_noinit.ram/DEVICE_7SERIES.NO_BMM_INFO.SP.WIDE_PRIM18.ram/CLKARDCLK (clocked by clk162_5_tangerineA7_100_clk_wiz_2_0) and tangerineA7_100_i/tangerineSOC_0/inst/axiDMAInst/FSM_onehot_axiState_reg[21]_rep__11/D (clocked by clk_pll_i). Large setup violations at the end of those stages might be difficult to fix during the post-placement implementation flow and could be the result of non-optimal XDC constraints or non-optimal design architecture
Related violations: <none>

TIMING-16#676 Warning
Large setup violation  
There is a large setup violation of -2.833 ns between tangerineA7_100_i/tangerineSOC_0/inst/axiDMAInst/cacheA_reg[4]/C (clocked by clk_pll_i) and tangerineA7_100_i/tangerineSOC_0/inst/axiDMAInst/cacheDataRamW1Inst/U0/inst_blk_mem_gen/gnbram.gnativebmg.native_blk_mem_gen/valid.cstr/ramloop[4].ram.r/prim_noinit.ram/DEVICE_7SERIES.NO_BMM_INFO.TRUE_DP.SIMPLE_PRIM36.ram/ADDRARDADDR[5] (clocked by clk162_5_tangerineA7_100_clk_wiz_2_0). Large setup violations at the end of those stages might be difficult to fix during the post-placement implementation flow and could be the result of non-optimal XDC constraints or non-optimal design architecture
Related violations: <none>

TIMING-16#677 Warning
Large setup violation  
There is a large setup violation of -2.882 ns between tangerineA7_100_i/tangerineSOC_0/inst/axiDMAInst/cacheA_reg[13]/C (clocked by clk_pll_i) and tangerineA7_100_i/tangerineSOC_0/inst/axiDMAInst/cacheDataRamW2Inst/U0/inst_blk_mem_gen/gnbram.gnativebmg.native_blk_mem_gen/valid.cstr/ramloop[2].ram.r/prim_noinit.ram/DEVICE_7SERIES.NO_BMM_INFO.TRUE_DP.SIMPLE_PRIM36.ram/ADDRARDADDR[14] (clocked by clk162_5_tangerineA7_100_clk_wiz_2_0). Large setup violations at the end of those stages might be difficult to fix during the post-placement implementation flow and could be the result of non-optimal XDC constraints or non-optimal design architecture
Related violations: <none>

TIMING-16#678 Warning
Large setup violation  
There is a large setup violation of -2.905 ns between tangerineA7_100_i/tangerineSOC_0/inst/axiDMAInst/cacheTagRamW0Inst/U0/inst_blk_mem_gen/gnbram.gnativebmg.native_blk_mem_gen/valid.cstr/ramloop[0].ram.r/prim_noinit.ram/DEVICE_7SERIES.NO_BMM_INFO.SP.WIDE_PRIM18.ram/CLKARDCLK (clocked by clk162_5_tangerineA7_100_clk_wiz_2_0) and tangerineA7_100_i/tangerineSOC_0/inst/axiDMAInst/FSM_onehot_axiState_reg[21]_rep__2/D (clocked by clk_pll_i). Large setup violations at the end of those stages might be difficult to fix during the post-placement implementation flow and could be the result of non-optimal XDC constraints or non-optimal design architecture
Related violations: <none>

TIMING-16#679 Warning
Large setup violation  
There is a large setup violation of -2.912 ns between tangerineA7_100_i/tangerineSOC_0/inst/nekoRvInst/dout_reg[13]/C (clocked by clk162_5_tangerineA7_100_clk_wiz_2_0) and tangerineA7_100_i/tangerineSOC_0/inst/axiDMAInst/cacheDIn_reg[13]/D (clocked by clk_pll_i). Large setup violations at the end of those stages might be difficult to fix during the post-placement implementation flow and could be the result of non-optimal XDC constraints or non-optimal design architecture
Related violations: <none>

TIMING-16#680 Warning
Large setup violation  
There is a large setup violation of -2.914 ns between tangerineA7_100_i/tangerineSOC_0/inst/axiDMAInst/cacheTagRamW0Inst/U0/inst_blk_mem_gen/gnbram.gnativebmg.native_blk_mem_gen/valid.cstr/ramloop[0].ram.r/prim_noinit.ram/DEVICE_7SERIES.NO_BMM_INFO.SP.WIDE_PRIM18.ram/CLKARDCLK (clocked by clk162_5_tangerineA7_100_clk_wiz_2_0) and tangerineA7_100_i/tangerineSOC_0/inst/axiDMAInst/FSM_onehot_axiState_reg[21]_rep__3/D (clocked by clk_pll_i). Large setup violations at the end of those stages might be difficult to fix during the post-placement implementation flow and could be the result of non-optimal XDC constraints or non-optimal design architecture
Related violations: <none>

TIMING-16#681 Warning
Large setup violation  
There is a large setup violation of -2.931 ns between tangerineA7_100_i/tangerineSOC_0/inst/axiDMAInst/cacheTagRamW1Inst/U0/inst_blk_mem_gen/gnbram.gnativebmg.native_blk_mem_gen/valid.cstr/ramloop[0].ram.r/prim_noinit.ram/DEVICE_7SERIES.NO_BMM_INFO.SP.WIDE_PRIM18.ram/CLKARDCLK (clocked by clk162_5_tangerineA7_100_clk_wiz_2_0) and tangerineA7_100_i/tangerineSOC_0/inst/axiDMAInst/FSM_onehot_axiState_reg[21]_rep__28/D (clocked by clk_pll_i). Large setup violations at the end of those stages might be difficult to fix during the post-placement implementation flow and could be the result of non-optimal XDC constraints or non-optimal design architecture
Related violations: <none>

TIMING-16#682 Warning
Large setup violation  
There is a large setup violation of -2.941 ns between tangerineA7_100_i/tangerineSOC_0/inst/axiDMAInst/cacheTagRamW1Inst/U0/inst_blk_mem_gen/gnbram.gnativebmg.native_blk_mem_gen/valid.cstr/ramloop[0].ram.r/prim_noinit.ram/DEVICE_7SERIES.NO_BMM_INFO.SP.WIDE_PRIM18.ram/CLKARDCLK (clocked by clk162_5_tangerineA7_100_clk_wiz_2_0) and tangerineA7_100_i/tangerineSOC_0/inst/axiDMAInst/FSM_onehot_axiState_reg[21]_rep__26/D (clocked by clk_pll_i). Large setup violations at the end of those stages might be difficult to fix during the post-placement implementation flow and could be the result of non-optimal XDC constraints or non-optimal design architecture
Related violations: <none>

TIMING-16#683 Warning
Large setup violation  
There is a large setup violation of -2.955 ns between tangerineA7_100_i/tangerineSOC_0/inst/axiDMAInst/cacheTagRamW1Inst/U0/inst_blk_mem_gen/gnbram.gnativebmg.native_blk_mem_gen/valid.cstr/ramloop[0].ram.r/prim_noinit.ram/DEVICE_7SERIES.NO_BMM_INFO.SP.WIDE_PRIM18.ram/CLKARDCLK (clocked by clk162_5_tangerineA7_100_clk_wiz_2_0) and tangerineA7_100_i/tangerineSOC_0/inst/axiDMAInst/FSM_onehot_axiState_reg[21]_rep__30/D (clocked by clk_pll_i). Large setup violations at the end of those stages might be difficult to fix during the post-placement implementation flow and could be the result of non-optimal XDC constraints or non-optimal design architecture
Related violations: <none>

TIMING-16#684 Warning
Large setup violation  
There is a large setup violation of -2.972 ns between tangerineA7_100_i/tangerineSOC_0/inst/axiDMAInst/cacheA_reg[5]/C (clocked by clk_pll_i) and tangerineA7_100_i/tangerineSOC_0/inst/axiDMAInst/cacheDataRamW2Inst/U0/inst_blk_mem_gen/gnbram.gnativebmg.native_blk_mem_gen/valid.cstr/ramloop[1].ram.r/prim_noinit.ram/DEVICE_7SERIES.NO_BMM_INFO.TRUE_DP.SIMPLE_PRIM36.ram/ADDRARDADDR[6] (clocked by clk162_5_tangerineA7_100_clk_wiz_2_0). Large setup violations at the end of those stages might be difficult to fix during the post-placement implementation flow and could be the result of non-optimal XDC constraints or non-optimal design architecture
Related violations: <none>

TIMING-16#685 Warning
Large setup violation  
There is a large setup violation of -2.994 ns between tangerineA7_100_i/tangerineSOC_0/inst/axiDMAInst/cacheTagRamW1Inst/U0/inst_blk_mem_gen/gnbram.gnativebmg.native_blk_mem_gen/valid.cstr/ramloop[0].ram.r/prim_noinit.ram/DEVICE_7SERIES.NO_BMM_INFO.SP.WIDE_PRIM18.ram/CLKARDCLK (clocked by clk162_5_tangerineA7_100_clk_wiz_2_0) and tangerineA7_100_i/tangerineSOC_0/inst/axiDMAInst/FSM_onehot_axiState_reg[21]_rep__9/D (clocked by clk_pll_i). Large setup violations at the end of those stages might be difficult to fix during the post-placement implementation flow and could be the result of non-optimal XDC constraints or non-optimal design architecture
Related violations: <none>

TIMING-16#686 Warning
Large setup violation  
There is a large setup violation of -2.997 ns between tangerineA7_100_i/tangerineSOC_0/inst/axiDMAInst/cacheA_reg[3]/C (clocked by clk_pll_i) and tangerineA7_100_i/tangerineSOC_0/inst/axiDMAInst/cacheDataRamW1Inst/U0/inst_blk_mem_gen/gnbram.gnativebmg.native_blk_mem_gen/valid.cstr/ramloop[4].ram.r/prim_noinit.ram/DEVICE_7SERIES.NO_BMM_INFO.TRUE_DP.SIMPLE_PRIM36.ram/ADDRARDADDR[4] (clocked by clk162_5_tangerineA7_100_clk_wiz_2_0). Large setup violations at the end of those stages might be difficult to fix during the post-placement implementation flow and could be the result of non-optimal XDC constraints or non-optimal design architecture
Related violations: <none>

TIMING-16#687 Warning
Large setup violation  
There is a large setup violation of -3.009 ns between tangerineA7_100_i/tangerineSOC_0/inst/nekoRvInst/dout_reg[16]/C (clocked by clk162_5_tangerineA7_100_clk_wiz_2_0) and tangerineA7_100_i/tangerineSOC_0/inst/axiDMAInst/cacheDIn_reg[16]/D (clocked by clk_pll_i). Large setup violations at the end of those stages might be difficult to fix during the post-placement implementation flow and could be the result of non-optimal XDC constraints or non-optimal design architecture
Related violations: <none>

TIMING-16#688 Warning
Large setup violation  
There is a large setup violation of -3.021 ns between tangerineA7_100_i/tangerineSOC_0/inst/axiDMAInst/cacheTagRamW1Inst/U0/inst_blk_mem_gen/gnbram.gnativebmg.native_blk_mem_gen/valid.cstr/ramloop[0].ram.r/prim_noinit.ram/DEVICE_7SERIES.NO_BMM_INFO.SP.WIDE_PRIM18.ram/CLKARDCLK (clocked by clk162_5_tangerineA7_100_clk_wiz_2_0) and tangerineA7_100_i/tangerineSOC_0/inst/axiDMAInst/FSM_onehot_axiState_reg[21]_rep__0/D (clocked by clk_pll_i). Large setup violations at the end of those stages might be difficult to fix during the post-placement implementation flow and could be the result of non-optimal XDC constraints or non-optimal design architecture
Related violations: <none>

TIMING-16#689 Warning
Large setup violation  
There is a large setup violation of -3.025 ns between tangerineA7_100_i/tangerineSOC_0/inst/axiDMAInst/cacheTagRamW1Inst/U0/inst_blk_mem_gen/gnbram.gnativebmg.native_blk_mem_gen/valid.cstr/ramloop[0].ram.r/prim_noinit.ram/DEVICE_7SERIES.NO_BMM_INFO.SP.WIDE_PRIM18.ram/CLKARDCLK (clocked by clk162_5_tangerineA7_100_clk_wiz_2_0) and tangerineA7_100_i/tangerineSOC_0/inst/axiDMAInst/FSM_onehot_axiState_reg[21]_rep__13/D (clocked by clk_pll_i). Large setup violations at the end of those stages might be difficult to fix during the post-placement implementation flow and could be the result of non-optimal XDC constraints or non-optimal design architecture
Related violations: <none>

TIMING-16#690 Warning
Large setup violation  
There is a large setup violation of -3.038 ns between tangerineA7_100_i/tangerineSOC_0/inst/axiDMAInst/cacheTagRamW1Inst/U0/inst_blk_mem_gen/gnbram.gnativebmg.native_blk_mem_gen/valid.cstr/ramloop[0].ram.r/prim_noinit.ram/DEVICE_7SERIES.NO_BMM_INFO.SP.WIDE_PRIM18.ram/CLKARDCLK (clocked by clk162_5_tangerineA7_100_clk_wiz_2_0) and tangerineA7_100_i/tangerineSOC_0/inst/axiDMAInst/FSM_onehot_axiState_reg[21]_rep__25/D (clocked by clk_pll_i). Large setup violations at the end of those stages might be difficult to fix during the post-placement implementation flow and could be the result of non-optimal XDC constraints or non-optimal design architecture
Related violations: <none>

TIMING-16#691 Warning
Large setup violation  
There is a large setup violation of -3.056 ns between tangerineA7_100_i/tangerineSOC_0/inst/axiDMAInst/cacheTagRamW1Inst/U0/inst_blk_mem_gen/gnbram.gnativebmg.native_blk_mem_gen/valid.cstr/ramloop[0].ram.r/prim_noinit.ram/DEVICE_7SERIES.NO_BMM_INFO.SP.WIDE_PRIM18.ram/CLKARDCLK (clocked by clk162_5_tangerineA7_100_clk_wiz_2_0) and tangerineA7_100_i/tangerineSOC_0/inst/axiDMAInst/FSM_onehot_axiState_reg[21]_rep__14/D (clocked by clk_pll_i). Large setup violations at the end of those stages might be difficult to fix during the post-placement implementation flow and could be the result of non-optimal XDC constraints or non-optimal design architecture
Related violations: <none>

TIMING-16#692 Warning
Large setup violation  
There is a large setup violation of -3.063 ns between tangerineA7_100_i/tangerineSOC_0/inst/axiDMAInst/cacheTagRamW1Inst/U0/inst_blk_mem_gen/gnbram.gnativebmg.native_blk_mem_gen/valid.cstr/ramloop[0].ram.r/prim_noinit.ram/DEVICE_7SERIES.NO_BMM_INFO.SP.WIDE_PRIM18.ram/CLKARDCLK (clocked by clk162_5_tangerineA7_100_clk_wiz_2_0) and tangerineA7_100_i/tangerineSOC_0/inst/axiDMAInst/FSM_onehot_axiState_reg[21]_rep__10/D (clocked by clk_pll_i). Large setup violations at the end of those stages might be difficult to fix during the post-placement implementation flow and could be the result of non-optimal XDC constraints or non-optimal design architecture
Related violations: <none>

TIMING-16#693 Warning
Large setup violation  
There is a large setup violation of -3.066 ns between tangerineA7_100_i/tangerineSOC_0/inst/axiDMAInst/cacheTagRamW3Inst/U0/inst_blk_mem_gen/gnbram.gnativebmg.native_blk_mem_gen/valid.cstr/ramloop[0].ram.r/prim_noinit.ram/DEVICE_7SERIES.NO_BMM_INFO.SP.WIDE_PRIM18.ram/CLKARDCLK (clocked by clk162_5_tangerineA7_100_clk_wiz_2_0) and tangerineA7_100_i/tangerineSOC_0/inst/axiDMAInst/FSM_onehot_axiState_reg[21]_rep__12/D (clocked by clk_pll_i). Large setup violations at the end of those stages might be difficult to fix during the post-placement implementation flow and could be the result of non-optimal XDC constraints or non-optimal design architecture
Related violations: <none>

TIMING-16#694 Warning
Large setup violation  
There is a large setup violation of -3.086 ns between tangerineA7_100_i/tangerineSOC_0/inst/axiDMAInst/cacheTagRamW1Inst/U0/inst_blk_mem_gen/gnbram.gnativebmg.native_blk_mem_gen/valid.cstr/ramloop[0].ram.r/prim_noinit.ram/DEVICE_7SERIES.NO_BMM_INFO.SP.WIDE_PRIM18.ram/CLKARDCLK (clocked by clk162_5_tangerineA7_100_clk_wiz_2_0) and tangerineA7_100_i/tangerineSOC_0/inst/axiDMAInst/FSM_onehot_axiState_reg[21]_rep__23/D (clocked by clk_pll_i). Large setup violations at the end of those stages might be difficult to fix during the post-placement implementation flow and could be the result of non-optimal XDC constraints or non-optimal design architecture
Related violations: <none>

TIMING-16#695 Warning
Large setup violation  
There is a large setup violation of -3.087 ns between tangerineA7_100_i/tangerineSOC_0/inst/axiDMAInst/cacheTagRamW1Inst/U0/inst_blk_mem_gen/gnbram.gnativebmg.native_blk_mem_gen/valid.cstr/ramloop[0].ram.r/prim_noinit.ram/DEVICE_7SERIES.NO_BMM_INFO.SP.WIDE_PRIM18.ram/CLKARDCLK (clocked by clk162_5_tangerineA7_100_clk_wiz_2_0) and tangerineA7_100_i/tangerineSOC_0/inst/axiDMAInst/FSM_onehot_axiState_reg[21]_rep__29/D (clocked by clk_pll_i). Large setup violations at the end of those stages might be difficult to fix during the post-placement implementation flow and could be the result of non-optimal XDC constraints or non-optimal design architecture
Related violations: <none>

TIMING-16#696 Warning
Large setup violation  
There is a large setup violation of -3.090 ns between tangerineA7_100_i/tangerineSOC_0/inst/axiDMAInst/cacheTagRamW1Inst/U0/inst_blk_mem_gen/gnbram.gnativebmg.native_blk_mem_gen/valid.cstr/ramloop[0].ram.r/prim_noinit.ram/DEVICE_7SERIES.NO_BMM_INFO.SP.WIDE_PRIM18.ram/CLKARDCLK (clocked by clk162_5_tangerineA7_100_clk_wiz_2_0) and tangerineA7_100_i/tangerineSOC_0/inst/axiDMAInst/FSM_onehot_axiState_reg[21]_rep__8/D (clocked by clk_pll_i). Large setup violations at the end of those stages might be difficult to fix during the post-placement implementation flow and could be the result of non-optimal XDC constraints or non-optimal design architecture
Related violations: <none>

TIMING-16#697 Warning
Large setup violation  
There is a large setup violation of -3.093 ns between tangerineA7_100_i/tangerineSOC_0/inst/axiDMAInst/cacheA_reg[2]/C (clocked by clk_pll_i) and tangerineA7_100_i/tangerineSOC_0/inst/axiDMAInst/cacheDataRamW2Inst/U0/inst_blk_mem_gen/gnbram.gnativebmg.native_blk_mem_gen/valid.cstr/ramloop[1].ram.r/prim_noinit.ram/DEVICE_7SERIES.NO_BMM_INFO.TRUE_DP.SIMPLE_PRIM36.ram/ADDRARDADDR[3] (clocked by clk162_5_tangerineA7_100_clk_wiz_2_0). Large setup violations at the end of those stages might be difficult to fix during the post-placement implementation flow and could be the result of non-optimal XDC constraints or non-optimal design architecture
Related violations: <none>

TIMING-16#698 Warning
Large setup violation  
There is a large setup violation of -3.111 ns between tangerineA7_100_i/tangerineSOC_0/inst/axiDMAInst/cacheTagRamW1Inst/U0/inst_blk_mem_gen/gnbram.gnativebmg.native_blk_mem_gen/valid.cstr/ramloop[0].ram.r/prim_noinit.ram/DEVICE_7SERIES.NO_BMM_INFO.SP.WIDE_PRIM18.ram/CLKARDCLK (clocked by clk162_5_tangerineA7_100_clk_wiz_2_0) and tangerineA7_100_i/tangerineSOC_0/inst/axiDMAInst/FSM_onehot_axiState_reg[21]_rep__22/D (clocked by clk_pll_i). Large setup violations at the end of those stages might be difficult to fix during the post-placement implementation flow and could be the result of non-optimal XDC constraints or non-optimal design architecture
Related violations: <none>

TIMING-16#699 Warning
Large setup violation  
There is a large setup violation of -3.138 ns between tangerineA7_100_i/tangerineSOC_0/inst/axiDMAInst/cacheTagRamW1Inst/U0/inst_blk_mem_gen/gnbram.gnativebmg.native_blk_mem_gen/valid.cstr/ramloop[0].ram.r/prim_noinit.ram/DEVICE_7SERIES.NO_BMM_INFO.SP.WIDE_PRIM18.ram/CLKARDCLK (clocked by clk162_5_tangerineA7_100_clk_wiz_2_0) and tangerineA7_100_i/tangerineSOC_0/inst/axiDMAInst/FSM_onehot_axiState_reg[21]_rep__15/D (clocked by clk_pll_i). Large setup violations at the end of those stages might be difficult to fix during the post-placement implementation flow and could be the result of non-optimal XDC constraints or non-optimal design architecture
Related violations: <none>

TIMING-16#700 Warning
Large setup violation  
There is a large setup violation of -3.138 ns between tangerineA7_100_i/tangerineSOC_0/inst/axiDMAInst/cacheTagRamW1Inst/U0/inst_blk_mem_gen/gnbram.gnativebmg.native_blk_mem_gen/valid.cstr/ramloop[0].ram.r/prim_noinit.ram/DEVICE_7SERIES.NO_BMM_INFO.SP.WIDE_PRIM18.ram/CLKARDCLK (clocked by clk162_5_tangerineA7_100_clk_wiz_2_0) and tangerineA7_100_i/tangerineSOC_0/inst/axiDMAInst/FSM_onehot_axiState_reg[21]_rep__16/D (clocked by clk_pll_i). Large setup violations at the end of those stages might be difficult to fix during the post-placement implementation flow and could be the result of non-optimal XDC constraints or non-optimal design architecture
Related violations: <none>

TIMING-16#701 Warning
Large setup violation  
There is a large setup violation of -3.147 ns between tangerineA7_100_i/tangerineSOC_0/inst/axiDMAInst/cacheTagRamW1Inst/U0/inst_blk_mem_gen/gnbram.gnativebmg.native_blk_mem_gen/valid.cstr/ramloop[0].ram.r/prim_noinit.ram/DEVICE_7SERIES.NO_BMM_INFO.SP.WIDE_PRIM18.ram/CLKARDCLK (clocked by clk162_5_tangerineA7_100_clk_wiz_2_0) and tangerineA7_100_i/tangerineSOC_0/inst/axiDMAInst/FSM_onehot_axiState_reg[21]_rep__27/D (clocked by clk_pll_i). Large setup violations at the end of those stages might be difficult to fix during the post-placement implementation flow and could be the result of non-optimal XDC constraints or non-optimal design architecture
Related violations: <none>

TIMING-16#702 Warning
Large setup violation  
There is a large setup violation of -3.154 ns between tangerineA7_100_i/tangerineSOC_0/inst/axiDMAInst/cacheTagRamW1Inst/U0/inst_blk_mem_gen/gnbram.gnativebmg.native_blk_mem_gen/valid.cstr/ramloop[0].ram.r/prim_noinit.ram/DEVICE_7SERIES.NO_BMM_INFO.SP.WIDE_PRIM18.ram/CLKARDCLK (clocked by clk162_5_tangerineA7_100_clk_wiz_2_0) and tangerineA7_100_i/tangerineSOC_0/inst/axiDMAInst/FSM_onehot_axiState_reg[21]_rep__19/D (clocked by clk_pll_i). Large setup violations at the end of those stages might be difficult to fix during the post-placement implementation flow and could be the result of non-optimal XDC constraints or non-optimal design architecture
Related violations: <none>

TIMING-16#703 Warning
Large setup violation  
There is a large setup violation of -3.154 ns between tangerineA7_100_i/tangerineSOC_0/inst/axiDMAInst/cacheTagRamW1Inst/U0/inst_blk_mem_gen/gnbram.gnativebmg.native_blk_mem_gen/valid.cstr/ramloop[0].ram.r/prim_noinit.ram/DEVICE_7SERIES.NO_BMM_INFO.SP.WIDE_PRIM18.ram/CLKARDCLK (clocked by clk162_5_tangerineA7_100_clk_wiz_2_0) and tangerineA7_100_i/tangerineSOC_0/inst/axiDMAInst/FSM_onehot_axiState_reg[21]_rep__24/D (clocked by clk_pll_i). Large setup violations at the end of those stages might be difficult to fix during the post-placement implementation flow and could be the result of non-optimal XDC constraints or non-optimal design architecture
Related violations: <none>

TIMING-16#704 Warning
Large setup violation  
There is a large setup violation of -3.158 ns between tangerineA7_100_i/tangerineSOC_0/inst/axiDMAInst/cacheTagRamW1Inst/U0/inst_blk_mem_gen/gnbram.gnativebmg.native_blk_mem_gen/valid.cstr/ramloop[0].ram.r/prim_noinit.ram/DEVICE_7SERIES.NO_BMM_INFO.SP.WIDE_PRIM18.ram/CLKARDCLK (clocked by clk162_5_tangerineA7_100_clk_wiz_2_0) and tangerineA7_100_i/tangerineSOC_0/inst/axiDMAInst/FSM_onehot_axiState_reg[21]_rep__21/D (clocked by clk_pll_i). Large setup violations at the end of those stages might be difficult to fix during the post-placement implementation flow and could be the result of non-optimal XDC constraints or non-optimal design architecture
Related violations: <none>

TIMING-16#705 Warning
Large setup violation  
There is a large setup violation of -3.167 ns between tangerineA7_100_i/tangerineSOC_0/inst/axiDMAInst/cacheA_reg[4]/C (clocked by clk_pll_i) and tangerineA7_100_i/tangerineSOC_0/inst/axiDMAInst/cacheDataRamW2Inst/U0/inst_blk_mem_gen/gnbram.gnativebmg.native_blk_mem_gen/valid.cstr/ramloop[0].ram.r/prim_noinit.ram/DEVICE_7SERIES.NO_BMM_INFO.TRUE_DP.SIMPLE_PRIM36.ram/ADDRARDADDR[5] (clocked by clk162_5_tangerineA7_100_clk_wiz_2_0). Large setup violations at the end of those stages might be difficult to fix during the post-placement implementation flow and could be the result of non-optimal XDC constraints or non-optimal design architecture
Related violations: <none>

TIMING-16#706 Warning
Large setup violation  
There is a large setup violation of -3.211 ns between tangerineA7_100_i/tangerineSOC_0/inst/axiDMAInst/cacheTagRamW1Inst/U0/inst_blk_mem_gen/gnbram.gnativebmg.native_blk_mem_gen/valid.cstr/ramloop[0].ram.r/prim_noinit.ram/DEVICE_7SERIES.NO_BMM_INFO.SP.WIDE_PRIM18.ram/CLKARDCLK (clocked by clk162_5_tangerineA7_100_clk_wiz_2_0) and tangerineA7_100_i/tangerineSOC_0/inst/axiDMAInst/FSM_onehot_axiState_reg[21]_rep/D (clocked by clk_pll_i). Large setup violations at the end of those stages might be difficult to fix during the post-placement implementation flow and could be the result of non-optimal XDC constraints or non-optimal design architecture
Related violations: <none>

TIMING-16#707 Warning
Large setup violation  
There is a large setup violation of -3.216 ns between tangerineA7_100_i/tangerineSOC_0/inst/axiDMAInst/cacheTagRamW1Inst/U0/inst_blk_mem_gen/gnbram.gnativebmg.native_blk_mem_gen/valid.cstr/ramloop[0].ram.r/prim_noinit.ram/DEVICE_7SERIES.NO_BMM_INFO.SP.WIDE_PRIM18.ram/CLKARDCLK (clocked by clk162_5_tangerineA7_100_clk_wiz_2_0) and tangerineA7_100_i/tangerineSOC_0/inst/axiDMAInst/FSM_onehot_axiState_reg[21]_rep__4/D (clocked by clk_pll_i). Large setup violations at the end of those stages might be difficult to fix during the post-placement implementation flow and could be the result of non-optimal XDC constraints or non-optimal design architecture
Related violations: <none>

TIMING-16#708 Warning
Large setup violation  
There is a large setup violation of -3.221 ns between tangerineA7_100_i/tangerineSOC_0/inst/axiDMAInst/cacheA_reg[13]/C (clocked by clk_pll_i) and tangerineA7_100_i/tangerineSOC_0/inst/axiDMAInst/cacheDataRamW2Inst/U0/inst_blk_mem_gen/gnbram.gnativebmg.native_blk_mem_gen/valid.cstr/ramloop[3].ram.r/prim_noinit.ram/DEVICE_7SERIES.NO_BMM_INFO.TRUE_DP.SIMPLE_PRIM36.ram/ADDRARDADDR[14] (clocked by clk162_5_tangerineA7_100_clk_wiz_2_0). Large setup violations at the end of those stages might be difficult to fix during the post-placement implementation flow and could be the result of non-optimal XDC constraints or non-optimal design architecture
Related violations: <none>

TIMING-16#709 Warning
Large setup violation  
There is a large setup violation of -3.224 ns between tangerineA7_100_i/tangerineSOC_0/inst/axiDMAInst/cacheTagRamW1Inst/U0/inst_blk_mem_gen/gnbram.gnativebmg.native_blk_mem_gen/valid.cstr/ramloop[0].ram.r/prim_noinit.ram/DEVICE_7SERIES.NO_BMM_INFO.SP.WIDE_PRIM18.ram/CLKARDCLK (clocked by clk162_5_tangerineA7_100_clk_wiz_2_0) and tangerineA7_100_i/tangerineSOC_0/inst/axiDMAInst/FSM_onehot_axiState_reg[21]_rep__6/D (clocked by clk_pll_i). Large setup violations at the end of those stages might be difficult to fix during the post-placement implementation flow and could be the result of non-optimal XDC constraints or non-optimal design architecture
Related violations: <none>

TIMING-16#710 Warning
Large setup violation  
There is a large setup violation of -3.278 ns between tangerineA7_100_i/tangerineSOC_0/inst/axiDMAInst/cacheA_reg[13]/C (clocked by clk_pll_i) and tangerineA7_100_i/tangerineSOC_0/inst/axiDMAInst/cacheDataRamW3Inst/U0/inst_blk_mem_gen/gnbram.gnativebmg.native_blk_mem_gen/valid.cstr/ramloop[6].ram.r/prim_noinit.ram/DEVICE_7SERIES.NO_BMM_INFO.TRUE_DP.SIMPLE_PRIM36.ram/ADDRARDADDR[14] (clocked by clk162_5_tangerineA7_100_clk_wiz_2_0). Large setup violations at the end of those stages might be difficult to fix during the post-placement implementation flow and could be the result of non-optimal XDC constraints or non-optimal design architecture
Related violations: <none>

TIMING-16#711 Warning
Large setup violation  
There is a large setup violation of -3.308 ns between tangerineA7_100_i/tangerineSOC_0/inst/axiDMAInst/cacheTagRamW1Inst/U0/inst_blk_mem_gen/gnbram.gnativebmg.native_blk_mem_gen/valid.cstr/ramloop[0].ram.r/prim_noinit.ram/DEVICE_7SERIES.NO_BMM_INFO.SP.WIDE_PRIM18.ram/CLKARDCLK (clocked by clk162_5_tangerineA7_100_clk_wiz_2_0) and tangerineA7_100_i/tangerineSOC_0/inst/axiDMAInst/FSM_onehot_axiState_reg[21]_rep__5/D (clocked by clk_pll_i). Large setup violations at the end of those stages might be difficult to fix during the post-placement implementation flow and could be the result of non-optimal XDC constraints or non-optimal design architecture
Related violations: <none>

TIMING-16#712 Warning
Large setup violation  
There is a large setup violation of -3.317 ns between tangerineA7_100_i/tangerineSOC_0/inst/axiDMAInst/cacheTagRamW1Inst/U0/inst_blk_mem_gen/gnbram.gnativebmg.native_blk_mem_gen/valid.cstr/ramloop[0].ram.r/prim_noinit.ram/DEVICE_7SERIES.NO_BMM_INFO.SP.WIDE_PRIM18.ram/CLKARDCLK (clocked by clk162_5_tangerineA7_100_clk_wiz_2_0) and tangerineA7_100_i/tangerineSOC_0/inst/axiDMAInst/FSM_onehot_axiState_reg[21]_rep__1/D (clocked by clk_pll_i). Large setup violations at the end of those stages might be difficult to fix during the post-placement implementation flow and could be the result of non-optimal XDC constraints or non-optimal design architecture
Related violations: <none>

TIMING-16#713 Warning
Large setup violation  
There is a large setup violation of -3.320 ns between tangerineA7_100_i/tangerineSOC_0/inst/axiDMAInst/cacheTagRamW1Inst/U0/inst_blk_mem_gen/gnbram.gnativebmg.native_blk_mem_gen/valid.cstr/ramloop[0].ram.r/prim_noinit.ram/DEVICE_7SERIES.NO_BMM_INFO.SP.WIDE_PRIM18.ram/CLKARDCLK (clocked by clk162_5_tangerineA7_100_clk_wiz_2_0) and tangerineA7_100_i/tangerineSOC_0/inst/axiDMAInst/FSM_onehot_axiState_reg[21]_rep__18/D (clocked by clk_pll_i). Large setup violations at the end of those stages might be difficult to fix during the post-placement implementation flow and could be the result of non-optimal XDC constraints or non-optimal design architecture
Related violations: <none>

TIMING-16#714 Warning
Large setup violation  
There is a large setup violation of -3.331 ns between tangerineA7_100_i/tangerineSOC_0/inst/axiDMAInst/cacheA_reg[3]/C (clocked by clk_pll_i) and tangerineA7_100_i/tangerineSOC_0/inst/axiDMAInst/cacheDataRamW2Inst/U0/inst_blk_mem_gen/gnbram.gnativebmg.native_blk_mem_gen/valid.cstr/ramloop[0].ram.r/prim_noinit.ram/DEVICE_7SERIES.NO_BMM_INFO.TRUE_DP.SIMPLE_PRIM36.ram/ADDRARDADDR[4] (clocked by clk162_5_tangerineA7_100_clk_wiz_2_0). Large setup violations at the end of those stages might be difficult to fix during the post-placement implementation flow and could be the result of non-optimal XDC constraints or non-optimal design architecture
Related violations: <none>

TIMING-16#715 Warning
Large setup violation  
There is a large setup violation of -3.332 ns between tangerineA7_100_i/tangerineSOC_0/inst/axiDMAInst/cacheTagRamW1Inst/U0/inst_blk_mem_gen/gnbram.gnativebmg.native_blk_mem_gen/valid.cstr/ramloop[0].ram.r/prim_noinit.ram/DEVICE_7SERIES.NO_BMM_INFO.SP.WIDE_PRIM18.ram/CLKARDCLK (clocked by clk162_5_tangerineA7_100_clk_wiz_2_0) and tangerineA7_100_i/tangerineSOC_0/inst/axiDMAInst/FSM_onehot_axiState_reg[21]_rep__17/D (clocked by clk_pll_i). Large setup violations at the end of those stages might be difficult to fix during the post-placement implementation flow and could be the result of non-optimal XDC constraints or non-optimal design architecture
Related violations: <none>

TIMING-16#716 Warning
Large setup violation  
There is a large setup violation of -3.348 ns between tangerineA7_100_i/tangerineSOC_0/inst/axiDMAInst/cacheTagRamW1Inst/U0/inst_blk_mem_gen/gnbram.gnativebmg.native_blk_mem_gen/valid.cstr/ramloop[0].ram.r/prim_noinit.ram/DEVICE_7SERIES.NO_BMM_INFO.SP.WIDE_PRIM18.ram/CLKARDCLK (clocked by clk162_5_tangerineA7_100_clk_wiz_2_0) and tangerineA7_100_i/tangerineSOC_0/inst/axiDMAInst/FSM_onehot_axiState_reg[21]_rep__20/D (clocked by clk_pll_i). Large setup violations at the end of those stages might be difficult to fix during the post-placement implementation flow and could be the result of non-optimal XDC constraints or non-optimal design architecture
Related violations: <none>

TIMING-16#717 Warning
Large setup violation  
There is a large setup violation of -3.477 ns between tangerineA7_100_i/tangerineSOC_0/inst/axiDMAInst/cacheTagRamW1Inst/U0/inst_blk_mem_gen/gnbram.gnativebmg.native_blk_mem_gen/valid.cstr/ramloop[0].ram.r/prim_noinit.ram/DEVICE_7SERIES.NO_BMM_INFO.SP.WIDE_PRIM18.ram/CLKARDCLK (clocked by clk162_5_tangerineA7_100_clk_wiz_2_0) and tangerineA7_100_i/tangerineSOC_0/inst/axiDMAInst/ch0Ready_reg/D (clocked by clk_pll_i). Large setup violations at the end of those stages might be difficult to fix during the post-placement implementation flow and could be the result of non-optimal XDC constraints or non-optimal design architecture
Related violations: <none>

TIMING-16#718 Warning
Large setup violation  
There is a large setup violation of -3.477 ns between tangerineA7_100_i/tangerineSOC_0/inst/axiDMAInst/cacheTagRamW1Inst/U0/inst_blk_mem_gen/gnbram.gnativebmg.native_blk_mem_gen/valid.cstr/ramloop[0].ram.r/prim_noinit.ram/DEVICE_7SERIES.NO_BMM_INFO.SP.WIDE_PRIM18.ram/CLKARDCLK (clocked by clk162_5_tangerineA7_100_clk_wiz_2_0) and tangerineA7_100_i/tangerineSOC_0/inst/axiDMAInst/ch3DOut_reg[12]/D (clocked by clk_pll_i). Large setup violations at the end of those stages might be difficult to fix during the post-placement implementation flow and could be the result of non-optimal XDC constraints or non-optimal design architecture
Related violations: <none>

TIMING-16#719 Warning
Large setup violation  
There is a large setup violation of -3.478 ns between tangerineA7_100_i/tangerineSOC_0/inst/axiDMAInst/cacheTagRamW1Inst/U0/inst_blk_mem_gen/gnbram.gnativebmg.native_blk_mem_gen/valid.cstr/ramloop[0].ram.r/prim_noinit.ram/DEVICE_7SERIES.NO_BMM_INFO.SP.WIDE_PRIM18.ram/CLKARDCLK (clocked by clk162_5_tangerineA7_100_clk_wiz_2_0) and tangerineA7_100_i/tangerineSOC_0/inst/axiDMAInst/FSM_onehot_axiState_reg[0]_rep__15/D (clocked by clk_pll_i). Large setup violations at the end of those stages might be difficult to fix during the post-placement implementation flow and could be the result of non-optimal XDC constraints or non-optimal design architecture
Related violations: <none>

TIMING-16#720 Warning
Large setup violation  
There is a large setup violation of -3.491 ns between tangerineA7_100_i/tangerineSOC_0/inst/axiDMAInst/cacheTagRamW1Inst/U0/inst_blk_mem_gen/gnbram.gnativebmg.native_blk_mem_gen/valid.cstr/ramloop[0].ram.r/prim_noinit.ram/DEVICE_7SERIES.NO_BMM_INFO.SP.WIDE_PRIM18.ram/CLKARDCLK (clocked by clk162_5_tangerineA7_100_clk_wiz_2_0) and tangerineA7_100_i/tangerineSOC_0/inst/axiDMAInst/FSM_onehot_axiState_reg[21]_rep__7/D (clocked by clk_pll_i). Large setup violations at the end of those stages might be difficult to fix during the post-placement implementation flow and could be the result of non-optimal XDC constraints or non-optimal design architecture
Related violations: <none>

TIMING-16#721 Warning
Large setup violation  
There is a large setup violation of -3.504 ns between tangerineA7_100_i/tangerineSOC_0/inst/axiDMAInst/cacheA_reg[4]/C (clocked by clk_pll_i) and tangerineA7_100_i/tangerineSOC_0/inst/axiDMAInst/cacheDataRamW2Inst/U0/inst_blk_mem_gen/gnbram.gnativebmg.native_blk_mem_gen/valid.cstr/ramloop[1].ram.r/prim_noinit.ram/DEVICE_7SERIES.NO_BMM_INFO.TRUE_DP.SIMPLE_PRIM36.ram/ADDRARDADDR[5] (clocked by clk162_5_tangerineA7_100_clk_wiz_2_0). Large setup violations at the end of those stages might be difficult to fix during the post-placement implementation flow and could be the result of non-optimal XDC constraints or non-optimal design architecture
Related violations: <none>

TIMING-16#722 Warning
Large setup violation  
There is a large setup violation of -3.512 ns between tangerineA7_100_i/tangerineSOC_0/inst/axiDMAInst/cacheDIn_reg[21]/C (clocked by clk_pll_i) and tangerineA7_100_i/tangerineSOC_0/inst/axiDMAInst/cacheDataRamW2Inst/U0/inst_blk_mem_gen/gnbram.gnativebmg.native_blk_mem_gen/valid.cstr/ramloop[5].ram.r/prim_noinit.ram/DEVICE_7SERIES.NO_BMM_INFO.TRUE_DP.SIMPLE_PRIM36.ram/DIADI[5] (clocked by clk162_5_tangerineA7_100_clk_wiz_2_0). Large setup violations at the end of those stages might be difficult to fix during the post-placement implementation flow and could be the result of non-optimal XDC constraints or non-optimal design architecture
Related violations: <none>

TIMING-16#723 Warning
Large setup violation  
There is a large setup violation of -3.539 ns between tangerineA7_100_i/tangerineSOC_0/inst/axiDMAInst/cacheTagRamW1Inst/U0/inst_blk_mem_gen/gnbram.gnativebmg.native_blk_mem_gen/valid.cstr/ramloop[0].ram.r/prim_noinit.ram/DEVICE_7SERIES.NO_BMM_INFO.SP.WIDE_PRIM18.ram/CLKARDCLK (clocked by clk162_5_tangerineA7_100_clk_wiz_2_0) and tangerineA7_100_i/tangerineSOC_0/inst/axiDMAInst/ch0DOut_reg[6]/D (clocked by clk_pll_i). Large setup violations at the end of those stages might be difficult to fix during the post-placement implementation flow and could be the result of non-optimal XDC constraints or non-optimal design architecture
Related violations: <none>

TIMING-16#724 Warning
Large setup violation  
There is a large setup violation of -3.551 ns between tangerineA7_100_i/tangerineSOC_0/inst/axiDMAInst/cacheA_reg[13]/C (clocked by clk_pll_i) and tangerineA7_100_i/tangerineSOC_0/inst/axiDMAInst/cacheDataRamW1Inst/U0/inst_blk_mem_gen/gnbram.gnativebmg.native_blk_mem_gen/valid.cstr/ramloop[2].ram.r/prim_noinit.ram/DEVICE_7SERIES.NO_BMM_INFO.TRUE_DP.SIMPLE_PRIM36.ram/ADDRARDADDR[14] (clocked by clk162_5_tangerineA7_100_clk_wiz_2_0). Large setup violations at the end of those stages might be difficult to fix during the post-placement implementation flow and could be the result of non-optimal XDC constraints or non-optimal design architecture
Related violations: <none>

TIMING-16#725 Warning
Large setup violation  
There is a large setup violation of -3.552 ns between tangerineA7_100_i/tangerineSOC_0/inst/axiDMAInst/cacheTagRamW0Inst/U0/inst_blk_mem_gen/gnbram.gnativebmg.native_blk_mem_gen/valid.cstr/ramloop[0].ram.r/prim_noinit.ram/DEVICE_7SERIES.NO_BMM_INFO.SP.WIDE_PRIM18.ram/CLKARDCLK (clocked by clk162_5_tangerineA7_100_clk_wiz_2_0) and tangerineA7_100_i/tangerineSOC_0/inst/axiDMAInst/ch3DOut_reg[16]/D (clocked by clk_pll_i). Large setup violations at the end of those stages might be difficult to fix during the post-placement implementation flow and could be the result of non-optimal XDC constraints or non-optimal design architecture
Related violations: <none>

TIMING-16#726 Warning
Large setup violation  
There is a large setup violation of -3.562 ns between tangerineA7_100_i/tangerineSOC_0/inst/axiDMAInst/cacheA_reg[13]/C (clocked by clk_pll_i) and tangerineA7_100_i/tangerineSOC_0/inst/axiDMAInst/cacheDataRamW0Inst/U0/inst_blk_mem_gen/gnbram.gnativebmg.native_blk_mem_gen/valid.cstr/ramloop[5].ram.r/prim_noinit.ram/DEVICE_7SERIES.NO_BMM_INFO.TRUE_DP.SIMPLE_PRIM36.ram/ADDRARDADDR[14] (clocked by clk162_5_tangerineA7_100_clk_wiz_2_0). Large setup violations at the end of those stages might be difficult to fix during the post-placement implementation flow and could be the result of non-optimal XDC constraints or non-optimal design architecture
Related violations: <none>

TIMING-16#727 Warning
Large setup violation  
There is a large setup violation of -3.576 ns between tangerineA7_100_i/tangerineSOC_0/inst/axiDMAInst/cacheTagRamW0Inst/U0/inst_blk_mem_gen/gnbram.gnativebmg.native_blk_mem_gen/valid.cstr/ramloop[0].ram.r/prim_noinit.ram/DEVICE_7SERIES.NO_BMM_INFO.SP.WIDE_PRIM18.ram/CLKARDCLK (clocked by clk162_5_tangerineA7_100_clk_wiz_2_0) and tangerineA7_100_i/tangerineSOC_0/inst/axiDMAInst/ch0DOut_reg[28]/D (clocked by clk_pll_i). Large setup violations at the end of those stages might be difficult to fix during the post-placement implementation flow and could be the result of non-optimal XDC constraints or non-optimal design architecture
Related violations: <none>

TIMING-16#728 Warning
Large setup violation  
There is a large setup violation of -3.581 ns between tangerineA7_100_i/tangerineSOC_0/inst/axiDMAInst/cacheTagRamW1Inst/U0/inst_blk_mem_gen/gnbram.gnativebmg.native_blk_mem_gen/valid.cstr/ramloop[0].ram.r/prim_noinit.ram/DEVICE_7SERIES.NO_BMM_INFO.SP.WIDE_PRIM18.ram/CLKARDCLK (clocked by clk162_5_tangerineA7_100_clk_wiz_2_0) and tangerineA7_100_i/tangerineSOC_0/inst/axiDMAInst/ch0DOut_reg[13]/D (clocked by clk_pll_i). Large setup violations at the end of those stages might be difficult to fix during the post-placement implementation flow and could be the result of non-optimal XDC constraints or non-optimal design architecture
Related violations: <none>

TIMING-16#729 Warning
Large setup violation  
There is a large setup violation of -3.596 ns between tangerineA7_100_i/tangerineSOC_0/inst/axiDMAInst/cacheTagRamW0Inst/U0/inst_blk_mem_gen/gnbram.gnativebmg.native_blk_mem_gen/valid.cstr/ramloop[0].ram.r/prim_noinit.ram/DEVICE_7SERIES.NO_BMM_INFO.SP.WIDE_PRIM18.ram/CLKARDCLK (clocked by clk162_5_tangerineA7_100_clk_wiz_2_0) and tangerineA7_100_i/tangerineSOC_0/inst/axiDMAInst/ch0DOut_reg[14]/D (clocked by clk_pll_i). Large setup violations at the end of those stages might be difficult to fix during the post-placement implementation flow and could be the result of non-optimal XDC constraints or non-optimal design architecture
Related violations: <none>

TIMING-16#730 Warning
Large setup violation  
There is a large setup violation of -3.608 ns between tangerineA7_100_i/tangerineSOC_0/inst/axiDMAInst/cacheTagRamW0Inst/U0/inst_blk_mem_gen/gnbram.gnativebmg.native_blk_mem_gen/valid.cstr/ramloop[0].ram.r/prim_noinit.ram/DEVICE_7SERIES.NO_BMM_INFO.SP.WIDE_PRIM18.ram/CLKARDCLK (clocked by clk162_5_tangerineA7_100_clk_wiz_2_0) and tangerineA7_100_i/tangerineSOC_0/inst/axiDMAInst/ch3DOut_reg[14]/D (clocked by clk_pll_i). Large setup violations at the end of those stages might be difficult to fix during the post-placement implementation flow and could be the result of non-optimal XDC constraints or non-optimal design architecture
Related violations: <none>

TIMING-16#731 Warning
Large setup violation  
There is a large setup violation of -3.632 ns between tangerineA7_100_i/tangerineSOC_0/inst/axiDMAInst/cacheTagRamW1Inst/U0/inst_blk_mem_gen/gnbram.gnativebmg.native_blk_mem_gen/valid.cstr/ramloop[0].ram.r/prim_noinit.ram/DEVICE_7SERIES.NO_BMM_INFO.SP.WIDE_PRIM18.ram/CLKARDCLK (clocked by clk162_5_tangerineA7_100_clk_wiz_2_0) and tangerineA7_100_i/tangerineSOC_0/inst/axiDMAInst/FSM_onehot_axiState_reg[0]_rep__1/D (clocked by clk_pll_i). Large setup violations at the end of those stages might be difficult to fix during the post-placement implementation flow and could be the result of non-optimal XDC constraints or non-optimal design architecture
Related violations: <none>

TIMING-16#732 Warning
Large setup violation  
There is a large setup violation of -3.652 ns between tangerineA7_100_i/tangerineSOC_0/inst/axiDMAInst/cacheA_reg[13]/C (clocked by clk_pll_i) and tangerineA7_100_i/tangerineSOC_0/inst/axiDMAInst/cacheDataRamW2Inst/U0/inst_blk_mem_gen/gnbram.gnativebmg.native_blk_mem_gen/valid.cstr/ramloop[5].ram.r/prim_noinit.ram/DEVICE_7SERIES.NO_BMM_INFO.TRUE_DP.SIMPLE_PRIM36.ram/ADDRARDADDR[14] (clocked by clk162_5_tangerineA7_100_clk_wiz_2_0). Large setup violations at the end of those stages might be difficult to fix during the post-placement implementation flow and could be the result of non-optimal XDC constraints or non-optimal design architecture
Related violations: <none>

TIMING-16#733 Warning
Large setup violation  
There is a large setup violation of -3.662 ns between tangerineA7_100_i/tangerineSOC_0/inst/axiDMAInst/cacheTagRamW1Inst/U0/inst_blk_mem_gen/gnbram.gnativebmg.native_blk_mem_gen/valid.cstr/ramloop[0].ram.r/prim_noinit.ram/DEVICE_7SERIES.NO_BMM_INFO.SP.WIDE_PRIM18.ram/CLKARDCLK (clocked by clk162_5_tangerineA7_100_clk_wiz_2_0) and tangerineA7_100_i/tangerineSOC_0/inst/axiDMAInst/ch3DOut_reg[30]/D (clocked by clk_pll_i). Large setup violations at the end of those stages might be difficult to fix during the post-placement implementation flow and could be the result of non-optimal XDC constraints or non-optimal design architecture
Related violations: <none>

TIMING-16#734 Warning
Large setup violation  
There is a large setup violation of -3.668 ns between tangerineA7_100_i/tangerineSOC_0/inst/axiDMAInst/cacheA_reg[3]/C (clocked by clk_pll_i) and tangerineA7_100_i/tangerineSOC_0/inst/axiDMAInst/cacheDataRamW2Inst/U0/inst_blk_mem_gen/gnbram.gnativebmg.native_blk_mem_gen/valid.cstr/ramloop[1].ram.r/prim_noinit.ram/DEVICE_7SERIES.NO_BMM_INFO.TRUE_DP.SIMPLE_PRIM36.ram/ADDRARDADDR[4] (clocked by clk162_5_tangerineA7_100_clk_wiz_2_0). Large setup violations at the end of those stages might be difficult to fix during the post-placement implementation flow and could be the result of non-optimal XDC constraints or non-optimal design architecture
Related violations: <none>

TIMING-16#735 Warning
Large setup violation  
There is a large setup violation of -3.670 ns between tangerineA7_100_i/tangerineSOC_0/inst/axiDMAInst/cacheTagRamW1Inst/U0/inst_blk_mem_gen/gnbram.gnativebmg.native_blk_mem_gen/valid.cstr/ramloop[0].ram.r/prim_noinit.ram/DEVICE_7SERIES.NO_BMM_INFO.SP.WIDE_PRIM18.ram/CLKARDCLK (clocked by clk162_5_tangerineA7_100_clk_wiz_2_0) and tangerineA7_100_i/tangerineSOC_0/inst/axiDMAInst/FSM_onehot_axiState_reg[0]_rep__0/D (clocked by clk_pll_i). Large setup violations at the end of those stages might be difficult to fix during the post-placement implementation flow and could be the result of non-optimal XDC constraints or non-optimal design architecture
Related violations: <none>

TIMING-16#736 Warning
Large setup violation  
There is a large setup violation of -3.671 ns between tangerineA7_100_i/tangerineSOC_0/inst/axiDMAInst/cacheTagRamW1Inst/U0/inst_blk_mem_gen/gnbram.gnativebmg.native_blk_mem_gen/valid.cstr/ramloop[0].ram.r/prim_noinit.ram/DEVICE_7SERIES.NO_BMM_INFO.SP.WIDE_PRIM18.ram/CLKARDCLK (clocked by clk162_5_tangerineA7_100_clk_wiz_2_0) and tangerineA7_100_i/tangerineSOC_0/inst/axiDMAInst/ch3DOut_reg[1]/D (clocked by clk_pll_i). Large setup violations at the end of those stages might be difficult to fix during the post-placement implementation flow and could be the result of non-optimal XDC constraints or non-optimal design architecture
Related violations: <none>

TIMING-16#737 Warning
Large setup violation  
There is a large setup violation of -3.676 ns between tangerineA7_100_i/tangerineSOC_0/inst/axiDMAInst/cacheTagRamW0Inst/U0/inst_blk_mem_gen/gnbram.gnativebmg.native_blk_mem_gen/valid.cstr/ramloop[0].ram.r/prim_noinit.ram/DEVICE_7SERIES.NO_BMM_INFO.SP.WIDE_PRIM18.ram/CLKARDCLK (clocked by clk162_5_tangerineA7_100_clk_wiz_2_0) and tangerineA7_100_i/tangerineSOC_0/inst/axiDMAInst/ch3DOut_reg[20]/D (clocked by clk_pll_i). Large setup violations at the end of those stages might be difficult to fix during the post-placement implementation flow and could be the result of non-optimal XDC constraints or non-optimal design architecture
Related violations: <none>

TIMING-16#738 Warning
Large setup violation  
There is a large setup violation of -3.680 ns between tangerineA7_100_i/tangerineSOC_0/inst/axiDMAInst/cacheTagRamW1Inst/U0/inst_blk_mem_gen/gnbram.gnativebmg.native_blk_mem_gen/valid.cstr/ramloop[0].ram.r/prim_noinit.ram/DEVICE_7SERIES.NO_BMM_INFO.SP.WIDE_PRIM18.ram/CLKARDCLK (clocked by clk162_5_tangerineA7_100_clk_wiz_2_0) and tangerineA7_100_i/tangerineSOC_0/inst/axiDMAInst/FSM_onehot_axiState_reg[0]_rep__9/D (clocked by clk_pll_i). Large setup violations at the end of those stages might be difficult to fix during the post-placement implementation flow and could be the result of non-optimal XDC constraints or non-optimal design architecture
Related violations: <none>

TIMING-16#739 Warning
Large setup violation  
There is a large setup violation of -3.681 ns between tangerineA7_100_i/tangerineSOC_0/inst/axiDMAInst/cacheTagRamW1Inst/U0/inst_blk_mem_gen/gnbram.gnativebmg.native_blk_mem_gen/valid.cstr/ramloop[0].ram.r/prim_noinit.ram/DEVICE_7SERIES.NO_BMM_INFO.SP.WIDE_PRIM18.ram/CLKARDCLK (clocked by clk162_5_tangerineA7_100_clk_wiz_2_0) and tangerineA7_100_i/tangerineSOC_0/inst/axiDMAInst/ch0DOut_reg[30]/D (clocked by clk_pll_i). Large setup violations at the end of those stages might be difficult to fix during the post-placement implementation flow and could be the result of non-optimal XDC constraints or non-optimal design architecture
Related violations: <none>

TIMING-16#740 Warning
Large setup violation  
There is a large setup violation of -3.682 ns between tangerineA7_100_i/tangerineSOC_0/inst/axiDMAInst/cacheTagRamW1Inst/U0/inst_blk_mem_gen/gnbram.gnativebmg.native_blk_mem_gen/valid.cstr/ramloop[0].ram.r/prim_noinit.ram/DEVICE_7SERIES.NO_BMM_INFO.SP.WIDE_PRIM18.ram/CLKARDCLK (clocked by clk162_5_tangerineA7_100_clk_wiz_2_0) and tangerineA7_100_i/tangerineSOC_0/inst/axiDMAInst/ch3DOut_reg[13]/D (clocked by clk_pll_i). Large setup violations at the end of those stages might be difficult to fix during the post-placement implementation flow and could be the result of non-optimal XDC constraints or non-optimal design architecture
Related violations: <none>

TIMING-16#741 Warning
Large setup violation  
There is a large setup violation of -3.684 ns between tangerineA7_100_i/tangerineSOC_0/inst/axiDMAInst/cacheTagRamW1Inst/U0/inst_blk_mem_gen/gnbram.gnativebmg.native_blk_mem_gen/valid.cstr/ramloop[0].ram.r/prim_noinit.ram/DEVICE_7SERIES.NO_BMM_INFO.SP.WIDE_PRIM18.ram/CLKARDCLK (clocked by clk162_5_tangerineA7_100_clk_wiz_2_0) and tangerineA7_100_i/tangerineSOC_0/inst/axiDMAInst/ch0DOut_reg[24]/D (clocked by clk_pll_i). Large setup violations at the end of those stages might be difficult to fix during the post-placement implementation flow and could be the result of non-optimal XDC constraints or non-optimal design architecture
Related violations: <none>

TIMING-16#742 Warning
Large setup violation  
There is a large setup violation of -3.686 ns between tangerineA7_100_i/tangerineSOC_0/inst/axiDMAInst/cacheTagRamW1Inst/U0/inst_blk_mem_gen/gnbram.gnativebmg.native_blk_mem_gen/valid.cstr/ramloop[0].ram.r/prim_noinit.ram/DEVICE_7SERIES.NO_BMM_INFO.SP.WIDE_PRIM18.ram/CLKARDCLK (clocked by clk162_5_tangerineA7_100_clk_wiz_2_0) and tangerineA7_100_i/tangerineSOC_0/inst/axiDMAInst/ch0DOut_reg[12]/D (clocked by clk_pll_i). Large setup violations at the end of those stages might be difficult to fix during the post-placement implementation flow and could be the result of non-optimal XDC constraints or non-optimal design architecture
Related violations: <none>

TIMING-16#743 Warning
Large setup violation  
There is a large setup violation of -3.689 ns between tangerineA7_100_i/tangerineSOC_0/inst/axiDMAInst/cacheTagRamW0Inst/U0/inst_blk_mem_gen/gnbram.gnativebmg.native_blk_mem_gen/valid.cstr/ramloop[0].ram.r/prim_noinit.ram/DEVICE_7SERIES.NO_BMM_INFO.SP.WIDE_PRIM18.ram/CLKARDCLK (clocked by clk162_5_tangerineA7_100_clk_wiz_2_0) and tangerineA7_100_i/tangerineSOC_0/inst/axiDMAInst/ch3DOut_reg[18]/D (clocked by clk_pll_i). Large setup violations at the end of those stages might be difficult to fix during the post-placement implementation flow and could be the result of non-optimal XDC constraints or non-optimal design architecture
Related violations: <none>

TIMING-16#744 Warning
Large setup violation  
There is a large setup violation of -3.702 ns between tangerineA7_100_i/tangerineSOC_0/inst/axiDMAInst/cacheTagRamW1Inst/U0/inst_blk_mem_gen/gnbram.gnativebmg.native_blk_mem_gen/valid.cstr/ramloop[0].ram.r/prim_noinit.ram/DEVICE_7SERIES.NO_BMM_INFO.SP.WIDE_PRIM18.ram/CLKARDCLK (clocked by clk162_5_tangerineA7_100_clk_wiz_2_0) and tangerineA7_100_i/tangerineSOC_0/inst/axiDMAInst/ch3DOut_reg[24]/D (clocked by clk_pll_i). Large setup violations at the end of those stages might be difficult to fix during the post-placement implementation flow and could be the result of non-optimal XDC constraints or non-optimal design architecture
Related violations: <none>

TIMING-16#745 Warning
Large setup violation  
There is a large setup violation of -3.708 ns between tangerineA7_100_i/tangerineSOC_0/inst/axiDMAInst/cacheTagRamW1Inst/U0/inst_blk_mem_gen/gnbram.gnativebmg.native_blk_mem_gen/valid.cstr/ramloop[0].ram.r/prim_noinit.ram/DEVICE_7SERIES.NO_BMM_INFO.SP.WIDE_PRIM18.ram/CLKARDCLK (clocked by clk162_5_tangerineA7_100_clk_wiz_2_0) and tangerineA7_100_i/tangerineSOC_0/inst/axiDMAInst/ch3DOut_reg[23]/D (clocked by clk_pll_i). Large setup violations at the end of those stages might be difficult to fix during the post-placement implementation flow and could be the result of non-optimal XDC constraints or non-optimal design architecture
Related violations: <none>

TIMING-16#746 Warning
Large setup violation  
There is a large setup violation of -3.714 ns between tangerineA7_100_i/tangerineSOC_0/inst/axiDMAInst/cacheTagRamW1Inst/U0/inst_blk_mem_gen/gnbram.gnativebmg.native_blk_mem_gen/valid.cstr/ramloop[0].ram.r/prim_noinit.ram/DEVICE_7SERIES.NO_BMM_INFO.SP.WIDE_PRIM18.ram/CLKARDCLK (clocked by clk162_5_tangerineA7_100_clk_wiz_2_0) and tangerineA7_100_i/tangerineSOC_0/inst/axiDMAInst/ch0DOut_reg[23]/D (clocked by clk_pll_i). Large setup violations at the end of those stages might be difficult to fix during the post-placement implementation flow and could be the result of non-optimal XDC constraints or non-optimal design architecture
Related violations: <none>

TIMING-16#747 Warning
Large setup violation  
There is a large setup violation of -3.718 ns between tangerineA7_100_i/tangerineSOC_0/inst/axiDMAInst/cacheTagRamW0Inst/U0/inst_blk_mem_gen/gnbram.gnativebmg.native_blk_mem_gen/valid.cstr/ramloop[0].ram.r/prim_noinit.ram/DEVICE_7SERIES.NO_BMM_INFO.SP.WIDE_PRIM18.ram/CLKARDCLK (clocked by clk162_5_tangerineA7_100_clk_wiz_2_0) and tangerineA7_100_i/tangerineSOC_0/inst/axiDMAInst/ch0DOut_reg[18]/D (clocked by clk_pll_i). Large setup violations at the end of those stages might be difficult to fix during the post-placement implementation flow and could be the result of non-optimal XDC constraints or non-optimal design architecture
Related violations: <none>

TIMING-16#748 Warning
Large setup violation  
There is a large setup violation of -3.724 ns between tangerineA7_100_i/tangerineSOC_0/inst/axiDMAInst/cacheTagRamW0Inst/U0/inst_blk_mem_gen/gnbram.gnativebmg.native_blk_mem_gen/valid.cstr/ramloop[0].ram.r/prim_noinit.ram/DEVICE_7SERIES.NO_BMM_INFO.SP.WIDE_PRIM18.ram/CLKARDCLK (clocked by clk162_5_tangerineA7_100_clk_wiz_2_0) and tangerineA7_100_i/tangerineSOC_0/inst/axiDMAInst/ch0DOut_reg[0]/D (clocked by clk_pll_i). Large setup violations at the end of those stages might be difficult to fix during the post-placement implementation flow and could be the result of non-optimal XDC constraints or non-optimal design architecture
Related violations: <none>

TIMING-16#749 Warning
Large setup violation  
There is a large setup violation of -3.724 ns between tangerineA7_100_i/tangerineSOC_0/inst/axiDMAInst/cacheTagRamW1Inst/U0/inst_blk_mem_gen/gnbram.gnativebmg.native_blk_mem_gen/valid.cstr/ramloop[0].ram.r/prim_noinit.ram/DEVICE_7SERIES.NO_BMM_INFO.SP.WIDE_PRIM18.ram/CLKARDCLK (clocked by clk162_5_tangerineA7_100_clk_wiz_2_0) and tangerineA7_100_i/tangerineSOC_0/inst/axiDMAInst/ch0DOut_reg[1]/D (clocked by clk_pll_i). Large setup violations at the end of those stages might be difficult to fix during the post-placement implementation flow and could be the result of non-optimal XDC constraints or non-optimal design architecture
Related violations: <none>

TIMING-16#750 Warning
Large setup violation  
There is a large setup violation of -3.726 ns between tangerineA7_100_i/tangerineSOC_0/inst/axiDMAInst/cacheTagRamW1Inst/U0/inst_blk_mem_gen/gnbram.gnativebmg.native_blk_mem_gen/valid.cstr/ramloop[0].ram.r/prim_noinit.ram/DEVICE_7SERIES.NO_BMM_INFO.SP.WIDE_PRIM18.ram/CLKARDCLK (clocked by clk162_5_tangerineA7_100_clk_wiz_2_0) and tangerineA7_100_i/tangerineSOC_0/inst/axiDMAInst/FSM_onehot_axiState_reg[0]_rep__10/D (clocked by clk_pll_i). Large setup violations at the end of those stages might be difficult to fix during the post-placement implementation flow and could be the result of non-optimal XDC constraints or non-optimal design architecture
Related violations: <none>

TIMING-16#751 Warning
Large setup violation  
There is a large setup violation of -3.735 ns between tangerineA7_100_i/tangerineSOC_0/inst/axiDMAInst/cacheTagRamW0Inst/U0/inst_blk_mem_gen/gnbram.gnativebmg.native_blk_mem_gen/valid.cstr/ramloop[0].ram.r/prim_noinit.ram/DEVICE_7SERIES.NO_BMM_INFO.SP.WIDE_PRIM18.ram/CLKARDCLK (clocked by clk162_5_tangerineA7_100_clk_wiz_2_0) and tangerineA7_100_i/tangerineSOC_0/inst/axiDMAInst/ch0DOut_reg[20]/D (clocked by clk_pll_i). Large setup violations at the end of those stages might be difficult to fix during the post-placement implementation flow and could be the result of non-optimal XDC constraints or non-optimal design architecture
Related violations: <none>

TIMING-16#752 Warning
Large setup violation  
There is a large setup violation of -3.737 ns between tangerineA7_100_i/tangerineSOC_0/inst/axiDMAInst/cacheTagRamW1Inst/U0/inst_blk_mem_gen/gnbram.gnativebmg.native_blk_mem_gen/valid.cstr/ramloop[0].ram.r/prim_noinit.ram/DEVICE_7SERIES.NO_BMM_INFO.SP.WIDE_PRIM18.ram/CLKARDCLK (clocked by clk162_5_tangerineA7_100_clk_wiz_2_0) and tangerineA7_100_i/tangerineSOC_0/inst/axiDMAInst/ch0DOut_reg[22]/D (clocked by clk_pll_i). Large setup violations at the end of those stages might be difficult to fix during the post-placement implementation flow and could be the result of non-optimal XDC constraints or non-optimal design architecture
Related violations: <none>

TIMING-16#753 Warning
Large setup violation  
There is a large setup violation of -3.743 ns between tangerineA7_100_i/tangerineSOC_0/inst/axiDMAInst/cacheTagRamW0Inst/U0/inst_blk_mem_gen/gnbram.gnativebmg.native_blk_mem_gen/valid.cstr/ramloop[0].ram.r/prim_noinit.ram/DEVICE_7SERIES.NO_BMM_INFO.SP.WIDE_PRIM18.ram/CLKARDCLK (clocked by clk162_5_tangerineA7_100_clk_wiz_2_0) and tangerineA7_100_i/tangerineSOC_0/inst/axiDMAInst/ch3DOut_reg[0]/D (clocked by clk_pll_i). Large setup violations at the end of those stages might be difficult to fix during the post-placement implementation flow and could be the result of non-optimal XDC constraints or non-optimal design architecture
Related violations: <none>

TIMING-16#754 Warning
Large setup violation  
There is a large setup violation of -3.760 ns between tangerineA7_100_i/tangerineSOC_0/inst/axiDMAInst/cacheTagRamW1Inst/U0/inst_blk_mem_gen/gnbram.gnativebmg.native_blk_mem_gen/valid.cstr/ramloop[0].ram.r/prim_noinit.ram/DEVICE_7SERIES.NO_BMM_INFO.SP.WIDE_PRIM18.ram/CLKARDCLK (clocked by clk162_5_tangerineA7_100_clk_wiz_2_0) and tangerineA7_100_i/tangerineSOC_0/inst/axiDMAInst/ch3DOut_reg[22]/D (clocked by clk_pll_i). Large setup violations at the end of those stages might be difficult to fix during the post-placement implementation flow and could be the result of non-optimal XDC constraints or non-optimal design architecture
Related violations: <none>

TIMING-16#755 Warning
Large setup violation  
There is a large setup violation of -3.762 ns between tangerineA7_100_i/tangerineSOC_0/inst/axiDMAInst/cacheTagRamW1Inst/U0/inst_blk_mem_gen/gnbram.gnativebmg.native_blk_mem_gen/valid.cstr/ramloop[0].ram.r/prim_noinit.ram/DEVICE_7SERIES.NO_BMM_INFO.SP.WIDE_PRIM18.ram/CLKARDCLK (clocked by clk162_5_tangerineA7_100_clk_wiz_2_0) and tangerineA7_100_i/tangerineSOC_0/inst/axiDMAInst/FSM_onehot_axiState_reg[0]_rep__14/D (clocked by clk_pll_i). Large setup violations at the end of those stages might be difficult to fix during the post-placement implementation flow and could be the result of non-optimal XDC constraints or non-optimal design architecture
Related violations: <none>

TIMING-16#756 Warning
Large setup violation  
There is a large setup violation of -3.768 ns between tangerineA7_100_i/tangerineSOC_0/inst/axiDMAInst/cacheTagRamW0Inst/U0/inst_blk_mem_gen/gnbram.gnativebmg.native_blk_mem_gen/valid.cstr/ramloop[0].ram.r/prim_noinit.ram/DEVICE_7SERIES.NO_BMM_INFO.SP.WIDE_PRIM18.ram/CLKARDCLK (clocked by clk162_5_tangerineA7_100_clk_wiz_2_0) and tangerineA7_100_i/tangerineSOC_0/inst/axiDMAInst/ch3DOut_reg[28]/D (clocked by clk_pll_i). Large setup violations at the end of those stages might be difficult to fix during the post-placement implementation flow and could be the result of non-optimal XDC constraints or non-optimal design architecture
Related violations: <none>

TIMING-16#757 Warning
Large setup violation  
There is a large setup violation of -3.768 ns between tangerineA7_100_i/tangerineSOC_0/inst/axiDMAInst/cacheTagRamW1Inst/U0/inst_blk_mem_gen/gnbram.gnativebmg.native_blk_mem_gen/valid.cstr/ramloop[0].ram.r/prim_noinit.ram/DEVICE_7SERIES.NO_BMM_INFO.SP.WIDE_PRIM18.ram/CLKARDCLK (clocked by clk162_5_tangerineA7_100_clk_wiz_2_0) and tangerineA7_100_i/tangerineSOC_0/inst/axiDMAInst/FSM_onehot_axiState_reg[0]_rep__11/D (clocked by clk_pll_i). Large setup violations at the end of those stages might be difficult to fix during the post-placement implementation flow and could be the result of non-optimal XDC constraints or non-optimal design architecture
Related violations: <none>

TIMING-16#758 Warning
Large setup violation  
There is a large setup violation of -3.770 ns between tangerineA7_100_i/tangerineSOC_0/inst/axiDMAInst/cacheTagRamW1Inst/U0/inst_blk_mem_gen/gnbram.gnativebmg.native_blk_mem_gen/valid.cstr/ramloop[0].ram.r/prim_noinit.ram/DEVICE_7SERIES.NO_BMM_INFO.SP.WIDE_PRIM18.ram/CLKARDCLK (clocked by clk162_5_tangerineA7_100_clk_wiz_2_0) and tangerineA7_100_i/tangerineSOC_0/inst/axiDMAInst/FSM_onehot_axiState_reg[0]_rep__2/D (clocked by clk_pll_i). Large setup violations at the end of those stages might be difficult to fix during the post-placement implementation flow and could be the result of non-optimal XDC constraints or non-optimal design architecture
Related violations: <none>

TIMING-16#759 Warning
Large setup violation  
There is a large setup violation of -3.772 ns between tangerineA7_100_i/tangerineSOC_0/inst/axiDMAInst/cacheTagRamW0Inst/U0/inst_blk_mem_gen/gnbram.gnativebmg.native_blk_mem_gen/valid.cstr/ramloop[0].ram.r/prim_noinit.ram/DEVICE_7SERIES.NO_BMM_INFO.SP.WIDE_PRIM18.ram/CLKARDCLK (clocked by clk162_5_tangerineA7_100_clk_wiz_2_0) and tangerineA7_100_i/tangerineSOC_0/inst/axiDMAInst/ch0DOut_reg[15]/D (clocked by clk_pll_i). Large setup violations at the end of those stages might be difficult to fix during the post-placement implementation flow and could be the result of non-optimal XDC constraints or non-optimal design architecture
Related violations: <none>

TIMING-16#760 Warning
Large setup violation  
There is a large setup violation of -3.773 ns between tangerineA7_100_i/tangerineSOC_0/inst/axiDMAInst/cacheTagRamW1Inst/U0/inst_blk_mem_gen/gnbram.gnativebmg.native_blk_mem_gen/valid.cstr/ramloop[0].ram.r/prim_noinit.ram/DEVICE_7SERIES.NO_BMM_INFO.SP.WIDE_PRIM18.ram/CLKARDCLK (clocked by clk162_5_tangerineA7_100_clk_wiz_2_0) and tangerineA7_100_i/tangerineSOC_0/inst/axiDMAInst/FSM_onehot_axiState_reg[0]_rep__13/D (clocked by clk_pll_i). Large setup violations at the end of those stages might be difficult to fix during the post-placement implementation flow and could be the result of non-optimal XDC constraints or non-optimal design architecture
Related violations: <none>

TIMING-16#761 Warning
Large setup violation  
There is a large setup violation of -3.776 ns between tangerineA7_100_i/tangerineSOC_0/inst/axiDMAInst/cacheTagRamW1Inst/U0/inst_blk_mem_gen/gnbram.gnativebmg.native_blk_mem_gen/valid.cstr/ramloop[0].ram.r/prim_noinit.ram/DEVICE_7SERIES.NO_BMM_INFO.SP.WIDE_PRIM18.ram/CLKARDCLK (clocked by clk162_5_tangerineA7_100_clk_wiz_2_0) and tangerineA7_100_i/tangerineSOC_0/inst/axiDMAInst/ch0DOut_reg[17]/D (clocked by clk_pll_i). Large setup violations at the end of those stages might be difficult to fix during the post-placement implementation flow and could be the result of non-optimal XDC constraints or non-optimal design architecture
Related violations: <none>

TIMING-16#762 Warning
Large setup violation  
There is a large setup violation of -3.782 ns between tangerineA7_100_i/tangerineSOC_0/inst/axiDMAInst/cacheTagRamW1Inst/U0/inst_blk_mem_gen/gnbram.gnativebmg.native_blk_mem_gen/valid.cstr/ramloop[0].ram.r/prim_noinit.ram/DEVICE_7SERIES.NO_BMM_INFO.SP.WIDE_PRIM18.ram/CLKARDCLK (clocked by clk162_5_tangerineA7_100_clk_wiz_2_0) and tangerineA7_100_i/tangerineSOC_0/inst/axiDMAInst/ch3DOut_reg[17]/D (clocked by clk_pll_i). Large setup violations at the end of those stages might be difficult to fix during the post-placement implementation flow and could be the result of non-optimal XDC constraints or non-optimal design architecture
Related violations: <none>

TIMING-16#763 Warning
Large setup violation  
There is a large setup violation of -3.784 ns between tangerineA7_100_i/tangerineSOC_0/inst/axiDMAInst/cacheTagRamW1Inst/U0/inst_blk_mem_gen/gnbram.gnativebmg.native_blk_mem_gen/valid.cstr/ramloop[0].ram.r/prim_noinit.ram/DEVICE_7SERIES.NO_BMM_INFO.SP.WIDE_PRIM18.ram/CLKARDCLK (clocked by clk162_5_tangerineA7_100_clk_wiz_2_0) and tangerineA7_100_i/tangerineSOC_0/inst/axiDMAInst/FSM_onehot_axiState_reg[0]_rep__3/D (clocked by clk_pll_i). Large setup violations at the end of those stages might be difficult to fix during the post-placement implementation flow and could be the result of non-optimal XDC constraints or non-optimal design architecture
Related violations: <none>

TIMING-16#764 Warning
Large setup violation  
There is a large setup violation of -3.785 ns between tangerineA7_100_i/tangerineSOC_0/inst/axiDMAInst/cacheTagRamW1Inst/U0/inst_blk_mem_gen/gnbram.gnativebmg.native_blk_mem_gen/valid.cstr/ramloop[0].ram.r/prim_noinit.ram/DEVICE_7SERIES.NO_BMM_INFO.SP.WIDE_PRIM18.ram/CLKARDCLK (clocked by clk162_5_tangerineA7_100_clk_wiz_2_0) and tangerineA7_100_i/tangerineSOC_0/inst/axiDMAInst/FSM_onehot_axiState_reg[0]_rep__7/D (clocked by clk_pll_i). Large setup violations at the end of those stages might be difficult to fix during the post-placement implementation flow and could be the result of non-optimal XDC constraints or non-optimal design architecture
Related violations: <none>

TIMING-16#765 Warning
Large setup violation  
There is a large setup violation of -3.787 ns between tangerineA7_100_i/tangerineSOC_0/inst/axiDMAInst/cacheTagRamW0Inst/U0/inst_blk_mem_gen/gnbram.gnativebmg.native_blk_mem_gen/valid.cstr/ramloop[0].ram.r/prim_noinit.ram/DEVICE_7SERIES.NO_BMM_INFO.SP.WIDE_PRIM18.ram/CLKARDCLK (clocked by clk162_5_tangerineA7_100_clk_wiz_2_0) and tangerineA7_100_i/tangerineSOC_0/inst/axiDMAInst/ch3DOut_reg[15]/D (clocked by clk_pll_i). Large setup violations at the end of those stages might be difficult to fix during the post-placement implementation flow and could be the result of non-optimal XDC constraints or non-optimal design architecture
Related violations: <none>

TIMING-16#766 Warning
Large setup violation  
There is a large setup violation of -3.788 ns between tangerineA7_100_i/tangerineSOC_0/inst/axiDMAInst/cacheA_reg[13]/C (clocked by clk_pll_i) and tangerineA7_100_i/tangerineSOC_0/inst/axiDMAInst/cacheDataRamW2Inst/U0/inst_blk_mem_gen/gnbram.gnativebmg.native_blk_mem_gen/valid.cstr/ramloop[0].ram.r/prim_noinit.ram/DEVICE_7SERIES.NO_BMM_INFO.TRUE_DP.SIMPLE_PRIM36.ram/ADDRARDADDR[14] (clocked by clk162_5_tangerineA7_100_clk_wiz_2_0). Large setup violations at the end of those stages might be difficult to fix during the post-placement implementation flow and could be the result of non-optimal XDC constraints or non-optimal design architecture
Related violations: <none>

TIMING-16#767 Warning
Large setup violation  
There is a large setup violation of -3.793 ns between tangerineA7_100_i/tangerineSOC_0/inst/axiDMAInst/cacheA_reg[13]/C (clocked by clk_pll_i) and tangerineA7_100_i/tangerineSOC_0/inst/axiDMAInst/cacheDataRamW1Inst/U0/inst_blk_mem_gen/gnbram.gnativebmg.native_blk_mem_gen/valid.cstr/ramloop[3].ram.r/prim_noinit.ram/DEVICE_7SERIES.NO_BMM_INFO.TRUE_DP.SIMPLE_PRIM36.ram/ADDRARDADDR[14] (clocked by clk162_5_tangerineA7_100_clk_wiz_2_0). Large setup violations at the end of those stages might be difficult to fix during the post-placement implementation flow and could be the result of non-optimal XDC constraints or non-optimal design architecture
Related violations: <none>

TIMING-16#768 Warning
Large setup violation  
There is a large setup violation of -3.794 ns between tangerineA7_100_i/tangerineSOC_0/inst/axiDMAInst/cacheTagRamW1Inst/U0/inst_blk_mem_gen/gnbram.gnativebmg.native_blk_mem_gen/valid.cstr/ramloop[0].ram.r/prim_noinit.ram/DEVICE_7SERIES.NO_BMM_INFO.SP.WIDE_PRIM18.ram/CLKARDCLK (clocked by clk162_5_tangerineA7_100_clk_wiz_2_0) and tangerineA7_100_i/tangerineSOC_0/inst/axiDMAInst/cacheWay1WEa_reg[0]/CE (clocked by clk_pll_i). Large setup violations at the end of those stages might be difficult to fix during the post-placement implementation flow and could be the result of non-optimal XDC constraints or non-optimal design architecture
Related violations: <none>

TIMING-16#769 Warning
Large setup violation  
There is a large setup violation of -3.794 ns between tangerineA7_100_i/tangerineSOC_0/inst/axiDMAInst/cacheTagRamW1Inst/U0/inst_blk_mem_gen/gnbram.gnativebmg.native_blk_mem_gen/valid.cstr/ramloop[0].ram.r/prim_noinit.ram/DEVICE_7SERIES.NO_BMM_INFO.SP.WIDE_PRIM18.ram/CLKARDCLK (clocked by clk162_5_tangerineA7_100_clk_wiz_2_0) and tangerineA7_100_i/tangerineSOC_0/inst/axiDMAInst/cacheWay1WEa_reg[1]/CE (clocked by clk_pll_i). Large setup violations at the end of those stages might be difficult to fix during the post-placement implementation flow and could be the result of non-optimal XDC constraints or non-optimal design architecture
Related violations: <none>

TIMING-16#770 Warning
Large setup violation  
There is a large setup violation of -3.794 ns between tangerineA7_100_i/tangerineSOC_0/inst/axiDMAInst/cacheTagRamW1Inst/U0/inst_blk_mem_gen/gnbram.gnativebmg.native_blk_mem_gen/valid.cstr/ramloop[0].ram.r/prim_noinit.ram/DEVICE_7SERIES.NO_BMM_INFO.SP.WIDE_PRIM18.ram/CLKARDCLK (clocked by clk162_5_tangerineA7_100_clk_wiz_2_0) and tangerineA7_100_i/tangerineSOC_0/inst/axiDMAInst/cacheWay1WEa_reg[2]/CE (clocked by clk_pll_i). Large setup violations at the end of those stages might be difficult to fix during the post-placement implementation flow and could be the result of non-optimal XDC constraints or non-optimal design architecture
Related violations: <none>

TIMING-16#771 Warning
Large setup violation  
There is a large setup violation of -3.794 ns between tangerineA7_100_i/tangerineSOC_0/inst/axiDMAInst/cacheTagRamW1Inst/U0/inst_blk_mem_gen/gnbram.gnativebmg.native_blk_mem_gen/valid.cstr/ramloop[0].ram.r/prim_noinit.ram/DEVICE_7SERIES.NO_BMM_INFO.SP.WIDE_PRIM18.ram/CLKARDCLK (clocked by clk162_5_tangerineA7_100_clk_wiz_2_0) and tangerineA7_100_i/tangerineSOC_0/inst/axiDMAInst/cacheWay1WEa_reg[3]/CE (clocked by clk_pll_i). Large setup violations at the end of those stages might be difficult to fix during the post-placement implementation flow and could be the result of non-optimal XDC constraints or non-optimal design architecture
Related violations: <none>

TIMING-16#772 Warning
Large setup violation  
There is a large setup violation of -3.805 ns between tangerineA7_100_i/tangerineSOC_0/inst/axiDMAInst/cacheTagRamW1Inst/U0/inst_blk_mem_gen/gnbram.gnativebmg.native_blk_mem_gen/valid.cstr/ramloop[0].ram.r/prim_noinit.ram/DEVICE_7SERIES.NO_BMM_INFO.SP.WIDE_PRIM18.ram/CLKARDCLK (clocked by clk162_5_tangerineA7_100_clk_wiz_2_0) and tangerineA7_100_i/tangerineSOC_0/inst/axiDMAInst/ch0DOut_reg[9]/D (clocked by clk_pll_i). Large setup violations at the end of those stages might be difficult to fix during the post-placement implementation flow and could be the result of non-optimal XDC constraints or non-optimal design architecture
Related violations: <none>

TIMING-16#773 Warning
Large setup violation  
There is a large setup violation of -3.807 ns between tangerineA7_100_i/tangerineSOC_0/inst/axiDMAInst/cacheTagRamW1Inst/U0/inst_blk_mem_gen/gnbram.gnativebmg.native_blk_mem_gen/valid.cstr/ramloop[0].ram.r/prim_noinit.ram/DEVICE_7SERIES.NO_BMM_INFO.SP.WIDE_PRIM18.ram/CLKARDCLK (clocked by clk162_5_tangerineA7_100_clk_wiz_2_0) and tangerineA7_100_i/tangerineSOC_0/inst/axiDMAInst/FSM_onehot_axiState_reg[0]_rep__12/D (clocked by clk_pll_i). Large setup violations at the end of those stages might be difficult to fix during the post-placement implementation flow and could be the result of non-optimal XDC constraints or non-optimal design architecture
Related violations: <none>

TIMING-16#774 Warning
Large setup violation  
There is a large setup violation of -3.807 ns between tangerineA7_100_i/tangerineSOC_0/inst/axiDMAInst/cacheTagRamW1Inst/U0/inst_blk_mem_gen/gnbram.gnativebmg.native_blk_mem_gen/valid.cstr/ramloop[0].ram.r/prim_noinit.ram/DEVICE_7SERIES.NO_BMM_INFO.SP.WIDE_PRIM18.ram/CLKARDCLK (clocked by clk162_5_tangerineA7_100_clk_wiz_2_0) and tangerineA7_100_i/tangerineSOC_0/inst/axiDMAInst/ch0DOut_reg[10]/CE (clocked by clk_pll_i). Large setup violations at the end of those stages might be difficult to fix during the post-placement implementation flow and could be the result of non-optimal XDC constraints or non-optimal design architecture
Related violations: <none>

TIMING-16#775 Warning
Large setup violation  
There is a large setup violation of -3.807 ns between tangerineA7_100_i/tangerineSOC_0/inst/axiDMAInst/cacheTagRamW1Inst/U0/inst_blk_mem_gen/gnbram.gnativebmg.native_blk_mem_gen/valid.cstr/ramloop[0].ram.r/prim_noinit.ram/DEVICE_7SERIES.NO_BMM_INFO.SP.WIDE_PRIM18.ram/CLKARDCLK (clocked by clk162_5_tangerineA7_100_clk_wiz_2_0) and tangerineA7_100_i/tangerineSOC_0/inst/axiDMAInst/ch0DOut_reg[13]/CE (clocked by clk_pll_i). Large setup violations at the end of those stages might be difficult to fix during the post-placement implementation flow and could be the result of non-optimal XDC constraints or non-optimal design architecture
Related violations: <none>

TIMING-16#776 Warning
Large setup violation  
There is a large setup violation of -3.807 ns between tangerineA7_100_i/tangerineSOC_0/inst/axiDMAInst/cacheTagRamW1Inst/U0/inst_blk_mem_gen/gnbram.gnativebmg.native_blk_mem_gen/valid.cstr/ramloop[0].ram.r/prim_noinit.ram/DEVICE_7SERIES.NO_BMM_INFO.SP.WIDE_PRIM18.ram/CLKARDCLK (clocked by clk162_5_tangerineA7_100_clk_wiz_2_0) and tangerineA7_100_i/tangerineSOC_0/inst/axiDMAInst/ch0DOut_reg[14]/CE (clocked by clk_pll_i). Large setup violations at the end of those stages might be difficult to fix during the post-placement implementation flow and could be the result of non-optimal XDC constraints or non-optimal design architecture
Related violations: <none>

TIMING-16#777 Warning
Large setup violation  
There is a large setup violation of -3.807 ns between tangerineA7_100_i/tangerineSOC_0/inst/axiDMAInst/cacheTagRamW1Inst/U0/inst_blk_mem_gen/gnbram.gnativebmg.native_blk_mem_gen/valid.cstr/ramloop[0].ram.r/prim_noinit.ram/DEVICE_7SERIES.NO_BMM_INFO.SP.WIDE_PRIM18.ram/CLKARDCLK (clocked by clk162_5_tangerineA7_100_clk_wiz_2_0) and tangerineA7_100_i/tangerineSOC_0/inst/axiDMAInst/ch0DOut_reg[20]/CE (clocked by clk_pll_i). Large setup violations at the end of those stages might be difficult to fix during the post-placement implementation flow and could be the result of non-optimal XDC constraints or non-optimal design architecture
Related violations: <none>

TIMING-16#778 Warning
Large setup violation  
There is a large setup violation of -3.807 ns between tangerineA7_100_i/tangerineSOC_0/inst/axiDMAInst/cacheTagRamW1Inst/U0/inst_blk_mem_gen/gnbram.gnativebmg.native_blk_mem_gen/valid.cstr/ramloop[0].ram.r/prim_noinit.ram/DEVICE_7SERIES.NO_BMM_INFO.SP.WIDE_PRIM18.ram/CLKARDCLK (clocked by clk162_5_tangerineA7_100_clk_wiz_2_0) and tangerineA7_100_i/tangerineSOC_0/inst/axiDMAInst/ch0DOut_reg[30]/CE (clocked by clk_pll_i). Large setup violations at the end of those stages might be difficult to fix during the post-placement implementation flow and could be the result of non-optimal XDC constraints or non-optimal design architecture
Related violations: <none>

TIMING-16#779 Warning
Large setup violation  
There is a large setup violation of -3.807 ns between tangerineA7_100_i/tangerineSOC_0/inst/axiDMAInst/cacheTagRamW1Inst/U0/inst_blk_mem_gen/gnbram.gnativebmg.native_blk_mem_gen/valid.cstr/ramloop[0].ram.r/prim_noinit.ram/DEVICE_7SERIES.NO_BMM_INFO.SP.WIDE_PRIM18.ram/CLKARDCLK (clocked by clk162_5_tangerineA7_100_clk_wiz_2_0) and tangerineA7_100_i/tangerineSOC_0/inst/axiDMAInst/ch0DOut_reg[4]/CE (clocked by clk_pll_i). Large setup violations at the end of those stages might be difficult to fix during the post-placement implementation flow and could be the result of non-optimal XDC constraints or non-optimal design architecture
Related violations: <none>

TIMING-16#780 Warning
Large setup violation  
There is a large setup violation of -3.807 ns between tangerineA7_100_i/tangerineSOC_0/inst/axiDMAInst/cacheTagRamW1Inst/U0/inst_blk_mem_gen/gnbram.gnativebmg.native_blk_mem_gen/valid.cstr/ramloop[0].ram.r/prim_noinit.ram/DEVICE_7SERIES.NO_BMM_INFO.SP.WIDE_PRIM18.ram/CLKARDCLK (clocked by clk162_5_tangerineA7_100_clk_wiz_2_0) and tangerineA7_100_i/tangerineSOC_0/inst/axiDMAInst/ch0DOut_reg[5]/CE (clocked by clk_pll_i). Large setup violations at the end of those stages might be difficult to fix during the post-placement implementation flow and could be the result of non-optimal XDC constraints or non-optimal design architecture
Related violations: <none>

TIMING-16#781 Warning
Large setup violation  
There is a large setup violation of -3.807 ns between tangerineA7_100_i/tangerineSOC_0/inst/axiDMAInst/cacheTagRamW1Inst/U0/inst_blk_mem_gen/gnbram.gnativebmg.native_blk_mem_gen/valid.cstr/ramloop[0].ram.r/prim_noinit.ram/DEVICE_7SERIES.NO_BMM_INFO.SP.WIDE_PRIM18.ram/CLKARDCLK (clocked by clk162_5_tangerineA7_100_clk_wiz_2_0) and tangerineA7_100_i/tangerineSOC_0/inst/axiDMAInst/ch0DOut_reg[7]/CE (clocked by clk_pll_i). Large setup violations at the end of those stages might be difficult to fix during the post-placement implementation flow and could be the result of non-optimal XDC constraints or non-optimal design architecture
Related violations: <none>

TIMING-16#782 Warning
Large setup violation  
There is a large setup violation of -3.807 ns between tangerineA7_100_i/tangerineSOC_0/inst/axiDMAInst/cacheTagRamW1Inst/U0/inst_blk_mem_gen/gnbram.gnativebmg.native_blk_mem_gen/valid.cstr/ramloop[0].ram.r/prim_noinit.ram/DEVICE_7SERIES.NO_BMM_INFO.SP.WIDE_PRIM18.ram/CLKARDCLK (clocked by clk162_5_tangerineA7_100_clk_wiz_2_0) and tangerineA7_100_i/tangerineSOC_0/inst/axiDMAInst/ch0DOut_reg[8]/CE (clocked by clk_pll_i). Large setup violations at the end of those stages might be difficult to fix during the post-placement implementation flow and could be the result of non-optimal XDC constraints or non-optimal design architecture
Related violations: <none>

TIMING-16#783 Warning
Large setup violation  
There is a large setup violation of -3.807 ns between tangerineA7_100_i/tangerineSOC_0/inst/axiDMAInst/cacheTagRamW1Inst/U0/inst_blk_mem_gen/gnbram.gnativebmg.native_blk_mem_gen/valid.cstr/ramloop[0].ram.r/prim_noinit.ram/DEVICE_7SERIES.NO_BMM_INFO.SP.WIDE_PRIM18.ram/CLKARDCLK (clocked by clk162_5_tangerineA7_100_clk_wiz_2_0) and tangerineA7_100_i/tangerineSOC_0/inst/axiDMAInst/ch3DOut_reg[14]/CE (clocked by clk_pll_i). Large setup violations at the end of those stages might be difficult to fix during the post-placement implementation flow and could be the result of non-optimal XDC constraints or non-optimal design architecture
Related violations: <none>

TIMING-16#784 Warning
Large setup violation  
There is a large setup violation of -3.807 ns between tangerineA7_100_i/tangerineSOC_0/inst/axiDMAInst/cacheTagRamW1Inst/U0/inst_blk_mem_gen/gnbram.gnativebmg.native_blk_mem_gen/valid.cstr/ramloop[0].ram.r/prim_noinit.ram/DEVICE_7SERIES.NO_BMM_INFO.SP.WIDE_PRIM18.ram/CLKARDCLK (clocked by clk162_5_tangerineA7_100_clk_wiz_2_0) and tangerineA7_100_i/tangerineSOC_0/inst/axiDMAInst/ch3DOut_reg[15]/CE (clocked by clk_pll_i). Large setup violations at the end of those stages might be difficult to fix during the post-placement implementation flow and could be the result of non-optimal XDC constraints or non-optimal design architecture
Related violations: <none>

TIMING-16#785 Warning
Large setup violation  
There is a large setup violation of -3.807 ns between tangerineA7_100_i/tangerineSOC_0/inst/axiDMAInst/cacheTagRamW1Inst/U0/inst_blk_mem_gen/gnbram.gnativebmg.native_blk_mem_gen/valid.cstr/ramloop[0].ram.r/prim_noinit.ram/DEVICE_7SERIES.NO_BMM_INFO.SP.WIDE_PRIM18.ram/CLKARDCLK (clocked by clk162_5_tangerineA7_100_clk_wiz_2_0) and tangerineA7_100_i/tangerineSOC_0/inst/axiDMAInst/ch3DOut_reg[18]/CE (clocked by clk_pll_i). Large setup violations at the end of those stages might be difficult to fix during the post-placement implementation flow and could be the result of non-optimal XDC constraints or non-optimal design architecture
Related violations: <none>

TIMING-16#786 Warning
Large setup violation  
There is a large setup violation of -3.807 ns between tangerineA7_100_i/tangerineSOC_0/inst/axiDMAInst/cacheTagRamW1Inst/U0/inst_blk_mem_gen/gnbram.gnativebmg.native_blk_mem_gen/valid.cstr/ramloop[0].ram.r/prim_noinit.ram/DEVICE_7SERIES.NO_BMM_INFO.SP.WIDE_PRIM18.ram/CLKARDCLK (clocked by clk162_5_tangerineA7_100_clk_wiz_2_0) and tangerineA7_100_i/tangerineSOC_0/inst/axiDMAInst/ch3DOut_reg[1]/CE (clocked by clk_pll_i). Large setup violations at the end of those stages might be difficult to fix during the post-placement implementation flow and could be the result of non-optimal XDC constraints or non-optimal design architecture
Related violations: <none>

TIMING-16#787 Warning
Large setup violation  
There is a large setup violation of -3.807 ns between tangerineA7_100_i/tangerineSOC_0/inst/axiDMAInst/cacheTagRamW1Inst/U0/inst_blk_mem_gen/gnbram.gnativebmg.native_blk_mem_gen/valid.cstr/ramloop[0].ram.r/prim_noinit.ram/DEVICE_7SERIES.NO_BMM_INFO.SP.WIDE_PRIM18.ram/CLKARDCLK (clocked by clk162_5_tangerineA7_100_clk_wiz_2_0) and tangerineA7_100_i/tangerineSOC_0/inst/axiDMAInst/ch3DOut_reg[20]/CE (clocked by clk_pll_i). Large setup violations at the end of those stages might be difficult to fix during the post-placement implementation flow and could be the result of non-optimal XDC constraints or non-optimal design architecture
Related violations: <none>

TIMING-16#788 Warning
Large setup violation  
There is a large setup violation of -3.811 ns between tangerineA7_100_i/tangerineSOC_0/inst/axiDMAInst/cacheTagRamW0Inst/U0/inst_blk_mem_gen/gnbram.gnativebmg.native_blk_mem_gen/valid.cstr/ramloop[0].ram.r/prim_noinit.ram/DEVICE_7SERIES.NO_BMM_INFO.SP.WIDE_PRIM18.ram/CLKARDCLK (clocked by clk162_5_tangerineA7_100_clk_wiz_2_0) and tangerineA7_100_i/tangerineSOC_0/inst/axiDMAInst/ch0DOut_reg[27]/D (clocked by clk_pll_i). Large setup violations at the end of those stages might be difficult to fix during the post-placement implementation flow and could be the result of non-optimal XDC constraints or non-optimal design architecture
Related violations: <none>

TIMING-16#789 Warning
Large setup violation  
There is a large setup violation of -3.813 ns between tangerineA7_100_i/tangerineSOC_0/inst/axiDMAInst/cacheTagRamW1Inst/U0/inst_blk_mem_gen/gnbram.gnativebmg.native_blk_mem_gen/valid.cstr/ramloop[0].ram.r/prim_noinit.ram/DEVICE_7SERIES.NO_BMM_INFO.SP.WIDE_PRIM18.ram/CLKARDCLK (clocked by clk162_5_tangerineA7_100_clk_wiz_2_0) and tangerineA7_100_i/tangerineSOC_0/inst/axiDMAInst/cacheWay3WEa_reg[0]/CE (clocked by clk_pll_i). Large setup violations at the end of those stages might be difficult to fix during the post-placement implementation flow and could be the result of non-optimal XDC constraints or non-optimal design architecture
Related violations: <none>

TIMING-16#790 Warning
Large setup violation  
There is a large setup violation of -3.813 ns between tangerineA7_100_i/tangerineSOC_0/inst/axiDMAInst/cacheTagRamW1Inst/U0/inst_blk_mem_gen/gnbram.gnativebmg.native_blk_mem_gen/valid.cstr/ramloop[0].ram.r/prim_noinit.ram/DEVICE_7SERIES.NO_BMM_INFO.SP.WIDE_PRIM18.ram/CLKARDCLK (clocked by clk162_5_tangerineA7_100_clk_wiz_2_0) and tangerineA7_100_i/tangerineSOC_0/inst/axiDMAInst/cacheWay3WEa_reg[1]/CE (clocked by clk_pll_i). Large setup violations at the end of those stages might be difficult to fix during the post-placement implementation flow and could be the result of non-optimal XDC constraints or non-optimal design architecture
Related violations: <none>

TIMING-16#791 Warning
Large setup violation  
There is a large setup violation of -3.813 ns between tangerineA7_100_i/tangerineSOC_0/inst/axiDMAInst/cacheTagRamW1Inst/U0/inst_blk_mem_gen/gnbram.gnativebmg.native_blk_mem_gen/valid.cstr/ramloop[0].ram.r/prim_noinit.ram/DEVICE_7SERIES.NO_BMM_INFO.SP.WIDE_PRIM18.ram/CLKARDCLK (clocked by clk162_5_tangerineA7_100_clk_wiz_2_0) and tangerineA7_100_i/tangerineSOC_0/inst/axiDMAInst/cacheWay3WEa_reg[2]/CE (clocked by clk_pll_i). Large setup violations at the end of those stages might be difficult to fix during the post-placement implementation flow and could be the result of non-optimal XDC constraints or non-optimal design architecture
Related violations: <none>

TIMING-16#792 Warning
Large setup violation  
There is a large setup violation of -3.813 ns between tangerineA7_100_i/tangerineSOC_0/inst/axiDMAInst/cacheTagRamW1Inst/U0/inst_blk_mem_gen/gnbram.gnativebmg.native_blk_mem_gen/valid.cstr/ramloop[0].ram.r/prim_noinit.ram/DEVICE_7SERIES.NO_BMM_INFO.SP.WIDE_PRIM18.ram/CLKARDCLK (clocked by clk162_5_tangerineA7_100_clk_wiz_2_0) and tangerineA7_100_i/tangerineSOC_0/inst/axiDMAInst/cacheWay3WEa_reg[3]/CE (clocked by clk_pll_i). Large setup violations at the end of those stages might be difficult to fix during the post-placement implementation flow and could be the result of non-optimal XDC constraints or non-optimal design architecture
Related violations: <none>

TIMING-16#793 Warning
Large setup violation  
There is a large setup violation of -3.814 ns between tangerineA7_100_i/tangerineSOC_0/inst/axiDMAInst/cacheTagRamW1Inst/U0/inst_blk_mem_gen/gnbram.gnativebmg.native_blk_mem_gen/valid.cstr/ramloop[0].ram.r/prim_noinit.ram/DEVICE_7SERIES.NO_BMM_INFO.SP.WIDE_PRIM18.ram/CLKARDCLK (clocked by clk162_5_tangerineA7_100_clk_wiz_2_0) and tangerineA7_100_i/tangerineSOC_0/inst/axiDMAInst/ch0DOut_reg[21]/CE (clocked by clk_pll_i). Large setup violations at the end of those stages might be difficult to fix during the post-placement implementation flow and could be the result of non-optimal XDC constraints or non-optimal design architecture
Related violations: <none>

TIMING-16#794 Warning
Large setup violation  
There is a large setup violation of -3.814 ns between tangerineA7_100_i/tangerineSOC_0/inst/axiDMAInst/cacheTagRamW1Inst/U0/inst_blk_mem_gen/gnbram.gnativebmg.native_blk_mem_gen/valid.cstr/ramloop[0].ram.r/prim_noinit.ram/DEVICE_7SERIES.NO_BMM_INFO.SP.WIDE_PRIM18.ram/CLKARDCLK (clocked by clk162_5_tangerineA7_100_clk_wiz_2_0) and tangerineA7_100_i/tangerineSOC_0/inst/axiDMAInst/ch0DOut_reg[26]/CE (clocked by clk_pll_i). Large setup violations at the end of those stages might be difficult to fix during the post-placement implementation flow and could be the result of non-optimal XDC constraints or non-optimal design architecture
Related violations: <none>

TIMING-16#795 Warning
Large setup violation  
There is a large setup violation of -3.814 ns between tangerineA7_100_i/tangerineSOC_0/inst/axiDMAInst/cacheTagRamW1Inst/U0/inst_blk_mem_gen/gnbram.gnativebmg.native_blk_mem_gen/valid.cstr/ramloop[0].ram.r/prim_noinit.ram/DEVICE_7SERIES.NO_BMM_INFO.SP.WIDE_PRIM18.ram/CLKARDCLK (clocked by clk162_5_tangerineA7_100_clk_wiz_2_0) and tangerineA7_100_i/tangerineSOC_0/inst/axiDMAInst/ch3DOut_reg[31]/CE (clocked by clk_pll_i). Large setup violations at the end of those stages might be difficult to fix during the post-placement implementation flow and could be the result of non-optimal XDC constraints or non-optimal design architecture
Related violations: <none>

TIMING-16#796 Warning
Large setup violation  
There is a large setup violation of -3.816 ns between tangerineA7_100_i/tangerineSOC_0/inst/axiDMAInst/cacheTagRamW1Inst/U0/inst_blk_mem_gen/gnbram.gnativebmg.native_blk_mem_gen/valid.cstr/ramloop[0].ram.r/prim_noinit.ram/DEVICE_7SERIES.NO_BMM_INFO.SP.WIDE_PRIM18.ram/CLKARDCLK (clocked by clk162_5_tangerineA7_100_clk_wiz_2_0) and tangerineA7_100_i/tangerineSOC_0/inst/axiDMAInst/ch3DOut_reg[11]/D (clocked by clk_pll_i). Large setup violations at the end of those stages might be difficult to fix during the post-placement implementation flow and could be the result of non-optimal XDC constraints or non-optimal design architecture
Related violations: <none>

TIMING-16#797 Warning
Large setup violation  
There is a large setup violation of -3.825 ns between tangerineA7_100_i/tangerineSOC_0/inst/axiDMAInst/cacheTagRamW1Inst/U0/inst_blk_mem_gen/gnbram.gnativebmg.native_blk_mem_gen/valid.cstr/ramloop[0].ram.r/prim_noinit.ram/DEVICE_7SERIES.NO_BMM_INFO.SP.WIDE_PRIM18.ram/CLKARDCLK (clocked by clk162_5_tangerineA7_100_clk_wiz_2_0) and tangerineA7_100_i/tangerineSOC_0/inst/axiDMAInst/ch0DOut_reg[17]/CE (clocked by clk_pll_i). Large setup violations at the end of those stages might be difficult to fix during the post-placement implementation flow and could be the result of non-optimal XDC constraints or non-optimal design architecture
Related violations: <none>

TIMING-16#798 Warning
Large setup violation  
There is a large setup violation of -3.825 ns between tangerineA7_100_i/tangerineSOC_0/inst/axiDMAInst/cacheTagRamW1Inst/U0/inst_blk_mem_gen/gnbram.gnativebmg.native_blk_mem_gen/valid.cstr/ramloop[0].ram.r/prim_noinit.ram/DEVICE_7SERIES.NO_BMM_INFO.SP.WIDE_PRIM18.ram/CLKARDCLK (clocked by clk162_5_tangerineA7_100_clk_wiz_2_0) and tangerineA7_100_i/tangerineSOC_0/inst/axiDMAInst/ch0DOut_reg[23]/CE (clocked by clk_pll_i). Large setup violations at the end of those stages might be difficult to fix during the post-placement implementation flow and could be the result of non-optimal XDC constraints or non-optimal design architecture
Related violations: <none>

TIMING-16#799 Warning
Large setup violation  
There is a large setup violation of -3.825 ns between tangerineA7_100_i/tangerineSOC_0/inst/axiDMAInst/cacheTagRamW1Inst/U0/inst_blk_mem_gen/gnbram.gnativebmg.native_blk_mem_gen/valid.cstr/ramloop[0].ram.r/prim_noinit.ram/DEVICE_7SERIES.NO_BMM_INFO.SP.WIDE_PRIM18.ram/CLKARDCLK (clocked by clk162_5_tangerineA7_100_clk_wiz_2_0) and tangerineA7_100_i/tangerineSOC_0/inst/axiDMAInst/ch0DOut_reg[31]/D (clocked by clk_pll_i). Large setup violations at the end of those stages might be difficult to fix during the post-placement implementation flow and could be the result of non-optimal XDC constraints or non-optimal design architecture
Related violations: <none>

TIMING-16#800 Warning
Large setup violation  
There is a large setup violation of -3.825 ns between tangerineA7_100_i/tangerineSOC_0/inst/axiDMAInst/cacheTagRamW1Inst/U0/inst_blk_mem_gen/gnbram.gnativebmg.native_blk_mem_gen/valid.cstr/ramloop[0].ram.r/prim_noinit.ram/DEVICE_7SERIES.NO_BMM_INFO.SP.WIDE_PRIM18.ram/CLKARDCLK (clocked by clk162_5_tangerineA7_100_clk_wiz_2_0) and tangerineA7_100_i/tangerineSOC_0/inst/axiDMAInst/ch0DOut_reg[9]/CE (clocked by clk_pll_i). Large setup violations at the end of those stages might be difficult to fix during the post-placement implementation flow and could be the result of non-optimal XDC constraints or non-optimal design architecture
Related violations: <none>

TIMING-16#801 Warning
Large setup violation  
There is a large setup violation of -3.825 ns between tangerineA7_100_i/tangerineSOC_0/inst/axiDMAInst/cacheTagRamW1Inst/U0/inst_blk_mem_gen/gnbram.gnativebmg.native_blk_mem_gen/valid.cstr/ramloop[0].ram.r/prim_noinit.ram/DEVICE_7SERIES.NO_BMM_INFO.SP.WIDE_PRIM18.ram/CLKARDCLK (clocked by clk162_5_tangerineA7_100_clk_wiz_2_0) and tangerineA7_100_i/tangerineSOC_0/inst/axiDMAInst/ch3DOut_reg[23]/CE (clocked by clk_pll_i). Large setup violations at the end of those stages might be difficult to fix during the post-placement implementation flow and could be the result of non-optimal XDC constraints or non-optimal design architecture
Related violations: <none>

TIMING-16#802 Warning
Large setup violation  
There is a large setup violation of -3.825 ns between tangerineA7_100_i/tangerineSOC_0/inst/axiDMAInst/cacheTagRamW1Inst/U0/inst_blk_mem_gen/gnbram.gnativebmg.native_blk_mem_gen/valid.cstr/ramloop[0].ram.r/prim_noinit.ram/DEVICE_7SERIES.NO_BMM_INFO.SP.WIDE_PRIM18.ram/CLKARDCLK (clocked by clk162_5_tangerineA7_100_clk_wiz_2_0) and tangerineA7_100_i/tangerineSOC_0/inst/axiDMAInst/ch3DOut_reg[27]/CE (clocked by clk_pll_i). Large setup violations at the end of those stages might be difficult to fix during the post-placement implementation flow and could be the result of non-optimal XDC constraints or non-optimal design architecture
Related violations: <none>

TIMING-16#803 Warning
Large setup violation  
There is a large setup violation of -3.825 ns between tangerineA7_100_i/tangerineSOC_0/inst/axiDMAInst/cacheTagRamW1Inst/U0/inst_blk_mem_gen/gnbram.gnativebmg.native_blk_mem_gen/valid.cstr/ramloop[0].ram.r/prim_noinit.ram/DEVICE_7SERIES.NO_BMM_INFO.SP.WIDE_PRIM18.ram/CLKARDCLK (clocked by clk162_5_tangerineA7_100_clk_wiz_2_0) and tangerineA7_100_i/tangerineSOC_0/inst/axiDMAInst/ch3DOut_reg[2]/CE (clocked by clk_pll_i). Large setup violations at the end of those stages might be difficult to fix during the post-placement implementation flow and could be the result of non-optimal XDC constraints or non-optimal design architecture
Related violations: <none>

TIMING-16#804 Warning
Large setup violation  
There is a large setup violation of -3.826 ns between tangerineA7_100_i/tangerineSOC_0/inst/axiDMAInst/cacheTagRamW1Inst/U0/inst_blk_mem_gen/gnbram.gnativebmg.native_blk_mem_gen/valid.cstr/ramloop[0].ram.r/prim_noinit.ram/DEVICE_7SERIES.NO_BMM_INFO.SP.WIDE_PRIM18.ram/CLKARDCLK (clocked by clk162_5_tangerineA7_100_clk_wiz_2_0) and tangerineA7_100_i/tangerineSOC_0/inst/axiDMAInst/ch0DOut_reg[11]/CE (clocked by clk_pll_i). Large setup violations at the end of those stages might be difficult to fix during the post-placement implementation flow and could be the result of non-optimal XDC constraints or non-optimal design architecture
Related violations: <none>

TIMING-16#805 Warning
Large setup violation  
There is a large setup violation of -3.826 ns between tangerineA7_100_i/tangerineSOC_0/inst/axiDMAInst/cacheTagRamW1Inst/U0/inst_blk_mem_gen/gnbram.gnativebmg.native_blk_mem_gen/valid.cstr/ramloop[0].ram.r/prim_noinit.ram/DEVICE_7SERIES.NO_BMM_INFO.SP.WIDE_PRIM18.ram/CLKARDCLK (clocked by clk162_5_tangerineA7_100_clk_wiz_2_0) and tangerineA7_100_i/tangerineSOC_0/inst/axiDMAInst/ch0DOut_reg[15]/CE (clocked by clk_pll_i). Large setup violations at the end of those stages might be difficult to fix during the post-placement implementation flow and could be the result of non-optimal XDC constraints or non-optimal design architecture
Related violations: <none>

TIMING-16#806 Warning
Large setup violation  
There is a large setup violation of -3.826 ns between tangerineA7_100_i/tangerineSOC_0/inst/axiDMAInst/cacheTagRamW1Inst/U0/inst_blk_mem_gen/gnbram.gnativebmg.native_blk_mem_gen/valid.cstr/ramloop[0].ram.r/prim_noinit.ram/DEVICE_7SERIES.NO_BMM_INFO.SP.WIDE_PRIM18.ram/CLKARDCLK (clocked by clk162_5_tangerineA7_100_clk_wiz_2_0) and tangerineA7_100_i/tangerineSOC_0/inst/axiDMAInst/ch0DOut_reg[19]/CE (clocked by clk_pll_i). Large setup violations at the end of those stages might be difficult to fix during the post-placement implementation flow and could be the result of non-optimal XDC constraints or non-optimal design architecture
Related violations: <none>

TIMING-16#807 Warning
Large setup violation  
There is a large setup violation of -3.826 ns between tangerineA7_100_i/tangerineSOC_0/inst/axiDMAInst/cacheTagRamW1Inst/U0/inst_blk_mem_gen/gnbram.gnativebmg.native_blk_mem_gen/valid.cstr/ramloop[0].ram.r/prim_noinit.ram/DEVICE_7SERIES.NO_BMM_INFO.SP.WIDE_PRIM18.ram/CLKARDCLK (clocked by clk162_5_tangerineA7_100_clk_wiz_2_0) and tangerineA7_100_i/tangerineSOC_0/inst/axiDMAInst/ch0DOut_reg[28]/CE (clocked by clk_pll_i). Large setup violations at the end of those stages might be difficult to fix during the post-placement implementation flow and could be the result of non-optimal XDC constraints or non-optimal design architecture
Related violations: <none>

TIMING-16#808 Warning
Large setup violation  
There is a large setup violation of -3.826 ns between tangerineA7_100_i/tangerineSOC_0/inst/axiDMAInst/cacheTagRamW1Inst/U0/inst_blk_mem_gen/gnbram.gnativebmg.native_blk_mem_gen/valid.cstr/ramloop[0].ram.r/prim_noinit.ram/DEVICE_7SERIES.NO_BMM_INFO.SP.WIDE_PRIM18.ram/CLKARDCLK (clocked by clk162_5_tangerineA7_100_clk_wiz_2_0) and tangerineA7_100_i/tangerineSOC_0/inst/axiDMAInst/ch3DOut_reg[11]/CE (clocked by clk_pll_i). Large setup violations at the end of those stages might be difficult to fix during the post-placement implementation flow and could be the result of non-optimal XDC constraints or non-optimal design architecture
Related violations: <none>

TIMING-16#809 Warning
Large setup violation  
There is a large setup violation of -3.826 ns between tangerineA7_100_i/tangerineSOC_0/inst/axiDMAInst/cacheTagRamW1Inst/U0/inst_blk_mem_gen/gnbram.gnativebmg.native_blk_mem_gen/valid.cstr/ramloop[0].ram.r/prim_noinit.ram/DEVICE_7SERIES.NO_BMM_INFO.SP.WIDE_PRIM18.ram/CLKARDCLK (clocked by clk162_5_tangerineA7_100_clk_wiz_2_0) and tangerineA7_100_i/tangerineSOC_0/inst/axiDMAInst/ch3DOut_reg[13]/CE (clocked by clk_pll_i). Large setup violations at the end of those stages might be difficult to fix during the post-placement implementation flow and could be the result of non-optimal XDC constraints or non-optimal design architecture
Related violations: <none>

TIMING-16#810 Warning
Large setup violation  
There is a large setup violation of -3.826 ns between tangerineA7_100_i/tangerineSOC_0/inst/axiDMAInst/cacheTagRamW1Inst/U0/inst_blk_mem_gen/gnbram.gnativebmg.native_blk_mem_gen/valid.cstr/ramloop[0].ram.r/prim_noinit.ram/DEVICE_7SERIES.NO_BMM_INFO.SP.WIDE_PRIM18.ram/CLKARDCLK (clocked by clk162_5_tangerineA7_100_clk_wiz_2_0) and tangerineA7_100_i/tangerineSOC_0/inst/axiDMAInst/ch3DOut_reg[19]/CE (clocked by clk_pll_i). Large setup violations at the end of those stages might be difficult to fix during the post-placement implementation flow and could be the result of non-optimal XDC constraints or non-optimal design architecture
Related violations: <none>

TIMING-16#811 Warning
Large setup violation  
There is a large setup violation of -3.826 ns between tangerineA7_100_i/tangerineSOC_0/inst/axiDMAInst/cacheTagRamW1Inst/U0/inst_blk_mem_gen/gnbram.gnativebmg.native_blk_mem_gen/valid.cstr/ramloop[0].ram.r/prim_noinit.ram/DEVICE_7SERIES.NO_BMM_INFO.SP.WIDE_PRIM18.ram/CLKARDCLK (clocked by clk162_5_tangerineA7_100_clk_wiz_2_0) and tangerineA7_100_i/tangerineSOC_0/inst/axiDMAInst/ch3DOut_reg[28]/CE (clocked by clk_pll_i). Large setup violations at the end of those stages might be difficult to fix during the post-placement implementation flow and could be the result of non-optimal XDC constraints or non-optimal design architecture
Related violations: <none>

TIMING-16#812 Warning
Large setup violation  
There is a large setup violation of -3.830 ns between tangerineA7_100_i/tangerineSOC_0/inst/axiDMAInst/cacheTagRamW1Inst/U0/inst_blk_mem_gen/gnbram.gnativebmg.native_blk_mem_gen/valid.cstr/ramloop[0].ram.r/prim_noinit.ram/DEVICE_7SERIES.NO_BMM_INFO.SP.WIDE_PRIM18.ram/CLKARDCLK (clocked by clk162_5_tangerineA7_100_clk_wiz_2_0) and tangerineA7_100_i/tangerineSOC_0/inst/axiDMAInst/ch0DOut_reg[2]/D (clocked by clk_pll_i). Large setup violations at the end of those stages might be difficult to fix during the post-placement implementation flow and could be the result of non-optimal XDC constraints or non-optimal design architecture
Related violations: <none>

TIMING-16#813 Warning
Large setup violation  
There is a large setup violation of -3.834 ns between tangerineA7_100_i/tangerineSOC_0/inst/axiDMAInst/cacheA_reg[13]/C (clocked by clk_pll_i) and tangerineA7_100_i/tangerineSOC_0/inst/axiDMAInst/cacheDataRamW2Inst/U0/inst_blk_mem_gen/gnbram.gnativebmg.native_blk_mem_gen/valid.cstr/ramloop[4].ram.r/prim_noinit.ram/DEVICE_7SERIES.NO_BMM_INFO.TRUE_DP.SIMPLE_PRIM36.ram/ADDRARDADDR[14] (clocked by clk162_5_tangerineA7_100_clk_wiz_2_0). Large setup violations at the end of those stages might be difficult to fix during the post-placement implementation flow and could be the result of non-optimal XDC constraints or non-optimal design architecture
Related violations: <none>

TIMING-16#814 Warning
Large setup violation  
There is a large setup violation of -3.838 ns between tangerineA7_100_i/tangerineSOC_0/inst/axiDMAInst/cacheTagRamW1Inst/U0/inst_blk_mem_gen/gnbram.gnativebmg.native_blk_mem_gen/valid.cstr/ramloop[0].ram.r/prim_noinit.ram/DEVICE_7SERIES.NO_BMM_INFO.SP.WIDE_PRIM18.ram/CLKARDCLK (clocked by clk162_5_tangerineA7_100_clk_wiz_2_0) and tangerineA7_100_i/tangerineSOC_0/inst/axiDMAInst/ch0DOut_reg[0]/CE (clocked by clk_pll_i). Large setup violations at the end of those stages might be difficult to fix during the post-placement implementation flow and could be the result of non-optimal XDC constraints or non-optimal design architecture
Related violations: <none>

TIMING-16#815 Warning
Large setup violation  
There is a large setup violation of -3.838 ns between tangerineA7_100_i/tangerineSOC_0/inst/axiDMAInst/cacheTagRamW1Inst/U0/inst_blk_mem_gen/gnbram.gnativebmg.native_blk_mem_gen/valid.cstr/ramloop[0].ram.r/prim_noinit.ram/DEVICE_7SERIES.NO_BMM_INFO.SP.WIDE_PRIM18.ram/CLKARDCLK (clocked by clk162_5_tangerineA7_100_clk_wiz_2_0) and tangerineA7_100_i/tangerineSOC_0/inst/axiDMAInst/ch0DOut_reg[18]/CE (clocked by clk_pll_i). Large setup violations at the end of those stages might be difficult to fix during the post-placement implementation flow and could be the result of non-optimal XDC constraints or non-optimal design architecture
Related violations: <none>

TIMING-16#816 Warning
Large setup violation  
There is a large setup violation of -3.838 ns between tangerineA7_100_i/tangerineSOC_0/inst/axiDMAInst/cacheTagRamW1Inst/U0/inst_blk_mem_gen/gnbram.gnativebmg.native_blk_mem_gen/valid.cstr/ramloop[0].ram.r/prim_noinit.ram/DEVICE_7SERIES.NO_BMM_INFO.SP.WIDE_PRIM18.ram/CLKARDCLK (clocked by clk162_5_tangerineA7_100_clk_wiz_2_0) and tangerineA7_100_i/tangerineSOC_0/inst/axiDMAInst/ch3DOut_reg[0]/CE (clocked by clk_pll_i). Large setup violations at the end of those stages might be difficult to fix during the post-placement implementation flow and could be the result of non-optimal XDC constraints or non-optimal design architecture
Related violations: <none>

TIMING-16#817 Warning
Large setup violation  
There is a large setup violation of -3.838 ns between tangerineA7_100_i/tangerineSOC_0/inst/axiDMAInst/cacheTagRamW1Inst/U0/inst_blk_mem_gen/gnbram.gnativebmg.native_blk_mem_gen/valid.cstr/ramloop[0].ram.r/prim_noinit.ram/DEVICE_7SERIES.NO_BMM_INFO.SP.WIDE_PRIM18.ram/CLKARDCLK (clocked by clk162_5_tangerineA7_100_clk_wiz_2_0) and tangerineA7_100_i/tangerineSOC_0/inst/axiDMAInst/ch3DOut_reg[10]/CE (clocked by clk_pll_i). Large setup violations at the end of those stages might be difficult to fix during the post-placement implementation flow and could be the result of non-optimal XDC constraints or non-optimal design architecture
Related violations: <none>

TIMING-16#818 Warning
Large setup violation  
There is a large setup violation of -3.838 ns between tangerineA7_100_i/tangerineSOC_0/inst/axiDMAInst/cacheTagRamW1Inst/U0/inst_blk_mem_gen/gnbram.gnativebmg.native_blk_mem_gen/valid.cstr/ramloop[0].ram.r/prim_noinit.ram/DEVICE_7SERIES.NO_BMM_INFO.SP.WIDE_PRIM18.ram/CLKARDCLK (clocked by clk162_5_tangerineA7_100_clk_wiz_2_0) and tangerineA7_100_i/tangerineSOC_0/inst/axiDMAInst/ch3DOut_reg[17]/CE (clocked by clk_pll_i). Large setup violations at the end of those stages might be difficult to fix during the post-placement implementation flow and could be the result of non-optimal XDC constraints or non-optimal design architecture
Related violations: <none>

TIMING-16#819 Warning
Large setup violation  
There is a large setup violation of -3.844 ns between tangerineA7_100_i/tangerineSOC_0/inst/axiDMAInst/cacheA_reg[13]/C (clocked by clk_pll_i) and tangerineA7_100_i/tangerineSOC_0/inst/axiDMAInst/cacheDataRamW0Inst/U0/inst_blk_mem_gen/gnbram.gnativebmg.native_blk_mem_gen/valid.cstr/ramloop[7].ram.r/prim_noinit.ram/DEVICE_7SERIES.NO_BMM_INFO.TRUE_DP.SIMPLE_PRIM36.ram/ADDRARDADDR[14] (clocked by clk162_5_tangerineA7_100_clk_wiz_2_0). Large setup violations at the end of those stages might be difficult to fix during the post-placement implementation flow and could be the result of non-optimal XDC constraints or non-optimal design architecture
Related violations: <none>

TIMING-16#820 Warning
Large setup violation  
There is a large setup violation of -3.844 ns between tangerineA7_100_i/tangerineSOC_0/inst/axiDMAInst/cacheTagRamW1Inst/U0/inst_blk_mem_gen/gnbram.gnativebmg.native_blk_mem_gen/valid.cstr/ramloop[0].ram.r/prim_noinit.ram/DEVICE_7SERIES.NO_BMM_INFO.SP.WIDE_PRIM18.ram/CLKARDCLK (clocked by clk162_5_tangerineA7_100_clk_wiz_2_0) and tangerineA7_100_i/tangerineSOC_0/inst/axiDMAInst/ch0DOut_reg[5]/D (clocked by clk_pll_i). Large setup violations at the end of those stages might be difficult to fix during the post-placement implementation flow and could be the result of non-optimal XDC constraints or non-optimal design architecture
Related violations: <none>

TIMING-16#821 Warning
Large setup violation  
There is a large setup violation of -3.852 ns between tangerineA7_100_i/tangerineSOC_0/inst/axiDMAInst/cacheTagRamW1Inst/U0/inst_blk_mem_gen/gnbram.gnativebmg.native_blk_mem_gen/valid.cstr/ramloop[0].ram.r/prim_noinit.ram/DEVICE_7SERIES.NO_BMM_INFO.SP.WIDE_PRIM18.ram/CLKARDCLK (clocked by clk162_5_tangerineA7_100_clk_wiz_2_0) and tangerineA7_100_i/tangerineSOC_0/inst/axiDMAInst/ch3DOut_reg[2]/D (clocked by clk_pll_i). Large setup violations at the end of those stages might be difficult to fix during the post-placement implementation flow and could be the result of non-optimal XDC constraints or non-optimal design architecture
Related violations: <none>

TIMING-16#822 Warning
Large setup violation  
There is a large setup violation of -3.862 ns between tangerineA7_100_i/tangerineSOC_0/inst/axiDMAInst/cacheTagRamW1Inst/U0/inst_blk_mem_gen/gnbram.gnativebmg.native_blk_mem_gen/valid.cstr/ramloop[0].ram.r/prim_noinit.ram/DEVICE_7SERIES.NO_BMM_INFO.SP.WIDE_PRIM18.ram/CLKARDCLK (clocked by clk162_5_tangerineA7_100_clk_wiz_2_0) and tangerineA7_100_i/tangerineSOC_0/inst/axiDMAInst/cacheWay2WEa_reg[0]/CE (clocked by clk_pll_i). Large setup violations at the end of those stages might be difficult to fix during the post-placement implementation flow and could be the result of non-optimal XDC constraints or non-optimal design architecture
Related violations: <none>

TIMING-16#823 Warning
Large setup violation  
There is a large setup violation of -3.862 ns between tangerineA7_100_i/tangerineSOC_0/inst/axiDMAInst/cacheTagRamW1Inst/U0/inst_blk_mem_gen/gnbram.gnativebmg.native_blk_mem_gen/valid.cstr/ramloop[0].ram.r/prim_noinit.ram/DEVICE_7SERIES.NO_BMM_INFO.SP.WIDE_PRIM18.ram/CLKARDCLK (clocked by clk162_5_tangerineA7_100_clk_wiz_2_0) and tangerineA7_100_i/tangerineSOC_0/inst/axiDMAInst/cacheWay2WEa_reg[1]/CE (clocked by clk_pll_i). Large setup violations at the end of those stages might be difficult to fix during the post-placement implementation flow and could be the result of non-optimal XDC constraints or non-optimal design architecture
Related violations: <none>

TIMING-16#824 Warning
Large setup violation  
There is a large setup violation of -3.862 ns between tangerineA7_100_i/tangerineSOC_0/inst/axiDMAInst/cacheTagRamW1Inst/U0/inst_blk_mem_gen/gnbram.gnativebmg.native_blk_mem_gen/valid.cstr/ramloop[0].ram.r/prim_noinit.ram/DEVICE_7SERIES.NO_BMM_INFO.SP.WIDE_PRIM18.ram/CLKARDCLK (clocked by clk162_5_tangerineA7_100_clk_wiz_2_0) and tangerineA7_100_i/tangerineSOC_0/inst/axiDMAInst/cacheWay2WEa_reg[2]/CE (clocked by clk_pll_i). Large setup violations at the end of those stages might be difficult to fix during the post-placement implementation flow and could be the result of non-optimal XDC constraints or non-optimal design architecture
Related violations: <none>

TIMING-16#825 Warning
Large setup violation  
There is a large setup violation of -3.862 ns between tangerineA7_100_i/tangerineSOC_0/inst/axiDMAInst/cacheTagRamW1Inst/U0/inst_blk_mem_gen/gnbram.gnativebmg.native_blk_mem_gen/valid.cstr/ramloop[0].ram.r/prim_noinit.ram/DEVICE_7SERIES.NO_BMM_INFO.SP.WIDE_PRIM18.ram/CLKARDCLK (clocked by clk162_5_tangerineA7_100_clk_wiz_2_0) and tangerineA7_100_i/tangerineSOC_0/inst/axiDMAInst/cacheWay2WEa_reg[3]/CE (clocked by clk_pll_i). Large setup violations at the end of those stages might be difficult to fix during the post-placement implementation flow and could be the result of non-optimal XDC constraints or non-optimal design architecture
Related violations: <none>

TIMING-16#826 Warning
Large setup violation  
There is a large setup violation of -3.867 ns between tangerineA7_100_i/tangerineSOC_0/inst/axiDMAInst/cacheTagRamW0Inst/U0/inst_blk_mem_gen/gnbram.gnativebmg.native_blk_mem_gen/valid.cstr/ramloop[0].ram.r/prim_noinit.ram/DEVICE_7SERIES.NO_BMM_INFO.SP.WIDE_PRIM18.ram/CLKARDCLK (clocked by clk162_5_tangerineA7_100_clk_wiz_2_0) and tangerineA7_100_i/tangerineSOC_0/inst/axiDMAInst/ch0DOut_reg[8]/D (clocked by clk_pll_i). Large setup violations at the end of those stages might be difficult to fix during the post-placement implementation flow and could be the result of non-optimal XDC constraints or non-optimal design architecture
Related violations: <none>

TIMING-16#827 Warning
Large setup violation  
There is a large setup violation of -3.875 ns between tangerineA7_100_i/tangerineSOC_0/inst/axiDMAInst/cacheTagRamW1Inst/U0/inst_blk_mem_gen/gnbram.gnativebmg.native_blk_mem_gen/valid.cstr/ramloop[0].ram.r/prim_noinit.ram/DEVICE_7SERIES.NO_BMM_INFO.SP.WIDE_PRIM18.ram/CLKARDCLK (clocked by clk162_5_tangerineA7_100_clk_wiz_2_0) and tangerineA7_100_i/tangerineSOC_0/inst/axiDMAInst/ch0DOut_reg[19]/D (clocked by clk_pll_i). Large setup violations at the end of those stages might be difficult to fix during the post-placement implementation flow and could be the result of non-optimal XDC constraints or non-optimal design architecture
Related violations: <none>

TIMING-16#828 Warning
Large setup violation  
There is a large setup violation of -3.877 ns between tangerineA7_100_i/tangerineSOC_0/inst/axiDMAInst/cacheTagRamW0Inst/U0/inst_blk_mem_gen/gnbram.gnativebmg.native_blk_mem_gen/valid.cstr/ramloop[0].ram.r/prim_noinit.ram/DEVICE_7SERIES.NO_BMM_INFO.SP.WIDE_PRIM18.ram/CLKARDCLK (clocked by clk162_5_tangerineA7_100_clk_wiz_2_0) and tangerineA7_100_i/tangerineSOC_0/inst/axiDMAInst/ch0DOut_reg[16]/D (clocked by clk_pll_i). Large setup violations at the end of those stages might be difficult to fix during the post-placement implementation flow and could be the result of non-optimal XDC constraints or non-optimal design architecture
Related violations: <none>

TIMING-16#829 Warning
Large setup violation  
There is a large setup violation of -3.879 ns between tangerineA7_100_i/tangerineSOC_0/inst/axiDMAInst/cacheTagRamW0Inst/U0/inst_blk_mem_gen/gnbram.gnativebmg.native_blk_mem_gen/valid.cstr/ramloop[0].ram.r/prim_noinit.ram/DEVICE_7SERIES.NO_BMM_INFO.SP.WIDE_PRIM18.ram/CLKARDCLK (clocked by clk162_5_tangerineA7_100_clk_wiz_2_0) and tangerineA7_100_i/tangerineSOC_0/inst/axiDMAInst/ch0DOut_reg[21]/D (clocked by clk_pll_i). Large setup violations at the end of those stages might be difficult to fix during the post-placement implementation flow and could be the result of non-optimal XDC constraints or non-optimal design architecture
Related violations: <none>

TIMING-16#830 Warning
Large setup violation  
There is a large setup violation of -3.881 ns between tangerineA7_100_i/tangerineSOC_0/inst/axiDMAInst/cacheTagRamW0Inst/U0/inst_blk_mem_gen/gnbram.gnativebmg.native_blk_mem_gen/valid.cstr/ramloop[0].ram.r/prim_noinit.ram/DEVICE_7SERIES.NO_BMM_INFO.SP.WIDE_PRIM18.ram/CLKARDCLK (clocked by clk162_5_tangerineA7_100_clk_wiz_2_0) and tangerineA7_100_i/tangerineSOC_0/inst/axiDMAInst/ch3DOut_reg[21]/D (clocked by clk_pll_i). Large setup violations at the end of those stages might be difficult to fix during the post-placement implementation flow and could be the result of non-optimal XDC constraints or non-optimal design architecture
Related violations: <none>

TIMING-16#831 Warning
Large setup violation  
There is a large setup violation of -3.884 ns between tangerineA7_100_i/tangerineSOC_0/inst/axiDMAInst/cacheA_reg[13]/C (clocked by clk_pll_i) and tangerineA7_100_i/tangerineSOC_0/inst/axiDMAInst/cacheDataRamW1Inst/U0/inst_blk_mem_gen/gnbram.gnativebmg.native_blk_mem_gen/valid.cstr/ramloop[4].ram.r/prim_noinit.ram/DEVICE_7SERIES.NO_BMM_INFO.TRUE_DP.SIMPLE_PRIM36.ram/ADDRARDADDR[14] (clocked by clk162_5_tangerineA7_100_clk_wiz_2_0). Large setup violations at the end of those stages might be difficult to fix during the post-placement implementation flow and could be the result of non-optimal XDC constraints or non-optimal design architecture
Related violations: <none>

TIMING-16#832 Warning
Large setup violation  
There is a large setup violation of -3.887 ns between tangerineA7_100_i/tangerineSOC_0/inst/axiDMAInst/cacheTagRamW1Inst/U0/inst_blk_mem_gen/gnbram.gnativebmg.native_blk_mem_gen/valid.cstr/ramloop[0].ram.r/prim_noinit.ram/DEVICE_7SERIES.NO_BMM_INFO.SP.WIDE_PRIM18.ram/CLKARDCLK (clocked by clk162_5_tangerineA7_100_clk_wiz_2_0) and tangerineA7_100_i/tangerineSOC_0/inst/axiDMAInst/ch3DOut_reg[19]/D (clocked by clk_pll_i). Large setup violations at the end of those stages might be difficult to fix during the post-placement implementation flow and could be the result of non-optimal XDC constraints or non-optimal design architecture
Related violations: <none>

TIMING-16#833 Warning
Large setup violation  
There is a large setup violation of -3.904 ns between tangerineA7_100_i/tangerineSOC_0/inst/axiDMAInst/cacheA_reg[13]/C (clocked by clk_pll_i) and tangerineA7_100_i/tangerineSOC_0/inst/axiDMAInst/cacheDataRamW0Inst/U0/inst_blk_mem_gen/gnbram.gnativebmg.native_blk_mem_gen/valid.cstr/ramloop[4].ram.r/prim_noinit.ram/DEVICE_7SERIES.NO_BMM_INFO.TRUE_DP.SIMPLE_PRIM36.ram/ADDRARDADDR[14] (clocked by clk162_5_tangerineA7_100_clk_wiz_2_0). Large setup violations at the end of those stages might be difficult to fix during the post-placement implementation flow and could be the result of non-optimal XDC constraints or non-optimal design architecture
Related violations: <none>

TIMING-16#834 Warning
Large setup violation  
There is a large setup violation of -3.909 ns between tangerineA7_100_i/tangerineSOC_0/inst/axiDMAInst/cacheTagRamW0Inst/U0/inst_blk_mem_gen/gnbram.gnativebmg.native_blk_mem_gen/valid.cstr/ramloop[0].ram.r/prim_noinit.ram/DEVICE_7SERIES.NO_BMM_INFO.SP.WIDE_PRIM18.ram/CLKARDCLK (clocked by clk162_5_tangerineA7_100_clk_wiz_2_0) and tangerineA7_100_i/tangerineSOC_0/inst/axiDMAInst/cacheWay0WEa_reg[1]/CE (clocked by clk_pll_i). Large setup violations at the end of those stages might be difficult to fix during the post-placement implementation flow and could be the result of non-optimal XDC constraints or non-optimal design architecture
Related violations: <none>

TIMING-16#835 Warning
Large setup violation  
There is a large setup violation of -3.909 ns between tangerineA7_100_i/tangerineSOC_0/inst/axiDMAInst/cacheTagRamW0Inst/U0/inst_blk_mem_gen/gnbram.gnativebmg.native_blk_mem_gen/valid.cstr/ramloop[0].ram.r/prim_noinit.ram/DEVICE_7SERIES.NO_BMM_INFO.SP.WIDE_PRIM18.ram/CLKARDCLK (clocked by clk162_5_tangerineA7_100_clk_wiz_2_0) and tangerineA7_100_i/tangerineSOC_0/inst/axiDMAInst/cacheWay0WEa_reg[2]/CE (clocked by clk_pll_i). Large setup violations at the end of those stages might be difficult to fix during the post-placement implementation flow and could be the result of non-optimal XDC constraints or non-optimal design architecture
Related violations: <none>

TIMING-16#836 Warning
Large setup violation  
There is a large setup violation of -3.913 ns between tangerineA7_100_i/tangerineSOC_0/inst/axiDMAInst/cacheTagRamW1Inst/U0/inst_blk_mem_gen/gnbram.gnativebmg.native_blk_mem_gen/valid.cstr/ramloop[0].ram.r/prim_noinit.ram/DEVICE_7SERIES.NO_BMM_INFO.SP.WIDE_PRIM18.ram/CLKARDCLK (clocked by clk162_5_tangerineA7_100_clk_wiz_2_0) and tangerineA7_100_i/tangerineSOC_0/inst/axiDMAInst/ch0DOut_reg[3]/D (clocked by clk_pll_i). Large setup violations at the end of those stages might be difficult to fix during the post-placement implementation flow and could be the result of non-optimal XDC constraints or non-optimal design architecture
Related violations: <none>

TIMING-16#837 Warning
Large setup violation  
There is a large setup violation of -3.917 ns between tangerineA7_100_i/tangerineSOC_0/inst/axiDMAInst/cacheTagRamW1Inst/U0/inst_blk_mem_gen/gnbram.gnativebmg.native_blk_mem_gen/valid.cstr/ramloop[0].ram.r/prim_noinit.ram/DEVICE_7SERIES.NO_BMM_INFO.SP.WIDE_PRIM18.ram/CLKARDCLK (clocked by clk162_5_tangerineA7_100_clk_wiz_2_0) and tangerineA7_100_i/tangerineSOC_0/inst/axiDMAInst/ch0DOut_reg[7]/D (clocked by clk_pll_i). Large setup violations at the end of those stages might be difficult to fix during the post-placement implementation flow and could be the result of non-optimal XDC constraints or non-optimal design architecture
Related violations: <none>

TIMING-16#838 Warning
Large setup violation  
There is a large setup violation of -3.921 ns between tangerineA7_100_i/tangerineSOC_0/inst/axiDMAInst/cacheTagRamW1Inst/U0/inst_blk_mem_gen/gnbram.gnativebmg.native_blk_mem_gen/valid.cstr/ramloop[0].ram.r/prim_noinit.ram/DEVICE_7SERIES.NO_BMM_INFO.SP.WIDE_PRIM18.ram/CLKARDCLK (clocked by clk162_5_tangerineA7_100_clk_wiz_2_0) and tangerineA7_100_i/tangerineSOC_0/inst/axiDMAInst/ch0DOut_reg[27]/CE (clocked by clk_pll_i). Large setup violations at the end of those stages might be difficult to fix during the post-placement implementation flow and could be the result of non-optimal XDC constraints or non-optimal design architecture
Related violations: <none>

TIMING-16#839 Warning
Large setup violation  
There is a large setup violation of -3.921 ns between tangerineA7_100_i/tangerineSOC_0/inst/axiDMAInst/cacheTagRamW1Inst/U0/inst_blk_mem_gen/gnbram.gnativebmg.native_blk_mem_gen/valid.cstr/ramloop[0].ram.r/prim_noinit.ram/DEVICE_7SERIES.NO_BMM_INFO.SP.WIDE_PRIM18.ram/CLKARDCLK (clocked by clk162_5_tangerineA7_100_clk_wiz_2_0) and tangerineA7_100_i/tangerineSOC_0/inst/axiDMAInst/ch0DOut_reg[31]/CE (clocked by clk_pll_i). Large setup violations at the end of those stages might be difficult to fix during the post-placement implementation flow and could be the result of non-optimal XDC constraints or non-optimal design architecture
Related violations: <none>

TIMING-16#840 Warning
Large setup violation  
There is a large setup violation of -3.921 ns between tangerineA7_100_i/tangerineSOC_0/inst/axiDMAInst/cacheTagRamW1Inst/U0/inst_blk_mem_gen/gnbram.gnativebmg.native_blk_mem_gen/valid.cstr/ramloop[0].ram.r/prim_noinit.ram/DEVICE_7SERIES.NO_BMM_INFO.SP.WIDE_PRIM18.ram/CLKARDCLK (clocked by clk162_5_tangerineA7_100_clk_wiz_2_0) and tangerineA7_100_i/tangerineSOC_0/inst/axiDMAInst/ch3DOut_reg[12]/CE (clocked by clk_pll_i). Large setup violations at the end of those stages might be difficult to fix during the post-placement implementation flow and could be the result of non-optimal XDC constraints or non-optimal design architecture
Related violations: <none>

TIMING-16#841 Warning
Large setup violation  
There is a large setup violation of -3.921 ns between tangerineA7_100_i/tangerineSOC_0/inst/axiDMAInst/cacheTagRamW1Inst/U0/inst_blk_mem_gen/gnbram.gnativebmg.native_blk_mem_gen/valid.cstr/ramloop[0].ram.r/prim_noinit.ram/DEVICE_7SERIES.NO_BMM_INFO.SP.WIDE_PRIM18.ram/CLKARDCLK (clocked by clk162_5_tangerineA7_100_clk_wiz_2_0) and tangerineA7_100_i/tangerineSOC_0/inst/axiDMAInst/ch3DOut_reg[16]/CE (clocked by clk_pll_i). Large setup violations at the end of those stages might be difficult to fix during the post-placement implementation flow and could be the result of non-optimal XDC constraints or non-optimal design architecture
Related violations: <none>

TIMING-16#842 Warning
Large setup violation  
There is a large setup violation of -3.921 ns between tangerineA7_100_i/tangerineSOC_0/inst/axiDMAInst/cacheTagRamW1Inst/U0/inst_blk_mem_gen/gnbram.gnativebmg.native_blk_mem_gen/valid.cstr/ramloop[0].ram.r/prim_noinit.ram/DEVICE_7SERIES.NO_BMM_INFO.SP.WIDE_PRIM18.ram/CLKARDCLK (clocked by clk162_5_tangerineA7_100_clk_wiz_2_0) and tangerineA7_100_i/tangerineSOC_0/inst/axiDMAInst/ch3DOut_reg[30]/CE (clocked by clk_pll_i). Large setup violations at the end of those stages might be difficult to fix during the post-placement implementation flow and could be the result of non-optimal XDC constraints or non-optimal design architecture
Related violations: <none>

TIMING-16#843 Warning
Large setup violation  
There is a large setup violation of -3.923 ns between tangerineA7_100_i/tangerineSOC_0/inst/axiDMAInst/cacheTagRamW1Inst/U0/inst_blk_mem_gen/gnbram.gnativebmg.native_blk_mem_gen/valid.cstr/ramloop[0].ram.r/prim_noinit.ram/DEVICE_7SERIES.NO_BMM_INFO.SP.WIDE_PRIM18.ram/CLKARDCLK (clocked by clk162_5_tangerineA7_100_clk_wiz_2_0) and tangerineA7_100_i/tangerineSOC_0/inst/axiDMAInst/ch3DOut_reg[10]/D (clocked by clk_pll_i). Large setup violations at the end of those stages might be difficult to fix during the post-placement implementation flow and could be the result of non-optimal XDC constraints or non-optimal design architecture
Related violations: <none>

TIMING-16#844 Warning
Large setup violation  
There is a large setup violation of -3.928 ns between tangerineA7_100_i/tangerineSOC_0/inst/axiDMAInst/cacheTagRamW1Inst/U0/inst_blk_mem_gen/gnbram.gnativebmg.native_blk_mem_gen/valid.cstr/ramloop[0].ram.r/prim_noinit.ram/DEVICE_7SERIES.NO_BMM_INFO.SP.WIDE_PRIM18.ram/CLKARDCLK (clocked by clk162_5_tangerineA7_100_clk_wiz_2_0) and tangerineA7_100_i/tangerineSOC_0/inst/axiDMAInst/FSM_onehot_axiState_reg[0]_rep__8/D (clocked by clk_pll_i). Large setup violations at the end of those stages might be difficult to fix during the post-placement implementation flow and could be the result of non-optimal XDC constraints or non-optimal design architecture
Related violations: <none>

TIMING-16#845 Warning
Large setup violation  
There is a large setup violation of -3.929 ns between tangerineA7_100_i/tangerineSOC_0/inst/axiDMAInst/cacheTagRamW0Inst/U0/inst_blk_mem_gen/gnbram.gnativebmg.native_blk_mem_gen/valid.cstr/ramloop[0].ram.r/prim_noinit.ram/DEVICE_7SERIES.NO_BMM_INFO.SP.WIDE_PRIM18.ram/CLKARDCLK (clocked by clk162_5_tangerineA7_100_clk_wiz_2_0) and tangerineA7_100_i/tangerineSOC_0/inst/axiDMAInst/ch0DOut_reg[25]/D (clocked by clk_pll_i). Large setup violations at the end of those stages might be difficult to fix during the post-placement implementation flow and could be the result of non-optimal XDC constraints or non-optimal design architecture
Related violations: <none>

TIMING-16#846 Warning
Large setup violation  
There is a large setup violation of -3.930 ns between tangerineA7_100_i/tangerineSOC_0/inst/axiDMAInst/cacheTagRamW1Inst/U0/inst_blk_mem_gen/gnbram.gnativebmg.native_blk_mem_gen/valid.cstr/ramloop[0].ram.r/prim_noinit.ram/DEVICE_7SERIES.NO_BMM_INFO.SP.WIDE_PRIM18.ram/CLKARDCLK (clocked by clk162_5_tangerineA7_100_clk_wiz_2_0) and tangerineA7_100_i/tangerineSOC_0/inst/axiDMAInst/FSM_onehot_axiState_reg[0]_rep__4/D (clocked by clk_pll_i). Large setup violations at the end of those stages might be difficult to fix during the post-placement implementation flow and could be the result of non-optimal XDC constraints or non-optimal design architecture
Related violations: <none>

TIMING-16#847 Warning
Large setup violation  
There is a large setup violation of -3.934 ns between tangerineA7_100_i/tangerineSOC_0/inst/axiDMAInst/cacheA_reg[13]/C (clocked by clk_pll_i) and tangerineA7_100_i/tangerineSOC_0/inst/axiDMAInst/cacheDataRamW0Inst/U0/inst_blk_mem_gen/gnbram.gnativebmg.native_blk_mem_gen/valid.cstr/ramloop[0].ram.r/prim_noinit.ram/DEVICE_7SERIES.NO_BMM_INFO.TRUE_DP.SIMPLE_PRIM36.ram/ADDRARDADDR[14] (clocked by clk162_5_tangerineA7_100_clk_wiz_2_0). Large setup violations at the end of those stages might be difficult to fix during the post-placement implementation flow and could be the result of non-optimal XDC constraints or non-optimal design architecture
Related violations: <none>

TIMING-16#848 Warning
Large setup violation  
There is a large setup violation of -3.938 ns between tangerineA7_100_i/tangerineSOC_0/inst/axiDMAInst/cacheTagRamW0Inst/U0/inst_blk_mem_gen/gnbram.gnativebmg.native_blk_mem_gen/valid.cstr/ramloop[0].ram.r/prim_noinit.ram/DEVICE_7SERIES.NO_BMM_INFO.SP.WIDE_PRIM18.ram/CLKARDCLK (clocked by clk162_5_tangerineA7_100_clk_wiz_2_0) and tangerineA7_100_i/tangerineSOC_0/inst/axiDMAInst/ch3DOut_reg[25]/D (clocked by clk_pll_i). Large setup violations at the end of those stages might be difficult to fix during the post-placement implementation flow and could be the result of non-optimal XDC constraints or non-optimal design architecture
Related violations: <none>

TIMING-16#849 Warning
Large setup violation  
There is a large setup violation of -3.948 ns between tangerineA7_100_i/tangerineSOC_0/inst/axiDMAInst/cacheTagRamW0Inst/U0/inst_blk_mem_gen/gnbram.gnativebmg.native_blk_mem_gen/valid.cstr/ramloop[0].ram.r/prim_noinit.ram/DEVICE_7SERIES.NO_BMM_INFO.SP.WIDE_PRIM18.ram/CLKARDCLK (clocked by clk162_5_tangerineA7_100_clk_wiz_2_0) and tangerineA7_100_i/tangerineSOC_0/inst/axiDMAInst/cacheWay0WEa_reg[0]/CE (clocked by clk_pll_i). Large setup violations at the end of those stages might be difficult to fix during the post-placement implementation flow and could be the result of non-optimal XDC constraints or non-optimal design architecture
Related violations: <none>

TIMING-16#850 Warning
Large setup violation  
There is a large setup violation of -3.948 ns between tangerineA7_100_i/tangerineSOC_0/inst/axiDMAInst/cacheTagRamW0Inst/U0/inst_blk_mem_gen/gnbram.gnativebmg.native_blk_mem_gen/valid.cstr/ramloop[0].ram.r/prim_noinit.ram/DEVICE_7SERIES.NO_BMM_INFO.SP.WIDE_PRIM18.ram/CLKARDCLK (clocked by clk162_5_tangerineA7_100_clk_wiz_2_0) and tangerineA7_100_i/tangerineSOC_0/inst/axiDMAInst/cacheWay0WEa_reg[3]/CE (clocked by clk_pll_i). Large setup violations at the end of those stages might be difficult to fix during the post-placement implementation flow and could be the result of non-optimal XDC constraints or non-optimal design architecture
Related violations: <none>

TIMING-16#851 Warning
Large setup violation  
There is a large setup violation of -3.951 ns between tangerineA7_100_i/tangerineSOC_0/inst/axiDMAInst/cacheA_reg[13]/C (clocked by clk_pll_i) and tangerineA7_100_i/tangerineSOC_0/inst/axiDMAInst/cacheDataRamW1Inst/U0/inst_blk_mem_gen/gnbram.gnativebmg.native_blk_mem_gen/valid.cstr/ramloop[1].ram.r/prim_noinit.ram/DEVICE_7SERIES.NO_BMM_INFO.TRUE_DP.SIMPLE_PRIM36.ram/ADDRARDADDR[14] (clocked by clk162_5_tangerineA7_100_clk_wiz_2_0). Large setup violations at the end of those stages might be difficult to fix during the post-placement implementation flow and could be the result of non-optimal XDC constraints or non-optimal design architecture
Related violations: <none>

TIMING-16#852 Warning
Large setup violation  
There is a large setup violation of -3.954 ns between tangerineA7_100_i/tangerineSOC_0/inst/axiDMAInst/cacheTagRamW1Inst/U0/inst_blk_mem_gen/gnbram.gnativebmg.native_blk_mem_gen/valid.cstr/ramloop[0].ram.r/prim_noinit.ram/DEVICE_7SERIES.NO_BMM_INFO.SP.WIDE_PRIM18.ram/CLKARDCLK (clocked by clk162_5_tangerineA7_100_clk_wiz_2_0) and tangerineA7_100_i/tangerineSOC_0/inst/axiDMAInst/ch3DOut_reg[21]/CE (clocked by clk_pll_i). Large setup violations at the end of those stages might be difficult to fix during the post-placement implementation flow and could be the result of non-optimal XDC constraints or non-optimal design architecture
Related violations: <none>

TIMING-16#853 Warning
Large setup violation  
There is a large setup violation of -3.967 ns between tangerineA7_100_i/tangerineSOC_0/inst/axiDMAInst/cacheTagRamW1Inst/U0/inst_blk_mem_gen/gnbram.gnativebmg.native_blk_mem_gen/valid.cstr/ramloop[0].ram.r/prim_noinit.ram/DEVICE_7SERIES.NO_BMM_INFO.SP.WIDE_PRIM18.ram/CLKARDCLK (clocked by clk162_5_tangerineA7_100_clk_wiz_2_0) and tangerineA7_100_i/tangerineSOC_0/inst/axiDMAInst/FSM_onehot_axiState_reg[0]/D (clocked by clk_pll_i). Large setup violations at the end of those stages might be difficult to fix during the post-placement implementation flow and could be the result of non-optimal XDC constraints or non-optimal design architecture
Related violations: <none>

TIMING-16#854 Warning
Large setup violation  
There is a large setup violation of -3.978 ns between tangerineA7_100_i/tangerineSOC_0/inst/axiDMAInst/cacheTagRamW1Inst/U0/inst_blk_mem_gen/gnbram.gnativebmg.native_blk_mem_gen/valid.cstr/ramloop[0].ram.r/prim_noinit.ram/DEVICE_7SERIES.NO_BMM_INFO.SP.WIDE_PRIM18.ram/CLKARDCLK (clocked by clk162_5_tangerineA7_100_clk_wiz_2_0) and tangerineA7_100_i/tangerineSOC_0/inst/axiDMAInst/ch3DOut_reg[26]/CE (clocked by clk_pll_i). Large setup violations at the end of those stages might be difficult to fix during the post-placement implementation flow and could be the result of non-optimal XDC constraints or non-optimal design architecture
Related violations: <none>

TIMING-16#855 Warning
Large setup violation  
There is a large setup violation of -3.982 ns between tangerineA7_100_i/tangerineSOC_0/inst/axiDMAInst/cacheTagRamW1Inst/U0/inst_blk_mem_gen/gnbram.gnativebmg.native_blk_mem_gen/valid.cstr/ramloop[0].ram.r/prim_noinit.ram/DEVICE_7SERIES.NO_BMM_INFO.SP.WIDE_PRIM18.ram/CLKARDCLK (clocked by clk162_5_tangerineA7_100_clk_wiz_2_0) and tangerineA7_100_i/tangerineSOC_0/inst/axiDMAInst/ch0DOut_reg[22]/CE (clocked by clk_pll_i). Large setup violations at the end of those stages might be difficult to fix during the post-placement implementation flow and could be the result of non-optimal XDC constraints or non-optimal design architecture
Related violations: <none>

TIMING-16#856 Warning
Large setup violation  
There is a large setup violation of -3.982 ns between tangerineA7_100_i/tangerineSOC_0/inst/axiDMAInst/cacheTagRamW1Inst/U0/inst_blk_mem_gen/gnbram.gnativebmg.native_blk_mem_gen/valid.cstr/ramloop[0].ram.r/prim_noinit.ram/DEVICE_7SERIES.NO_BMM_INFO.SP.WIDE_PRIM18.ram/CLKARDCLK (clocked by clk162_5_tangerineA7_100_clk_wiz_2_0) and tangerineA7_100_i/tangerineSOC_0/inst/axiDMAInst/ch0DOut_reg[25]/CE (clocked by clk_pll_i). Large setup violations at the end of those stages might be difficult to fix during the post-placement implementation flow and could be the result of non-optimal XDC constraints or non-optimal design architecture
Related violations: <none>

TIMING-16#857 Warning
Large setup violation  
There is a large setup violation of -3.982 ns between tangerineA7_100_i/tangerineSOC_0/inst/axiDMAInst/cacheTagRamW1Inst/U0/inst_blk_mem_gen/gnbram.gnativebmg.native_blk_mem_gen/valid.cstr/ramloop[0].ram.r/prim_noinit.ram/DEVICE_7SERIES.NO_BMM_INFO.SP.WIDE_PRIM18.ram/CLKARDCLK (clocked by clk162_5_tangerineA7_100_clk_wiz_2_0) and tangerineA7_100_i/tangerineSOC_0/inst/axiDMAInst/ch3DOut_reg[22]/CE (clocked by clk_pll_i). Large setup violations at the end of those stages might be difficult to fix during the post-placement implementation flow and could be the result of non-optimal XDC constraints or non-optimal design architecture
Related violations: <none>

TIMING-16#858 Warning
Large setup violation  
There is a large setup violation of -3.984 ns between tangerineA7_100_i/tangerineSOC_0/inst/axiDMAInst/cacheTagRamW1Inst/U0/inst_blk_mem_gen/gnbram.gnativebmg.native_blk_mem_gen/valid.cstr/ramloop[0].ram.r/prim_noinit.ram/DEVICE_7SERIES.NO_BMM_INFO.SP.WIDE_PRIM18.ram/CLKARDCLK (clocked by clk162_5_tangerineA7_100_clk_wiz_2_0) and tangerineA7_100_i/tangerineSOC_0/inst/axiDMAInst/ch3DOut_reg[26]/D (clocked by clk_pll_i). Large setup violations at the end of those stages might be difficult to fix during the post-placement implementation flow and could be the result of non-optimal XDC constraints or non-optimal design architecture
Related violations: <none>

TIMING-16#859 Warning
Large setup violation  
There is a large setup violation of -3.985 ns between tangerineA7_100_i/tangerineSOC_0/inst/axiDMAInst/cacheTagRamW1Inst/U0/inst_blk_mem_gen/gnbram.gnativebmg.native_blk_mem_gen/valid.cstr/ramloop[0].ram.r/prim_noinit.ram/DEVICE_7SERIES.NO_BMM_INFO.SP.WIDE_PRIM18.ram/CLKARDCLK (clocked by clk162_5_tangerineA7_100_clk_wiz_2_0) and tangerineA7_100_i/tangerineSOC_0/inst/axiDMAInst/FSM_onehot_axiState_reg[0]_rep/D (clocked by clk_pll_i). Large setup violations at the end of those stages might be difficult to fix during the post-placement implementation flow and could be the result of non-optimal XDC constraints or non-optimal design architecture
Related violations: <none>

TIMING-16#860 Warning
Large setup violation  
There is a large setup violation of -3.990 ns between tangerineA7_100_i/tangerineSOC_0/inst/axiDMAInst/cacheTagRamW1Inst/U0/inst_blk_mem_gen/gnbram.gnativebmg.native_blk_mem_gen/valid.cstr/ramloop[0].ram.r/prim_noinit.ram/DEVICE_7SERIES.NO_BMM_INFO.SP.WIDE_PRIM18.ram/CLKARDCLK (clocked by clk162_5_tangerineA7_100_clk_wiz_2_0) and tangerineA7_100_i/tangerineSOC_0/inst/axiDMAInst/ch0DOut_reg[10]/D (clocked by clk_pll_i). Large setup violations at the end of those stages might be difficult to fix during the post-placement implementation flow and could be the result of non-optimal XDC constraints or non-optimal design architecture
Related violations: <none>

TIMING-16#861 Warning
Large setup violation  
There is a large setup violation of -3.998 ns between tangerineA7_100_i/tangerineSOC_0/inst/axiDMAInst/cacheTagRamW1Inst/U0/inst_blk_mem_gen/gnbram.gnativebmg.native_blk_mem_gen/valid.cstr/ramloop[0].ram.r/prim_noinit.ram/DEVICE_7SERIES.NO_BMM_INFO.SP.WIDE_PRIM18.ram/CLKARDCLK (clocked by clk162_5_tangerineA7_100_clk_wiz_2_0) and tangerineA7_100_i/tangerineSOC_0/inst/axiDMAInst/FSM_onehot_axiState_reg[0]_rep__5/D (clocked by clk_pll_i). Large setup violations at the end of those stages might be difficult to fix during the post-placement implementation flow and could be the result of non-optimal XDC constraints or non-optimal design architecture
Related violations: <none>

TIMING-16#862 Warning
Large setup violation  
There is a large setup violation of -4.001 ns between tangerineA7_100_i/tangerineSOC_0/inst/axiDMAInst/cacheA_reg[13]/C (clocked by clk_pll_i) and tangerineA7_100_i/tangerineSOC_0/inst/axiDMAInst/cacheDataRamW1Inst/U0/inst_blk_mem_gen/gnbram.gnativebmg.native_blk_mem_gen/valid.cstr/ramloop[5].ram.r/prim_noinit.ram/DEVICE_7SERIES.NO_BMM_INFO.TRUE_DP.SIMPLE_PRIM36.ram/ADDRARDADDR[14] (clocked by clk162_5_tangerineA7_100_clk_wiz_2_0). Large setup violations at the end of those stages might be difficult to fix during the post-placement implementation flow and could be the result of non-optimal XDC constraints or non-optimal design architecture
Related violations: <none>

TIMING-16#863 Warning
Large setup violation  
There is a large setup violation of -4.002 ns between tangerineA7_100_i/tangerineSOC_0/inst/axiDMAInst/cacheTagRamW1Inst/U0/inst_blk_mem_gen/gnbram.gnativebmg.native_blk_mem_gen/valid.cstr/ramloop[0].ram.r/prim_noinit.ram/DEVICE_7SERIES.NO_BMM_INFO.SP.WIDE_PRIM18.ram/CLKARDCLK (clocked by clk162_5_tangerineA7_100_clk_wiz_2_0) and tangerineA7_100_i/tangerineSOC_0/inst/axiDMAInst/ch0DOut_reg[11]/D (clocked by clk_pll_i). Large setup violations at the end of those stages might be difficult to fix during the post-placement implementation flow and could be the result of non-optimal XDC constraints or non-optimal design architecture
Related violations: <none>

TIMING-16#864 Warning
Large setup violation  
There is a large setup violation of -4.004 ns between tangerineA7_100_i/tangerineSOC_0/inst/axiDMAInst/cacheTagRamW1Inst/U0/inst_blk_mem_gen/gnbram.gnativebmg.native_blk_mem_gen/valid.cstr/ramloop[0].ram.r/prim_noinit.ram/DEVICE_7SERIES.NO_BMM_INFO.SP.WIDE_PRIM18.ram/CLKARDCLK (clocked by clk162_5_tangerineA7_100_clk_wiz_2_0) and tangerineA7_100_i/tangerineSOC_0/inst/axiDMAInst/ch0DOut_reg[26]/D (clocked by clk_pll_i). Large setup violations at the end of those stages might be difficult to fix during the post-placement implementation flow and could be the result of non-optimal XDC constraints or non-optimal design architecture
Related violations: <none>

TIMING-16#865 Warning
Large setup violation  
There is a large setup violation of -4.008 ns between tangerineA7_100_i/tangerineSOC_0/inst/axiDMAInst/cacheTagRamW1Inst/U0/inst_blk_mem_gen/gnbram.gnativebmg.native_blk_mem_gen/valid.cstr/ramloop[0].ram.r/prim_noinit.ram/DEVICE_7SERIES.NO_BMM_INFO.SP.WIDE_PRIM18.ram/CLKARDCLK (clocked by clk162_5_tangerineA7_100_clk_wiz_2_0) and tangerineA7_100_i/tangerineSOC_0/inst/axiDMAInst/ch0DOut_reg[2]/CE (clocked by clk_pll_i). Large setup violations at the end of those stages might be difficult to fix during the post-placement implementation flow and could be the result of non-optimal XDC constraints or non-optimal design architecture
Related violations: <none>

TIMING-16#866 Warning
Large setup violation  
There is a large setup violation of -4.016 ns between tangerineA7_100_i/tangerineSOC_0/inst/axiDMAInst/cacheDIn_reg[21]/C (clocked by clk_pll_i) and tangerineA7_100_i/tangerineSOC_0/inst/axiDMAInst/cacheDataRamW2Inst/U0/inst_blk_mem_gen/gnbram.gnativebmg.native_blk_mem_gen/valid.cstr/ramloop[4].ram.r/prim_noinit.ram/DEVICE_7SERIES.NO_BMM_INFO.TRUE_DP.SIMPLE_PRIM36.ram/DIADI[5] (clocked by clk162_5_tangerineA7_100_clk_wiz_2_0). Large setup violations at the end of those stages might be difficult to fix during the post-placement implementation flow and could be the result of non-optimal XDC constraints or non-optimal design architecture
Related violations: <none>

TIMING-16#867 Warning
Large setup violation  
There is a large setup violation of -4.018 ns between tangerineA7_100_i/tangerineSOC_0/inst/axiDMAInst/cacheTagRamW1Inst/U0/inst_blk_mem_gen/gnbram.gnativebmg.native_blk_mem_gen/valid.cstr/ramloop[0].ram.r/prim_noinit.ram/DEVICE_7SERIES.NO_BMM_INFO.SP.WIDE_PRIM18.ram/CLKARDCLK (clocked by clk162_5_tangerineA7_100_clk_wiz_2_0) and tangerineA7_100_i/tangerineSOC_0/inst/axiDMAInst/ch0DOut_reg[24]/CE (clocked by clk_pll_i). Large setup violations at the end of those stages might be difficult to fix during the post-placement implementation flow and could be the result of non-optimal XDC constraints or non-optimal design architecture
Related violations: <none>

TIMING-16#868 Warning
Large setup violation  
There is a large setup violation of -4.018 ns between tangerineA7_100_i/tangerineSOC_0/inst/axiDMAInst/cacheTagRamW1Inst/U0/inst_blk_mem_gen/gnbram.gnativebmg.native_blk_mem_gen/valid.cstr/ramloop[0].ram.r/prim_noinit.ram/DEVICE_7SERIES.NO_BMM_INFO.SP.WIDE_PRIM18.ram/CLKARDCLK (clocked by clk162_5_tangerineA7_100_clk_wiz_2_0) and tangerineA7_100_i/tangerineSOC_0/inst/axiDMAInst/ch0DOut_reg[6]/CE (clocked by clk_pll_i). Large setup violations at the end of those stages might be difficult to fix during the post-placement implementation flow and could be the result of non-optimal XDC constraints or non-optimal design architecture
Related violations: <none>

TIMING-16#869 Warning
Large setup violation  
There is a large setup violation of -4.018 ns between tangerineA7_100_i/tangerineSOC_0/inst/axiDMAInst/cacheTagRamW1Inst/U0/inst_blk_mem_gen/gnbram.gnativebmg.native_blk_mem_gen/valid.cstr/ramloop[0].ram.r/prim_noinit.ram/DEVICE_7SERIES.NO_BMM_INFO.SP.WIDE_PRIM18.ram/CLKARDCLK (clocked by clk162_5_tangerineA7_100_clk_wiz_2_0) and tangerineA7_100_i/tangerineSOC_0/inst/axiDMAInst/ch3DOut_reg[24]/CE (clocked by clk_pll_i). Large setup violations at the end of those stages might be difficult to fix during the post-placement implementation flow and could be the result of non-optimal XDC constraints or non-optimal design architecture
Related violations: <none>

TIMING-16#870 Warning
Large setup violation  
There is a large setup violation of -4.018 ns between tangerineA7_100_i/tangerineSOC_0/inst/axiDMAInst/cacheTagRamW1Inst/U0/inst_blk_mem_gen/gnbram.gnativebmg.native_blk_mem_gen/valid.cstr/ramloop[0].ram.r/prim_noinit.ram/DEVICE_7SERIES.NO_BMM_INFO.SP.WIDE_PRIM18.ram/CLKARDCLK (clocked by clk162_5_tangerineA7_100_clk_wiz_2_0) and tangerineA7_100_i/tangerineSOC_0/inst/axiDMAInst/ch3DOut_reg[25]/CE (clocked by clk_pll_i). Large setup violations at the end of those stages might be difficult to fix during the post-placement implementation flow and could be the result of non-optimal XDC constraints or non-optimal design architecture
Related violations: <none>

TIMING-16#871 Warning
Large setup violation  
There is a large setup violation of -4.019 ns between tangerineA7_100_i/tangerineSOC_0/inst/axiDMAInst/cacheTagRamW1Inst/U0/inst_blk_mem_gen/gnbram.gnativebmg.native_blk_mem_gen/valid.cstr/ramloop[0].ram.r/prim_noinit.ram/DEVICE_7SERIES.NO_BMM_INFO.SP.WIDE_PRIM18.ram/CLKARDCLK (clocked by clk162_5_tangerineA7_100_clk_wiz_2_0) and tangerineA7_100_i/tangerineSOC_0/inst/axiDMAInst/ch0DOut_reg[29]/CE (clocked by clk_pll_i). Large setup violations at the end of those stages might be difficult to fix during the post-placement implementation flow and could be the result of non-optimal XDC constraints or non-optimal design architecture
Related violations: <none>

TIMING-16#872 Warning
Large setup violation  
There is a large setup violation of -4.019 ns between tangerineA7_100_i/tangerineSOC_0/inst/axiDMAInst/cacheTagRamW1Inst/U0/inst_blk_mem_gen/gnbram.gnativebmg.native_blk_mem_gen/valid.cstr/ramloop[0].ram.r/prim_noinit.ram/DEVICE_7SERIES.NO_BMM_INFO.SP.WIDE_PRIM18.ram/CLKARDCLK (clocked by clk162_5_tangerineA7_100_clk_wiz_2_0) and tangerineA7_100_i/tangerineSOC_0/inst/axiDMAInst/ch0DOut_reg[3]/CE (clocked by clk_pll_i). Large setup violations at the end of those stages might be difficult to fix during the post-placement implementation flow and could be the result of non-optimal XDC constraints or non-optimal design architecture
Related violations: <none>

TIMING-16#873 Warning
Large setup violation  
There is a large setup violation of -4.019 ns between tangerineA7_100_i/tangerineSOC_0/inst/axiDMAInst/cacheTagRamW1Inst/U0/inst_blk_mem_gen/gnbram.gnativebmg.native_blk_mem_gen/valid.cstr/ramloop[0].ram.r/prim_noinit.ram/DEVICE_7SERIES.NO_BMM_INFO.SP.WIDE_PRIM18.ram/CLKARDCLK (clocked by clk162_5_tangerineA7_100_clk_wiz_2_0) and tangerineA7_100_i/tangerineSOC_0/inst/axiDMAInst/ch3DOut_reg[29]/CE (clocked by clk_pll_i). Large setup violations at the end of those stages might be difficult to fix during the post-placement implementation flow and could be the result of non-optimal XDC constraints or non-optimal design architecture
Related violations: <none>

TIMING-16#874 Warning
Large setup violation  
There is a large setup violation of -4.024 ns between tangerineA7_100_i/tangerineSOC_0/inst/axiDMAInst/cacheA_reg[13]/C (clocked by clk_pll_i) and tangerineA7_100_i/tangerineSOC_0/inst/axiDMAInst/cacheDataRamW1Inst/U0/inst_blk_mem_gen/gnbram.gnativebmg.native_blk_mem_gen/valid.cstr/ramloop[0].ram.r/prim_noinit.ram/DEVICE_7SERIES.NO_BMM_INFO.TRUE_DP.SIMPLE_PRIM36.ram/ADDRARDADDR[14] (clocked by clk162_5_tangerineA7_100_clk_wiz_2_0). Large setup violations at the end of those stages might be difficult to fix during the post-placement implementation flow and could be the result of non-optimal XDC constraints or non-optimal design architecture
Related violations: <none>

TIMING-16#875 Warning
Large setup violation  
There is a large setup violation of -4.030 ns between tangerineA7_100_i/tangerineSOC_0/inst/axiDMAInst/cacheTagRamW1Inst/U0/inst_blk_mem_gen/gnbram.gnativebmg.native_blk_mem_gen/valid.cstr/ramloop[0].ram.r/prim_noinit.ram/DEVICE_7SERIES.NO_BMM_INFO.SP.WIDE_PRIM18.ram/CLKARDCLK (clocked by clk162_5_tangerineA7_100_clk_wiz_2_0) and tangerineA7_100_i/tangerineSOC_0/inst/axiDMAInst/ch0DOut_reg[4]/D (clocked by clk_pll_i). Large setup violations at the end of those stages might be difficult to fix during the post-placement implementation flow and could be the result of non-optimal XDC constraints or non-optimal design architecture
Related violations: <none>

TIMING-16#876 Warning
Large setup violation  
There is a large setup violation of -4.035 ns between tangerineA7_100_i/tangerineSOC_0/inst/axiDMAInst/cacheA_reg[13]/C (clocked by clk_pll_i) and tangerineA7_100_i/tangerineSOC_0/inst/axiDMAInst/cacheDataRamW1Inst/U0/inst_blk_mem_gen/gnbram.gnativebmg.native_blk_mem_gen/valid.cstr/ramloop[6].ram.r/prim_noinit.ram/DEVICE_7SERIES.NO_BMM_INFO.TRUE_DP.SIMPLE_PRIM36.ram/ADDRARDADDR[14] (clocked by clk162_5_tangerineA7_100_clk_wiz_2_0). Large setup violations at the end of those stages might be difficult to fix during the post-placement implementation flow and could be the result of non-optimal XDC constraints or non-optimal design architecture
Related violations: <none>

TIMING-16#877 Warning
Large setup violation  
There is a large setup violation of -4.043 ns between tangerineA7_100_i/tangerineSOC_0/inst/axiDMAInst/cacheTagRamW0Inst/U0/inst_blk_mem_gen/gnbram.gnativebmg.native_blk_mem_gen/valid.cstr/ramloop[0].ram.r/prim_noinit.ram/DEVICE_7SERIES.NO_BMM_INFO.SP.WIDE_PRIM18.ram/CLKARDCLK (clocked by clk162_5_tangerineA7_100_clk_wiz_2_0) and tangerineA7_100_i/tangerineSOC_0/inst/axiDMAInst/ch3DOut_reg[27]/D (clocked by clk_pll_i). Large setup violations at the end of those stages might be difficult to fix during the post-placement implementation flow and could be the result of non-optimal XDC constraints or non-optimal design architecture
Related violations: <none>

TIMING-16#878 Warning
Large setup violation  
There is a large setup violation of -4.063 ns between tangerineA7_100_i/tangerineSOC_0/inst/axiDMAInst/cacheTagRamW1Inst/U0/inst_blk_mem_gen/gnbram.gnativebmg.native_blk_mem_gen/valid.cstr/ramloop[0].ram.r/prim_noinit.ram/DEVICE_7SERIES.NO_BMM_INFO.SP.WIDE_PRIM18.ram/CLKARDCLK (clocked by clk162_5_tangerineA7_100_clk_wiz_2_0) and tangerineA7_100_i/tangerineSOC_0/inst/axiDMAInst/FSM_onehot_axiState_reg[0]_rep__6/D (clocked by clk_pll_i). Large setup violations at the end of those stages might be difficult to fix during the post-placement implementation flow and could be the result of non-optimal XDC constraints or non-optimal design architecture
Related violations: <none>

TIMING-16#879 Warning
Large setup violation  
There is a large setup violation of -4.090 ns between tangerineA7_100_i/tangerineSOC_0/inst/axiDMAInst/cacheTagRamW3Inst/U0/inst_blk_mem_gen/gnbram.gnativebmg.native_blk_mem_gen/valid.cstr/ramloop[0].ram.r/prim_noinit.ram/DEVICE_7SERIES.NO_BMM_INFO.SP.WIDE_PRIM18.ram/CLKARDCLK (clocked by clk162_5_tangerineA7_100_clk_wiz_2_0) and tangerineA7_100_i/tangerineSOC_0/inst/axiDMAInst/FSM_onehot_axiState_reg[0]_rep__1/CE (clocked by clk_pll_i). Large setup violations at the end of those stages might be difficult to fix during the post-placement implementation flow and could be the result of non-optimal XDC constraints or non-optimal design architecture
Related violations: <none>

TIMING-16#880 Warning
Large setup violation  
There is a large setup violation of -4.090 ns between tangerineA7_100_i/tangerineSOC_0/inst/axiDMAInst/cacheTagRamW3Inst/U0/inst_blk_mem_gen/gnbram.gnativebmg.native_blk_mem_gen/valid.cstr/ramloop[0].ram.r/prim_noinit.ram/DEVICE_7SERIES.NO_BMM_INFO.SP.WIDE_PRIM18.ram/CLKARDCLK (clocked by clk162_5_tangerineA7_100_clk_wiz_2_0) and tangerineA7_100_i/tangerineSOC_0/inst/axiDMAInst/FSM_onehot_axiState_reg[0]_rep__13/CE (clocked by clk_pll_i). Large setup violations at the end of those stages might be difficult to fix during the post-placement implementation flow and could be the result of non-optimal XDC constraints or non-optimal design architecture
Related violations: <none>

TIMING-16#881 Warning
Large setup violation  
There is a large setup violation of -4.090 ns between tangerineA7_100_i/tangerineSOC_0/inst/axiDMAInst/cacheTagRamW3Inst/U0/inst_blk_mem_gen/gnbram.gnativebmg.native_blk_mem_gen/valid.cstr/ramloop[0].ram.r/prim_noinit.ram/DEVICE_7SERIES.NO_BMM_INFO.SP.WIDE_PRIM18.ram/CLKARDCLK (clocked by clk162_5_tangerineA7_100_clk_wiz_2_0) and tangerineA7_100_i/tangerineSOC_0/inst/axiDMAInst/FSM_onehot_axiState_reg[0]_rep__6/CE (clocked by clk_pll_i). Large setup violations at the end of those stages might be difficult to fix during the post-placement implementation flow and could be the result of non-optimal XDC constraints or non-optimal design architecture
Related violations: <none>

TIMING-16#882 Warning
Large setup violation  
There is a large setup violation of -4.090 ns between tangerineA7_100_i/tangerineSOC_0/inst/axiDMAInst/cacheTagRamW3Inst/U0/inst_blk_mem_gen/gnbram.gnativebmg.native_blk_mem_gen/valid.cstr/ramloop[0].ram.r/prim_noinit.ram/DEVICE_7SERIES.NO_BMM_INFO.SP.WIDE_PRIM18.ram/CLKARDCLK (clocked by clk162_5_tangerineA7_100_clk_wiz_2_0) and tangerineA7_100_i/tangerineSOC_0/inst/axiDMAInst/FSM_onehot_axiState_reg[15]/CE (clocked by clk_pll_i). Large setup violations at the end of those stages might be difficult to fix during the post-placement implementation flow and could be the result of non-optimal XDC constraints or non-optimal design architecture
Related violations: <none>

TIMING-16#883 Warning
Large setup violation  
There is a large setup violation of -4.090 ns between tangerineA7_100_i/tangerineSOC_0/inst/axiDMAInst/cacheTagRamW3Inst/U0/inst_blk_mem_gen/gnbram.gnativebmg.native_blk_mem_gen/valid.cstr/ramloop[0].ram.r/prim_noinit.ram/DEVICE_7SERIES.NO_BMM_INFO.SP.WIDE_PRIM18.ram/CLKARDCLK (clocked by clk162_5_tangerineA7_100_clk_wiz_2_0) and tangerineA7_100_i/tangerineSOC_0/inst/axiDMAInst/FSM_onehot_axiState_reg[20]/CE (clocked by clk_pll_i). Large setup violations at the end of those stages might be difficult to fix during the post-placement implementation flow and could be the result of non-optimal XDC constraints or non-optimal design architecture
Related violations: <none>

TIMING-16#884 Warning
Large setup violation  
There is a large setup violation of -4.090 ns between tangerineA7_100_i/tangerineSOC_0/inst/axiDMAInst/cacheTagRamW3Inst/U0/inst_blk_mem_gen/gnbram.gnativebmg.native_blk_mem_gen/valid.cstr/ramloop[0].ram.r/prim_noinit.ram/DEVICE_7SERIES.NO_BMM_INFO.SP.WIDE_PRIM18.ram/CLKARDCLK (clocked by clk162_5_tangerineA7_100_clk_wiz_2_0) and tangerineA7_100_i/tangerineSOC_0/inst/axiDMAInst/FSM_onehot_axiState_reg[21]_rep__29/CE (clocked by clk_pll_i). Large setup violations at the end of those stages might be difficult to fix during the post-placement implementation flow and could be the result of non-optimal XDC constraints or non-optimal design architecture
Related violations: <none>

TIMING-16#885 Warning
Large setup violation  
There is a large setup violation of -4.090 ns between tangerineA7_100_i/tangerineSOC_0/inst/axiDMAInst/cacheTagRamW3Inst/U0/inst_blk_mem_gen/gnbram.gnativebmg.native_blk_mem_gen/valid.cstr/ramloop[0].ram.r/prim_noinit.ram/DEVICE_7SERIES.NO_BMM_INFO.SP.WIDE_PRIM18.ram/CLKARDCLK (clocked by clk162_5_tangerineA7_100_clk_wiz_2_0) and tangerineA7_100_i/tangerineSOC_0/inst/axiDMAInst/FSM_onehot_axiState_reg[2]/CE (clocked by clk_pll_i). Large setup violations at the end of those stages might be difficult to fix during the post-placement implementation flow and could be the result of non-optimal XDC constraints or non-optimal design architecture
Related violations: <none>

TIMING-16#886 Warning
Large setup violation  
There is a large setup violation of -4.097 ns between tangerineA7_100_i/tangerineSOC_0/inst/axiDMAInst/cacheTagRamW3Inst/U0/inst_blk_mem_gen/gnbram.gnativebmg.native_blk_mem_gen/valid.cstr/ramloop[0].ram.r/prim_noinit.ram/DEVICE_7SERIES.NO_BMM_INFO.SP.WIDE_PRIM18.ram/CLKARDCLK (clocked by clk162_5_tangerineA7_100_clk_wiz_2_0) and tangerineA7_100_i/tangerineSOC_0/inst/axiDMAInst/FSM_onehot_axiState_reg[0]_rep__10/CE (clocked by clk_pll_i). Large setup violations at the end of those stages might be difficult to fix during the post-placement implementation flow and could be the result of non-optimal XDC constraints or non-optimal design architecture
Related violations: <none>

TIMING-16#887 Warning
Large setup violation  
There is a large setup violation of -4.097 ns between tangerineA7_100_i/tangerineSOC_0/inst/axiDMAInst/cacheTagRamW3Inst/U0/inst_blk_mem_gen/gnbram.gnativebmg.native_blk_mem_gen/valid.cstr/ramloop[0].ram.r/prim_noinit.ram/DEVICE_7SERIES.NO_BMM_INFO.SP.WIDE_PRIM18.ram/CLKARDCLK (clocked by clk162_5_tangerineA7_100_clk_wiz_2_0) and tangerineA7_100_i/tangerineSOC_0/inst/axiDMAInst/FSM_onehot_axiState_reg[11]/CE (clocked by clk_pll_i). Large setup violations at the end of those stages might be difficult to fix during the post-placement implementation flow and could be the result of non-optimal XDC constraints or non-optimal design architecture
Related violations: <none>

TIMING-16#888 Warning
Large setup violation  
There is a large setup violation of -4.097 ns between tangerineA7_100_i/tangerineSOC_0/inst/axiDMAInst/cacheTagRamW3Inst/U0/inst_blk_mem_gen/gnbram.gnativebmg.native_blk_mem_gen/valid.cstr/ramloop[0].ram.r/prim_noinit.ram/DEVICE_7SERIES.NO_BMM_INFO.SP.WIDE_PRIM18.ram/CLKARDCLK (clocked by clk162_5_tangerineA7_100_clk_wiz_2_0) and tangerineA7_100_i/tangerineSOC_0/inst/axiDMAInst/FSM_onehot_axiState_reg[21]_rep__15/CE (clocked by clk_pll_i). Large setup violations at the end of those stages might be difficult to fix during the post-placement implementation flow and could be the result of non-optimal XDC constraints or non-optimal design architecture
Related violations: <none>

TIMING-16#889 Warning
Large setup violation  
There is a large setup violation of -4.097 ns between tangerineA7_100_i/tangerineSOC_0/inst/axiDMAInst/cacheTagRamW3Inst/U0/inst_blk_mem_gen/gnbram.gnativebmg.native_blk_mem_gen/valid.cstr/ramloop[0].ram.r/prim_noinit.ram/DEVICE_7SERIES.NO_BMM_INFO.SP.WIDE_PRIM18.ram/CLKARDCLK (clocked by clk162_5_tangerineA7_100_clk_wiz_2_0) and tangerineA7_100_i/tangerineSOC_0/inst/axiDMAInst/FSM_onehot_axiState_reg[21]_rep__5/CE (clocked by clk_pll_i). Large setup violations at the end of those stages might be difficult to fix during the post-placement implementation flow and could be the result of non-optimal XDC constraints or non-optimal design architecture
Related violations: <none>

TIMING-16#890 Warning
Large setup violation  
There is a large setup violation of -4.097 ns between tangerineA7_100_i/tangerineSOC_0/inst/axiDMAInst/cacheTagRamW3Inst/U0/inst_blk_mem_gen/gnbram.gnativebmg.native_blk_mem_gen/valid.cstr/ramloop[0].ram.r/prim_noinit.ram/DEVICE_7SERIES.NO_BMM_INFO.SP.WIDE_PRIM18.ram/CLKARDCLK (clocked by clk162_5_tangerineA7_100_clk_wiz_2_0) and tangerineA7_100_i/tangerineSOC_0/inst/axiDMAInst/FSM_onehot_axiState_reg[22]/CE (clocked by clk_pll_i). Large setup violations at the end of those stages might be difficult to fix during the post-placement implementation flow and could be the result of non-optimal XDC constraints or non-optimal design architecture
Related violations: <none>

TIMING-16#891 Warning
Large setup violation  
There is a large setup violation of -4.097 ns between tangerineA7_100_i/tangerineSOC_0/inst/axiDMAInst/cacheTagRamW3Inst/U0/inst_blk_mem_gen/gnbram.gnativebmg.native_blk_mem_gen/valid.cstr/ramloop[0].ram.r/prim_noinit.ram/DEVICE_7SERIES.NO_BMM_INFO.SP.WIDE_PRIM18.ram/CLKARDCLK (clocked by clk162_5_tangerineA7_100_clk_wiz_2_0) and tangerineA7_100_i/tangerineSOC_0/inst/axiDMAInst/FSM_onehot_axiState_reg[26]/CE (clocked by clk_pll_i). Large setup violations at the end of those stages might be difficult to fix during the post-placement implementation flow and could be the result of non-optimal XDC constraints or non-optimal design architecture
Related violations: <none>

TIMING-16#892 Warning
Large setup violation  
There is a large setup violation of -4.097 ns between tangerineA7_100_i/tangerineSOC_0/inst/axiDMAInst/cacheTagRamW3Inst/U0/inst_blk_mem_gen/gnbram.gnativebmg.native_blk_mem_gen/valid.cstr/ramloop[0].ram.r/prim_noinit.ram/DEVICE_7SERIES.NO_BMM_INFO.SP.WIDE_PRIM18.ram/CLKARDCLK (clocked by clk162_5_tangerineA7_100_clk_wiz_2_0) and tangerineA7_100_i/tangerineSOC_0/inst/axiDMAInst/FSM_onehot_axiState_reg[28]/CE (clocked by clk_pll_i). Large setup violations at the end of those stages might be difficult to fix during the post-placement implementation flow and could be the result of non-optimal XDC constraints or non-optimal design architecture
Related violations: <none>

TIMING-16#893 Warning
Large setup violation  
There is a large setup violation of -4.097 ns between tangerineA7_100_i/tangerineSOC_0/inst/axiDMAInst/cacheTagRamW3Inst/U0/inst_blk_mem_gen/gnbram.gnativebmg.native_blk_mem_gen/valid.cstr/ramloop[0].ram.r/prim_noinit.ram/DEVICE_7SERIES.NO_BMM_INFO.SP.WIDE_PRIM18.ram/CLKARDCLK (clocked by clk162_5_tangerineA7_100_clk_wiz_2_0) and tangerineA7_100_i/tangerineSOC_0/inst/axiDMAInst/FSM_onehot_axiState_reg[5]/CE (clocked by clk_pll_i). Large setup violations at the end of those stages might be difficult to fix during the post-placement implementation flow and could be the result of non-optimal XDC constraints or non-optimal design architecture
Related violations: <none>

TIMING-16#894 Warning
Large setup violation  
There is a large setup violation of -4.103 ns between tangerineA7_100_i/tangerineSOC_0/inst/axiDMAInst/cacheTagRamW3Inst/U0/inst_blk_mem_gen/gnbram.gnativebmg.native_blk_mem_gen/valid.cstr/ramloop[0].ram.r/prim_noinit.ram/DEVICE_7SERIES.NO_BMM_INFO.SP.WIDE_PRIM18.ram/CLKARDCLK (clocked by clk162_5_tangerineA7_100_clk_wiz_2_0) and tangerineA7_100_i/tangerineSOC_0/inst/axiDMAInst/FSM_onehot_axiState_reg[0]_rep__11/CE (clocked by clk_pll_i). Large setup violations at the end of those stages might be difficult to fix during the post-placement implementation flow and could be the result of non-optimal XDC constraints or non-optimal design architecture
Related violations: <none>

TIMING-16#895 Warning
Large setup violation  
There is a large setup violation of -4.103 ns between tangerineA7_100_i/tangerineSOC_0/inst/axiDMAInst/cacheTagRamW3Inst/U0/inst_blk_mem_gen/gnbram.gnativebmg.native_blk_mem_gen/valid.cstr/ramloop[0].ram.r/prim_noinit.ram/DEVICE_7SERIES.NO_BMM_INFO.SP.WIDE_PRIM18.ram/CLKARDCLK (clocked by clk162_5_tangerineA7_100_clk_wiz_2_0) and tangerineA7_100_i/tangerineSOC_0/inst/axiDMAInst/FSM_onehot_axiState_reg[18]/CE (clocked by clk_pll_i). Large setup violations at the end of those stages might be difficult to fix during the post-placement implementation flow and could be the result of non-optimal XDC constraints or non-optimal design architecture
Related violations: <none>

TIMING-16#896 Warning
Large setup violation  
There is a large setup violation of -4.103 ns between tangerineA7_100_i/tangerineSOC_0/inst/axiDMAInst/cacheTagRamW3Inst/U0/inst_blk_mem_gen/gnbram.gnativebmg.native_blk_mem_gen/valid.cstr/ramloop[0].ram.r/prim_noinit.ram/DEVICE_7SERIES.NO_BMM_INFO.SP.WIDE_PRIM18.ram/CLKARDCLK (clocked by clk162_5_tangerineA7_100_clk_wiz_2_0) and tangerineA7_100_i/tangerineSOC_0/inst/axiDMAInst/FSM_onehot_axiState_reg[20]_rep/CE (clocked by clk_pll_i). Large setup violations at the end of those stages might be difficult to fix during the post-placement implementation flow and could be the result of non-optimal XDC constraints or non-optimal design architecture
Related violations: <none>

TIMING-16#897 Warning
Large setup violation  
There is a large setup violation of -4.103 ns between tangerineA7_100_i/tangerineSOC_0/inst/axiDMAInst/cacheTagRamW3Inst/U0/inst_blk_mem_gen/gnbram.gnativebmg.native_blk_mem_gen/valid.cstr/ramloop[0].ram.r/prim_noinit.ram/DEVICE_7SERIES.NO_BMM_INFO.SP.WIDE_PRIM18.ram/CLKARDCLK (clocked by clk162_5_tangerineA7_100_clk_wiz_2_0) and tangerineA7_100_i/tangerineSOC_0/inst/axiDMAInst/FSM_onehot_axiState_reg[21]/CE (clocked by clk_pll_i). Large setup violations at the end of those stages might be difficult to fix during the post-placement implementation flow and could be the result of non-optimal XDC constraints or non-optimal design architecture
Related violations: <none>

TIMING-16#898 Warning
Large setup violation  
There is a large setup violation of -4.103 ns between tangerineA7_100_i/tangerineSOC_0/inst/axiDMAInst/cacheTagRamW3Inst/U0/inst_blk_mem_gen/gnbram.gnativebmg.native_blk_mem_gen/valid.cstr/ramloop[0].ram.r/prim_noinit.ram/DEVICE_7SERIES.NO_BMM_INFO.SP.WIDE_PRIM18.ram/CLKARDCLK (clocked by clk162_5_tangerineA7_100_clk_wiz_2_0) and tangerineA7_100_i/tangerineSOC_0/inst/axiDMAInst/FSM_onehot_axiState_reg[21]_rep__19/CE (clocked by clk_pll_i). Large setup violations at the end of those stages might be difficult to fix during the post-placement implementation flow and could be the result of non-optimal XDC constraints or non-optimal design architecture
Related violations: <none>

TIMING-16#899 Warning
Large setup violation  
There is a large setup violation of -4.103 ns between tangerineA7_100_i/tangerineSOC_0/inst/axiDMAInst/cacheTagRamW3Inst/U0/inst_blk_mem_gen/gnbram.gnativebmg.native_blk_mem_gen/valid.cstr/ramloop[0].ram.r/prim_noinit.ram/DEVICE_7SERIES.NO_BMM_INFO.SP.WIDE_PRIM18.ram/CLKARDCLK (clocked by clk162_5_tangerineA7_100_clk_wiz_2_0) and tangerineA7_100_i/tangerineSOC_0/inst/axiDMAInst/FSM_onehot_axiState_reg[21]_rep__21/CE (clocked by clk_pll_i). Large setup violations at the end of those stages might be difficult to fix during the post-placement implementation flow and could be the result of non-optimal XDC constraints or non-optimal design architecture
Related violations: <none>

TIMING-16#900 Warning
Large setup violation  
There is a large setup violation of -4.103 ns between tangerineA7_100_i/tangerineSOC_0/inst/axiDMAInst/cacheTagRamW3Inst/U0/inst_blk_mem_gen/gnbram.gnativebmg.native_blk_mem_gen/valid.cstr/ramloop[0].ram.r/prim_noinit.ram/DEVICE_7SERIES.NO_BMM_INFO.SP.WIDE_PRIM18.ram/CLKARDCLK (clocked by clk162_5_tangerineA7_100_clk_wiz_2_0) and tangerineA7_100_i/tangerineSOC_0/inst/axiDMAInst/FSM_onehot_axiState_reg[27]/CE (clocked by clk_pll_i). Large setup violations at the end of those stages might be difficult to fix during the post-placement implementation flow and could be the result of non-optimal XDC constraints or non-optimal design architecture
Related violations: <none>

TIMING-16#901 Warning
Large setup violation  
There is a large setup violation of -4.103 ns between tangerineA7_100_i/tangerineSOC_0/inst/axiDMAInst/cacheTagRamW3Inst/U0/inst_blk_mem_gen/gnbram.gnativebmg.native_blk_mem_gen/valid.cstr/ramloop[0].ram.r/prim_noinit.ram/DEVICE_7SERIES.NO_BMM_INFO.SP.WIDE_PRIM18.ram/CLKARDCLK (clocked by clk162_5_tangerineA7_100_clk_wiz_2_0) and tangerineA7_100_i/tangerineSOC_0/inst/axiDMAInst/FSM_onehot_axiState_reg[8]/CE (clocked by clk_pll_i). Large setup violations at the end of those stages might be difficult to fix during the post-placement implementation flow and could be the result of non-optimal XDC constraints or non-optimal design architecture
Related violations: <none>

TIMING-16#902 Warning
Large setup violation  
There is a large setup violation of -4.105 ns between tangerineA7_100_i/tangerineSOC_0/inst/axiDMAInst/cacheTagRamW3Inst/U0/inst_blk_mem_gen/gnbram.gnativebmg.native_blk_mem_gen/valid.cstr/ramloop[0].ram.r/prim_noinit.ram/DEVICE_7SERIES.NO_BMM_INFO.SP.WIDE_PRIM18.ram/CLKARDCLK (clocked by clk162_5_tangerineA7_100_clk_wiz_2_0) and tangerineA7_100_i/tangerineSOC_0/inst/axiDMAInst/FSM_onehot_axiState_reg[0]_rep__0/CE (clocked by clk_pll_i). Large setup violations at the end of those stages might be difficult to fix during the post-placement implementation flow and could be the result of non-optimal XDC constraints or non-optimal design architecture
Related violations: <none>

TIMING-16#903 Warning
Large setup violation  
There is a large setup violation of -4.105 ns between tangerineA7_100_i/tangerineSOC_0/inst/axiDMAInst/cacheTagRamW3Inst/U0/inst_blk_mem_gen/gnbram.gnativebmg.native_blk_mem_gen/valid.cstr/ramloop[0].ram.r/prim_noinit.ram/DEVICE_7SERIES.NO_BMM_INFO.SP.WIDE_PRIM18.ram/CLKARDCLK (clocked by clk162_5_tangerineA7_100_clk_wiz_2_0) and tangerineA7_100_i/tangerineSOC_0/inst/axiDMAInst/FSM_onehot_axiState_reg[0]_rep__2/CE (clocked by clk_pll_i). Large setup violations at the end of those stages might be difficult to fix during the post-placement implementation flow and could be the result of non-optimal XDC constraints or non-optimal design architecture
Related violations: <none>

TIMING-16#904 Warning
Large setup violation  
There is a large setup violation of -4.105 ns between tangerineA7_100_i/tangerineSOC_0/inst/axiDMAInst/cacheTagRamW3Inst/U0/inst_blk_mem_gen/gnbram.gnativebmg.native_blk_mem_gen/valid.cstr/ramloop[0].ram.r/prim_noinit.ram/DEVICE_7SERIES.NO_BMM_INFO.SP.WIDE_PRIM18.ram/CLKARDCLK (clocked by clk162_5_tangerineA7_100_clk_wiz_2_0) and tangerineA7_100_i/tangerineSOC_0/inst/axiDMAInst/FSM_onehot_axiState_reg[0]_rep__8/CE (clocked by clk_pll_i). Large setup violations at the end of those stages might be difficult to fix during the post-placement implementation flow and could be the result of non-optimal XDC constraints or non-optimal design architecture
Related violations: <none>

TIMING-16#905 Warning
Large setup violation  
There is a large setup violation of -4.105 ns between tangerineA7_100_i/tangerineSOC_0/inst/axiDMAInst/cacheTagRamW3Inst/U0/inst_blk_mem_gen/gnbram.gnativebmg.native_blk_mem_gen/valid.cstr/ramloop[0].ram.r/prim_noinit.ram/DEVICE_7SERIES.NO_BMM_INFO.SP.WIDE_PRIM18.ram/CLKARDCLK (clocked by clk162_5_tangerineA7_100_clk_wiz_2_0) and tangerineA7_100_i/tangerineSOC_0/inst/axiDMAInst/FSM_onehot_axiState_reg[1]/CE (clocked by clk_pll_i). Large setup violations at the end of those stages might be difficult to fix during the post-placement implementation flow and could be the result of non-optimal XDC constraints or non-optimal design architecture
Related violations: <none>

TIMING-16#906 Warning
Large setup violation  
There is a large setup violation of -4.105 ns between tangerineA7_100_i/tangerineSOC_0/inst/axiDMAInst/cacheTagRamW3Inst/U0/inst_blk_mem_gen/gnbram.gnativebmg.native_blk_mem_gen/valid.cstr/ramloop[0].ram.r/prim_noinit.ram/DEVICE_7SERIES.NO_BMM_INFO.SP.WIDE_PRIM18.ram/CLKARDCLK (clocked by clk162_5_tangerineA7_100_clk_wiz_2_0) and tangerineA7_100_i/tangerineSOC_0/inst/axiDMAInst/FSM_onehot_axiState_reg[20]_rep__13/CE (clocked by clk_pll_i). Large setup violations at the end of those stages might be difficult to fix during the post-placement implementation flow and could be the result of non-optimal XDC constraints or non-optimal design architecture
Related violations: <none>

TIMING-16#907 Warning
Large setup violation  
There is a large setup violation of -4.105 ns between tangerineA7_100_i/tangerineSOC_0/inst/axiDMAInst/cacheTagRamW3Inst/U0/inst_blk_mem_gen/gnbram.gnativebmg.native_blk_mem_gen/valid.cstr/ramloop[0].ram.r/prim_noinit.ram/DEVICE_7SERIES.NO_BMM_INFO.SP.WIDE_PRIM18.ram/CLKARDCLK (clocked by clk162_5_tangerineA7_100_clk_wiz_2_0) and tangerineA7_100_i/tangerineSOC_0/inst/axiDMAInst/FSM_onehot_axiState_reg[20]_rep__4/CE (clocked by clk_pll_i). Large setup violations at the end of those stages might be difficult to fix during the post-placement implementation flow and could be the result of non-optimal XDC constraints or non-optimal design architecture
Related violations: <none>

TIMING-16#908 Warning
Large setup violation  
There is a large setup violation of -4.105 ns between tangerineA7_100_i/tangerineSOC_0/inst/axiDMAInst/cacheTagRamW3Inst/U0/inst_blk_mem_gen/gnbram.gnativebmg.native_blk_mem_gen/valid.cstr/ramloop[0].ram.r/prim_noinit.ram/DEVICE_7SERIES.NO_BMM_INFO.SP.WIDE_PRIM18.ram/CLKARDCLK (clocked by clk162_5_tangerineA7_100_clk_wiz_2_0) and tangerineA7_100_i/tangerineSOC_0/inst/axiDMAInst/FSM_onehot_axiState_reg[20]_rep__5/CE (clocked by clk_pll_i). Large setup violations at the end of those stages might be difficult to fix during the post-placement implementation flow and could be the result of non-optimal XDC constraints or non-optimal design architecture
Related violations: <none>

TIMING-16#909 Warning
Large setup violation  
There is a large setup violation of -4.105 ns between tangerineA7_100_i/tangerineSOC_0/inst/axiDMAInst/cacheTagRamW3Inst/U0/inst_blk_mem_gen/gnbram.gnativebmg.native_blk_mem_gen/valid.cstr/ramloop[0].ram.r/prim_noinit.ram/DEVICE_7SERIES.NO_BMM_INFO.SP.WIDE_PRIM18.ram/CLKARDCLK (clocked by clk162_5_tangerineA7_100_clk_wiz_2_0) and tangerineA7_100_i/tangerineSOC_0/inst/axiDMAInst/FSM_onehot_axiState_reg[31]/CE (clocked by clk_pll_i). Large setup violations at the end of those stages might be difficult to fix during the post-placement implementation flow and could be the result of non-optimal XDC constraints or non-optimal design architecture
Related violations: <none>

TIMING-16#910 Warning
Large setup violation  
There is a large setup violation of -4.114 ns between tangerineA7_100_i/tangerineSOC_0/inst/axiDMAInst/cacheTagRamW3Inst/U0/inst_blk_mem_gen/gnbram.gnativebmg.native_blk_mem_gen/valid.cstr/ramloop[0].ram.r/prim_noinit.ram/DEVICE_7SERIES.NO_BMM_INFO.SP.WIDE_PRIM18.ram/CLKARDCLK (clocked by clk162_5_tangerineA7_100_clk_wiz_2_0) and tangerineA7_100_i/tangerineSOC_0/inst/axiDMAInst/FSM_onehot_axiState_reg[0]_rep__9/CE (clocked by clk_pll_i). Large setup violations at the end of those stages might be difficult to fix during the post-placement implementation flow and could be the result of non-optimal XDC constraints or non-optimal design architecture
Related violations: <none>

TIMING-16#911 Warning
Large setup violation  
There is a large setup violation of -4.114 ns between tangerineA7_100_i/tangerineSOC_0/inst/axiDMAInst/cacheTagRamW3Inst/U0/inst_blk_mem_gen/gnbram.gnativebmg.native_blk_mem_gen/valid.cstr/ramloop[0].ram.r/prim_noinit.ram/DEVICE_7SERIES.NO_BMM_INFO.SP.WIDE_PRIM18.ram/CLKARDCLK (clocked by clk162_5_tangerineA7_100_clk_wiz_2_0) and tangerineA7_100_i/tangerineSOC_0/inst/axiDMAInst/FSM_onehot_axiState_reg[12]/CE (clocked by clk_pll_i). Large setup violations at the end of those stages might be difficult to fix during the post-placement implementation flow and could be the result of non-optimal XDC constraints or non-optimal design architecture
Related violations: <none>

TIMING-16#912 Warning
Large setup violation  
There is a large setup violation of -4.114 ns between tangerineA7_100_i/tangerineSOC_0/inst/axiDMAInst/cacheTagRamW3Inst/U0/inst_blk_mem_gen/gnbram.gnativebmg.native_blk_mem_gen/valid.cstr/ramloop[0].ram.r/prim_noinit.ram/DEVICE_7SERIES.NO_BMM_INFO.SP.WIDE_PRIM18.ram/CLKARDCLK (clocked by clk162_5_tangerineA7_100_clk_wiz_2_0) and tangerineA7_100_i/tangerineSOC_0/inst/axiDMAInst/FSM_onehot_axiState_reg[14]/CE (clocked by clk_pll_i). Large setup violations at the end of those stages might be difficult to fix during the post-placement implementation flow and could be the result of non-optimal XDC constraints or non-optimal design architecture
Related violations: <none>

TIMING-16#913 Warning
Large setup violation  
There is a large setup violation of -4.114 ns between tangerineA7_100_i/tangerineSOC_0/inst/axiDMAInst/cacheTagRamW3Inst/U0/inst_blk_mem_gen/gnbram.gnativebmg.native_blk_mem_gen/valid.cstr/ramloop[0].ram.r/prim_noinit.ram/DEVICE_7SERIES.NO_BMM_INFO.SP.WIDE_PRIM18.ram/CLKARDCLK (clocked by clk162_5_tangerineA7_100_clk_wiz_2_0) and tangerineA7_100_i/tangerineSOC_0/inst/axiDMAInst/FSM_onehot_axiState_reg[14]_rep/CE (clocked by clk_pll_i). Large setup violations at the end of those stages might be difficult to fix during the post-placement implementation flow and could be the result of non-optimal XDC constraints or non-optimal design architecture
Related violations: <none>

TIMING-16#914 Warning
Large setup violation  
There is a large setup violation of -4.114 ns between tangerineA7_100_i/tangerineSOC_0/inst/axiDMAInst/cacheTagRamW3Inst/U0/inst_blk_mem_gen/gnbram.gnativebmg.native_blk_mem_gen/valid.cstr/ramloop[0].ram.r/prim_noinit.ram/DEVICE_7SERIES.NO_BMM_INFO.SP.WIDE_PRIM18.ram/CLKARDCLK (clocked by clk162_5_tangerineA7_100_clk_wiz_2_0) and tangerineA7_100_i/tangerineSOC_0/inst/axiDMAInst/FSM_onehot_axiState_reg[20]_rep__29/CE (clocked by clk_pll_i). Large setup violations at the end of those stages might be difficult to fix during the post-placement implementation flow and could be the result of non-optimal XDC constraints or non-optimal design architecture
Related violations: <none>

TIMING-16#915 Warning
Large setup violation  
There is a large setup violation of -4.114 ns between tangerineA7_100_i/tangerineSOC_0/inst/axiDMAInst/cacheTagRamW3Inst/U0/inst_blk_mem_gen/gnbram.gnativebmg.native_blk_mem_gen/valid.cstr/ramloop[0].ram.r/prim_noinit.ram/DEVICE_7SERIES.NO_BMM_INFO.SP.WIDE_PRIM18.ram/CLKARDCLK (clocked by clk162_5_tangerineA7_100_clk_wiz_2_0) and tangerineA7_100_i/tangerineSOC_0/inst/axiDMAInst/FSM_onehot_axiState_reg[21]_rep__10/CE (clocked by clk_pll_i). Large setup violations at the end of those stages might be difficult to fix during the post-placement implementation flow and could be the result of non-optimal XDC constraints or non-optimal design architecture
Related violations: <none>

TIMING-16#916 Warning
Large setup violation  
There is a large setup violation of -4.114 ns between tangerineA7_100_i/tangerineSOC_0/inst/axiDMAInst/cacheTagRamW3Inst/U0/inst_blk_mem_gen/gnbram.gnativebmg.native_blk_mem_gen/valid.cstr/ramloop[0].ram.r/prim_noinit.ram/DEVICE_7SERIES.NO_BMM_INFO.SP.WIDE_PRIM18.ram/CLKARDCLK (clocked by clk162_5_tangerineA7_100_clk_wiz_2_0) and tangerineA7_100_i/tangerineSOC_0/inst/axiDMAInst/FSM_onehot_axiState_reg[21]_rep__22/CE (clocked by clk_pll_i). Large setup violations at the end of those stages might be difficult to fix during the post-placement implementation flow and could be the result of non-optimal XDC constraints or non-optimal design architecture
Related violations: <none>

TIMING-16#917 Warning
Large setup violation  
There is a large setup violation of -4.114 ns between tangerineA7_100_i/tangerineSOC_0/inst/axiDMAInst/cacheTagRamW3Inst/U0/inst_blk_mem_gen/gnbram.gnativebmg.native_blk_mem_gen/valid.cstr/ramloop[0].ram.r/prim_noinit.ram/DEVICE_7SERIES.NO_BMM_INFO.SP.WIDE_PRIM18.ram/CLKARDCLK (clocked by clk162_5_tangerineA7_100_clk_wiz_2_0) and tangerineA7_100_i/tangerineSOC_0/inst/axiDMAInst/FSM_onehot_axiState_reg[4]/CE (clocked by clk_pll_i). Large setup violations at the end of those stages might be difficult to fix during the post-placement implementation flow and could be the result of non-optimal XDC constraints or non-optimal design architecture
Related violations: <none>

TIMING-16#918 Warning
Large setup violation  
There is a large setup violation of -4.115 ns between tangerineA7_100_i/tangerineSOC_0/inst/axiDMAInst/cacheTagRamW3Inst/U0/inst_blk_mem_gen/gnbram.gnativebmg.native_blk_mem_gen/valid.cstr/ramloop[0].ram.r/prim_noinit.ram/DEVICE_7SERIES.NO_BMM_INFO.SP.WIDE_PRIM18.ram/CLKARDCLK (clocked by clk162_5_tangerineA7_100_clk_wiz_2_0) and tangerineA7_100_i/tangerineSOC_0/inst/axiDMAInst/FSM_onehot_axiState_reg[0]_rep__3/CE (clocked by clk_pll_i). Large setup violations at the end of those stages might be difficult to fix during the post-placement implementation flow and could be the result of non-optimal XDC constraints or non-optimal design architecture
Related violations: <none>

TIMING-16#919 Warning
Large setup violation  
There is a large setup violation of -4.115 ns between tangerineA7_100_i/tangerineSOC_0/inst/axiDMAInst/cacheTagRamW3Inst/U0/inst_blk_mem_gen/gnbram.gnativebmg.native_blk_mem_gen/valid.cstr/ramloop[0].ram.r/prim_noinit.ram/DEVICE_7SERIES.NO_BMM_INFO.SP.WIDE_PRIM18.ram/CLKARDCLK (clocked by clk162_5_tangerineA7_100_clk_wiz_2_0) and tangerineA7_100_i/tangerineSOC_0/inst/axiDMAInst/FSM_onehot_axiState_reg[0]_rep__7/CE (clocked by clk_pll_i). Large setup violations at the end of those stages might be difficult to fix during the post-placement implementation flow and could be the result of non-optimal XDC constraints or non-optimal design architecture
Related violations: <none>

TIMING-16#920 Warning
Large setup violation  
There is a large setup violation of -4.115 ns between tangerineA7_100_i/tangerineSOC_0/inst/axiDMAInst/cacheTagRamW3Inst/U0/inst_blk_mem_gen/gnbram.gnativebmg.native_blk_mem_gen/valid.cstr/ramloop[0].ram.r/prim_noinit.ram/DEVICE_7SERIES.NO_BMM_INFO.SP.WIDE_PRIM18.ram/CLKARDCLK (clocked by clk162_5_tangerineA7_100_clk_wiz_2_0) and tangerineA7_100_i/tangerineSOC_0/inst/axiDMAInst/FSM_onehot_axiState_reg[20]_rep__16/CE (clocked by clk_pll_i). Large setup violations at the end of those stages might be difficult to fix during the post-placement implementation flow and could be the result of non-optimal XDC constraints or non-optimal design architecture
Related violations: <none>

TIMING-16#921 Warning
Large setup violation  
There is a large setup violation of -4.115 ns between tangerineA7_100_i/tangerineSOC_0/inst/axiDMAInst/cacheTagRamW3Inst/U0/inst_blk_mem_gen/gnbram.gnativebmg.native_blk_mem_gen/valid.cstr/ramloop[0].ram.r/prim_noinit.ram/DEVICE_7SERIES.NO_BMM_INFO.SP.WIDE_PRIM18.ram/CLKARDCLK (clocked by clk162_5_tangerineA7_100_clk_wiz_2_0) and tangerineA7_100_i/tangerineSOC_0/inst/axiDMAInst/FSM_onehot_axiState_reg[20]_rep__6/CE (clocked by clk_pll_i). Large setup violations at the end of those stages might be difficult to fix during the post-placement implementation flow and could be the result of non-optimal XDC constraints or non-optimal design architecture
Related violations: <none>

TIMING-16#922 Warning
Large setup violation  
There is a large setup violation of -4.115 ns between tangerineA7_100_i/tangerineSOC_0/inst/axiDMAInst/cacheTagRamW3Inst/U0/inst_blk_mem_gen/gnbram.gnativebmg.native_blk_mem_gen/valid.cstr/ramloop[0].ram.r/prim_noinit.ram/DEVICE_7SERIES.NO_BMM_INFO.SP.WIDE_PRIM18.ram/CLKARDCLK (clocked by clk162_5_tangerineA7_100_clk_wiz_2_0) and tangerineA7_100_i/tangerineSOC_0/inst/axiDMAInst/FSM_onehot_axiState_reg[20]_rep__7/CE (clocked by clk_pll_i). Large setup violations at the end of those stages might be difficult to fix during the post-placement implementation flow and could be the result of non-optimal XDC constraints or non-optimal design architecture
Related violations: <none>

TIMING-16#923 Warning
Large setup violation  
There is a large setup violation of -4.115 ns between tangerineA7_100_i/tangerineSOC_0/inst/axiDMAInst/cacheTagRamW3Inst/U0/inst_blk_mem_gen/gnbram.gnativebmg.native_blk_mem_gen/valid.cstr/ramloop[0].ram.r/prim_noinit.ram/DEVICE_7SERIES.NO_BMM_INFO.SP.WIDE_PRIM18.ram/CLKARDCLK (clocked by clk162_5_tangerineA7_100_clk_wiz_2_0) and tangerineA7_100_i/tangerineSOC_0/inst/axiDMAInst/FSM_onehot_axiState_reg[23]/CE (clocked by clk_pll_i). Large setup violations at the end of those stages might be difficult to fix during the post-placement implementation flow and could be the result of non-optimal XDC constraints or non-optimal design architecture
Related violations: <none>

TIMING-16#924 Warning
Large setup violation  
There is a large setup violation of -4.115 ns between tangerineA7_100_i/tangerineSOC_0/inst/axiDMAInst/cacheTagRamW3Inst/U0/inst_blk_mem_gen/gnbram.gnativebmg.native_blk_mem_gen/valid.cstr/ramloop[0].ram.r/prim_noinit.ram/DEVICE_7SERIES.NO_BMM_INFO.SP.WIDE_PRIM18.ram/CLKARDCLK (clocked by clk162_5_tangerineA7_100_clk_wiz_2_0) and tangerineA7_100_i/tangerineSOC_0/inst/axiDMAInst/FSM_onehot_axiState_reg[24]/CE (clocked by clk_pll_i). Large setup violations at the end of those stages might be difficult to fix during the post-placement implementation flow and could be the result of non-optimal XDC constraints or non-optimal design architecture
Related violations: <none>

TIMING-16#925 Warning
Large setup violation  
There is a large setup violation of -4.116 ns between tangerineA7_100_i/tangerineSOC_0/inst/axiDMAInst/cacheTagRamW1Inst/U0/inst_blk_mem_gen/gnbram.gnativebmg.native_blk_mem_gen/valid.cstr/ramloop[0].ram.r/prim_noinit.ram/DEVICE_7SERIES.NO_BMM_INFO.SP.WIDE_PRIM18.ram/CLKARDCLK (clocked by clk162_5_tangerineA7_100_clk_wiz_2_0) and tangerineA7_100_i/tangerineSOC_0/inst/axiDMAInst/ch0DOut_reg[29]/D (clocked by clk_pll_i). Large setup violations at the end of those stages might be difficult to fix during the post-placement implementation flow and could be the result of non-optimal XDC constraints or non-optimal design architecture
Related violations: <none>

TIMING-16#926 Warning
Large setup violation  
There is a large setup violation of -4.122 ns between tangerineA7_100_i/tangerineSOC_0/inst/axiDMAInst/cacheTagRamW3Inst/U0/inst_blk_mem_gen/gnbram.gnativebmg.native_blk_mem_gen/valid.cstr/ramloop[0].ram.r/prim_noinit.ram/DEVICE_7SERIES.NO_BMM_INFO.SP.WIDE_PRIM18.ram/CLKARDCLK (clocked by clk162_5_tangerineA7_100_clk_wiz_2_0) and tangerineA7_100_i/tangerineSOC_0/inst/axiDMAInst/FSM_onehot_axiState_reg[0]/CE (clocked by clk_pll_i). Large setup violations at the end of those stages might be difficult to fix during the post-placement implementation flow and could be the result of non-optimal XDC constraints or non-optimal design architecture
Related violations: <none>

TIMING-16#927 Warning
Large setup violation  
There is a large setup violation of -4.122 ns between tangerineA7_100_i/tangerineSOC_0/inst/axiDMAInst/cacheTagRamW3Inst/U0/inst_blk_mem_gen/gnbram.gnativebmg.native_blk_mem_gen/valid.cstr/ramloop[0].ram.r/prim_noinit.ram/DEVICE_7SERIES.NO_BMM_INFO.SP.WIDE_PRIM18.ram/CLKARDCLK (clocked by clk162_5_tangerineA7_100_clk_wiz_2_0) and tangerineA7_100_i/tangerineSOC_0/inst/axiDMAInst/FSM_onehot_axiState_reg[20]_rep__0/CE (clocked by clk_pll_i). Large setup violations at the end of those stages might be difficult to fix during the post-placement implementation flow and could be the result of non-optimal XDC constraints or non-optimal design architecture
Related violations: <none>

TIMING-16#928 Warning
Large setup violation  
There is a large setup violation of -4.122 ns between tangerineA7_100_i/tangerineSOC_0/inst/axiDMAInst/cacheTagRamW3Inst/U0/inst_blk_mem_gen/gnbram.gnativebmg.native_blk_mem_gen/valid.cstr/ramloop[0].ram.r/prim_noinit.ram/DEVICE_7SERIES.NO_BMM_INFO.SP.WIDE_PRIM18.ram/CLKARDCLK (clocked by clk162_5_tangerineA7_100_clk_wiz_2_0) and tangerineA7_100_i/tangerineSOC_0/inst/axiDMAInst/FSM_onehot_axiState_reg[20]_rep__31/CE (clocked by clk_pll_i). Large setup violations at the end of those stages might be difficult to fix during the post-placement implementation flow and could be the result of non-optimal XDC constraints or non-optimal design architecture
Related violations: <none>

TIMING-16#929 Warning
Large setup violation  
There is a large setup violation of -4.122 ns between tangerineA7_100_i/tangerineSOC_0/inst/axiDMAInst/cacheTagRamW3Inst/U0/inst_blk_mem_gen/gnbram.gnativebmg.native_blk_mem_gen/valid.cstr/ramloop[0].ram.r/prim_noinit.ram/DEVICE_7SERIES.NO_BMM_INFO.SP.WIDE_PRIM18.ram/CLKARDCLK (clocked by clk162_5_tangerineA7_100_clk_wiz_2_0) and tangerineA7_100_i/tangerineSOC_0/inst/axiDMAInst/FSM_onehot_axiState_reg[20]_rep__8/CE (clocked by clk_pll_i). Large setup violations at the end of those stages might be difficult to fix during the post-placement implementation flow and could be the result of non-optimal XDC constraints or non-optimal design architecture
Related violations: <none>

TIMING-16#930 Warning
Large setup violation  
There is a large setup violation of -4.122 ns between tangerineA7_100_i/tangerineSOC_0/inst/axiDMAInst/cacheTagRamW3Inst/U0/inst_blk_mem_gen/gnbram.gnativebmg.native_blk_mem_gen/valid.cstr/ramloop[0].ram.r/prim_noinit.ram/DEVICE_7SERIES.NO_BMM_INFO.SP.WIDE_PRIM18.ram/CLKARDCLK (clocked by clk162_5_tangerineA7_100_clk_wiz_2_0) and tangerineA7_100_i/tangerineSOC_0/inst/axiDMAInst/FSM_onehot_axiState_reg[20]_rep__9/CE (clocked by clk_pll_i). Large setup violations at the end of those stages might be difficult to fix during the post-placement implementation flow and could be the result of non-optimal XDC constraints or non-optimal design architecture
Related violations: <none>

TIMING-16#931 Warning
Large setup violation  
There is a large setup violation of -4.122 ns between tangerineA7_100_i/tangerineSOC_0/inst/axiDMAInst/cacheTagRamW3Inst/U0/inst_blk_mem_gen/gnbram.gnativebmg.native_blk_mem_gen/valid.cstr/ramloop[0].ram.r/prim_noinit.ram/DEVICE_7SERIES.NO_BMM_INFO.SP.WIDE_PRIM18.ram/CLKARDCLK (clocked by clk162_5_tangerineA7_100_clk_wiz_2_0) and tangerineA7_100_i/tangerineSOC_0/inst/axiDMAInst/FSM_onehot_axiState_reg[32]/CE (clocked by clk_pll_i). Large setup violations at the end of those stages might be difficult to fix during the post-placement implementation flow and could be the result of non-optimal XDC constraints or non-optimal design architecture
Related violations: <none>

TIMING-16#932 Warning
Large setup violation  
There is a large setup violation of -4.122 ns between tangerineA7_100_i/tangerineSOC_0/inst/axiDMAInst/cacheTagRamW3Inst/U0/inst_blk_mem_gen/gnbram.gnativebmg.native_blk_mem_gen/valid.cstr/ramloop[0].ram.r/prim_noinit.ram/DEVICE_7SERIES.NO_BMM_INFO.SP.WIDE_PRIM18.ram/CLKARDCLK (clocked by clk162_5_tangerineA7_100_clk_wiz_2_0) and tangerineA7_100_i/tangerineSOC_0/inst/axiDMAInst/FSM_onehot_axiState_reg[33]/CE (clocked by clk_pll_i). Large setup violations at the end of those stages might be difficult to fix during the post-placement implementation flow and could be the result of non-optimal XDC constraints or non-optimal design architecture
Related violations: <none>

TIMING-16#933 Warning
Large setup violation  
There is a large setup violation of -4.123 ns between tangerineA7_100_i/tangerineSOC_0/inst/axiDMAInst/cacheTagRamW3Inst/U0/inst_blk_mem_gen/gnbram.gnativebmg.native_blk_mem_gen/valid.cstr/ramloop[0].ram.r/prim_noinit.ram/DEVICE_7SERIES.NO_BMM_INFO.SP.WIDE_PRIM18.ram/CLKARDCLK (clocked by clk162_5_tangerineA7_100_clk_wiz_2_0) and tangerineA7_100_i/tangerineSOC_0/inst/axiDMAInst/FSM_onehot_axiState_reg[17]/CE (clocked by clk_pll_i). Large setup violations at the end of those stages might be difficult to fix during the post-placement implementation flow and could be the result of non-optimal XDC constraints or non-optimal design architecture
Related violations: <none>

TIMING-16#934 Warning
Large setup violation  
There is a large setup violation of -4.123 ns between tangerineA7_100_i/tangerineSOC_0/inst/axiDMAInst/cacheTagRamW3Inst/U0/inst_blk_mem_gen/gnbram.gnativebmg.native_blk_mem_gen/valid.cstr/ramloop[0].ram.r/prim_noinit.ram/DEVICE_7SERIES.NO_BMM_INFO.SP.WIDE_PRIM18.ram/CLKARDCLK (clocked by clk162_5_tangerineA7_100_clk_wiz_2_0) and tangerineA7_100_i/tangerineSOC_0/inst/axiDMAInst/FSM_onehot_axiState_reg[20]_rep__26/CE (clocked by clk_pll_i). Large setup violations at the end of those stages might be difficult to fix during the post-placement implementation flow and could be the result of non-optimal XDC constraints or non-optimal design architecture
Related violations: <none>

TIMING-16#935 Warning
Large setup violation  
There is a large setup violation of -4.123 ns between tangerineA7_100_i/tangerineSOC_0/inst/axiDMAInst/cacheTagRamW3Inst/U0/inst_blk_mem_gen/gnbram.gnativebmg.native_blk_mem_gen/valid.cstr/ramloop[0].ram.r/prim_noinit.ram/DEVICE_7SERIES.NO_BMM_INFO.SP.WIDE_PRIM18.ram/CLKARDCLK (clocked by clk162_5_tangerineA7_100_clk_wiz_2_0) and tangerineA7_100_i/tangerineSOC_0/inst/axiDMAInst/FSM_onehot_axiState_reg[20]_rep__27/CE (clocked by clk_pll_i). Large setup violations at the end of those stages might be difficult to fix during the post-placement implementation flow and could be the result of non-optimal XDC constraints or non-optimal design architecture
Related violations: <none>

TIMING-16#936 Warning
Large setup violation  
There is a large setup violation of -4.123 ns between tangerineA7_100_i/tangerineSOC_0/inst/axiDMAInst/cacheTagRamW3Inst/U0/inst_blk_mem_gen/gnbram.gnativebmg.native_blk_mem_gen/valid.cstr/ramloop[0].ram.r/prim_noinit.ram/DEVICE_7SERIES.NO_BMM_INFO.SP.WIDE_PRIM18.ram/CLKARDCLK (clocked by clk162_5_tangerineA7_100_clk_wiz_2_0) and tangerineA7_100_i/tangerineSOC_0/inst/axiDMAInst/FSM_onehot_axiState_reg[21]_rep__25/CE (clocked by clk_pll_i). Large setup violations at the end of those stages might be difficult to fix during the post-placement implementation flow and could be the result of non-optimal XDC constraints or non-optimal design architecture
Related violations: <none>

TIMING-16#937 Warning
Large setup violation  
There is a large setup violation of -4.123 ns between tangerineA7_100_i/tangerineSOC_0/inst/axiDMAInst/cacheTagRamW3Inst/U0/inst_blk_mem_gen/gnbram.gnativebmg.native_blk_mem_gen/valid.cstr/ramloop[0].ram.r/prim_noinit.ram/DEVICE_7SERIES.NO_BMM_INFO.SP.WIDE_PRIM18.ram/CLKARDCLK (clocked by clk162_5_tangerineA7_100_clk_wiz_2_0) and tangerineA7_100_i/tangerineSOC_0/inst/axiDMAInst/FSM_onehot_axiState_reg[21]_rep__26/CE (clocked by clk_pll_i). Large setup violations at the end of those stages might be difficult to fix during the post-placement implementation flow and could be the result of non-optimal XDC constraints or non-optimal design architecture
Related violations: <none>

TIMING-16#938 Warning
Large setup violation  
There is a large setup violation of -4.123 ns between tangerineA7_100_i/tangerineSOC_0/inst/axiDMAInst/cacheTagRamW3Inst/U0/inst_blk_mem_gen/gnbram.gnativebmg.native_blk_mem_gen/valid.cstr/ramloop[0].ram.r/prim_noinit.ram/DEVICE_7SERIES.NO_BMM_INFO.SP.WIDE_PRIM18.ram/CLKARDCLK (clocked by clk162_5_tangerineA7_100_clk_wiz_2_0) and tangerineA7_100_i/tangerineSOC_0/inst/axiDMAInst/FSM_onehot_axiState_reg[21]_rep__28/CE (clocked by clk_pll_i). Large setup violations at the end of those stages might be difficult to fix during the post-placement implementation flow and could be the result of non-optimal XDC constraints or non-optimal design architecture
Related violations: <none>

TIMING-16#939 Warning
Large setup violation  
There is a large setup violation of -4.123 ns between tangerineA7_100_i/tangerineSOC_0/inst/axiDMAInst/cacheTagRamW3Inst/U0/inst_blk_mem_gen/gnbram.gnativebmg.native_blk_mem_gen/valid.cstr/ramloop[0].ram.r/prim_noinit.ram/DEVICE_7SERIES.NO_BMM_INFO.SP.WIDE_PRIM18.ram/CLKARDCLK (clocked by clk162_5_tangerineA7_100_clk_wiz_2_0) and tangerineA7_100_i/tangerineSOC_0/inst/axiDMAInst/FSM_onehot_axiState_reg[6]/CE (clocked by clk_pll_i). Large setup violations at the end of those stages might be difficult to fix during the post-placement implementation flow and could be the result of non-optimal XDC constraints or non-optimal design architecture
Related violations: <none>

TIMING-16#940 Warning
Large setup violation  
There is a large setup violation of -4.123 ns between tangerineA7_100_i/tangerineSOC_0/inst/axiDMAInst/cacheTagRamW3Inst/U0/inst_blk_mem_gen/gnbram.gnativebmg.native_blk_mem_gen/valid.cstr/ramloop[0].ram.r/prim_noinit.ram/DEVICE_7SERIES.NO_BMM_INFO.SP.WIDE_PRIM18.ram/CLKARDCLK (clocked by clk162_5_tangerineA7_100_clk_wiz_2_0) and tangerineA7_100_i/tangerineSOC_0/inst/axiDMAInst/FSM_onehot_axiState_reg[7]/CE (clocked by clk_pll_i). Large setup violations at the end of those stages might be difficult to fix during the post-placement implementation flow and could be the result of non-optimal XDC constraints or non-optimal design architecture
Related violations: <none>

TIMING-16#941 Warning
Large setup violation  
There is a large setup violation of -4.125 ns between tangerineA7_100_i/tangerineSOC_0/inst/axiDMAInst/cacheTagRamW3Inst/U0/inst_blk_mem_gen/gnbram.gnativebmg.native_blk_mem_gen/valid.cstr/ramloop[0].ram.r/prim_noinit.ram/DEVICE_7SERIES.NO_BMM_INFO.SP.WIDE_PRIM18.ram/CLKARDCLK (clocked by clk162_5_tangerineA7_100_clk_wiz_2_0) and tangerineA7_100_i/tangerineSOC_0/inst/axiDMAInst/FSM_onehot_axiState_reg[0]_rep__12/CE (clocked by clk_pll_i). Large setup violations at the end of those stages might be difficult to fix during the post-placement implementation flow and could be the result of non-optimal XDC constraints or non-optimal design architecture
Related violations: <none>

TIMING-16#942 Warning
Large setup violation  
There is a large setup violation of -4.125 ns between tangerineA7_100_i/tangerineSOC_0/inst/axiDMAInst/cacheTagRamW3Inst/U0/inst_blk_mem_gen/gnbram.gnativebmg.native_blk_mem_gen/valid.cstr/ramloop[0].ram.r/prim_noinit.ram/DEVICE_7SERIES.NO_BMM_INFO.SP.WIDE_PRIM18.ram/CLKARDCLK (clocked by clk162_5_tangerineA7_100_clk_wiz_2_0) and tangerineA7_100_i/tangerineSOC_0/inst/axiDMAInst/FSM_onehot_axiState_reg[16]/CE (clocked by clk_pll_i). Large setup violations at the end of those stages might be difficult to fix during the post-placement implementation flow and could be the result of non-optimal XDC constraints or non-optimal design architecture
Related violations: <none>

TIMING-16#943 Warning
Large setup violation  
There is a large setup violation of -4.125 ns between tangerineA7_100_i/tangerineSOC_0/inst/axiDMAInst/cacheTagRamW3Inst/U0/inst_blk_mem_gen/gnbram.gnativebmg.native_blk_mem_gen/valid.cstr/ramloop[0].ram.r/prim_noinit.ram/DEVICE_7SERIES.NO_BMM_INFO.SP.WIDE_PRIM18.ram/CLKARDCLK (clocked by clk162_5_tangerineA7_100_clk_wiz_2_0) and tangerineA7_100_i/tangerineSOC_0/inst/axiDMAInst/FSM_onehot_axiState_reg[20]_rep__10/CE (clocked by clk_pll_i). Large setup violations at the end of those stages might be difficult to fix during the post-placement implementation flow and could be the result of non-optimal XDC constraints or non-optimal design architecture
Related violations: <none>

TIMING-16#944 Warning
Large setup violation  
There is a large setup violation of -4.125 ns between tangerineA7_100_i/tangerineSOC_0/inst/axiDMAInst/cacheTagRamW3Inst/U0/inst_blk_mem_gen/gnbram.gnativebmg.native_blk_mem_gen/valid.cstr/ramloop[0].ram.r/prim_noinit.ram/DEVICE_7SERIES.NO_BMM_INFO.SP.WIDE_PRIM18.ram/CLKARDCLK (clocked by clk162_5_tangerineA7_100_clk_wiz_2_0) and tangerineA7_100_i/tangerineSOC_0/inst/axiDMAInst/FSM_onehot_axiState_reg[20]_rep__11/CE (clocked by clk_pll_i). Large setup violations at the end of those stages might be difficult to fix during the post-placement implementation flow and could be the result of non-optimal XDC constraints or non-optimal design architecture
Related violations: <none>

TIMING-16#945 Warning
Large setup violation  
There is a large setup violation of -4.125 ns between tangerineA7_100_i/tangerineSOC_0/inst/axiDMAInst/cacheTagRamW3Inst/U0/inst_blk_mem_gen/gnbram.gnativebmg.native_blk_mem_gen/valid.cstr/ramloop[0].ram.r/prim_noinit.ram/DEVICE_7SERIES.NO_BMM_INFO.SP.WIDE_PRIM18.ram/CLKARDCLK (clocked by clk162_5_tangerineA7_100_clk_wiz_2_0) and tangerineA7_100_i/tangerineSOC_0/inst/axiDMAInst/FSM_onehot_axiState_reg[21]_rep/CE (clocked by clk_pll_i). Large setup violations at the end of those stages might be difficult to fix during the post-placement implementation flow and could be the result of non-optimal XDC constraints or non-optimal design architecture
Related violations: <none>

TIMING-16#946 Warning
Large setup violation  
There is a large setup violation of -4.125 ns between tangerineA7_100_i/tangerineSOC_0/inst/axiDMAInst/cacheTagRamW3Inst/U0/inst_blk_mem_gen/gnbram.gnativebmg.native_blk_mem_gen/valid.cstr/ramloop[0].ram.r/prim_noinit.ram/DEVICE_7SERIES.NO_BMM_INFO.SP.WIDE_PRIM18.ram/CLKARDCLK (clocked by clk162_5_tangerineA7_100_clk_wiz_2_0) and tangerineA7_100_i/tangerineSOC_0/inst/axiDMAInst/FSM_onehot_axiState_reg[21]_rep__7/CE (clocked by clk_pll_i). Large setup violations at the end of those stages might be difficult to fix during the post-placement implementation flow and could be the result of non-optimal XDC constraints or non-optimal design architecture
Related violations: <none>

TIMING-16#947 Warning
Large setup violation  
There is a large setup violation of -4.125 ns between tangerineA7_100_i/tangerineSOC_0/inst/axiDMAInst/cacheTagRamW3Inst/U0/inst_blk_mem_gen/gnbram.gnativebmg.native_blk_mem_gen/valid.cstr/ramloop[0].ram.r/prim_noinit.ram/DEVICE_7SERIES.NO_BMM_INFO.SP.WIDE_PRIM18.ram/CLKARDCLK (clocked by clk162_5_tangerineA7_100_clk_wiz_2_0) and tangerineA7_100_i/tangerineSOC_0/inst/axiDMAInst/FSM_onehot_axiState_reg[21]_rep__8/CE (clocked by clk_pll_i). Large setup violations at the end of those stages might be difficult to fix during the post-placement implementation flow and could be the result of non-optimal XDC constraints or non-optimal design architecture
Related violations: <none>

TIMING-16#948 Warning
Large setup violation  
There is a large setup violation of -4.126 ns between tangerineA7_100_i/tangerineSOC_0/inst/axiDMAInst/cacheTagRamW3Inst/U0/inst_blk_mem_gen/gnbram.gnativebmg.native_blk_mem_gen/valid.cstr/ramloop[0].ram.r/prim_noinit.ram/DEVICE_7SERIES.NO_BMM_INFO.SP.WIDE_PRIM18.ram/CLKARDCLK (clocked by clk162_5_tangerineA7_100_clk_wiz_2_0) and tangerineA7_100_i/tangerineSOC_0/inst/axiDMAInst/FSM_onehot_axiState_reg[20]_rep__15/CE (clocked by clk_pll_i). Large setup violations at the end of those stages might be difficult to fix during the post-placement implementation flow and could be the result of non-optimal XDC constraints or non-optimal design architecture
Related violations: <none>

TIMING-16#949 Warning
Large setup violation  
There is a large setup violation of -4.126 ns between tangerineA7_100_i/tangerineSOC_0/inst/axiDMAInst/cacheTagRamW3Inst/U0/inst_blk_mem_gen/gnbram.gnativebmg.native_blk_mem_gen/valid.cstr/ramloop[0].ram.r/prim_noinit.ram/DEVICE_7SERIES.NO_BMM_INFO.SP.WIDE_PRIM18.ram/CLKARDCLK (clocked by clk162_5_tangerineA7_100_clk_wiz_2_0) and tangerineA7_100_i/tangerineSOC_0/inst/axiDMAInst/FSM_onehot_axiState_reg[20]_rep__25/CE (clocked by clk_pll_i). Large setup violations at the end of those stages might be difficult to fix during the post-placement implementation flow and could be the result of non-optimal XDC constraints or non-optimal design architecture
Related violations: <none>

TIMING-16#950 Warning
Large setup violation  
There is a large setup violation of -4.126 ns between tangerineA7_100_i/tangerineSOC_0/inst/axiDMAInst/cacheTagRamW3Inst/U0/inst_blk_mem_gen/gnbram.gnativebmg.native_blk_mem_gen/valid.cstr/ramloop[0].ram.r/prim_noinit.ram/DEVICE_7SERIES.NO_BMM_INFO.SP.WIDE_PRIM18.ram/CLKARDCLK (clocked by clk162_5_tangerineA7_100_clk_wiz_2_0) and tangerineA7_100_i/tangerineSOC_0/inst/axiDMAInst/FSM_onehot_axiState_reg[21]_rep__1/CE (clocked by clk_pll_i). Large setup violations at the end of those stages might be difficult to fix during the post-placement implementation flow and could be the result of non-optimal XDC constraints or non-optimal design architecture
Related violations: <none>

TIMING-16#951 Warning
Large setup violation  
There is a large setup violation of -4.126 ns between tangerineA7_100_i/tangerineSOC_0/inst/axiDMAInst/cacheTagRamW3Inst/U0/inst_blk_mem_gen/gnbram.gnativebmg.native_blk_mem_gen/valid.cstr/ramloop[0].ram.r/prim_noinit.ram/DEVICE_7SERIES.NO_BMM_INFO.SP.WIDE_PRIM18.ram/CLKARDCLK (clocked by clk162_5_tangerineA7_100_clk_wiz_2_0) and tangerineA7_100_i/tangerineSOC_0/inst/axiDMAInst/FSM_onehot_axiState_reg[21]_rep__18/CE (clocked by clk_pll_i). Large setup violations at the end of those stages might be difficult to fix during the post-placement implementation flow and could be the result of non-optimal XDC constraints or non-optimal design architecture
Related violations: <none>

TIMING-16#952 Warning
Large setup violation  
There is a large setup violation of -4.126 ns between tangerineA7_100_i/tangerineSOC_0/inst/axiDMAInst/cacheTagRamW3Inst/U0/inst_blk_mem_gen/gnbram.gnativebmg.native_blk_mem_gen/valid.cstr/ramloop[0].ram.r/prim_noinit.ram/DEVICE_7SERIES.NO_BMM_INFO.SP.WIDE_PRIM18.ram/CLKARDCLK (clocked by clk162_5_tangerineA7_100_clk_wiz_2_0) and tangerineA7_100_i/tangerineSOC_0/inst/axiDMAInst/FSM_onehot_axiState_reg[21]_rep__23/CE (clocked by clk_pll_i). Large setup violations at the end of those stages might be difficult to fix during the post-placement implementation flow and could be the result of non-optimal XDC constraints or non-optimal design architecture
Related violations: <none>

TIMING-16#953 Warning
Large setup violation  
There is a large setup violation of -4.126 ns between tangerineA7_100_i/tangerineSOC_0/inst/axiDMAInst/cacheTagRamW3Inst/U0/inst_blk_mem_gen/gnbram.gnativebmg.native_blk_mem_gen/valid.cstr/ramloop[0].ram.r/prim_noinit.ram/DEVICE_7SERIES.NO_BMM_INFO.SP.WIDE_PRIM18.ram/CLKARDCLK (clocked by clk162_5_tangerineA7_100_clk_wiz_2_0) and tangerineA7_100_i/tangerineSOC_0/inst/axiDMAInst/FSM_onehot_axiState_reg[21]_rep__24/CE (clocked by clk_pll_i). Large setup violations at the end of those stages might be difficult to fix during the post-placement implementation flow and could be the result of non-optimal XDC constraints or non-optimal design architecture
Related violations: <none>

TIMING-16#954 Warning
Large setup violation  
There is a large setup violation of -4.126 ns between tangerineA7_100_i/tangerineSOC_0/inst/axiDMAInst/cacheTagRamW3Inst/U0/inst_blk_mem_gen/gnbram.gnativebmg.native_blk_mem_gen/valid.cstr/ramloop[0].ram.r/prim_noinit.ram/DEVICE_7SERIES.NO_BMM_INFO.SP.WIDE_PRIM18.ram/CLKARDCLK (clocked by clk162_5_tangerineA7_100_clk_wiz_2_0) and tangerineA7_100_i/tangerineSOC_0/inst/axiDMAInst/FSM_onehot_axiState_reg[21]_rep__3/CE (clocked by clk_pll_i). Large setup violations at the end of those stages might be difficult to fix during the post-placement implementation flow and could be the result of non-optimal XDC constraints or non-optimal design architecture
Related violations: <none>

TIMING-16#955 Warning
Large setup violation  
There is a large setup violation of -4.126 ns between tangerineA7_100_i/tangerineSOC_0/inst/axiDMAInst/cacheTagRamW3Inst/U0/inst_blk_mem_gen/gnbram.gnativebmg.native_blk_mem_gen/valid.cstr/ramloop[0].ram.r/prim_noinit.ram/DEVICE_7SERIES.NO_BMM_INFO.SP.WIDE_PRIM18.ram/CLKARDCLK (clocked by clk162_5_tangerineA7_100_clk_wiz_2_0) and tangerineA7_100_i/tangerineSOC_0/inst/axiDMAInst/FSM_onehot_axiState_reg[9]/CE (clocked by clk_pll_i). Large setup violations at the end of those stages might be difficult to fix during the post-placement implementation flow and could be the result of non-optimal XDC constraints or non-optimal design architecture
Related violations: <none>

TIMING-16#956 Warning
Large setup violation  
There is a large setup violation of -4.132 ns between tangerineA7_100_i/tangerineSOC_0/inst/axiDMAInst/cacheTagRamW1Inst/U0/inst_blk_mem_gen/gnbram.gnativebmg.native_blk_mem_gen/valid.cstr/ramloop[0].ram.r/prim_noinit.ram/DEVICE_7SERIES.NO_BMM_INFO.SP.WIDE_PRIM18.ram/CLKARDCLK (clocked by clk162_5_tangerineA7_100_clk_wiz_2_0) and tangerineA7_100_i/tangerineSOC_0/inst/axiDMAInst/ch3DOut_reg[29]/D (clocked by clk_pll_i). Large setup violations at the end of those stages might be difficult to fix during the post-placement implementation flow and could be the result of non-optimal XDC constraints or non-optimal design architecture
Related violations: <none>

TIMING-16#957 Warning
Large setup violation  
There is a large setup violation of -4.133 ns between tangerineA7_100_i/tangerineSOC_0/inst/axiDMAInst/cacheTagRamW3Inst/U0/inst_blk_mem_gen/gnbram.gnativebmg.native_blk_mem_gen/valid.cstr/ramloop[0].ram.r/prim_noinit.ram/DEVICE_7SERIES.NO_BMM_INFO.SP.WIDE_PRIM18.ram/CLKARDCLK (clocked by clk162_5_tangerineA7_100_clk_wiz_2_0) and tangerineA7_100_i/tangerineSOC_0/inst/axiDMAInst/FSM_onehot_axiState_reg[20]_rep__18/CE (clocked by clk_pll_i). Large setup violations at the end of those stages might be difficult to fix during the post-placement implementation flow and could be the result of non-optimal XDC constraints or non-optimal design architecture
Related violations: <none>

TIMING-16#958 Warning
Large setup violation  
There is a large setup violation of -4.133 ns between tangerineA7_100_i/tangerineSOC_0/inst/axiDMAInst/cacheTagRamW3Inst/U0/inst_blk_mem_gen/gnbram.gnativebmg.native_blk_mem_gen/valid.cstr/ramloop[0].ram.r/prim_noinit.ram/DEVICE_7SERIES.NO_BMM_INFO.SP.WIDE_PRIM18.ram/CLKARDCLK (clocked by clk162_5_tangerineA7_100_clk_wiz_2_0) and tangerineA7_100_i/tangerineSOC_0/inst/axiDMAInst/FSM_onehot_axiState_reg[20]_rep__19/CE (clocked by clk_pll_i). Large setup violations at the end of those stages might be difficult to fix during the post-placement implementation flow and could be the result of non-optimal XDC constraints or non-optimal design architecture
Related violations: <none>

TIMING-16#959 Warning
Large setup violation  
There is a large setup violation of -4.133 ns between tangerineA7_100_i/tangerineSOC_0/inst/axiDMAInst/cacheTagRamW3Inst/U0/inst_blk_mem_gen/gnbram.gnativebmg.native_blk_mem_gen/valid.cstr/ramloop[0].ram.r/prim_noinit.ram/DEVICE_7SERIES.NO_BMM_INFO.SP.WIDE_PRIM18.ram/CLKARDCLK (clocked by clk162_5_tangerineA7_100_clk_wiz_2_0) and tangerineA7_100_i/tangerineSOC_0/inst/axiDMAInst/FSM_onehot_axiState_reg[20]_rep__22/CE (clocked by clk_pll_i). Large setup violations at the end of those stages might be difficult to fix during the post-placement implementation flow and could be the result of non-optimal XDC constraints or non-optimal design architecture
Related violations: <none>

TIMING-16#960 Warning
Large setup violation  
There is a large setup violation of -4.133 ns between tangerineA7_100_i/tangerineSOC_0/inst/axiDMAInst/cacheTagRamW3Inst/U0/inst_blk_mem_gen/gnbram.gnativebmg.native_blk_mem_gen/valid.cstr/ramloop[0].ram.r/prim_noinit.ram/DEVICE_7SERIES.NO_BMM_INFO.SP.WIDE_PRIM18.ram/CLKARDCLK (clocked by clk162_5_tangerineA7_100_clk_wiz_2_0) and tangerineA7_100_i/tangerineSOC_0/inst/axiDMAInst/FSM_onehot_axiState_reg[20]_rep__30/CE (clocked by clk_pll_i). Large setup violations at the end of those stages might be difficult to fix during the post-placement implementation flow and could be the result of non-optimal XDC constraints or non-optimal design architecture
Related violations: <none>

TIMING-16#961 Warning
Large setup violation  
There is a large setup violation of -4.133 ns between tangerineA7_100_i/tangerineSOC_0/inst/axiDMAInst/cacheTagRamW3Inst/U0/inst_blk_mem_gen/gnbram.gnativebmg.native_blk_mem_gen/valid.cstr/ramloop[0].ram.r/prim_noinit.ram/DEVICE_7SERIES.NO_BMM_INFO.SP.WIDE_PRIM18.ram/CLKARDCLK (clocked by clk162_5_tangerineA7_100_clk_wiz_2_0) and tangerineA7_100_i/tangerineSOC_0/inst/axiDMAInst/FSM_onehot_axiState_reg[21]_rep__16/CE (clocked by clk_pll_i). Large setup violations at the end of those stages might be difficult to fix during the post-placement implementation flow and could be the result of non-optimal XDC constraints or non-optimal design architecture
Related violations: <none>

TIMING-16#962 Warning
Large setup violation  
There is a large setup violation of -4.133 ns between tangerineA7_100_i/tangerineSOC_0/inst/axiDMAInst/cacheTagRamW3Inst/U0/inst_blk_mem_gen/gnbram.gnativebmg.native_blk_mem_gen/valid.cstr/ramloop[0].ram.r/prim_noinit.ram/DEVICE_7SERIES.NO_BMM_INFO.SP.WIDE_PRIM18.ram/CLKARDCLK (clocked by clk162_5_tangerineA7_100_clk_wiz_2_0) and tangerineA7_100_i/tangerineSOC_0/inst/axiDMAInst/FSM_onehot_axiState_reg[21]_rep__4/CE (clocked by clk_pll_i). Large setup violations at the end of those stages might be difficult to fix during the post-placement implementation flow and could be the result of non-optimal XDC constraints or non-optimal design architecture
Related violations: <none>

TIMING-16#963 Warning
Large setup violation  
There is a large setup violation of -4.133 ns between tangerineA7_100_i/tangerineSOC_0/inst/axiDMAInst/cacheTagRamW3Inst/U0/inst_blk_mem_gen/gnbram.gnativebmg.native_blk_mem_gen/valid.cstr/ramloop[0].ram.r/prim_noinit.ram/DEVICE_7SERIES.NO_BMM_INFO.SP.WIDE_PRIM18.ram/CLKARDCLK (clocked by clk162_5_tangerineA7_100_clk_wiz_2_0) and tangerineA7_100_i/tangerineSOC_0/inst/axiDMAInst/FSM_onehot_axiState_reg[3]/CE (clocked by clk_pll_i). Large setup violations at the end of those stages might be difficult to fix during the post-placement implementation flow and could be the result of non-optimal XDC constraints or non-optimal design architecture
Related violations: <none>

TIMING-16#964 Warning
Large setup violation  
There is a large setup violation of -4.150 ns between tangerineA7_100_i/tangerineSOC_0/inst/axiDMAInst/cacheTagRamW1Inst/U0/inst_blk_mem_gen/gnbram.gnativebmg.native_blk_mem_gen/valid.cstr/ramloop[0].ram.r/prim_noinit.ram/DEVICE_7SERIES.NO_BMM_INFO.SP.WIDE_PRIM18.ram/CLKARDCLK (clocked by clk162_5_tangerineA7_100_clk_wiz_2_0) and tangerineA7_100_i/tangerineSOC_0/inst/axiDMAInst/ch0DOut_reg[12]/CE (clocked by clk_pll_i). Large setup violations at the end of those stages might be difficult to fix during the post-placement implementation flow and could be the result of non-optimal XDC constraints or non-optimal design architecture
Related violations: <none>

TIMING-16#965 Warning
Large setup violation  
There is a large setup violation of -4.150 ns between tangerineA7_100_i/tangerineSOC_0/inst/axiDMAInst/cacheTagRamW1Inst/U0/inst_blk_mem_gen/gnbram.gnativebmg.native_blk_mem_gen/valid.cstr/ramloop[0].ram.r/prim_noinit.ram/DEVICE_7SERIES.NO_BMM_INFO.SP.WIDE_PRIM18.ram/CLKARDCLK (clocked by clk162_5_tangerineA7_100_clk_wiz_2_0) and tangerineA7_100_i/tangerineSOC_0/inst/axiDMAInst/ch0DOut_reg[16]/CE (clocked by clk_pll_i). Large setup violations at the end of those stages might be difficult to fix during the post-placement implementation flow and could be the result of non-optimal XDC constraints or non-optimal design architecture
Related violations: <none>

TIMING-16#966 Warning
Large setup violation  
There is a large setup violation of -4.150 ns between tangerineA7_100_i/tangerineSOC_0/inst/axiDMAInst/cacheTagRamW1Inst/U0/inst_blk_mem_gen/gnbram.gnativebmg.native_blk_mem_gen/valid.cstr/ramloop[0].ram.r/prim_noinit.ram/DEVICE_7SERIES.NO_BMM_INFO.SP.WIDE_PRIM18.ram/CLKARDCLK (clocked by clk162_5_tangerineA7_100_clk_wiz_2_0) and tangerineA7_100_i/tangerineSOC_0/inst/axiDMAInst/ch0DOut_reg[1]/CE (clocked by clk_pll_i). Large setup violations at the end of those stages might be difficult to fix during the post-placement implementation flow and could be the result of non-optimal XDC constraints or non-optimal design architecture
Related violations: <none>

TIMING-16#967 Warning
Large setup violation  
There is a large setup violation of -4.165 ns between tangerineA7_100_i/tangerineSOC_0/inst/axiDMAInst/cacheTagRamW3Inst/U0/inst_blk_mem_gen/gnbram.gnativebmg.native_blk_mem_gen/valid.cstr/ramloop[0].ram.r/prim_noinit.ram/DEVICE_7SERIES.NO_BMM_INFO.SP.WIDE_PRIM18.ram/CLKARDCLK (clocked by clk162_5_tangerineA7_100_clk_wiz_2_0) and tangerineA7_100_i/tangerineSOC_0/inst/axiDMAInst/FSM_onehot_axiState_reg[20]_rep__17/CE (clocked by clk_pll_i). Large setup violations at the end of those stages might be difficult to fix during the post-placement implementation flow and could be the result of non-optimal XDC constraints or non-optimal design architecture
Related violations: <none>

TIMING-16#968 Warning
Large setup violation  
There is a large setup violation of -4.165 ns between tangerineA7_100_i/tangerineSOC_0/inst/axiDMAInst/cacheTagRamW3Inst/U0/inst_blk_mem_gen/gnbram.gnativebmg.native_blk_mem_gen/valid.cstr/ramloop[0].ram.r/prim_noinit.ram/DEVICE_7SERIES.NO_BMM_INFO.SP.WIDE_PRIM18.ram/CLKARDCLK (clocked by clk162_5_tangerineA7_100_clk_wiz_2_0) and tangerineA7_100_i/tangerineSOC_0/inst/axiDMAInst/FSM_onehot_axiState_reg[20]_rep__2/CE (clocked by clk_pll_i). Large setup violations at the end of those stages might be difficult to fix during the post-placement implementation flow and could be the result of non-optimal XDC constraints or non-optimal design architecture
Related violations: <none>

TIMING-16#969 Warning
Large setup violation  
There is a large setup violation of -4.165 ns between tangerineA7_100_i/tangerineSOC_0/inst/axiDMAInst/cacheTagRamW3Inst/U0/inst_blk_mem_gen/gnbram.gnativebmg.native_blk_mem_gen/valid.cstr/ramloop[0].ram.r/prim_noinit.ram/DEVICE_7SERIES.NO_BMM_INFO.SP.WIDE_PRIM18.ram/CLKARDCLK (clocked by clk162_5_tangerineA7_100_clk_wiz_2_0) and tangerineA7_100_i/tangerineSOC_0/inst/axiDMAInst/FSM_onehot_axiState_reg[20]_rep__20/CE (clocked by clk_pll_i). Large setup violations at the end of those stages might be difficult to fix during the post-placement implementation flow and could be the result of non-optimal XDC constraints or non-optimal design architecture
Related violations: <none>

TIMING-16#970 Warning
Large setup violation  
There is a large setup violation of -4.165 ns between tangerineA7_100_i/tangerineSOC_0/inst/axiDMAInst/cacheTagRamW3Inst/U0/inst_blk_mem_gen/gnbram.gnativebmg.native_blk_mem_gen/valid.cstr/ramloop[0].ram.r/prim_noinit.ram/DEVICE_7SERIES.NO_BMM_INFO.SP.WIDE_PRIM18.ram/CLKARDCLK (clocked by clk162_5_tangerineA7_100_clk_wiz_2_0) and tangerineA7_100_i/tangerineSOC_0/inst/axiDMAInst/FSM_onehot_axiState_reg[20]_rep__21/CE (clocked by clk_pll_i). Large setup violations at the end of those stages might be difficult to fix during the post-placement implementation flow and could be the result of non-optimal XDC constraints or non-optimal design architecture
Related violations: <none>

TIMING-16#971 Warning
Large setup violation  
There is a large setup violation of -4.165 ns between tangerineA7_100_i/tangerineSOC_0/inst/axiDMAInst/cacheTagRamW3Inst/U0/inst_blk_mem_gen/gnbram.gnativebmg.native_blk_mem_gen/valid.cstr/ramloop[0].ram.r/prim_noinit.ram/DEVICE_7SERIES.NO_BMM_INFO.SP.WIDE_PRIM18.ram/CLKARDCLK (clocked by clk162_5_tangerineA7_100_clk_wiz_2_0) and tangerineA7_100_i/tangerineSOC_0/inst/axiDMAInst/FSM_onehot_axiState_reg[20]_rep__3/CE (clocked by clk_pll_i). Large setup violations at the end of those stages might be difficult to fix during the post-placement implementation flow and could be the result of non-optimal XDC constraints or non-optimal design architecture
Related violations: <none>

TIMING-16#972 Warning
Large setup violation  
There is a large setup violation of -4.165 ns between tangerineA7_100_i/tangerineSOC_0/inst/axiDMAInst/cacheTagRamW3Inst/U0/inst_blk_mem_gen/gnbram.gnativebmg.native_blk_mem_gen/valid.cstr/ramloop[0].ram.r/prim_noinit.ram/DEVICE_7SERIES.NO_BMM_INFO.SP.WIDE_PRIM18.ram/CLKARDCLK (clocked by clk162_5_tangerineA7_100_clk_wiz_2_0) and tangerineA7_100_i/tangerineSOC_0/inst/axiDMAInst/FSM_onehot_axiState_reg[21]_rep__30/CE (clocked by clk_pll_i). Large setup violations at the end of those stages might be difficult to fix during the post-placement implementation flow and could be the result of non-optimal XDC constraints or non-optimal design architecture
Related violations: <none>

TIMING-16#973 Warning
Large setup violation  
There is a large setup violation of -4.165 ns between tangerineA7_100_i/tangerineSOC_0/inst/axiDMAInst/cacheTagRamW3Inst/U0/inst_blk_mem_gen/gnbram.gnativebmg.native_blk_mem_gen/valid.cstr/ramloop[0].ram.r/prim_noinit.ram/DEVICE_7SERIES.NO_BMM_INFO.SP.WIDE_PRIM18.ram/CLKARDCLK (clocked by clk162_5_tangerineA7_100_clk_wiz_2_0) and tangerineA7_100_i/tangerineSOC_0/inst/axiDMAInst/FSM_onehot_axiState_reg[21]_rep__9/CE (clocked by clk_pll_i). Large setup violations at the end of those stages might be difficult to fix during the post-placement implementation flow and could be the result of non-optimal XDC constraints or non-optimal design architecture
Related violations: <none>

TIMING-16#974 Warning
Large setup violation  
There is a large setup violation of -4.165 ns between tangerineA7_100_i/tangerineSOC_0/inst/axiDMAInst/cacheTagRamW3Inst/U0/inst_blk_mem_gen/gnbram.gnativebmg.native_blk_mem_gen/valid.cstr/ramloop[0].ram.r/prim_noinit.ram/DEVICE_7SERIES.NO_BMM_INFO.SP.WIDE_PRIM18.ram/CLKARDCLK (clocked by clk162_5_tangerineA7_100_clk_wiz_2_0) and tangerineA7_100_i/tangerineSOC_0/inst/axiDMAInst/FSM_onehot_axiState_reg[29]/CE (clocked by clk_pll_i). Large setup violations at the end of those stages might be difficult to fix during the post-placement implementation flow and could be the result of non-optimal XDC constraints or non-optimal design architecture
Related violations: <none>

TIMING-16#975 Warning
Large setup violation  
There is a large setup violation of -4.229 ns between tangerineA7_100_i/tangerineSOC_0/inst/axiDMAInst/cacheTagRamW3Inst/U0/inst_blk_mem_gen/gnbram.gnativebmg.native_blk_mem_gen/valid.cstr/ramloop[0].ram.r/prim_noinit.ram/DEVICE_7SERIES.NO_BMM_INFO.SP.WIDE_PRIM18.ram/CLKARDCLK (clocked by clk162_5_tangerineA7_100_clk_wiz_2_0) and tangerineA7_100_i/tangerineSOC_0/inst/axiDMAInst/FSM_onehot_axiState_reg[21]_rep__11/CE (clocked by clk_pll_i). Large setup violations at the end of those stages might be difficult to fix during the post-placement implementation flow and could be the result of non-optimal XDC constraints or non-optimal design architecture
Related violations: <none>

TIMING-16#976 Warning
Large setup violation  
There is a large setup violation of -4.229 ns between tangerineA7_100_i/tangerineSOC_0/inst/axiDMAInst/cacheTagRamW3Inst/U0/inst_blk_mem_gen/gnbram.gnativebmg.native_blk_mem_gen/valid.cstr/ramloop[0].ram.r/prim_noinit.ram/DEVICE_7SERIES.NO_BMM_INFO.SP.WIDE_PRIM18.ram/CLKARDCLK (clocked by clk162_5_tangerineA7_100_clk_wiz_2_0) and tangerineA7_100_i/tangerineSOC_0/inst/axiDMAInst/FSM_onehot_axiState_reg[21]_rep__13/CE (clocked by clk_pll_i). Large setup violations at the end of those stages might be difficult to fix during the post-placement implementation flow and could be the result of non-optimal XDC constraints or non-optimal design architecture
Related violations: <none>

TIMING-16#977 Warning
Large setup violation  
There is a large setup violation of -4.229 ns between tangerineA7_100_i/tangerineSOC_0/inst/axiDMAInst/cacheTagRamW3Inst/U0/inst_blk_mem_gen/gnbram.gnativebmg.native_blk_mem_gen/valid.cstr/ramloop[0].ram.r/prim_noinit.ram/DEVICE_7SERIES.NO_BMM_INFO.SP.WIDE_PRIM18.ram/CLKARDCLK (clocked by clk162_5_tangerineA7_100_clk_wiz_2_0) and tangerineA7_100_i/tangerineSOC_0/inst/axiDMAInst/FSM_onehot_axiState_reg[21]_rep__2/CE (clocked by clk_pll_i). Large setup violations at the end of those stages might be difficult to fix during the post-placement implementation flow and could be the result of non-optimal XDC constraints or non-optimal design architecture
Related violations: <none>

TIMING-16#978 Warning
Large setup violation  
There is a large setup violation of -4.229 ns between tangerineA7_100_i/tangerineSOC_0/inst/axiDMAInst/cacheTagRamW3Inst/U0/inst_blk_mem_gen/gnbram.gnativebmg.native_blk_mem_gen/valid.cstr/ramloop[0].ram.r/prim_noinit.ram/DEVICE_7SERIES.NO_BMM_INFO.SP.WIDE_PRIM18.ram/CLKARDCLK (clocked by clk162_5_tangerineA7_100_clk_wiz_2_0) and tangerineA7_100_i/tangerineSOC_0/inst/axiDMAInst/FSM_onehot_axiState_reg[21]_rep__27/CE (clocked by clk_pll_i). Large setup violations at the end of those stages might be difficult to fix during the post-placement implementation flow and could be the result of non-optimal XDC constraints or non-optimal design architecture
Related violations: <none>

TIMING-16#979 Warning
Large setup violation  
There is a large setup violation of -4.230 ns between tangerineA7_100_i/tangerineSOC_0/inst/axiDMAInst/cacheTagRamW3Inst/U0/inst_blk_mem_gen/gnbram.gnativebmg.native_blk_mem_gen/valid.cstr/ramloop[0].ram.r/prim_noinit.ram/DEVICE_7SERIES.NO_BMM_INFO.SP.WIDE_PRIM18.ram/CLKARDCLK (clocked by clk162_5_tangerineA7_100_clk_wiz_2_0) and tangerineA7_100_i/tangerineSOC_0/inst/axiDMAInst/FSM_onehot_axiState_reg[0]_rep__15/CE (clocked by clk_pll_i). Large setup violations at the end of those stages might be difficult to fix during the post-placement implementation flow and could be the result of non-optimal XDC constraints or non-optimal design architecture
Related violations: <none>

TIMING-16#980 Warning
Large setup violation  
There is a large setup violation of -4.230 ns between tangerineA7_100_i/tangerineSOC_0/inst/axiDMAInst/cacheTagRamW3Inst/U0/inst_blk_mem_gen/gnbram.gnativebmg.native_blk_mem_gen/valid.cstr/ramloop[0].ram.r/prim_noinit.ram/DEVICE_7SERIES.NO_BMM_INFO.SP.WIDE_PRIM18.ram/CLKARDCLK (clocked by clk162_5_tangerineA7_100_clk_wiz_2_0) and tangerineA7_100_i/tangerineSOC_0/inst/axiDMAInst/FSM_onehot_axiState_reg[10]/CE (clocked by clk_pll_i). Large setup violations at the end of those stages might be difficult to fix during the post-placement implementation flow and could be the result of non-optimal XDC constraints or non-optimal design architecture
Related violations: <none>

TIMING-16#981 Warning
Large setup violation  
There is a large setup violation of -4.230 ns between tangerineA7_100_i/tangerineSOC_0/inst/axiDMAInst/cacheTagRamW3Inst/U0/inst_blk_mem_gen/gnbram.gnativebmg.native_blk_mem_gen/valid.cstr/ramloop[0].ram.r/prim_noinit.ram/DEVICE_7SERIES.NO_BMM_INFO.SP.WIDE_PRIM18.ram/CLKARDCLK (clocked by clk162_5_tangerineA7_100_clk_wiz_2_0) and tangerineA7_100_i/tangerineSOC_0/inst/axiDMAInst/FSM_onehot_axiState_reg[13]/CE (clocked by clk_pll_i). Large setup violations at the end of those stages might be difficult to fix during the post-placement implementation flow and could be the result of non-optimal XDC constraints or non-optimal design architecture
Related violations: <none>

TIMING-16#982 Warning
Large setup violation  
There is a large setup violation of -4.230 ns between tangerineA7_100_i/tangerineSOC_0/inst/axiDMAInst/cacheTagRamW3Inst/U0/inst_blk_mem_gen/gnbram.gnativebmg.native_blk_mem_gen/valid.cstr/ramloop[0].ram.r/prim_noinit.ram/DEVICE_7SERIES.NO_BMM_INFO.SP.WIDE_PRIM18.ram/CLKARDCLK (clocked by clk162_5_tangerineA7_100_clk_wiz_2_0) and tangerineA7_100_i/tangerineSOC_0/inst/axiDMAInst/FSM_onehot_axiState_reg[20]_rep__14/CE (clocked by clk_pll_i). Large setup violations at the end of those stages might be difficult to fix during the post-placement implementation flow and could be the result of non-optimal XDC constraints or non-optimal design architecture
Related violations: <none>

TIMING-16#983 Warning
Large setup violation  
There is a large setup violation of -4.230 ns between tangerineA7_100_i/tangerineSOC_0/inst/axiDMAInst/cacheTagRamW3Inst/U0/inst_blk_mem_gen/gnbram.gnativebmg.native_blk_mem_gen/valid.cstr/ramloop[0].ram.r/prim_noinit.ram/DEVICE_7SERIES.NO_BMM_INFO.SP.WIDE_PRIM18.ram/CLKARDCLK (clocked by clk162_5_tangerineA7_100_clk_wiz_2_0) and tangerineA7_100_i/tangerineSOC_0/inst/axiDMAInst/FSM_onehot_axiState_reg[21]_rep__0/CE (clocked by clk_pll_i). Large setup violations at the end of those stages might be difficult to fix during the post-placement implementation flow and could be the result of non-optimal XDC constraints or non-optimal design architecture
Related violations: <none>

TIMING-16#984 Warning
Large setup violation  
There is a large setup violation of -4.230 ns between tangerineA7_100_i/tangerineSOC_0/inst/axiDMAInst/cacheTagRamW3Inst/U0/inst_blk_mem_gen/gnbram.gnativebmg.native_blk_mem_gen/valid.cstr/ramloop[0].ram.r/prim_noinit.ram/DEVICE_7SERIES.NO_BMM_INFO.SP.WIDE_PRIM18.ram/CLKARDCLK (clocked by clk162_5_tangerineA7_100_clk_wiz_2_0) and tangerineA7_100_i/tangerineSOC_0/inst/axiDMAInst/FSM_onehot_axiState_reg[21]_rep__17/CE (clocked by clk_pll_i). Large setup violations at the end of those stages might be difficult to fix during the post-placement implementation flow and could be the result of non-optimal XDC constraints or non-optimal design architecture
Related violations: <none>

TIMING-16#985 Warning
Large setup violation  
There is a large setup violation of -4.230 ns between tangerineA7_100_i/tangerineSOC_0/inst/axiDMAInst/cacheTagRamW3Inst/U0/inst_blk_mem_gen/gnbram.gnativebmg.native_blk_mem_gen/valid.cstr/ramloop[0].ram.r/prim_noinit.ram/DEVICE_7SERIES.NO_BMM_INFO.SP.WIDE_PRIM18.ram/CLKARDCLK (clocked by clk162_5_tangerineA7_100_clk_wiz_2_0) and tangerineA7_100_i/tangerineSOC_0/inst/axiDMAInst/FSM_onehot_axiState_reg[21]_rep__20/CE (clocked by clk_pll_i). Large setup violations at the end of those stages might be difficult to fix during the post-placement implementation flow and could be the result of non-optimal XDC constraints or non-optimal design architecture
Related violations: <none>

TIMING-16#986 Warning
Large setup violation  
There is a large setup violation of -4.230 ns between tangerineA7_100_i/tangerineSOC_0/inst/axiDMAInst/cacheTagRamW3Inst/U0/inst_blk_mem_gen/gnbram.gnativebmg.native_blk_mem_gen/valid.cstr/ramloop[0].ram.r/prim_noinit.ram/DEVICE_7SERIES.NO_BMM_INFO.SP.WIDE_PRIM18.ram/CLKARDCLK (clocked by clk162_5_tangerineA7_100_clk_wiz_2_0) and tangerineA7_100_i/tangerineSOC_0/inst/axiDMAInst/FSM_onehot_axiState_reg[25]/CE (clocked by clk_pll_i). Large setup violations at the end of those stages might be difficult to fix during the post-placement implementation flow and could be the result of non-optimal XDC constraints or non-optimal design architecture
Related violations: <none>

TIMING-16#987 Warning
Large setup violation  
There is a large setup violation of -4.250 ns between tangerineA7_100_i/tangerineSOC_0/inst/axiDMAInst/cacheTagRamW3Inst/U0/inst_blk_mem_gen/gnbram.gnativebmg.native_blk_mem_gen/valid.cstr/ramloop[0].ram.r/prim_noinit.ram/DEVICE_7SERIES.NO_BMM_INFO.SP.WIDE_PRIM18.ram/CLKARDCLK (clocked by clk162_5_tangerineA7_100_clk_wiz_2_0) and tangerineA7_100_i/tangerineSOC_0/inst/axiDMAInst/FSM_onehot_axiState_reg[0]_rep__5/CE (clocked by clk_pll_i). Large setup violations at the end of those stages might be difficult to fix during the post-placement implementation flow and could be the result of non-optimal XDC constraints or non-optimal design architecture
Related violations: <none>

TIMING-16#988 Warning
Large setup violation  
There is a large setup violation of -4.250 ns between tangerineA7_100_i/tangerineSOC_0/inst/axiDMAInst/cacheTagRamW3Inst/U0/inst_blk_mem_gen/gnbram.gnativebmg.native_blk_mem_gen/valid.cstr/ramloop[0].ram.r/prim_noinit.ram/DEVICE_7SERIES.NO_BMM_INFO.SP.WIDE_PRIM18.ram/CLKARDCLK (clocked by clk162_5_tangerineA7_100_clk_wiz_2_0) and tangerineA7_100_i/tangerineSOC_0/inst/axiDMAInst/FSM_onehot_axiState_reg[19]/CE (clocked by clk_pll_i). Large setup violations at the end of those stages might be difficult to fix during the post-placement implementation flow and could be the result of non-optimal XDC constraints or non-optimal design architecture
Related violations: <none>

TIMING-16#989 Warning
Large setup violation  
There is a large setup violation of -4.250 ns between tangerineA7_100_i/tangerineSOC_0/inst/axiDMAInst/cacheTagRamW3Inst/U0/inst_blk_mem_gen/gnbram.gnativebmg.native_blk_mem_gen/valid.cstr/ramloop[0].ram.r/prim_noinit.ram/DEVICE_7SERIES.NO_BMM_INFO.SP.WIDE_PRIM18.ram/CLKARDCLK (clocked by clk162_5_tangerineA7_100_clk_wiz_2_0) and tangerineA7_100_i/tangerineSOC_0/inst/axiDMAInst/FSM_onehot_axiState_reg[20]_rep__12/CE (clocked by clk_pll_i). Large setup violations at the end of those stages might be difficult to fix during the post-placement implementation flow and could be the result of non-optimal XDC constraints or non-optimal design architecture
Related violations: <none>

TIMING-16#990 Warning
Large setup violation  
There is a large setup violation of -4.250 ns between tangerineA7_100_i/tangerineSOC_0/inst/axiDMAInst/cacheTagRamW3Inst/U0/inst_blk_mem_gen/gnbram.gnativebmg.native_blk_mem_gen/valid.cstr/ramloop[0].ram.r/prim_noinit.ram/DEVICE_7SERIES.NO_BMM_INFO.SP.WIDE_PRIM18.ram/CLKARDCLK (clocked by clk162_5_tangerineA7_100_clk_wiz_2_0) and tangerineA7_100_i/tangerineSOC_0/inst/axiDMAInst/FSM_onehot_axiState_reg[20]_rep__23/CE (clocked by clk_pll_i). Large setup violations at the end of those stages might be difficult to fix during the post-placement implementation flow and could be the result of non-optimal XDC constraints or non-optimal design architecture
Related violations: <none>

TIMING-16#991 Warning
Large setup violation  
There is a large setup violation of -4.250 ns between tangerineA7_100_i/tangerineSOC_0/inst/axiDMAInst/cacheTagRamW3Inst/U0/inst_blk_mem_gen/gnbram.gnativebmg.native_blk_mem_gen/valid.cstr/ramloop[0].ram.r/prim_noinit.ram/DEVICE_7SERIES.NO_BMM_INFO.SP.WIDE_PRIM18.ram/CLKARDCLK (clocked by clk162_5_tangerineA7_100_clk_wiz_2_0) and tangerineA7_100_i/tangerineSOC_0/inst/axiDMAInst/FSM_onehot_axiState_reg[20]_rep__24/CE (clocked by clk_pll_i). Large setup violations at the end of those stages might be difficult to fix during the post-placement implementation flow and could be the result of non-optimal XDC constraints or non-optimal design architecture
Related violations: <none>

TIMING-16#992 Warning
Large setup violation  
There is a large setup violation of -4.250 ns between tangerineA7_100_i/tangerineSOC_0/inst/axiDMAInst/cacheTagRamW3Inst/U0/inst_blk_mem_gen/gnbram.gnativebmg.native_blk_mem_gen/valid.cstr/ramloop[0].ram.r/prim_noinit.ram/DEVICE_7SERIES.NO_BMM_INFO.SP.WIDE_PRIM18.ram/CLKARDCLK (clocked by clk162_5_tangerineA7_100_clk_wiz_2_0) and tangerineA7_100_i/tangerineSOC_0/inst/axiDMAInst/FSM_onehot_axiState_reg[21]_rep__12/CE (clocked by clk_pll_i). Large setup violations at the end of those stages might be difficult to fix during the post-placement implementation flow and could be the result of non-optimal XDC constraints or non-optimal design architecture
Related violations: <none>

TIMING-16#993 Warning
Large setup violation  
There is a large setup violation of -4.250 ns between tangerineA7_100_i/tangerineSOC_0/inst/axiDMAInst/cacheTagRamW3Inst/U0/inst_blk_mem_gen/gnbram.gnativebmg.native_blk_mem_gen/valid.cstr/ramloop[0].ram.r/prim_noinit.ram/DEVICE_7SERIES.NO_BMM_INFO.SP.WIDE_PRIM18.ram/CLKARDCLK (clocked by clk162_5_tangerineA7_100_clk_wiz_2_0) and tangerineA7_100_i/tangerineSOC_0/inst/axiDMAInst/FSM_onehot_axiState_reg[30]/CE (clocked by clk_pll_i). Large setup violations at the end of those stages might be difficult to fix during the post-placement implementation flow and could be the result of non-optimal XDC constraints or non-optimal design architecture
Related violations: <none>

TIMING-16#994 Warning
Large setup violation  
There is a large setup violation of -4.255 ns between tangerineA7_100_i/tangerineSOC_0/inst/axiDMAInst/cacheTagRamW3Inst/U0/inst_blk_mem_gen/gnbram.gnativebmg.native_blk_mem_gen/valid.cstr/ramloop[0].ram.r/prim_noinit.ram/DEVICE_7SERIES.NO_BMM_INFO.SP.WIDE_PRIM18.ram/CLKARDCLK (clocked by clk162_5_tangerineA7_100_clk_wiz_2_0) and tangerineA7_100_i/tangerineSOC_0/inst/axiDMAInst/FSM_onehot_axiState_reg[0]_rep/CE (clocked by clk_pll_i). Large setup violations at the end of those stages might be difficult to fix during the post-placement implementation flow and could be the result of non-optimal XDC constraints or non-optimal design architecture
Related violations: <none>

TIMING-16#995 Warning
Large setup violation  
There is a large setup violation of -4.266 ns between tangerineA7_100_i/tangerineSOC_0/inst/axiDMAInst/cacheTagRamW3Inst/U0/inst_blk_mem_gen/gnbram.gnativebmg.native_blk_mem_gen/valid.cstr/ramloop[0].ram.r/prim_noinit.ram/DEVICE_7SERIES.NO_BMM_INFO.SP.WIDE_PRIM18.ram/CLKARDCLK (clocked by clk162_5_tangerineA7_100_clk_wiz_2_0) and tangerineA7_100_i/tangerineSOC_0/inst/axiDMAInst/FSM_onehot_axiState_reg[0]_rep__14/CE (clocked by clk_pll_i). Large setup violations at the end of those stages might be difficult to fix during the post-placement implementation flow and could be the result of non-optimal XDC constraints or non-optimal design architecture
Related violations: <none>

TIMING-16#996 Warning
Large setup violation  
There is a large setup violation of -4.266 ns between tangerineA7_100_i/tangerineSOC_0/inst/axiDMAInst/cacheTagRamW3Inst/U0/inst_blk_mem_gen/gnbram.gnativebmg.native_blk_mem_gen/valid.cstr/ramloop[0].ram.r/prim_noinit.ram/DEVICE_7SERIES.NO_BMM_INFO.SP.WIDE_PRIM18.ram/CLKARDCLK (clocked by clk162_5_tangerineA7_100_clk_wiz_2_0) and tangerineA7_100_i/tangerineSOC_0/inst/axiDMAInst/FSM_onehot_axiState_reg[0]_rep__4/CE (clocked by clk_pll_i). Large setup violations at the end of those stages might be difficult to fix during the post-placement implementation flow and could be the result of non-optimal XDC constraints or non-optimal design architecture
Related violations: <none>

TIMING-16#997 Warning
Large setup violation  
There is a large setup violation of -4.266 ns between tangerineA7_100_i/tangerineSOC_0/inst/axiDMAInst/cacheTagRamW3Inst/U0/inst_blk_mem_gen/gnbram.gnativebmg.native_blk_mem_gen/valid.cstr/ramloop[0].ram.r/prim_noinit.ram/DEVICE_7SERIES.NO_BMM_INFO.SP.WIDE_PRIM18.ram/CLKARDCLK (clocked by clk162_5_tangerineA7_100_clk_wiz_2_0) and tangerineA7_100_i/tangerineSOC_0/inst/axiDMAInst/FSM_onehot_axiState_reg[20]_rep__1/CE (clocked by clk_pll_i). Large setup violations at the end of those stages might be difficult to fix during the post-placement implementation flow and could be the result of non-optimal XDC constraints or non-optimal design architecture
Related violations: <none>

TIMING-16#998 Warning
Large setup violation  
There is a large setup violation of -4.266 ns between tangerineA7_100_i/tangerineSOC_0/inst/axiDMAInst/cacheTagRamW3Inst/U0/inst_blk_mem_gen/gnbram.gnativebmg.native_blk_mem_gen/valid.cstr/ramloop[0].ram.r/prim_noinit.ram/DEVICE_7SERIES.NO_BMM_INFO.SP.WIDE_PRIM18.ram/CLKARDCLK (clocked by clk162_5_tangerineA7_100_clk_wiz_2_0) and tangerineA7_100_i/tangerineSOC_0/inst/axiDMAInst/FSM_onehot_axiState_reg[20]_rep__28/CE (clocked by clk_pll_i). Large setup violations at the end of those stages might be difficult to fix during the post-placement implementation flow and could be the result of non-optimal XDC constraints or non-optimal design architecture
Related violations: <none>

TIMING-16#999 Warning
Large setup violation  
There is a large setup violation of -4.266 ns between tangerineA7_100_i/tangerineSOC_0/inst/axiDMAInst/cacheTagRamW3Inst/U0/inst_blk_mem_gen/gnbram.gnativebmg.native_blk_mem_gen/valid.cstr/ramloop[0].ram.r/prim_noinit.ram/DEVICE_7SERIES.NO_BMM_INFO.SP.WIDE_PRIM18.ram/CLKARDCLK (clocked by clk162_5_tangerineA7_100_clk_wiz_2_0) and tangerineA7_100_i/tangerineSOC_0/inst/axiDMAInst/FSM_onehot_axiState_reg[21]_rep__14/CE (clocked by clk_pll_i). Large setup violations at the end of those stages might be difficult to fix during the post-placement implementation flow and could be the result of non-optimal XDC constraints or non-optimal design architecture
Related violations: <none>

TIMING-16#1000 Warning
Large setup violation  
There is a large setup violation of -4.266 ns between tangerineA7_100_i/tangerineSOC_0/inst/axiDMAInst/cacheTagRamW3Inst/U0/inst_blk_mem_gen/gnbram.gnativebmg.native_blk_mem_gen/valid.cstr/ramloop[0].ram.r/prim_noinit.ram/DEVICE_7SERIES.NO_BMM_INFO.SP.WIDE_PRIM18.ram/CLKARDCLK (clocked by clk162_5_tangerineA7_100_clk_wiz_2_0) and tangerineA7_100_i/tangerineSOC_0/inst/axiDMAInst/FSM_onehot_axiState_reg[21]_rep__6/CE (clocked by clk_pll_i). Large setup violations at the end of those stages might be difficult to fix during the post-placement implementation flow and could be the result of non-optimal XDC constraints or non-optimal design architecture
Related violations: <none>

XDCB-5#1 Warning
Runtime inefficient way to find pin objects  
The option '-to : [get_pins -hier -include_replicated_objects -filter {NAME =~ *temp_mon_enabled.u_tempmon/device_temp_sync_r1_reg[*]/D}]' of constraint 'set_max_delay' uses inefficient query to find pin objects (see constraint position '6' in the Timing Constraint window in Vivado IDE). To reduce runtime, it is recommended to get the pins through the cell objects. Please refer to Using Constraints Guide (Constraints Efficiency). An example of optimal query is: get_pins -filter {REF_PIN_NAME=~yy*} -of_objects [get_cells -hierarchical xx*].
Current XDC: c:/Users/qubeck/Documents/Development/ProjektyVHDL/WukongBoard/tangerineA7_100/tangerineA7_100.gen/sources_1/ip/mig_7series_tangerine/mig_7series_tangerine/user_design/constraints/mig_7series_tangerine.xdc (Line: 349)
Related violations: <none>

REQP-1959#1 Advisory
connects_SERDES_RST_driver_not_FF  
tangerineA7_100_i/tangerineMIGWrapper_0/inst/tangerineMIGInst/u_mig_7series_tangerine_mig/u_memc_ui_top_axi/mem_intfc0/ddr_phy_top0/u_ddr_mc_phy_wrapper/u_ddr_mc_phy/ddr_phy_4lanes_0.u_ddr_phy_4lanes/ddr_byte_lane_A.ddr_byte_lane_A/ddr_byte_group_io/input_[1].iserdes_dq_.iserdesdq: The RST pin should only be driven by a Flip-flop.
Related violations: <none>

REQP-1959#2 Advisory
connects_SERDES_RST_driver_not_FF  
tangerineA7_100_i/tangerineMIGWrapper_0/inst/tangerineMIGInst/u_mig_7series_tangerine_mig/u_memc_ui_top_axi/mem_intfc0/ddr_phy_top0/u_ddr_mc_phy_wrapper/u_ddr_mc_phy/ddr_phy_4lanes_0.u_ddr_phy_4lanes/ddr_byte_lane_A.ddr_byte_lane_A/ddr_byte_group_io/input_[2].iserdes_dq_.iserdesdq: The RST pin should only be driven by a Flip-flop.
Related violations: <none>

REQP-1959#3 Advisory
connects_SERDES_RST_driver_not_FF  
tangerineA7_100_i/tangerineMIGWrapper_0/inst/tangerineMIGInst/u_mig_7series_tangerine_mig/u_memc_ui_top_axi/mem_intfc0/ddr_phy_top0/u_ddr_mc_phy_wrapper/u_ddr_mc_phy/ddr_phy_4lanes_0.u_ddr_phy_4lanes/ddr_byte_lane_A.ddr_byte_lane_A/ddr_byte_group_io/input_[3].iserdes_dq_.iserdesdq: The RST pin should only be driven by a Flip-flop.
Related violations: <none>

REQP-1959#4 Advisory
connects_SERDES_RST_driver_not_FF  
tangerineA7_100_i/tangerineMIGWrapper_0/inst/tangerineMIGInst/u_mig_7series_tangerine_mig/u_memc_ui_top_axi/mem_intfc0/ddr_phy_top0/u_ddr_mc_phy_wrapper/u_ddr_mc_phy/ddr_phy_4lanes_0.u_ddr_phy_4lanes/ddr_byte_lane_A.ddr_byte_lane_A/ddr_byte_group_io/input_[4].iserdes_dq_.iserdesdq: The RST pin should only be driven by a Flip-flop.
Related violations: <none>

REQP-1959#5 Advisory
connects_SERDES_RST_driver_not_FF  
tangerineA7_100_i/tangerineMIGWrapper_0/inst/tangerineMIGInst/u_mig_7series_tangerine_mig/u_memc_ui_top_axi/mem_intfc0/ddr_phy_top0/u_ddr_mc_phy_wrapper/u_ddr_mc_phy/ddr_phy_4lanes_0.u_ddr_phy_4lanes/ddr_byte_lane_A.ddr_byte_lane_A/ddr_byte_group_io/input_[5].iserdes_dq_.iserdesdq: The RST pin should only be driven by a Flip-flop.
Related violations: <none>

REQP-1959#6 Advisory
connects_SERDES_RST_driver_not_FF  
tangerineA7_100_i/tangerineMIGWrapper_0/inst/tangerineMIGInst/u_mig_7series_tangerine_mig/u_memc_ui_top_axi/mem_intfc0/ddr_phy_top0/u_ddr_mc_phy_wrapper/u_ddr_mc_phy/ddr_phy_4lanes_0.u_ddr_phy_4lanes/ddr_byte_lane_A.ddr_byte_lane_A/ddr_byte_group_io/input_[6].iserdes_dq_.iserdesdq: The RST pin should only be driven by a Flip-flop.
Related violations: <none>

REQP-1959#7 Advisory
connects_SERDES_RST_driver_not_FF  
tangerineA7_100_i/tangerineMIGWrapper_0/inst/tangerineMIGInst/u_mig_7series_tangerine_mig/u_memc_ui_top_axi/mem_intfc0/ddr_phy_top0/u_ddr_mc_phy_wrapper/u_ddr_mc_phy/ddr_phy_4lanes_0.u_ddr_phy_4lanes/ddr_byte_lane_A.ddr_byte_lane_A/ddr_byte_group_io/input_[7].iserdes_dq_.iserdesdq: The RST pin should only be driven by a Flip-flop.
Related violations: <none>

REQP-1959#8 Advisory
connects_SERDES_RST_driver_not_FF  
tangerineA7_100_i/tangerineMIGWrapper_0/inst/tangerineMIGInst/u_mig_7series_tangerine_mig/u_memc_ui_top_axi/mem_intfc0/ddr_phy_top0/u_ddr_mc_phy_wrapper/u_ddr_mc_phy/ddr_phy_4lanes_0.u_ddr_phy_4lanes/ddr_byte_lane_A.ddr_byte_lane_A/ddr_byte_group_io/input_[8].iserdes_dq_.iserdesdq: The RST pin should only be driven by a Flip-flop.
Related violations: <none>

REQP-1959#9 Advisory
connects_SERDES_RST_driver_not_FF  
tangerineA7_100_i/tangerineMIGWrapper_0/inst/tangerineMIGInst/u_mig_7series_tangerine_mig/u_memc_ui_top_axi/mem_intfc0/ddr_phy_top0/u_ddr_mc_phy_wrapper/u_ddr_mc_phy/ddr_phy_4lanes_0.u_ddr_phy_4lanes/ddr_byte_lane_B.ddr_byte_lane_B/ddr_byte_group_io/input_[0].iserdes_dq_.iserdesdq: The RST pin should only be driven by a Flip-flop.
Related violations: <none>

REQP-1959#10 Advisory
connects_SERDES_RST_driver_not_FF  
tangerineA7_100_i/tangerineMIGWrapper_0/inst/tangerineMIGInst/u_mig_7series_tangerine_mig/u_memc_ui_top_axi/mem_intfc0/ddr_phy_top0/u_ddr_mc_phy_wrapper/u_ddr_mc_phy/ddr_phy_4lanes_0.u_ddr_phy_4lanes/ddr_byte_lane_B.ddr_byte_lane_B/ddr_byte_group_io/input_[3].iserdes_dq_.iserdesdq: The RST pin should only be driven by a Flip-flop.
Related violations: <none>

REQP-1959#11 Advisory
connects_SERDES_RST_driver_not_FF  
tangerineA7_100_i/tangerineMIGWrapper_0/inst/tangerineMIGInst/u_mig_7series_tangerine_mig/u_memc_ui_top_axi/mem_intfc0/ddr_phy_top0/u_ddr_mc_phy_wrapper/u_ddr_mc_phy/ddr_phy_4lanes_0.u_ddr_phy_4lanes/ddr_byte_lane_B.ddr_byte_lane_B/ddr_byte_group_io/input_[4].iserdes_dq_.iserdesdq: The RST pin should only be driven by a Flip-flop.
Related violations: <none>

REQP-1959#12 Advisory
connects_SERDES_RST_driver_not_FF  
tangerineA7_100_i/tangerineMIGWrapper_0/inst/tangerineMIGInst/u_mig_7series_tangerine_mig/u_memc_ui_top_axi/mem_intfc0/ddr_phy_top0/u_ddr_mc_phy_wrapper/u_ddr_mc_phy/ddr_phy_4lanes_0.u_ddr_phy_4lanes/ddr_byte_lane_B.ddr_byte_lane_B/ddr_byte_group_io/input_[5].iserdes_dq_.iserdesdq: The RST pin should only be driven by a Flip-flop.
Related violations: <none>

REQP-1959#13 Advisory
connects_SERDES_RST_driver_not_FF  
tangerineA7_100_i/tangerineMIGWrapper_0/inst/tangerineMIGInst/u_mig_7series_tangerine_mig/u_memc_ui_top_axi/mem_intfc0/ddr_phy_top0/u_ddr_mc_phy_wrapper/u_ddr_mc_phy/ddr_phy_4lanes_0.u_ddr_phy_4lanes/ddr_byte_lane_B.ddr_byte_lane_B/ddr_byte_group_io/input_[6].iserdes_dq_.iserdesdq: The RST pin should only be driven by a Flip-flop.
Related violations: <none>

REQP-1959#14 Advisory
connects_SERDES_RST_driver_not_FF  
tangerineA7_100_i/tangerineMIGWrapper_0/inst/tangerineMIGInst/u_mig_7series_tangerine_mig/u_memc_ui_top_axi/mem_intfc0/ddr_phy_top0/u_ddr_mc_phy_wrapper/u_ddr_mc_phy/ddr_phy_4lanes_0.u_ddr_phy_4lanes/ddr_byte_lane_B.ddr_byte_lane_B/ddr_byte_group_io/input_[7].iserdes_dq_.iserdesdq: The RST pin should only be driven by a Flip-flop.
Related violations: <none>

REQP-1959#15 Advisory
connects_SERDES_RST_driver_not_FF  
tangerineA7_100_i/tangerineMIGWrapper_0/inst/tangerineMIGInst/u_mig_7series_tangerine_mig/u_memc_ui_top_axi/mem_intfc0/ddr_phy_top0/u_ddr_mc_phy_wrapper/u_ddr_mc_phy/ddr_phy_4lanes_0.u_ddr_phy_4lanes/ddr_byte_lane_B.ddr_byte_lane_B/ddr_byte_group_io/input_[8].iserdes_dq_.iserdesdq: The RST pin should only be driven by a Flip-flop.
Related violations: <none>

REQP-1959#16 Advisory
connects_SERDES_RST_driver_not_FF  
tangerineA7_100_i/tangerineMIGWrapper_0/inst/tangerineMIGInst/u_mig_7series_tangerine_mig/u_memc_ui_top_axi/mem_intfc0/ddr_phy_top0/u_ddr_mc_phy_wrapper/u_ddr_mc_phy/ddr_phy_4lanes_0.u_ddr_phy_4lanes/ddr_byte_lane_B.ddr_byte_lane_B/ddr_byte_group_io/input_[9].iserdes_dq_.iserdesdq: The RST pin should only be driven by a Flip-flop.
Related violations: <none>


