
*** Running vivado
    with args -log tangerineA7_100_wrapper.vdi -applog -m64 -product Vivado -messageDb vivado.pb -mode batch -source tangerineA7_100_wrapper.tcl -notrace



****** Vivado v2023.1 (64-bit)
  **** SW Build 3865809 on Sun May  7 15:05:29 MDT 2023
  **** IP Build 3864474 on Sun May  7 20:36:21 MDT 2023
  **** SharedData Build 3865790 on Sun May 07 13:33:03 MDT 2023
    ** Copyright 1986-2022 Xilinx, Inc. All Rights Reserved.
    ** Copyright 2022-2023 Advanced Micro Devices, Inc. All Rights Reserved.

source tangerineA7_100_wrapper.tcl -notrace
Command: link_design -top tangerineA7_100_wrapper -part xc7a100tfgg676-1
Design is defaulting to srcset: sources_1
Design is defaulting to constrset: constrs_1
INFO: [Device 21-403] Loading part xc7a100tfgg676-1
INFO: [Project 1-454] Reading design checkpoint 'c:/Users/qubeck/Documents/Development/ProjektyVHDL/WukongBoard/tangerineA7_100/tangerineA7_100.gen/sources_1/ip/mig_7series_tangerine/mig_7series_tangerine.dcp' for cell 'tangerineA7_100_i/tangerineMIGWrapper_0/inst/tangerineMIGInst'
INFO: [Project 1-454] Reading design checkpoint 'c:/Users/qubeck/Documents/Development/ProjektyVHDL/WukongBoard/tangerineA7_100/tangerineA7_100.gen/sources_1/ip/uartFiFo/uartFiFo.dcp' for cell 'tangerineA7_100_i/tangerineSOC_0/inst/UARTInst/rxFiFoInst'
INFO: [Project 1-454] Reading design checkpoint 'c:/Users/qubeck/Documents/Development/ProjektyVHDL/WukongBoard/tangerineA7_100/tangerineA7_100.gen/sources_1/ip/cacheDataRam/cacheDataRam.dcp' for cell 'tangerineA7_100_i/tangerineSOC_0/inst/axiDMAInst/cacheDataRamW0Inst'
INFO: [Project 1-454] Reading design checkpoint 'c:/Users/qubeck/Documents/Development/ProjektyVHDL/WukongBoard/tangerineA7_100/tangerineA7_100.gen/sources_1/ip/cacheTagRam/cacheTagRam.dcp' for cell 'tangerineA7_100_i/tangerineSOC_0/inst/axiDMAInst/cacheTagRamW0Inst'
INFO: [Project 1-454] Reading design checkpoint 'c:/Users/qubeck/Documents/Development/ProjektyVHDL/WukongBoard/tangerineA7_100/tangerineA7_100.gen/sources_1/ip/dmaCh1BufRam/dmaCh1BufRam.dcp' for cell 'tangerineA7_100_i/tangerineSOC_0/inst/axiDMAInst/dmaCh1BufRamInst'
INFO: [Project 1-454] Reading design checkpoint 'c:/Users/qubeck/Documents/Development/ProjektyVHDL/WukongBoard/tangerineA7_100/tangerineA7_100.gen/sources_1/ip/dmaCh2BufRam/dmaCh2BufRam.dcp' for cell 'tangerineA7_100_i/tangerineSOC_0/inst/dmaCh2BufRamInst'
INFO: [Project 1-454] Reading design checkpoint 'c:/Users/qubeck/Documents/Development/ProjektyVHDL/WukongBoard/tangerineA7_100/tangerineA7_100.gen/sources_1/ip/fastRam/fastRam.dcp' for cell 'tangerineA7_100_i/tangerineSOC_0/inst/fastRamInst'
INFO: [Project 1-454] Reading design checkpoint 'c:/Users/qubeck/Documents/Development/ProjektyVHDL/WukongBoard/tangerineA7_100/tangerineA7_100.gen/sources_1/ip/fpAddSub/fpAddSub.dcp' for cell 'tangerineA7_100_i/tangerineSOC_0/inst/fpAluInst/fpAddSubInst'
INFO: [Project 1-454] Reading design checkpoint 'c:/Users/qubeck/Documents/Development/ProjektyVHDL/WukongBoard/tangerineA7_100/tangerineA7_100.gen/sources_1/ip/fpDiv/fpDiv.dcp' for cell 'tangerineA7_100_i/tangerineSOC_0/inst/fpAluInst/fpDivInst'
INFO: [Project 1-454] Reading design checkpoint 'c:/Users/qubeck/Documents/Development/ProjektyVHDL/WukongBoard/tangerineA7_100/tangerineA7_100.gen/sources_1/ip/fpMul/fpMul.dcp' for cell 'tangerineA7_100_i/tangerineSOC_0/inst/fpAluInst/fpMulinst'
INFO: [Project 1-454] Reading design checkpoint 'c:/Users/qubeck/Documents/Development/ProjektyVHDL/WukongBoard/tangerineA7_100/tangerineA7_100.gen/sources_1/ip/i2sControllerFifo/i2sControllerFifo.dcp' for cell 'tangerineA7_100_i/tangerineSOC_0/inst/is2ControllerInst/i2sControllerFifoInst'
INFO: [Project 1-454] Reading design checkpoint 'c:/Users/qubeck/Documents/Development/ProjektyVHDL/WukongBoard/tangerineA7_100/tangerineA7_100.gen/sources_1/ip/ps2ControllerFifo/ps2ControllerFifo.dcp' for cell 'tangerineA7_100_i/tangerineSOC_0/inst/ps2HostInst/ps2aFifoInst'
INFO: [Project 1-454] Reading design checkpoint 'c:/Users/qubeck/Documents/Development/ProjektyVHDL/WukongBoard/tangerineA7_100/tangerineA7_100.gen/sources_1/ip/systemRam/systemRam.dcp' for cell 'tangerineA7_100_i/tangerineSOC_0/inst/systemRamInst'
INFO: [Project 1-454] Reading design checkpoint 'c:/Users/qubeck/Documents/Development/ProjektyVHDL/WukongBoard/tangerineA7_100/tangerineA7_100.gen/sources_1/ip/fontPROM/fontPROM.dcp' for cell 'tangerineA7_100_i/tangerineSOC_0/inst/vgaInst/fontPromInst'
Netlist sorting complete. Time (s): cpu = 00:00:00 ; elapsed = 00:00:00.349 . Memory (MB): peak = 2073.270 ; gain = 0.000
INFO: [Netlist 29-17] Analyzing 2254 Unisim elements for replacement
INFO: [Netlist 29-28] Unisim Transformation completed in 0 CPU seconds
INFO: [Project 1-479] Netlist was created with Vivado 2023.1
INFO: [Project 1-570] Preparing netlist for logic optimization
Parsing XDC File [c:/Users/qubeck/Documents/Development/ProjektyVHDL/WukongBoard/tangerineA7_100/tangerineA7_100.gen/sources_1/bd/tangerineA7_100/ip/tangerineA7_100_clk_wiz_0_0/tangerineA7_100_clk_wiz_0_0_board.xdc] for cell 'tangerineA7_100_i/clk_wiz_0/inst'
Finished Parsing XDC File [c:/Users/qubeck/Documents/Development/ProjektyVHDL/WukongBoard/tangerineA7_100/tangerineA7_100.gen/sources_1/bd/tangerineA7_100/ip/tangerineA7_100_clk_wiz_0_0/tangerineA7_100_clk_wiz_0_0_board.xdc] for cell 'tangerineA7_100_i/clk_wiz_0/inst'
Parsing XDC File [c:/Users/qubeck/Documents/Development/ProjektyVHDL/WukongBoard/tangerineA7_100/tangerineA7_100.gen/sources_1/bd/tangerineA7_100/ip/tangerineA7_100_clk_wiz_0_0/tangerineA7_100_clk_wiz_0_0.xdc] for cell 'tangerineA7_100_i/clk_wiz_0/inst'
Finished Parsing XDC File [c:/Users/qubeck/Documents/Development/ProjektyVHDL/WukongBoard/tangerineA7_100/tangerineA7_100.gen/sources_1/bd/tangerineA7_100/ip/tangerineA7_100_clk_wiz_0_0/tangerineA7_100_clk_wiz_0_0.xdc] for cell 'tangerineA7_100_i/clk_wiz_0/inst'
Parsing XDC File [c:/Users/qubeck/Documents/Development/ProjektyVHDL/WukongBoard/tangerineA7_100/tangerineA7_100.gen/sources_1/bd/tangerineA7_100/ip/tangerineA7_100_clk_wiz_1_0/tangerineA7_100_clk_wiz_1_0_board.xdc] for cell 'tangerineA7_100_i/clk_wiz_1/inst'
Finished Parsing XDC File [c:/Users/qubeck/Documents/Development/ProjektyVHDL/WukongBoard/tangerineA7_100/tangerineA7_100.gen/sources_1/bd/tangerineA7_100/ip/tangerineA7_100_clk_wiz_1_0/tangerineA7_100_clk_wiz_1_0_board.xdc] for cell 'tangerineA7_100_i/clk_wiz_1/inst'
Parsing XDC File [c:/Users/qubeck/Documents/Development/ProjektyVHDL/WukongBoard/tangerineA7_100/tangerineA7_100.gen/sources_1/bd/tangerineA7_100/ip/tangerineA7_100_clk_wiz_1_0/tangerineA7_100_clk_wiz_1_0.xdc] for cell 'tangerineA7_100_i/clk_wiz_1/inst'
Finished Parsing XDC File [c:/Users/qubeck/Documents/Development/ProjektyVHDL/WukongBoard/tangerineA7_100/tangerineA7_100.gen/sources_1/bd/tangerineA7_100/ip/tangerineA7_100_clk_wiz_1_0/tangerineA7_100_clk_wiz_1_0.xdc] for cell 'tangerineA7_100_i/clk_wiz_1/inst'
Parsing XDC File [c:/Users/qubeck/Documents/Development/ProjektyVHDL/WukongBoard/tangerineA7_100/tangerineA7_100.gen/sources_1/bd/tangerineA7_100/ip/tangerineA7_100_clk_wiz_2_0/tangerineA7_100_clk_wiz_2_0_board.xdc] for cell 'tangerineA7_100_i/clk_wiz_2/inst'
Finished Parsing XDC File [c:/Users/qubeck/Documents/Development/ProjektyVHDL/WukongBoard/tangerineA7_100/tangerineA7_100.gen/sources_1/bd/tangerineA7_100/ip/tangerineA7_100_clk_wiz_2_0/tangerineA7_100_clk_wiz_2_0_board.xdc] for cell 'tangerineA7_100_i/clk_wiz_2/inst'
Parsing XDC File [c:/Users/qubeck/Documents/Development/ProjektyVHDL/WukongBoard/tangerineA7_100/tangerineA7_100.gen/sources_1/bd/tangerineA7_100/ip/tangerineA7_100_clk_wiz_2_0/tangerineA7_100_clk_wiz_2_0.xdc] for cell 'tangerineA7_100_i/clk_wiz_2/inst'
Finished Parsing XDC File [c:/Users/qubeck/Documents/Development/ProjektyVHDL/WukongBoard/tangerineA7_100/tangerineA7_100.gen/sources_1/bd/tangerineA7_100/ip/tangerineA7_100_clk_wiz_2_0/tangerineA7_100_clk_wiz_2_0.xdc] for cell 'tangerineA7_100_i/clk_wiz_2/inst'
Parsing XDC File [c:/Users/qubeck/Documents/Development/ProjektyVHDL/WukongBoard/tangerineA7_100/tangerineA7_100.gen/sources_1/ip/uartFiFo/uartFiFo.xdc] for cell 'tangerineA7_100_i/tangerineSOC_0/inst/UARTInst/rxFiFoInst/U0'
Finished Parsing XDC File [c:/Users/qubeck/Documents/Development/ProjektyVHDL/WukongBoard/tangerineA7_100/tangerineA7_100.gen/sources_1/ip/uartFiFo/uartFiFo.xdc] for cell 'tangerineA7_100_i/tangerineSOC_0/inst/UARTInst/rxFiFoInst/U0'
Parsing XDC File [c:/Users/qubeck/Documents/Development/ProjektyVHDL/WukongBoard/tangerineA7_100/tangerineA7_100.gen/sources_1/ip/mig_7series_tangerine/mig_7series_tangerine/user_design/constraints/mig_7series_tangerine.xdc] for cell 'tangerineA7_100_i/tangerineMIGWrapper_0/inst/tangerineMIGInst'
Finished Parsing XDC File [c:/Users/qubeck/Documents/Development/ProjektyVHDL/WukongBoard/tangerineA7_100/tangerineA7_100.gen/sources_1/ip/mig_7series_tangerine/mig_7series_tangerine/user_design/constraints/mig_7series_tangerine.xdc] for cell 'tangerineA7_100_i/tangerineMIGWrapper_0/inst/tangerineMIGInst'
Parsing XDC File [c:/Users/qubeck/Documents/Development/ProjektyVHDL/WukongBoard/tangerineA7_100/tangerineA7_100.gen/sources_1/ip/ps2ControllerFifo/ps2ControllerFifo.xdc] for cell 'tangerineA7_100_i/tangerineSOC_0/inst/ps2HostInst/ps2aFifoInst/U0'
Finished Parsing XDC File [c:/Users/qubeck/Documents/Development/ProjektyVHDL/WukongBoard/tangerineA7_100/tangerineA7_100.gen/sources_1/ip/ps2ControllerFifo/ps2ControllerFifo.xdc] for cell 'tangerineA7_100_i/tangerineSOC_0/inst/ps2HostInst/ps2aFifoInst/U0'
Parsing XDC File [c:/Users/qubeck/Documents/Development/ProjektyVHDL/WukongBoard/tangerineA7_100/tangerineA7_100.gen/sources_1/ip/ps2ControllerFifo/ps2ControllerFifo.xdc] for cell 'tangerineA7_100_i/tangerineSOC_0/inst/ps2HostInst/ps2bFifoInst/U0'
Finished Parsing XDC File [c:/Users/qubeck/Documents/Development/ProjektyVHDL/WukongBoard/tangerineA7_100/tangerineA7_100.gen/sources_1/ip/ps2ControllerFifo/ps2ControllerFifo.xdc] for cell 'tangerineA7_100_i/tangerineSOC_0/inst/ps2HostInst/ps2bFifoInst/U0'
Parsing XDC File [c:/Users/qubeck/Documents/Development/ProjektyVHDL/WukongBoard/tangerineA7_100/tangerineA7_100.gen/sources_1/ip/i2sControllerFifo/i2sControllerFifo.xdc] for cell 'tangerineA7_100_i/tangerineSOC_0/inst/is2ControllerInst/i2sControllerFifoInst/U0'
Finished Parsing XDC File [c:/Users/qubeck/Documents/Development/ProjektyVHDL/WukongBoard/tangerineA7_100/tangerineA7_100.gen/sources_1/ip/i2sControllerFifo/i2sControllerFifo.xdc] for cell 'tangerineA7_100_i/tangerineSOC_0/inst/is2ControllerInst/i2sControllerFifoInst/U0'
Parsing XDC File [C:/Users/qubeck/Documents/Development/ProjektyVHDL/WukongBoard/tangerineA7_100/tangerineA7_100.srcs/constrs_1/new/tangerineA7_100.xdc]
WARNING: [Vivado 12-750] There are no ChipScope debug cores in this design. [C:/Users/qubeck/Documents/Development/ProjektyVHDL/WukongBoard/tangerineA7_100/tangerineA7_100.srcs/constrs_1/new/tangerineA7_100.xdc:63]
CRITICAL WARNING: [Common 17-55] 'set_property' expects at least one object. [C:/Users/qubeck/Documents/Development/ProjektyVHDL/WukongBoard/tangerineA7_100/tangerineA7_100.srcs/constrs_1/new/tangerineA7_100.xdc:63]
Resolution: If [get_<value>] was used to populate the object, check to make sure this command returns at least one valid object.
WARNING: [Vivado 12-750] There are no ChipScope debug cores in this design. [C:/Users/qubeck/Documents/Development/ProjektyVHDL/WukongBoard/tangerineA7_100/tangerineA7_100.srcs/constrs_1/new/tangerineA7_100.xdc:64]
CRITICAL WARNING: [Common 17-55] 'set_property' expects at least one object. [C:/Users/qubeck/Documents/Development/ProjektyVHDL/WukongBoard/tangerineA7_100/tangerineA7_100.srcs/constrs_1/new/tangerineA7_100.xdc:64]
Resolution: If [get_<value>] was used to populate the object, check to make sure this command returns at least one valid object.
WARNING: [Vivado 12-750] There are no ChipScope debug cores in this design. [C:/Users/qubeck/Documents/Development/ProjektyVHDL/WukongBoard/tangerineA7_100/tangerineA7_100.srcs/constrs_1/new/tangerineA7_100.xdc:65]
CRITICAL WARNING: [Common 17-55] 'set_property' expects at least one object. [C:/Users/qubeck/Documents/Development/ProjektyVHDL/WukongBoard/tangerineA7_100/tangerineA7_100.srcs/constrs_1/new/tangerineA7_100.xdc:65]
Resolution: If [get_<value>] was used to populate the object, check to make sure this command returns at least one valid object.
WARNING: [Vivado 12-507] No nets matched 'clk'. [C:/Users/qubeck/Documents/Development/ProjektyVHDL/WukongBoard/tangerineA7_100/tangerineA7_100.srcs/constrs_1/new/tangerineA7_100.xdc:66]
CRITICAL WARNING: [Vivado 12-1419] Debug core 'dbg_hub' was not found. [C:/Users/qubeck/Documents/Development/ProjektyVHDL/WukongBoard/tangerineA7_100/tangerineA7_100.srcs/constrs_1/new/tangerineA7_100.xdc:66]
Finished Parsing XDC File [C:/Users/qubeck/Documents/Development/ProjektyVHDL/WukongBoard/tangerineA7_100/tangerineA7_100.srcs/constrs_1/new/tangerineA7_100.xdc]
Parsing XDC File [c:/Users/qubeck/Documents/Development/ProjektyVHDL/WukongBoard/tangerineA7_100/tangerineA7_100.gen/sources_1/bd/tangerineA7_100/ip/tangerineA7_100_clk_wiz_2_0/tangerineA7_100_clk_wiz_2_0_late.xdc] for cell 'tangerineA7_100_i/clk_wiz_2/inst'
Finished Parsing XDC File [c:/Users/qubeck/Documents/Development/ProjektyVHDL/WukongBoard/tangerineA7_100/tangerineA7_100.gen/sources_1/bd/tangerineA7_100/ip/tangerineA7_100_clk_wiz_2_0/tangerineA7_100_clk_wiz_2_0_late.xdc] for cell 'tangerineA7_100_i/clk_wiz_2/inst'
Parsing XDC File [c:/Users/qubeck/Documents/Development/ProjektyVHDL/WukongBoard/tangerineA7_100/tangerineA7_100.gen/sources_1/ip/i2sControllerFifo/i2sControllerFifo_clocks.xdc] for cell 'tangerineA7_100_i/tangerineSOC_0/inst/is2ControllerInst/i2sControllerFifoInst/U0'
Finished Parsing XDC File [c:/Users/qubeck/Documents/Development/ProjektyVHDL/WukongBoard/tangerineA7_100/tangerineA7_100.gen/sources_1/ip/i2sControllerFifo/i2sControllerFifo_clocks.xdc] for cell 'tangerineA7_100_i/tangerineSOC_0/inst/is2ControllerInst/i2sControllerFifoInst/U0'
INFO: [Project 1-1714] 9 XPM XDC files have been applied to the design.
INFO: [Opt 31-138] Pushed 1 inverter(s) to 4 load pin(s).
Netlist sorting complete. Time (s): cpu = 00:00:00 ; elapsed = 00:00:00.054 . Memory (MB): peak = 2848.070 ; gain = 0.000
INFO: [Project 1-111] Unisim Transformation Summary:
  A total of 145 instances were transformed.
  IOBUF => IOBUF (IBUF, OBUFT): 4 instances
  IOBUFDS_INTERMDISABLE => IOBUFDS_INTERMDISABLE (IBUFDS_INTERMDISABLE_INT(x2), INV, OBUFTDS(x2)): 2 instances
  IOBUF_INTERMDISABLE => IOBUF_INTERMDISABLE (IBUF_INTERMDISABLE, OBUFT): 16 instances
  LUT6_2 => LUT6_2 (LUT5, LUT6): 24 instances
  OBUFDS => OBUFDS: 4 instances
  OBUFDS => OBUFDS_DUAL_BUF (INV, OBUFDS(x2)): 1 instance 
  RAM256X1S => RAM256X1S (MUXF7(x2), MUXF8, RAMS64E(x4)): 4 instances
  RAM32M => RAM32M (RAMD32(x6), RAMS32(x2)): 88 instances
  RAM32X1D => RAM32X1D (RAMD32(x2)): 2 instances

22 Infos, 4 Warnings, 4 Critical Warnings and 0 Errors encountered.
link_design completed successfully
link_design: Time (s): cpu = 00:00:14 ; elapsed = 00:00:14 . Memory (MB): peak = 2848.070 ; gain = 1304.559
Command: opt_design -directive Explore
INFO: [Vivado_Tcl 4-136] Directive used for opt_design is: Explore
Attempting to get a license for feature 'Implementation' and/or device 'xc7a100t'
INFO: [Common 17-349] Got license for feature 'Implementation' and/or device 'xc7a100t'
Running DRC as a precondition to command opt_design

Starting DRC Task
INFO: [DRC 23-27] Running DRC with 2 threads
INFO: [Project 1-461] DRC finished with 0 Errors, 4 Warnings
INFO: [Project 1-462] Please refer to the DRC report (report_drc) for more information.

Time (s): cpu = 00:00:02 ; elapsed = 00:00:01 . Memory (MB): peak = 2848.070 ; gain = 0.000

Starting Logic Optimization Task
INFO: [Timing 38-35] Done setting XDC timing constraints.

Phase 1 Retarget
INFO: [Opt 31-1566] Pulled 13 inverters resulting in an inversion of 89 pins
INFO: [Opt 31-138] Pushed 22 inverter(s) to 63 load pin(s).
INFO: [Opt 31-49] Retargeted 0 cell(s).
Phase 1 Retarget | Checksum: 12f36a0c3

Time (s): cpu = 00:00:03 ; elapsed = 00:00:02 . Memory (MB): peak = 3188.266 ; gain = 111.562
INFO: [Opt 31-389] Phase Retarget created 109 cells and removed 250 cells
INFO: [Opt 31-1021] In phase Retarget, 54 netlist objects are constrained preventing optimization. Please run opt_design with -debug_log to get more detail. 

Phase 2 Constant propagation
INFO: [Opt 31-138] Pushed 5 inverter(s) to 32 load pin(s).
Phase 2 Constant propagation | Checksum: ee758aa8

Time (s): cpu = 00:00:04 ; elapsed = 00:00:03 . Memory (MB): peak = 3188.266 ; gain = 111.562
INFO: [Opt 31-389] Phase Constant propagation created 150 cells and removed 364 cells
INFO: [Opt 31-1021] In phase Constant propagation, 34 netlist objects are constrained preventing optimization. Please run opt_design with -debug_log to get more detail. 

Phase 3 Sweep
Phase 3 Sweep | Checksum: 139741cb3

Time (s): cpu = 00:00:04 ; elapsed = 00:00:03 . Memory (MB): peak = 3188.266 ; gain = 111.562
INFO: [Opt 31-389] Phase Sweep created 1 cells and removed 838 cells
INFO: [Opt 31-1021] In phase Sweep, 127 netlist objects are constrained preventing optimization. Please run opt_design with -debug_log to get more detail. 

Phase 4 BUFG optimization
Phase 4 BUFG optimization | Checksum: 139741cb3

Time (s): cpu = 00:00:04 ; elapsed = 00:00:03 . Memory (MB): peak = 3188.266 ; gain = 111.562
INFO: [Opt 31-662] Phase BUFG optimization created 0 cells of which 0 are BUFGs and removed 0 cells.

Phase 5 Shift Register Optimization
INFO: [Opt 31-1064] SRL Remap converted 0 SRLs to 0 registers and converted 0 registers of register chains to 0 SRLs
Phase 5 Shift Register Optimization | Checksum: 1abfed3d8

Time (s): cpu = 00:00:05 ; elapsed = 00:00:04 . Memory (MB): peak = 3188.266 ; gain = 111.562
INFO: [Opt 31-389] Phase Shift Register Optimization created 0 cells and removed 0 cells
INFO: [Opt 31-1555] control_set_opt supports Versal devices only, and device 7a100t is unsupported

Phase 6 Post Processing Netlist
Phase 6 Post Processing Netlist | Checksum: 1abfed3d8

Time (s): cpu = 00:00:05 ; elapsed = 00:00:04 . Memory (MB): peak = 3188.266 ; gain = 111.562
INFO: [Opt 31-389] Phase Post Processing Netlist created 0 cells and removed 0 cells
INFO: [Opt 31-1021] In phase Post Processing Netlist, 43 netlist objects are constrained preventing optimization. Please run opt_design with -debug_log to get more detail. 
Opt_design Change Summary
=========================


-------------------------------------------------------------------------------------------------------------------------
|  Phase                        |  #Cells created  |  #Cells Removed  |  #Constrained objects preventing optimizations  |
-------------------------------------------------------------------------------------------------------------------------
|  Retarget                     |             109  |             250  |                                             54  |
|  Constant propagation         |             150  |             364  |                                             34  |
|  Sweep                        |               1  |             838  |                                            127  |
|  BUFG optimization            |               0  |               0  |                                              0  |
|  Shift Register Optimization  |               0  |               0  |                                              0  |
|  Post Processing Netlist      |               0  |               0  |                                             43  |
-------------------------------------------------------------------------------------------------------------------------



Starting Connectivity Check Task

Time (s): cpu = 00:00:00 ; elapsed = 00:00:00.051 . Memory (MB): peak = 3188.266 ; gain = 0.000
Ending Logic Optimization Task | Checksum: 1abfed3d8

Time (s): cpu = 00:00:05 ; elapsed = 00:00:04 . Memory (MB): peak = 3188.266 ; gain = 111.562

Starting Netlist Obfuscation Task
Netlist sorting complete. Time (s): cpu = 00:00:00 ; elapsed = 00:00:00.011 . Memory (MB): peak = 3188.266 ; gain = 0.000
Ending Netlist Obfuscation Task | Checksum: 1abfed3d8

Time (s): cpu = 00:00:00 ; elapsed = 00:00:00.014 . Memory (MB): peak = 3188.266 ; gain = 0.000
INFO: [Common 17-83] Releasing license: Implementation
45 Infos, 4 Warnings, 4 Critical Warnings and 0 Errors encountered.
opt_design completed successfully
opt_design: Time (s): cpu = 00:00:08 ; elapsed = 00:00:07 . Memory (MB): peak = 3188.266 ; gain = 340.195
INFO: [runtcl-4] Executing : report_drc -file tangerineA7_100_wrapper_drc_opted.rpt -pb tangerineA7_100_wrapper_drc_opted.pb -rpx tangerineA7_100_wrapper_drc_opted.rpx
Command: report_drc -file tangerineA7_100_wrapper_drc_opted.rpt -pb tangerineA7_100_wrapper_drc_opted.pb -rpx tangerineA7_100_wrapper_drc_opted.rpx
INFO: [IP_Flow 19-1839] IP Catalog is up to date.
INFO: [DRC 23-27] Running DRC with 2 threads
INFO: [Vivado_Tcl 2-168] The results of DRC are in file C:/Users/qubeck/Documents/Development/ProjektyVHDL/WukongBoard/tangerineA7_100/tangerineA7_100.runs/impl_quick/tangerineA7_100_wrapper_drc_opted.rpt.
report_drc completed successfully
INFO: [Timing 38-35] Done setting XDC timing constraints.
INFO: [Timing 38-480] Writing timing data to binary archive.
Writing XDEF routing.
Writing XDEF routing logical nets.
Writing XDEF routing special nets.
Write XDEF Complete: Time (s): cpu = 00:00:00 ; elapsed = 00:00:00.095 . Memory (MB): peak = 3216.566 ; gain = 10.430
INFO: [Common 17-1381] The checkpoint 'C:/Users/qubeck/Documents/Development/ProjektyVHDL/WukongBoard/tangerineA7_100/tangerineA7_100.runs/impl_quick/tangerineA7_100_wrapper_opt.dcp' has been generated.
Command: place_design -directive ExtraNetDelay_high
Attempting to get a license for feature 'Implementation' and/or device 'xc7a100t'
INFO: [Common 17-349] Got license for feature 'Implementation' and/or device 'xc7a100t'
INFO: [DRC 23-27] Running DRC with 2 threads
INFO: [Vivado_Tcl 4-198] DRC finished with 0 Errors
INFO: [Vivado_Tcl 4-199] Please refer to the DRC report (report_drc) for more information.
Running DRC as a precondition to command place_design
INFO: [DRC 23-27] Running DRC with 2 threads
INFO: [Vivado_Tcl 4-198] DRC finished with 0 Errors, 23 Warnings, 1 Advisories
INFO: [Vivado_Tcl 4-199] Please refer to the DRC report (report_drc) for more information.

Starting Placer Task
INFO: [Place 46-5] The placer was invoked with the 'ExtraNetDelay_high' directive.
INFO: [Place 30-611] Multithreading enabled for place_design using a maximum of 2 CPUs

Phase 1 Placer Initialization

Phase 1.1 Placer Initialization Netlist Sorting
Netlist sorting complete. Time (s): cpu = 00:00:00 ; elapsed = 00:00:00.011 . Memory (MB): peak = 3216.676 ; gain = 0.000
Phase 1.1 Placer Initialization Netlist Sorting | Checksum: 107fe3e42

Time (s): cpu = 00:00:00 ; elapsed = 00:00:00.029 . Memory (MB): peak = 3216.676 ; gain = 0.000
Netlist sorting complete. Time (s): cpu = 00:00:00 ; elapsed = 00:00:00.008 . Memory (MB): peak = 3216.676 ; gain = 0.000

Phase 1.2 IO Placement/ Clock Placement/ Build Placer Device
Phase 1.2 IO Placement/ Clock Placement/ Build Placer Device | Checksum: 12731c259

Time (s): cpu = 00:00:02 ; elapsed = 00:00:01 . Memory (MB): peak = 3216.676 ; gain = 0.000

Phase 1.3 Build Placer Netlist Model
Phase 1.3 Build Placer Netlist Model | Checksum: 16c5d474e

Time (s): cpu = 00:00:09 ; elapsed = 00:00:07 . Memory (MB): peak = 3432.660 ; gain = 215.984

Phase 1.4 Constrain Clocks/Macros
Phase 1.4 Constrain Clocks/Macros | Checksum: 16c5d474e

Time (s): cpu = 00:00:09 ; elapsed = 00:00:07 . Memory (MB): peak = 3432.660 ; gain = 215.984
Phase 1 Placer Initialization | Checksum: 16c5d474e

Time (s): cpu = 00:00:09 ; elapsed = 00:00:07 . Memory (MB): peak = 3432.660 ; gain = 215.984

Phase 2 Global Placement

Phase 2.1 Floorplanning
Phase 2.1 Floorplanning | Checksum: 212c9a617

Time (s): cpu = 00:00:12 ; elapsed = 00:00:08 . Memory (MB): peak = 3432.660 ; gain = 215.984

Phase 2.2 Update Timing before SLR Path Opt
Phase 2.2 Update Timing before SLR Path Opt | Checksum: 1bc69a7b9

Time (s): cpu = 00:00:14 ; elapsed = 00:00:10 . Memory (MB): peak = 3432.660 ; gain = 215.984

Phase 2.3 Post-Processing in Floorplanning
Phase 2.3 Post-Processing in Floorplanning | Checksum: 1bc69a7b9

Time (s): cpu = 00:00:14 ; elapsed = 00:00:10 . Memory (MB): peak = 3432.660 ; gain = 215.984

Phase 2.4 Global Placement Core

Phase 2.4.1 UpdateTiming Before Physical Synthesis
Phase 2.4.1 UpdateTiming Before Physical Synthesis | Checksum: 1d46b3246

Time (s): cpu = 00:00:44 ; elapsed = 00:00:29 . Memory (MB): peak = 3432.660 ; gain = 215.984

Phase 2.4.2 Physical Synthesis In Placer
INFO: [Physopt 32-1035] Found 96 LUTNM shape to break, 1627 LUT instances to create LUTNM shape
INFO: [Physopt 32-1044] Break lutnm for timing: one critical 0, two critical 96, total 96, new lutff created 0
INFO: [Physopt 32-1138] End 1 Pass. Optimized 770 nets or LUTs. Breaked 96 LUTs, combined 674 existing LUTs and moved 0 existing LUT
INFO: [Physopt 32-65] No nets found for high-fanout optimization.
INFO: [Physopt 32-232] Optimized 0 net. Created 0 new instance.
INFO: [Physopt 32-775] End 1 Pass. Optimized 0 net or cell. Created 0 new cell, deleted 0 existing cell and moved 0 existing cell
INFO: [Physopt 32-76] Pass 1. Identified 13 candidate nets for fanout optimization.
INFO: [Physopt 32-81] Processed net tangerineA7_100_i/tangerineSOC_0/inst/nekoRvInst/a_reg_n_0_[7]. Replicated 8 times.
INFO: [Physopt 32-81] Processed net tangerineA7_100_i/tangerineSOC_0/inst/nekoRvInst/a_reg_n_0_[6]. Replicated 8 times.
INFO: [Physopt 32-81] Processed net tangerineA7_100_i/tangerineSOC_0/inst/nekoRvInst/a_reg_n_0_[8]. Replicated 9 times.
INFO: [Physopt 32-81] Processed net tangerineA7_100_i/tangerineSOC_0/inst/nekoRvInst/a_reg_n_0_[9]. Replicated 8 times.
INFO: [Physopt 32-81] Processed net tangerineA7_100_i/tangerineSOC_0/inst/nekoRvInst/a_reg[5]_rep_n_0. Replicated 8 times.
INFO: [Physopt 32-81] Processed net tangerineA7_100_i/tangerineSOC_0/inst/nekoRvInst/a_reg[4]_rep_n_0. Replicated 9 times.
INFO: [Physopt 32-81] Processed net tangerineA7_100_i/tangerineSOC_0/inst/cpuDOut[7]. Replicated 9 times.
INFO: [Physopt 32-81] Processed net tangerineA7_100_i/tangerineSOC_0/inst/cpuDOut[4]. Replicated 9 times.
INFO: [Physopt 32-81] Processed net tangerineA7_100_i/tangerineSOC_0/inst/nekoRvInst/a_reg_n_0_[14]. Replicated 6 times.
INFO: [Physopt 32-81] Processed net tangerineA7_100_i/tangerineSOC_0/inst/cpuDOut[3]. Replicated 9 times.
INFO: [Physopt 32-81] Processed net tangerineA7_100_i/tangerineSOC_0/inst/cpuDOut[6]. Replicated 9 times.
INFO: [Physopt 32-81] Processed net tangerineA7_100_i/tangerineSOC_0/inst/cpuDOut[1]. Replicated 9 times.
INFO: [Physopt 32-81] Processed net tangerineA7_100_i/tangerineSOC_0/inst/cpuDOut[2]. Replicated 9 times.
INFO: [Physopt 32-232] Optimized 13 nets. Created 110 new instances.
INFO: [Physopt 32-775] End 1 Pass. Optimized 13 nets or cells. Created 110 new cells, deleted 0 existing cell and moved 0 existing cell
Netlist sorting complete. Time (s): cpu = 00:00:00 ; elapsed = 00:00:00.149 . Memory (MB): peak = 3432.660 ; gain = 0.000
INFO: [Physopt 32-457] Pass 1. Identified 24 candidate cells for DSP register optimization.
INFO: [Physopt 32-665] Processed cell tangerineA7_100_i/tangerineSOC_0/inst/nekoRvInst/resultMuluu0. 15 registers were pushed out.
INFO: [Physopt 32-665] Processed cell tangerineA7_100_i/tangerineSOC_0/inst/nekoRvInst/resultMuluu0__0. 15 registers were pushed out.
INFO: [Physopt 32-665] Processed cell tangerineA7_100_i/tangerineSOC_0/inst/nekoRvInst/resultMulsu0. 15 registers were pushed out.
INFO: [Physopt 32-665] Processed cell tangerineA7_100_i/tangerineSOC_0/inst/nekoRvInst/resultMulsu0__0. 15 registers were pushed out.
INFO: [Physopt 32-665] Processed cell tangerineA7_100_i/tangerineSOC_0/inst/nekoRvInst/resultMul0. 15 registers were pushed out.
INFO: [Physopt 32-665] Processed cell tangerineA7_100_i/tangerineSOC_0/inst/nekoRvInst/resultMul0__0. 15 registers were pushed out.
INFO: [Physopt 32-665] Processed cell tangerineA7_100_i/tangerineSOC_0/inst/nekoRvInst/resultMulsu0__1. 17 registers were pushed out.
INFO: [Physopt 32-665] Processed cell tangerineA7_100_i/tangerineSOC_0/inst/nekoRvInst/resultMulsu0__2. 17 registers were pushed out.
INFO: [Physopt 32-665] Processed cell tangerineA7_100_i/tangerineSOC_0/inst/nekoRvInst/resultMuluu0__1. 17 registers were pushed out.
INFO: [Physopt 32-665] Processed cell tangerineA7_100_i/tangerineSOC_0/inst/nekoRvInst/resultMuluu0__2. 17 registers were pushed out.
INFO: [Physopt 32-665] Processed cell tangerineA7_100_i/tangerineSOC_0/inst/nekoRvInst/resultMul0__1. 17 registers were pushed out.
INFO: [Physopt 32-665] Processed cell tangerineA7_100_i/tangerineSOC_0/inst/nekoRvInst/resultMul0__2. 17 registers were pushed out.
INFO: [Physopt 32-665] Processed cell tangerineA7_100_i/tangerineSOC_0/inst/nekoRvInst/resultMulsu0__2. 15 registers were pushed out.
INFO: [Physopt 32-665] Processed cell tangerineA7_100_i/tangerineSOC_0/inst/nekoRvInst/resultMuluu0__0. 15 registers were pushed out.
INFO: [Physopt 32-665] Processed cell tangerineA7_100_i/tangerineSOC_0/inst/nekoRvInst/resultMulsu0__1. 17 registers were pushed out.
INFO: [Physopt 32-665] Processed cell tangerineA7_100_i/tangerineSOC_0/inst/nekoRvInst/resultMuluu0__2. 15 registers were pushed out.
INFO: [Physopt 32-665] Processed cell tangerineA7_100_i/tangerineSOC_0/inst/nekoRvInst/resultMuluu0. 17 registers were pushed out.
INFO: [Physopt 32-665] Processed cell tangerineA7_100_i/tangerineSOC_0/inst/nekoRvInst/resultMul0__0. 15 registers were pushed out.
INFO: [Physopt 32-665] Processed cell tangerineA7_100_i/tangerineSOC_0/inst/nekoRvInst/resultMulsu0. 17 registers were pushed out.
INFO: [Physopt 32-665] Processed cell tangerineA7_100_i/tangerineSOC_0/inst/nekoRvInst/resultMul0__2. 15 registers were pushed out.
INFO: [Physopt 32-665] Processed cell tangerineA7_100_i/tangerineSOC_0/inst/nekoRvInst/resultMuluu0__1. 17 registers were pushed out.
INFO: [Physopt 32-665] Processed cell tangerineA7_100_i/tangerineSOC_0/inst/nekoRvInst/resultMul0__1. 17 registers were pushed out.
INFO: [Physopt 32-665] Processed cell tangerineA7_100_i/tangerineSOC_0/inst/nekoRvInst/resultMul0. 17 registers were pushed out.
INFO: [Physopt 32-665] Processed cell tangerineA7_100_i/tangerineSOC_0/inst/nekoRvInst/resultMulsu0__0. 15 registers were pushed out.
INFO: [Physopt 32-775] End 2 Pass. Optimized 24 nets or cells. Created 384 new cells, deleted 0 existing cell and moved 0 existing cell
Netlist sorting complete. Time (s): cpu = 00:00:00 ; elapsed = 00:00:00.104 . Memory (MB): peak = 3432.660 ; gain = 0.000
INFO: [Physopt 32-1123] No candidate cells found for Shift Register to Pipeline optimization
INFO: [Physopt 32-775] End 2 Pass. Optimized 0 net or cell. Created 0 new cell, deleted 0 existing cell and moved 0 existing cell
INFO: [Physopt 32-677] No candidate cells for Shift Register optimization found in the design
INFO: [Physopt 32-775] End 1 Pass. Optimized 0 net or cell. Created 0 new cell, deleted 0 existing cell and moved 0 existing cell
INFO: [Physopt 32-526] No candidate cells for BRAM register optimization found in the design
INFO: [Physopt 32-775] End 1 Pass. Optimized 0 net or cell. Created 0 new cell, deleted 0 existing cell and moved 0 existing cell
INFO: [Physopt 32-846] No candidate cells for URAM register optimization found in the design
INFO: [Physopt 32-775] End 1 Pass. Optimized 0 net or cell. Created 0 new cell, deleted 0 existing cell and moved 0 existing cell
INFO: [Physopt 32-846] No candidate cells for URAM register optimization found in the design
INFO: [Physopt 32-775] End 1 Pass. Optimized 0 net or cell. Created 0 new cell, deleted 0 existing cell and moved 0 existing cell
INFO: [Physopt 32-949] No candidate nets found for dynamic/static region interface net replication
INFO: [Physopt 32-775] End 1 Pass. Optimized 0 net or cell. Created 0 new cell, deleted 0 existing cell and moved 0 existing cell
Netlist sorting complete. Time (s): cpu = 00:00:00 ; elapsed = 00:00:00.010 . Memory (MB): peak = 3432.660 ; gain = 0.000

Summary of Physical Synthesis Optimizations
============================================


-----------------------------------------------------------------------------------------------------------------------------------------------------------
|  Optimization                                     |  Added Cells  |  Removed Cells  |  Optimized Cells/Nets  |  Dont Touch  |  Iterations  |  Elapsed   |
-----------------------------------------------------------------------------------------------------------------------------------------------------------
|  LUT Combining                                    |           96  |            674  |                   770  |           0  |           1  |  00:00:01  |
|  Retime                                           |            0  |              0  |                     0  |           0  |           1  |  00:00:00  |
|  Very High Fanout                                 |            0  |              0  |                     0  |           0  |           1  |  00:00:00  |
|  Fanout                                           |          110  |              0  |                    13  |           0  |           1  |  00:00:01  |
|  DSP Register                                     |          384  |              0  |                    24  |           0  |           1  |  00:00:01  |
|  Shift Register to Pipeline                       |            0  |              0  |                     0  |           0  |           1  |  00:00:00  |
|  Shift Register                                   |            0  |              0  |                     0  |           0  |           1  |  00:00:00  |
|  BRAM Register                                    |            0  |              0  |                     0  |           0  |           1  |  00:00:00  |
|  URAM Register                                    |            0  |              0  |                     0  |           0  |           1  |  00:00:00  |
|  Dynamic/Static Region Interface Net Replication  |            0  |              0  |                     0  |           0  |           1  |  00:00:00  |
|  Total                                            |          590  |            674  |                   807  |           0  |          10  |  00:00:03  |
-----------------------------------------------------------------------------------------------------------------------------------------------------------


Phase 2.4.2 Physical Synthesis In Placer | Checksum: 17adb70ab

Time (s): cpu = 00:00:50 ; elapsed = 00:00:34 . Memory (MB): peak = 3432.660 ; gain = 215.984
Phase 2.4 Global Placement Core | Checksum: 14f3999f6

Time (s): cpu = 00:00:51 ; elapsed = 00:00:35 . Memory (MB): peak = 3432.660 ; gain = 215.984
Phase 2 Global Placement | Checksum: 14f3999f6

Time (s): cpu = 00:00:51 ; elapsed = 00:00:35 . Memory (MB): peak = 3432.660 ; gain = 215.984

Phase 3 Detail Placement

Phase 3.1 Commit Multi Column Macros
Phase 3.1 Commit Multi Column Macros | Checksum: fcb1ffd6

Time (s): cpu = 00:00:54 ; elapsed = 00:00:37 . Memory (MB): peak = 3432.660 ; gain = 215.984

Phase 3.2 Commit Most Macros & LUTRAMs
Phase 3.2 Commit Most Macros & LUTRAMs | Checksum: 16c9c5194

Time (s): cpu = 00:00:59 ; elapsed = 00:00:40 . Memory (MB): peak = 3432.660 ; gain = 215.984

Phase 3.3 Area Swap Optimization
Phase 3.3 Area Swap Optimization | Checksum: 1e1ec846d

Time (s): cpu = 00:00:59 ; elapsed = 00:00:40 . Memory (MB): peak = 3432.660 ; gain = 215.984

Phase 3.4 Pipeline Register Optimization
Phase 3.4 Pipeline Register Optimization | Checksum: 15ee2bcf0

Time (s): cpu = 00:00:59 ; elapsed = 00:00:40 . Memory (MB): peak = 3432.660 ; gain = 215.984

Phase 3.5 Fast Optimization
Phase 3.5 Fast Optimization | Checksum: 1e0768081

Time (s): cpu = 00:01:13 ; elapsed = 00:00:56 . Memory (MB): peak = 3432.660 ; gain = 215.984

Phase 3.6 Small Shape Detail Placement
Phase 3.6 Small Shape Detail Placement | Checksum: 1f8ff6249

Time (s): cpu = 00:01:21 ; elapsed = 00:01:05 . Memory (MB): peak = 3432.660 ; gain = 215.984

Phase 3.7 Re-assign LUT pins
Phase 3.7 Re-assign LUT pins | Checksum: 2392389a5

Time (s): cpu = 00:01:22 ; elapsed = 00:01:06 . Memory (MB): peak = 3432.660 ; gain = 215.984

Phase 3.8 Pipeline Register Optimization
Phase 3.8 Pipeline Register Optimization | Checksum: 163e8aa97

Time (s): cpu = 00:01:22 ; elapsed = 00:01:06 . Memory (MB): peak = 3432.660 ; gain = 215.984

Phase 3.9 Fast Optimization
Phase 3.9 Fast Optimization | Checksum: 17e3fb7de

Time (s): cpu = 00:01:39 ; elapsed = 00:01:21 . Memory (MB): peak = 3432.660 ; gain = 215.984
Phase 3 Detail Placement | Checksum: 17e3fb7de

Time (s): cpu = 00:01:39 ; elapsed = 00:01:21 . Memory (MB): peak = 3432.660 ; gain = 215.984

Phase 4 Post Placement Optimization and Clean-Up

Phase 4.1 Post Commit Optimization
INFO: [Place 46-20] Placer is running with the ExtraNetDelay_high directive. Post Placement Optimization may take longer to complete with ExtraNetDelay_high compared to other directives.
INFO: [Timing 38-35] Done setting XDC timing constraints.

Phase 4.1.1 Post Placement Optimization
Post Placement Optimization Initialization | Checksum: 22bed9939

Phase 4.1.1.1 BUFG Insertion

Starting Physical Synthesis Task

Phase 1 Physical Synthesis Initialization
INFO: [Physopt 32-721] Multithreading enabled for phys_opt_design using a maximum of 2 CPUs
INFO: [Physopt 32-619] Estimated Timing Summary | WNS=-8.322 | TNS=-7820.303 |
Phase 1 Physical Synthesis Initialization | Checksum: 2a7641ca0

Time (s): cpu = 00:00:02 ; elapsed = 00:00:01 . Memory (MB): peak = 3591.301 ; gain = 54.965
INFO: [Place 46-33] Processed net tangerineA7_100_i/tangerineSOC_0/inst/reset, BUFG insertion was skipped due to placement/routing conflicts.
INFO: [Place 46-56] BUFG insertion identified 1 candidate nets. Inserted BUFG: 0, Replicated BUFG Driver: 0, Skipped due to Placement/Routing Conflicts: 1, Skipped due to Timing Degradation: 0, Skipped due to netlist editing failed: 0.
Ending Physical Synthesis Task | Checksum: 2a7641ca0

Time (s): cpu = 00:00:03 ; elapsed = 00:00:02 . Memory (MB): peak = 3593.801 ; gain = 57.465
Phase 4.1.1.1 BUFG Insertion | Checksum: 22bed9939

Time (s): cpu = 00:01:52 ; elapsed = 00:01:30 . Memory (MB): peak = 3593.801 ; gain = 377.125

Phase 4.1.1.2 Post Placement Timing Optimization
INFO: [Place 30-746] Post Placement Timing Summary WNS=-7.474. For the most accurate timing information please run report_timing.
Phase 4.1.1.2 Post Placement Timing Optimization | Checksum: 2910f68af

Time (s): cpu = 00:08:12 ; elapsed = 00:07:57 . Memory (MB): peak = 3758.348 ; gain = 541.672

Time (s): cpu = 00:08:12 ; elapsed = 00:07:57 . Memory (MB): peak = 3758.348 ; gain = 541.672
Phase 4.1 Post Commit Optimization | Checksum: 2910f68af

Time (s): cpu = 00:08:12 ; elapsed = 00:07:57 . Memory (MB): peak = 3758.348 ; gain = 541.672

Phase 4.2 Post Placement Cleanup
Phase 4.2 Post Placement Cleanup | Checksum: 2910f68af

Time (s): cpu = 00:08:12 ; elapsed = 00:07:57 . Memory (MB): peak = 3758.348 ; gain = 541.672

Phase 4.3 Placer Reporting

Phase 4.3.1 Print Estimated Congestion
INFO: [Place 30-612] Post-Placement Estimated Congestion 
 ____________________________________________________
|           | Global Congestion | Short Congestion  |
| Direction | Region Size       | Region Size       |
|___________|___________________|___________________|
|      North|                1x1|                2x2|
|___________|___________________|___________________|
|      South|                1x1|                4x4|
|___________|___________________|___________________|
|       East|                4x4|                8x8|
|___________|___________________|___________________|
|       West|                1x1|                2x2|
|___________|___________________|___________________|

Phase 4.3.1 Print Estimated Congestion | Checksum: 2910f68af

Time (s): cpu = 00:08:12 ; elapsed = 00:07:57 . Memory (MB): peak = 3758.348 ; gain = 541.672
Phase 4.3 Placer Reporting | Checksum: 2910f68af

Time (s): cpu = 00:08:13 ; elapsed = 00:07:57 . Memory (MB): peak = 3758.348 ; gain = 541.672

Phase 4.4 Final Placement Cleanup
Netlist sorting complete. Time (s): cpu = 00:00:00 ; elapsed = 00:00:00.053 . Memory (MB): peak = 3758.348 ; gain = 0.000

Time (s): cpu = 00:08:13 ; elapsed = 00:07:57 . Memory (MB): peak = 3758.348 ; gain = 541.672
Phase 4 Post Placement Optimization and Clean-Up | Checksum: 1e2d12242

Time (s): cpu = 00:08:13 ; elapsed = 00:07:58 . Memory (MB): peak = 3758.348 ; gain = 541.672
Ending Placer Task | Checksum: 14bf3d1ec

Time (s): cpu = 00:08:13 ; elapsed = 00:07:58 . Memory (MB): peak = 3758.348 ; gain = 541.672
INFO: [Common 17-83] Releasing license: Implementation
130 Infos, 4 Warnings, 4 Critical Warnings and 0 Errors encountered.
place_design completed successfully
place_design: Time (s): cpu = 00:08:16 ; elapsed = 00:07:59 . Memory (MB): peak = 3758.348 ; gain = 541.672
INFO: [runtcl-4] Executing : report_io -file tangerineA7_100_wrapper_io_placed.rpt
report_io: Time (s): cpu = 00:00:00 ; elapsed = 00:00:00.060 . Memory (MB): peak = 3758.348 ; gain = 0.000
INFO: [runtcl-4] Executing : report_utilization -file tangerineA7_100_wrapper_utilization_placed.rpt -pb tangerineA7_100_wrapper_utilization_placed.pb
INFO: [runtcl-4] Executing : report_control_sets -verbose -file tangerineA7_100_wrapper_control_sets_placed.rpt
report_control_sets: Time (s): cpu = 00:00:00 ; elapsed = 00:00:00.062 . Memory (MB): peak = 3758.348 ; gain = 0.000
INFO: [Timing 38-480] Writing timing data to binary archive.
Writing XDEF routing.
Writing XDEF routing logical nets.
Writing XDEF routing special nets.
Write XDEF Complete: Time (s): cpu = 00:00:07 ; elapsed = 00:00:03 . Memory (MB): peak = 3772.469 ; gain = 14.121
INFO: [Common 17-1381] The checkpoint 'C:/Users/qubeck/Documents/Development/ProjektyVHDL/WukongBoard/tangerineA7_100/tangerineA7_100.runs/impl_quick/tangerineA7_100_wrapper_placed.dcp' has been generated.
write_checkpoint: Time (s): cpu = 00:00:10 ; elapsed = 00:00:06 . Memory (MB): peak = 3772.469 ; gain = 14.121
Command: phys_opt_design -directive Explore
Attempting to get a license for feature 'Implementation' and/or device 'xc7a100t'
INFO: [Common 17-349] Got license for feature 'Implementation' and/or device 'xc7a100t'
INFO: [Vivado_Tcl 4-137] Directive used for phys_opt_design is: Explore

Starting Initial Update Timing Task

Time (s): cpu = 00:00:07 ; elapsed = 00:00:04 . Memory (MB): peak = 3776.652 ; gain = 4.184
INFO: [Vivado_Tcl 4-1435] PhysOpt_Tcl_Interface Runtime Before Starting Physical Synthesis Task | CPU: 7.00s |  WALL: 4.46s
Netlist sorting complete. Time (s): cpu = 00:00:00 ; elapsed = 00:00:00.009 . Memory (MB): peak = 3776.652 ; gain = 0.000

Starting Physical Synthesis Task

Phase 1 Physical Synthesis Initialization
INFO: [Physopt 32-721] Multithreading enabled for phys_opt_design using a maximum of 2 CPUs
INFO: [Physopt 32-619] Estimated Timing Summary | WNS=-7.474 | TNS=-7052.305 |
Phase 1 Physical Synthesis Initialization | Checksum: 2f5e3c40f

Time (s): cpu = 00:00:05 ; elapsed = 00:00:02 . Memory (MB): peak = 3776.652 ; gain = 0.000

Phase 2 SLR Crossing Optimization
Phase 2 SLR Crossing Optimization | Checksum: 2f5e3c40f

Time (s): cpu = 00:00:05 ; elapsed = 00:00:03 . Memory (MB): peak = 3776.652 ; gain = 0.000
INFO: [Physopt 32-619] Estimated Timing Summary | WNS=-7.474 | TNS=-7052.305 |

Phase 3 Fanout Optimization
INFO: [Physopt 32-76] Pass 1. Identified 1 candidate net for fanout optimization.
INFO: [Physopt 32-572] Net tangerineA7_100_i/tangerineSOC_0/FSM_onehot_pggState[36]_i_1_n_0 was not replicated.
Resolution: phys_opt_design can be forced to replicate a net driver using the option -force_replication_on_nets <list of net objects>.
INFO: [Physopt 32-232] Optimized 0 net. Created 0 new instance.
INFO: [Physopt 32-775] End 1 Pass. Optimized 0 net or cell. Created 0 new cell, deleted 0 existing cell and moved 0 existing cell
Netlist sorting complete. Time (s): cpu = 00:00:00 ; elapsed = 00:00:00.010 . Memory (MB): peak = 3776.652 ; gain = 0.000
Phase 3 Fanout Optimization | Checksum: 2f5e3c40f

Time (s): cpu = 00:00:06 ; elapsed = 00:00:03 . Memory (MB): peak = 3776.652 ; gain = 0.000

Phase 4 Single Cell Placement Optimization
INFO: [Physopt 32-660] Identified 152 candidate nets for placement-based optimization.
INFO: [Physopt 32-662] Processed net tangerineA7_100_i/tangerineSOC_0/pgLutBackgroundColor[23]_i_6_n_0.  Did not re-place instance tangerineA7_100_i/tangerineSOC_0/pgLutBackgroundColor[23]_i_6
INFO: [Physopt 32-662] Processed net tangerineA7_100_i/tangerineSOC_0/inst/vgaInst/pixelGenInst/p_0_in[0].  Did not re-place instance tangerineA7_100_i/tangerineSOC_0/pgLutBackgroundColor[4]_i_1
INFO: [Physopt 32-662] Processed net tangerineA7_100_i/tangerineSOC_0/inst/vgaInst/pgCursorX_reg_n_0_[5].  Did not re-place instance tangerineA7_100_i/tangerineSOC_0/inst/vgaInst/pgCursorX_reg[5]
INFO: [Physopt 32-662] Processed net tangerineA7_100_i/tangerineSOC_0/pgLutBackgroundColor[23]_i_8_n_0.  Did not re-place instance tangerineA7_100_i/tangerineSOC_0/pgLutBackgroundColor[23]_i_8
INFO: [Physopt 32-663] Processed net tangerineA7_100_i/tangerineSOC_0/inst/vgaInst/pixelGenInst/pgLutBackgroundColor[0].  Re-placed instance tangerineA7_100_i/tangerineSOC_0/inst/vgaInst/pixelGenInst/pgLutBackgroundColor_reg[0]
INFO: [Physopt 32-663] Processed net tangerineA7_100_i/tangerineSOC_0/inst/vgaInst/pixelGenInst/pgLutBackgroundColor[4].  Re-placed instance tangerineA7_100_i/tangerineSOC_0/inst/vgaInst/pixelGenInst/pgLutBackgroundColor_reg[4]
INFO: [Physopt 32-662] Processed net tangerineA7_100_i/tangerineSOC_0/inst/vgaInst/pixelGenInst/pgLutBackgroundColor[1].  Did not re-place instance tangerineA7_100_i/tangerineSOC_0/inst/vgaInst/pixelGenInst/pgLutBackgroundColor_reg[1]
INFO: [Physopt 32-663] Processed net tangerineA7_100_i/tangerineSOC_0/inst/vgaInst/pixelGenInst/pgLutBackgroundColor[2].  Re-placed instance tangerineA7_100_i/tangerineSOC_0/inst/vgaInst/pixelGenInst/pgLutBackgroundColor_reg[2]
INFO: [Physopt 32-663] Processed net tangerineA7_100_i/tangerineSOC_0/inst/vgaInst/pixelGenInst/p_0_in[8].  Re-placed instance tangerineA7_100_i/tangerineSOC_0/pgLutBackgroundColor[12]_i_1
INFO: [Physopt 32-663] Processed net tangerineA7_100_i/tangerineSOC_0/inst/vgaInst/pixelGenInst/pgLutBackgroundColor[8].  Re-placed instance tangerineA7_100_i/tangerineSOC_0/inst/vgaInst/pixelGenInst/pgLutBackgroundColor_reg[8]
INFO: [Physopt 32-663] Processed net tangerineA7_100_i/tangerineSOC_0/inst/vgaInst/pixelGenInst/pgLutBackgroundColor[9].  Re-placed instance tangerineA7_100_i/tangerineSOC_0/inst/vgaInst/pixelGenInst/pgLutBackgroundColor_reg[9]
INFO: [Physopt 32-662] Processed net tangerineA7_100_i/tangerineSOC_0/pgLutLetterColor[12]_i_1_n_0.  Did not re-place instance tangerineA7_100_i/tangerineSOC_0/pgLutLetterColor[12]_i_1
INFO: [Physopt 32-662] Processed net tangerineA7_100_i/tangerineSOC_0/pgLutLetterColor[20]_i_1_n_0.  Did not re-place instance tangerineA7_100_i/tangerineSOC_0/pgLutLetterColor[20]_i_1
INFO: [Physopt 32-663] Processed net tangerineA7_100_i/tangerineSOC_0/inst/vgaInst/pixelGenInst/pgLutLetterColor[20].  Re-placed instance tangerineA7_100_i/tangerineSOC_0/inst/vgaInst/pixelGenInst/pgLutLetterColor_reg[20]
INFO: [Physopt 32-663] Processed net tangerineA7_100_i/tangerineSOC_0/inst/vgaInst/pixelGenInst/pgLutLetterColor[8].  Re-placed instance tangerineA7_100_i/tangerineSOC_0/inst/vgaInst/pixelGenInst/pgLutLetterColor_reg[8]
INFO: [Physopt 32-663] Processed net tangerineA7_100_i/tangerineSOC_0/inst/vgaInst/pixelGenInst/pgLutLetterColor[12].  Re-placed instance tangerineA7_100_i/tangerineSOC_0/inst/vgaInst/pixelGenInst/pgLutLetterColor_reg[12]
INFO: [Physopt 32-662] Processed net tangerineA7_100_i/tangerineSOC_0/inst/vgaInst/pixelGenInst/p_0_in[16].  Did not re-place instance tangerineA7_100_i/tangerineSOC_0/pgLutBackgroundColor[20]_i_1
INFO: [Physopt 32-663] Processed net tangerineA7_100_i/tangerineSOC_0/inst/vgaInst/pixelGenInst/pgLutBackgroundColor[20].  Re-placed instance tangerineA7_100_i/tangerineSOC_0/inst/vgaInst/pixelGenInst/pgLutBackgroundColor_reg[20]
INFO: [Physopt 32-663] Processed net tangerineA7_100_i/tangerineSOC_0/inst/vgaInst/pixelGenInst/pgLutBackgroundColor[12].  Re-placed instance tangerineA7_100_i/tangerineSOC_0/inst/vgaInst/pixelGenInst/pgLutBackgroundColor_reg[12]
INFO: [Physopt 32-663] Processed net tangerineA7_100_i/tangerineSOC_0/inst/vgaInst/pixelGenInst/pgLutBackgroundColor[11].  Re-placed instance tangerineA7_100_i/tangerineSOC_0/inst/vgaInst/pixelGenInst/pgLutBackgroundColor_reg[11]
INFO: [Physopt 32-663] Processed net tangerineA7_100_i/tangerineSOC_0/inst/vgaInst/pixelGenInst/pgLutBackgroundColor[17].  Re-placed instance tangerineA7_100_i/tangerineSOC_0/inst/vgaInst/pixelGenInst/pgLutBackgroundColor_reg[17]
INFO: [Physopt 32-662] Processed net tangerineA7_100_i/tangerineSOC_0/inst/vgaInst/pixelGenInst/pgLutLetterColor[19].  Did not re-place instance tangerineA7_100_i/tangerineSOC_0/inst/vgaInst/pixelGenInst/pgLutLetterColor_reg[19]
INFO: [Physopt 32-662] Processed net tangerineA7_100_i/tangerineSOC_0/inst/vgaInst/pixelGenInst/pgLutLetterColor[9].  Did not re-place instance tangerineA7_100_i/tangerineSOC_0/inst/vgaInst/pixelGenInst/pgLutLetterColor_reg[9]
INFO: [Physopt 32-662] Processed net tangerineA7_100_i/tangerineSOC_0/inst/vgaInst/pixelGenInst/pgLutLetterColor[10].  Did not re-place instance tangerineA7_100_i/tangerineSOC_0/inst/vgaInst/pixelGenInst/pgLutLetterColor_reg[10]
INFO: [Physopt 32-662] Processed net tangerineA7_100_i/tangerineSOC_0/inst/vgaInst/pixelGenInst/pgLutBackgroundColor[16].  Did not re-place instance tangerineA7_100_i/tangerineSOC_0/inst/vgaInst/pixelGenInst/pgLutBackgroundColor_reg[16]
INFO: [Physopt 32-662] Processed net tangerineA7_100_i/tangerineSOC_0/inst/vgaInst/pixelGenInst/pgLutBackgroundColor[19].  Did not re-place instance tangerineA7_100_i/tangerineSOC_0/inst/vgaInst/pixelGenInst/pgLutBackgroundColor_reg[19]
INFO: [Physopt 32-663] Processed net tangerineA7_100_i/tangerineSOC_0/pgLutLetterColor[4]_i_1_n_0.  Re-placed instance tangerineA7_100_i/tangerineSOC_0/pgLutLetterColor[4]_i_1
INFO: [Physopt 32-662] Processed net tangerineA7_100_i/tangerineSOC_0/inst/vgaInst/pixelGenInst/pgLutLetterColor[4].  Did not re-place instance tangerineA7_100_i/tangerineSOC_0/inst/vgaInst/pixelGenInst/pgLutLetterColor_reg[4]
INFO: [Physopt 32-662] Processed net tangerineA7_100_i/tangerineSOC_0/inst/vgaInst/pixelGenInst/pgLutBackgroundColor[18].  Did not re-place instance tangerineA7_100_i/tangerineSOC_0/inst/vgaInst/pixelGenInst/pgLutBackgroundColor_reg[18]
INFO: [Physopt 32-662] Processed net tangerineA7_100_i/tangerineSOC_0/inst/vgaInst/pixelGenInst/pgLutLetterColor[0].  Did not re-place instance tangerineA7_100_i/tangerineSOC_0/inst/vgaInst/pixelGenInst/pgLutLetterColor_reg[0]
INFO: [Physopt 32-662] Processed net tangerineA7_100_i/tangerineSOC_0/inst/vgaInst/pixelGenInst/pgLutLetterColor[16].  Did not re-place instance tangerineA7_100_i/tangerineSOC_0/inst/vgaInst/pixelGenInst/pgLutLetterColor_reg[16]
INFO: [Physopt 32-662] Processed net tangerineA7_100_i/tangerineSOC_0/inst/vgaInst/pixelGenInst/pgLutLetterColor[2].  Did not re-place instance tangerineA7_100_i/tangerineSOC_0/inst/vgaInst/pixelGenInst/pgLutLetterColor_reg[2]
INFO: [Physopt 32-662] Processed net tangerineA7_100_i/tangerineSOC_0/inst/vgaInst/pixelGenInst/pgLutLetterColor[11].  Did not re-place instance tangerineA7_100_i/tangerineSOC_0/inst/vgaInst/pixelGenInst/pgLutLetterColor_reg[11]
INFO: [Physopt 32-662] Processed net tangerineA7_100_i/tangerineSOC_0/inst/vgaInst/pixelGenInst/pgLutLetterColor[1].  Did not re-place instance tangerineA7_100_i/tangerineSOC_0/inst/vgaInst/pixelGenInst/pgLutLetterColor_reg[1]
INFO: [Physopt 32-662] Processed net tangerineA7_100_i/tangerineSOC_0/inst/vgaInst/pixelGenInst/pgLutLetterColor[17].  Did not re-place instance tangerineA7_100_i/tangerineSOC_0/inst/vgaInst/pixelGenInst/pgLutLetterColor_reg[17]
INFO: [Physopt 32-663] Processed net tangerineA7_100_i/tangerineSOC_0/inst/vgaInst/pixelGenInst/p_0_in[13].  Re-placed instance tangerineA7_100_i/tangerineSOC_0/pgLutBackgroundColor[13]_i_1
INFO: [Physopt 32-663] Processed net tangerineA7_100_i/tangerineSOC_0/pgLutLetterColor[23]_i_1_n_0.  Re-placed instance tangerineA7_100_i/tangerineSOC_0/pgLutLetterColor[23]_i_1
INFO: [Physopt 32-662] Processed net tangerineA7_100_i/tangerineSOC_0/inst/vgaInst/pixelGenInst/pgLutBackgroundColor[13].  Did not re-place instance tangerineA7_100_i/tangerineSOC_0/inst/vgaInst/pixelGenInst/pgLutBackgroundColor_reg[13]
INFO: [Physopt 32-662] Processed net tangerineA7_100_i/tangerineSOC_0/inst/vgaInst/pixelGenInst/pgLutLetterColor[23].  Did not re-place instance tangerineA7_100_i/tangerineSOC_0/inst/vgaInst/pixelGenInst/pgLutLetterColor_reg[23]
INFO: [Physopt 32-663] Processed net tangerineA7_100_i/tangerineSOC_0/pgLutLetterColor[22]_i_1_n_0.  Re-placed instance tangerineA7_100_i/tangerineSOC_0/pgLutLetterColor[22]_i_1
INFO: [Physopt 32-662] Processed net tangerineA7_100_i/tangerineSOC_0/inst/vgaInst/pixelGenInst/pgLutLetterColor[22].  Did not re-place instance tangerineA7_100_i/tangerineSOC_0/inst/vgaInst/pixelGenInst/pgLutLetterColor_reg[22]
INFO: [Physopt 32-663] Processed net tangerineA7_100_i/tangerineSOC_0/pgLutLetterColor[14]_i_1_n_0.  Re-placed instance tangerineA7_100_i/tangerineSOC_0/pgLutLetterColor[14]_i_1
INFO: [Physopt 32-663] Processed net tangerineA7_100_i/tangerineSOC_0/pgLutLetterColor[15]_i_1_n_0.  Re-placed instance tangerineA7_100_i/tangerineSOC_0/pgLutLetterColor[15]_i_1
INFO: [Physopt 32-662] Processed net tangerineA7_100_i/tangerineSOC_0/inst/vgaInst/pixelGenInst/pgLutLetterColor[14].  Did not re-place instance tangerineA7_100_i/tangerineSOC_0/inst/vgaInst/pixelGenInst/pgLutLetterColor_reg[14]
INFO: [Physopt 32-662] Processed net tangerineA7_100_i/tangerineSOC_0/inst/vgaInst/pixelGenInst/pgLutLetterColor[15].  Did not re-place instance tangerineA7_100_i/tangerineSOC_0/inst/vgaInst/pixelGenInst/pgLutLetterColor_reg[15]
INFO: [Physopt 32-662] Processed net tangerineA7_100_i/tangerineSOC_0/inst/vgaInst/pgCursorX_reg_n_0_[6].  Did not re-place instance tangerineA7_100_i/tangerineSOC_0/inst/vgaInst/pgCursorX_reg[6]
INFO: [Physopt 32-662] Processed net tangerineA7_100_i/tangerineSOC_0/pgLutBackgroundColor[23]_i_10_n_0.  Did not re-place instance tangerineA7_100_i/tangerineSOC_0/pgLutBackgroundColor[23]_i_10
INFO: [Physopt 32-662] Processed net tangerineA7_100_i/tangerineSOC_0/inst/vgaInst/pgCursorX_reg_n_0_[4].  Did not re-place instance tangerineA7_100_i/tangerineSOC_0/inst/vgaInst/pgCursorX_reg[4]
INFO: [Physopt 32-662] Processed net tangerineA7_100_i/tangerineSOC_0/pgLutBackgroundColor[23]_i_9_n_0.  Did not re-place instance tangerineA7_100_i/tangerineSOC_0/pgLutBackgroundColor[23]_i_9
INFO: [Physopt 32-662] Processed net tangerineA7_100_i/tangerineSOC_0/inst/vgaInst/pixelGenInst/pgLutBackgroundColor[10].  Did not re-place instance tangerineA7_100_i/tangerineSOC_0/inst/vgaInst/pixelGenInst/pgLutBackgroundColor_reg[10]
INFO: [Physopt 32-662] Processed net tangerineA7_100_i/tangerineSOC_0/inst/vgaInst/pgCursorX_reg_n_0_[3].  Did not re-place instance tangerineA7_100_i/tangerineSOC_0/inst/vgaInst/pgCursorX_reg[3]
INFO: [Physopt 32-662] Processed net tangerineA7_100_i/tangerineSOC_0/pgLutLetterColor[7]_i_1_n_0.  Did not re-place instance tangerineA7_100_i/tangerineSOC_0/pgLutLetterColor[7]_i_1
INFO: [Physopt 32-662] Processed net tangerineA7_100_i/tangerineSOC_0/inst/vgaInst/pixelGenInst/pgLutLetterColor[7].  Did not re-place instance tangerineA7_100_i/tangerineSOC_0/inst/vgaInst/pixelGenInst/pgLutLetterColor_reg[7]
INFO: [Physopt 32-662] Processed net tangerineA7_100_i/tangerineSOC_0/inst/vgaInst/pgCursorY_reg_n_0_[6].  Did not re-place instance tangerineA7_100_i/tangerineSOC_0/inst/vgaInst/pgCursorY_reg[6]
INFO: [Physopt 32-662] Processed net tangerineA7_100_i/tangerineSOC_0/pgLutBackgroundColor[23]_i_11_n_0.  Did not re-place instance tangerineA7_100_i/tangerineSOC_0/pgLutBackgroundColor[23]_i_11
INFO: [Physopt 32-663] Processed net tangerineA7_100_i/tangerineSOC_0/inst/vgaInst/pixelGenInst/p_0_in[21].  Re-placed instance tangerineA7_100_i/tangerineSOC_0/pgLutBackgroundColor[21]_i_1
INFO: [Physopt 32-662] Processed net tangerineA7_100_i/tangerineSOC_0/inst/vgaInst/pixelGenInst/pgLutBackgroundColor[21].  Did not re-place instance tangerineA7_100_i/tangerineSOC_0/inst/vgaInst/pixelGenInst/pgLutBackgroundColor_reg[21]
INFO: [Physopt 32-663] Processed net tangerineA7_100_i/tangerineSOC_0/pgLutLetterColor[6]_i_1_n_0.  Re-placed instance tangerineA7_100_i/tangerineSOC_0/pgLutLetterColor[6]_i_1
INFO: [Physopt 32-662] Processed net tangerineA7_100_i/tangerineSOC_0/inst/vgaInst/pixelGenInst/pgLutLetterColor[6].  Did not re-place instance tangerineA7_100_i/tangerineSOC_0/inst/vgaInst/pixelGenInst/pgLutLetterColor_reg[6]
INFO: [Physopt 32-663] Processed net tangerineA7_100_i/tangerineSOC_0/inst/vgaInst/pixelGenInst/p_0_in[5].  Re-placed instance tangerineA7_100_i/tangerineSOC_0/pgLutBackgroundColor[5]_i_1
INFO: [Physopt 32-662] Processed net tangerineA7_100_i/tangerineSOC_0/inst/vgaInst/pixelGenInst/pgLutBackgroundColor[5].  Did not re-place instance tangerineA7_100_i/tangerineSOC_0/inst/vgaInst/pixelGenInst/pgLutBackgroundColor_reg[5]
INFO: [Physopt 32-663] Processed net tangerineA7_100_i/tangerineSOC_0/inst/vgaInst/pgCursorY_reg_n_0_[7].  Re-placed instance tangerineA7_100_i/tangerineSOC_0/inst/vgaInst/pgCursorY_reg[7]
INFO: [Physopt 32-662] Processed net tangerineA7_100_i/tangerineSOC_0/inst/vgaInst/pgVideoMode[1].  Did not re-place instance tangerineA7_100_i/tangerineSOC_0/inst/vgaInst/vmMode_reg[3]
INFO: [Physopt 32-663] Processed net tangerineA7_100_i/tangerineSOC_0/pgLetterY[7]_i_2_n_0.  Re-placed instance tangerineA7_100_i/tangerineSOC_0/pgLetterY[7]_i_2
INFO: [Physopt 32-662] Processed net tangerineA7_100_i/tangerineSOC_0/pgLetterY[7]_i_1_n_0.  Did not re-place instance tangerineA7_100_i/tangerineSOC_0/pgLetterY[7]_i_1
INFO: [Physopt 32-662] Processed net tangerineA7_100_i/tangerineSOC_0/pgLetterY[7]_i_6_n_0.  Did not re-place instance tangerineA7_100_i/tangerineSOC_0/pgLetterY[7]_i_6
INFO: [Physopt 32-663] Processed net tangerineA7_100_i/tangerineSOC_0/inst/vgaInst/pixelGenInst/pgLetterY[1].  Re-placed instance tangerineA7_100_i/tangerineSOC_0/inst/vgaInst/pixelGenInst/pgLetterY_reg[1]
INFO: [Physopt 32-663] Processed net tangerineA7_100_i/tangerineSOC_0/inst/vgaInst/pixelGenInst/pgLetterY[4].  Re-placed instance tangerineA7_100_i/tangerineSOC_0/inst/vgaInst/pixelGenInst/pgLetterY_reg[4]
INFO: [Physopt 32-662] Processed net tangerineA7_100_i/tangerineSOC_0/inst/vgaInst/pixelGenInst/pgLetterY[2].  Did not re-place instance tangerineA7_100_i/tangerineSOC_0/inst/vgaInst/pixelGenInst/pgLetterY_reg[2]
INFO: [Physopt 32-662] Processed net tangerineA7_100_i/tangerineSOC_0/inst/vgaInst/pixelGenInst/pgLetterY[3].  Did not re-place instance tangerineA7_100_i/tangerineSOC_0/inst/vgaInst/pixelGenInst/pgLetterY_reg[3]
INFO: [Physopt 32-662] Processed net tangerineA7_100_i/tangerineSOC_0/inst/vgaInst/pixelGenInst/pgLetterY[5].  Did not re-place instance tangerineA7_100_i/tangerineSOC_0/inst/vgaInst/pixelGenInst/pgLetterY_reg[5]
INFO: [Physopt 32-662] Processed net tangerineA7_100_i/tangerineSOC_0/inst/vgaInst/pixelGenInst/pgLetterY[7].  Did not re-place instance tangerineA7_100_i/tangerineSOC_0/inst/vgaInst/pixelGenInst/pgLetterY_reg[7]
INFO: [Physopt 32-663] Processed net tangerineA7_100_i/tangerineSOC_0/inst/vgaInst/pgCursorX_reg_n_0_[7].  Re-placed instance tangerineA7_100_i/tangerineSOC_0/inst/vgaInst/pgCursorX_reg[7]
INFO: [Physopt 32-663] Processed net tangerineA7_100_i/tangerineSOC_0/inst/vgaInst/pgCursorX_reg_n_0_[0].  Re-placed instance tangerineA7_100_i/tangerineSOC_0/inst/vgaInst/pgCursorX_reg[0]
INFO: [Physopt 32-663] Processed net tangerineA7_100_i/tangerineSOC_0/inst/vgaInst/pgCursorY_reg_n_0_[1].  Re-placed instance tangerineA7_100_i/tangerineSOC_0/inst/vgaInst/pgCursorY_reg[1]
INFO: [Physopt 32-663] Processed net tangerineA7_100_i/tangerineSOC_0/inst/vgaInst/pgCursorX_reg_n_0_[2].  Re-placed instance tangerineA7_100_i/tangerineSOC_0/inst/vgaInst/pgCursorX_reg[2]
INFO: [Physopt 32-662] Processed net tangerineA7_100_i/tangerineSOC_0/inst/vgaInst/pixelGenInst/pgLutLetterColor[18].  Did not re-place instance tangerineA7_100_i/tangerineSOC_0/inst/vgaInst/pixelGenInst/pgLutLetterColor_reg[18]
INFO: [Physopt 32-662] Processed net tangerineA7_100_i/tangerineSOC_0/inst/vgaInst/pixelGenInst/pgLutLetterColor[3].  Did not re-place instance tangerineA7_100_i/tangerineSOC_0/inst/vgaInst/pixelGenInst/pgLutLetterColor_reg[3]
INFO: [Physopt 32-662] Processed net tangerineA7_100_i/tangerineSOC_0/inst/vgaInst/pixelGenInst/pgLutBackgroundColor[3].  Did not re-place instance tangerineA7_100_i/tangerineSOC_0/inst/vgaInst/pixelGenInst/pgLutBackgroundColor_reg[3]
INFO: [Physopt 32-662] Processed net tangerineA7_100_i/tangerineSOC_0/inst/vgaInst/pixelGenInst/p_0_in[6].  Did not re-place instance tangerineA7_100_i/tangerineSOC_0/pgLutBackgroundColor[6]_i_1
INFO: [Physopt 32-662] Processed net tangerineA7_100_i/tangerineSOC_0/inst/vgaInst/pixelGenInst/pgLutBackgroundColor[6].  Did not re-place instance tangerineA7_100_i/tangerineSOC_0/inst/vgaInst/pixelGenInst/pgLutBackgroundColor_reg[6]
INFO: [Physopt 32-662] Processed net tangerineA7_100_i/tangerineSOC_0/inst/vgaInst/pixelGenInst/p_0_in[22].  Did not re-place instance tangerineA7_100_i/tangerineSOC_0/pgLutBackgroundColor[22]_i_1
INFO: [Physopt 32-662] Processed net tangerineA7_100_i/tangerineSOC_0/pgLutLetterColor[13]_i_1_n_0.  Did not re-place instance tangerineA7_100_i/tangerineSOC_0/pgLutLetterColor[13]_i_1
INFO: [Physopt 32-662] Processed net tangerineA7_100_i/tangerineSOC_0/inst/vgaInst/pixelGenInst/pgLutBackgroundColor[22].  Did not re-place instance tangerineA7_100_i/tangerineSOC_0/inst/vgaInst/pixelGenInst/pgLutBackgroundColor_reg[22]
INFO: [Physopt 32-662] Processed net tangerineA7_100_i/tangerineSOC_0/inst/vgaInst/pixelGenInst/pgLutLetterColor[13].  Did not re-place instance tangerineA7_100_i/tangerineSOC_0/inst/vgaInst/pixelGenInst/pgLutLetterColor_reg[13]
INFO: [Physopt 32-662] Processed net tangerineA7_100_i/tangerineSOC_0/inst/vgaInst/pixelGenInst/p_0_in[15].  Did not re-place instance tangerineA7_100_i/tangerineSOC_0/pgLutBackgroundColor[15]_i_1
INFO: [Physopt 32-662] Processed net tangerineA7_100_i/tangerineSOC_0/inst/vgaInst/pixelGenInst/pgLutBackgroundColor[15].  Did not re-place instance tangerineA7_100_i/tangerineSOC_0/inst/vgaInst/pixelGenInst/pgLutBackgroundColor_reg[15]
INFO: [Physopt 32-662] Processed net tangerineA7_100_i/tangerineSOC_0/inst/vgaInst/pgCursorY_reg_n_0_[5].  Did not re-place instance tangerineA7_100_i/tangerineSOC_0/inst/vgaInst/pgCursorY_reg[5]
INFO: [Physopt 32-662] Processed net tangerineA7_100_i/tangerineSOC_0/pgLutBackgroundColor[23]_i_12_n_0.  Did not re-place instance tangerineA7_100_i/tangerineSOC_0/pgLutBackgroundColor[23]_i_12
INFO: [Physopt 32-663] Processed net tangerineA7_100_i/tangerineSOC_0/inst/vgaInst/pgCursorX_reg_n_0_[1].  Re-placed instance tangerineA7_100_i/tangerineSOC_0/inst/vgaInst/pgCursorX_reg[1]
INFO: [Physopt 32-662] Processed net tangerineA7_100_i/tangerineSOC_0/pgLutLetterColor[21]_i_1_n_0.  Did not re-place instance tangerineA7_100_i/tangerineSOC_0/pgLutLetterColor[21]_i_1
INFO: [Physopt 32-662] Processed net tangerineA7_100_i/tangerineSOC_0/inst/vgaInst/pixelGenInst/pgLutLetterColor[21].  Did not re-place instance tangerineA7_100_i/tangerineSOC_0/inst/vgaInst/pixelGenInst/pgLutLetterColor_reg[21]
INFO: [Physopt 32-662] Processed net tangerineA7_100_i/tangerineSOC_0/inst/vgaInst/pixelGenInst/p_0_in[14].  Did not re-place instance tangerineA7_100_i/tangerineSOC_0/pgLutBackgroundColor[14]_i_1
INFO: [Physopt 32-662] Processed net tangerineA7_100_i/tangerineSOC_0/inst/vgaInst/pixelGenInst/pgLutBackgroundColor[14].  Did not re-place instance tangerineA7_100_i/tangerineSOC_0/inst/vgaInst/pixelGenInst/pgLutBackgroundColor_reg[14]
INFO: [Physopt 32-662] Processed net tangerineA7_100_i/tangerineSOC_0/inst/vgaInst/pixelGenInst/p_0_in[23].  Did not re-place instance tangerineA7_100_i/tangerineSOC_0/pgLutBackgroundColor[23]_i_1
INFO: [Physopt 32-662] Processed net tangerineA7_100_i/tangerineSOC_0/inst/vgaInst/pixelGenInst/pgLutBackgroundColor[23].  Did not re-place instance tangerineA7_100_i/tangerineSOC_0/inst/vgaInst/pixelGenInst/pgLutBackgroundColor_reg[23]
INFO: [Physopt 32-662] Processed net tangerineA7_100_i/tangerineSOC_0/inst/vgaInst/pixelGenInst/p_0_in[7].  Did not re-place instance tangerineA7_100_i/tangerineSOC_0/pgLutBackgroundColor[7]_i_1
INFO: [Physopt 32-662] Processed net tangerineA7_100_i/tangerineSOC_0/inst/vgaInst/pixelGenInst/pgLutBackgroundColor[7].  Did not re-place instance tangerineA7_100_i/tangerineSOC_0/inst/vgaInst/pixelGenInst/pgLutBackgroundColor_reg[7]
INFO: [Physopt 32-662] Processed net tangerineA7_100_i/tangerineSOC_0/pgLutLetterColor[5]_i_1_n_0.  Did not re-place instance tangerineA7_100_i/tangerineSOC_0/pgLutLetterColor[5]_i_1
INFO: [Physopt 32-662] Processed net tangerineA7_100_i/tangerineSOC_0/inst/vgaInst/pixelGenInst/pgLutLetterColor[5].  Did not re-place instance tangerineA7_100_i/tangerineSOC_0/inst/vgaInst/pixelGenInst/pgLutLetterColor_reg[5]
INFO: [Physopt 32-662] Processed net tangerineA7_100_i/tangerineSOC_0/FSM_onehot_pggState[36]_i_1_n_0.  Did not re-place instance tangerineA7_100_i/tangerineSOC_0/FSM_onehot_pggState[36]_i_1
INFO: [Physopt 32-662] Processed net tangerineA7_100_i/tangerineSOC_0/inst/vgaInst/vmMode_reg_n_0_[5].  Did not re-place instance tangerineA7_100_i/tangerineSOC_0/inst/vgaInst/vmMode_reg[5]
INFO: [Physopt 32-662] Processed net tangerineA7_100_i/tangerineSOC_0/FSM_onehot_pggState[36]_i_3_n_0.  Did not re-place instance tangerineA7_100_i/tangerineSOC_0/FSM_onehot_pggState[36]_i_3
INFO: [Physopt 32-662] Processed net tangerineA7_100_i/tangerineSOC_0/inst/vgaInst/pixelGenGfxInst/FSM_onehot_pggState_reg_n_0_[15].  Did not re-place instance tangerineA7_100_i/tangerineSOC_0/inst/vgaInst/pixelGenGfxInst/FSM_onehot_pggState_reg[15]
INFO: [Physopt 32-662] Processed net tangerineA7_100_i/tangerineSOC_0/inst/vgaInst/vmMode_reg_n_0_[1].  Did not re-place instance tangerineA7_100_i/tangerineSOC_0/inst/vgaInst/vmMode_reg[1]
INFO: [Physopt 32-662] Processed net tangerineA7_100_i/tangerineSOC_0/FSM_onehot_pggState[36]_i_8_n_0.  Did not re-place instance tangerineA7_100_i/tangerineSOC_0/FSM_onehot_pggState[36]_i_8
INFO: [Physopt 32-662] Processed net tangerineA7_100_i/tangerineSOC_0/inst/vgaInst/pgCursorY_reg_n_0_[3].  Did not re-place instance tangerineA7_100_i/tangerineSOC_0/inst/vgaInst/pgCursorY_reg[3]
INFO: [Physopt 32-662] Processed net tangerineA7_100_i/tangerineSOC_0/inst/vgaInst/vmMode_reg_n_0_[4].  Did not re-place instance tangerineA7_100_i/tangerineSOC_0/inst/vgaInst/vmMode_reg[4]
INFO: [Physopt 32-662] Processed net tangerineA7_100_i/tangerineSOC_0/inst/vgaInst/pixelGenGfxInst/FSM_onehot_pggState_reg_n_0_[16].  Did not re-place instance tangerineA7_100_i/tangerineSOC_0/inst/vgaInst/pixelGenGfxInst/FSM_onehot_pggState_reg[16]
INFO: [Physopt 32-662] Processed net tangerineA7_100_i/tangerineSOC_0/inst/vgaInst/pixelGenGfxInst/FSM_onehot_pggState_reg_n_0_[2].  Did not re-place instance tangerineA7_100_i/tangerineSOC_0/inst/vgaInst/pixelGenGfxInst/FSM_onehot_pggState_reg[2]
INFO: [Physopt 32-662] Processed net tangerineA7_100_i/tangerineSOC_0/inst/vgaInst/pixelGenGfxInst/FSM_onehot_pggState_reg_n_0_[24].  Did not re-place instance tangerineA7_100_i/tangerineSOC_0/inst/vgaInst/pixelGenGfxInst/FSM_onehot_pggState_reg[24]
INFO: [Physopt 32-662] Processed net tangerineA7_100_i/tangerineSOC_0/inst/vgaInst/pixelGenGfxInst/FSM_onehot_pggState_reg_n_0_[28].  Did not re-place instance tangerineA7_100_i/tangerineSOC_0/inst/vgaInst/pixelGenGfxInst/FSM_onehot_pggState_reg[28]
INFO: [Physopt 32-662] Processed net tangerineA7_100_i/tangerineSOC_0/inst/vgaInst/pixelGenGfxInst/FSM_onehot_pggState_reg_n_0_[34].  Did not re-place instance tangerineA7_100_i/tangerineSOC_0/inst/vgaInst/pixelGenGfxInst/FSM_onehot_pggState_reg[34]
INFO: [Physopt 32-662] Processed net tangerineA7_100_i/tangerineSOC_0/inst/vgaInst/vmMode_reg_n_0_[0].  Did not re-place instance tangerineA7_100_i/tangerineSOC_0/inst/vgaInst/vmMode_reg[0]
INFO: [Physopt 32-662] Processed net tangerineA7_100_i/tangerineSOC_0/FSM_onehot_pggState[36]_i_12_n_0.  Did not re-place instance tangerineA7_100_i/tangerineSOC_0/FSM_onehot_pggState[36]_i_12
INFO: [Physopt 32-662] Processed net tangerineA7_100_i/tangerineSOC_0/FSM_onehot_pggState[36]_i_7_n_0.  Did not re-place instance tangerineA7_100_i/tangerineSOC_0/FSM_onehot_pggState[36]_i_7
INFO: [Physopt 32-662] Processed net tangerineA7_100_i/tangerineSOC_0/inst/vgaInst/pgCursorY_reg_n_0_[0].  Did not re-place instance tangerineA7_100_i/tangerineSOC_0/inst/vgaInst/pgCursorY_reg[0]
INFO: [Physopt 32-662] Processed net tangerineA7_100_i/tangerineSOC_0/pgLutBackgroundColor[23]_i_13_n_0.  Did not re-place instance tangerineA7_100_i/tangerineSOC_0/pgLutBackgroundColor[23]_i_13
INFO: [Physopt 32-662] Processed net tangerineA7_100_i/tangerineSOC_0/inst/vgaInst/pixelGenGfxInst/FSM_onehot_pggState_reg_n_0_[9].  Did not re-place instance tangerineA7_100_i/tangerineSOC_0/inst/vgaInst/pixelGenGfxInst/FSM_onehot_pggState_reg[9]
INFO: [Physopt 32-662] Processed net tangerineA7_100_i/tangerineSOC_0/inst/vgaInst/pixelGenGfxInst/FSM_onehot_pggState_reg_n_0_[1].  Did not re-place instance tangerineA7_100_i/tangerineSOC_0/inst/vgaInst/pixelGenGfxInst/FSM_onehot_pggState_reg[1]
INFO: [Physopt 32-662] Processed net tangerineA7_100_i/tangerineSOC_0/inst/vgaInst/pixelGenGfxInst/FSM_onehot_pggState_reg_n_0_[13].  Did not re-place instance tangerineA7_100_i/tangerineSOC_0/inst/vgaInst/pixelGenGfxInst/FSM_onehot_pggState_reg[13]
INFO: [Physopt 32-662] Processed net tangerineA7_100_i/tangerineSOC_0/inst/vgaInst/pixelGenGfxInst/FSM_onehot_pggState_reg_n_0_[14].  Did not re-place instance tangerineA7_100_i/tangerineSOC_0/inst/vgaInst/pixelGenGfxInst/FSM_onehot_pggState_reg[14]
INFO: [Physopt 32-662] Processed net tangerineA7_100_i/tangerineSOC_0/inst/vgaInst/pixelGenGfxInst/FSM_onehot_pggState_reg_n_0_[4].  Did not re-place instance tangerineA7_100_i/tangerineSOC_0/inst/vgaInst/pixelGenGfxInst/FSM_onehot_pggState_reg[4]
INFO: [Physopt 32-662] Processed net tangerineA7_100_i/tangerineSOC_0/inst/vgaInst/pixelGenGfxInst/FSM_onehot_pggState_reg_n_0_[23].  Did not re-place instance tangerineA7_100_i/tangerineSOC_0/inst/vgaInst/pixelGenGfxInst/FSM_onehot_pggState_reg[23]
INFO: [Physopt 32-662] Processed net tangerineA7_100_i/tangerineSOC_0/inst/vgaInst/pixelGenGfxInst/FSM_onehot_pggState_reg_n_0_[36].  Did not re-place instance tangerineA7_100_i/tangerineSOC_0/inst/vgaInst/pixelGenGfxInst/FSM_onehot_pggState_reg[36]
INFO: [Physopt 32-662] Processed net tangerineA7_100_i/tangerineSOC_0/inst/vgaInst/pixelGenGfxInst/FSM_onehot_pggState_reg_n_0_[20].  Did not re-place instance tangerineA7_100_i/tangerineSOC_0/inst/vgaInst/pixelGenGfxInst/FSM_onehot_pggState_reg[20]
INFO: [Physopt 32-662] Processed net tangerineA7_100_i/tangerineSOC_0/inst/vgaInst/pixelGenGfxInst/FSM_onehot_pggState_reg_n_0_[30].  Did not re-place instance tangerineA7_100_i/tangerineSOC_0/inst/vgaInst/pixelGenGfxInst/FSM_onehot_pggState_reg[30]
INFO: [Physopt 32-662] Processed net tangerineA7_100_i/tangerineSOC_0/inst/vgaInst/pixelGenGfxInst/FSM_onehot_pggState_reg_n_0_[21].  Did not re-place instance tangerineA7_100_i/tangerineSOC_0/inst/vgaInst/pixelGenGfxInst/FSM_onehot_pggState_reg[21]
INFO: [Physopt 32-662] Processed net tangerineA7_100_i/tangerineSOC_0/inst/vgaInst/pixelGenGfxInst/FSM_onehot_pggState_reg_n_0_[22].  Did not re-place instance tangerineA7_100_i/tangerineSOC_0/inst/vgaInst/pixelGenGfxInst/FSM_onehot_pggState_reg[22]
INFO: [Physopt 32-662] Processed net tangerineA7_100_i/tangerineSOC_0/inst/vgaInst/pixelGenGfxInst/FSM_onehot_pggState_reg_n_0_[17].  Did not re-place instance tangerineA7_100_i/tangerineSOC_0/inst/vgaInst/pixelGenGfxInst/FSM_onehot_pggState_reg[17]
INFO: [Physopt 32-662] Processed net tangerineA7_100_i/tangerineSOC_0/inst/vgaInst/pixelGenGfxInst/FSM_onehot_pggState_reg_n_0_[3].  Did not re-place instance tangerineA7_100_i/tangerineSOC_0/inst/vgaInst/pixelGenGfxInst/FSM_onehot_pggState_reg[3]
INFO: [Physopt 32-662] Processed net tangerineA7_100_i/tangerineSOC_0/inst/vgaInst/pixelGenGfxInst/FSM_onehot_pggState_reg_n_0_[10].  Did not re-place instance tangerineA7_100_i/tangerineSOC_0/inst/vgaInst/pixelGenGfxInst/FSM_onehot_pggState_reg[10]
INFO: [Physopt 32-662] Processed net tangerineA7_100_i/tangerineSOC_0/inst/vgaInst/pixelGenGfxInst/FSM_onehot_pggState_reg_n_0_[32].  Did not re-place instance tangerineA7_100_i/tangerineSOC_0/inst/vgaInst/pixelGenGfxInst/FSM_onehot_pggState_reg[32]
INFO: [Physopt 32-662] Processed net tangerineA7_100_i/tangerineSOC_0/inst/vgaInst/pixelGenGfxInst/FSM_onehot_pggState_reg_n_0_[8].  Did not re-place instance tangerineA7_100_i/tangerineSOC_0/inst/vgaInst/pixelGenGfxInst/FSM_onehot_pggState_reg[8]
INFO: [Physopt 32-662] Processed net tangerineA7_100_i/tangerineSOC_0/inst/vgaInst/pixelGenGfxInst/FSM_onehot_pggState_reg_n_0_[11].  Did not re-place instance tangerineA7_100_i/tangerineSOC_0/inst/vgaInst/pixelGenGfxInst/FSM_onehot_pggState_reg[11]
INFO: [Physopt 32-662] Processed net tangerineA7_100_i/tangerineSOC_0/inst/vgaInst/pixelGenGfxInst/FSM_onehot_pggState_reg_n_0_[0].  Did not re-place instance tangerineA7_100_i/tangerineSOC_0/inst/vgaInst/pixelGenGfxInst/FSM_onehot_pggState_reg[0]
INFO: [Physopt 32-662] Processed net tangerineA7_100_i/tangerineSOC_0/inst/vgaInst/pixelGenGfxInst/FSM_onehot_pggState_reg_n_0_[25].  Did not re-place instance tangerineA7_100_i/tangerineSOC_0/inst/vgaInst/pixelGenGfxInst/FSM_onehot_pggState_reg[25]
INFO: [Physopt 32-662] Processed net tangerineA7_100_i/tangerineSOC_0/inst/vgaInst/pixelGenGfxInst/FSM_onehot_pggState_reg_n_0_[31].  Did not re-place instance tangerineA7_100_i/tangerineSOC_0/inst/vgaInst/pixelGenGfxInst/FSM_onehot_pggState_reg[31]
INFO: [Physopt 32-662] Processed net tangerineA7_100_i/tangerineSOC_0/inst/vgaInst/pixelGenGfxInst/FSM_onehot_pggState_reg_n_0_[6].  Did not re-place instance tangerineA7_100_i/tangerineSOC_0/inst/vgaInst/pixelGenGfxInst/FSM_onehot_pggState_reg[6]
INFO: [Physopt 32-662] Processed net tangerineA7_100_i/tangerineSOC_0/inst/vgaInst/pixelGenGfxInst/FSM_onehot_pggState_reg_n_0_[19].  Did not re-place instance tangerineA7_100_i/tangerineSOC_0/inst/vgaInst/pixelGenGfxInst/FSM_onehot_pggState_reg[19]
INFO: [Physopt 32-662] Processed net tangerineA7_100_i/tangerineSOC_0/inst/vgaInst/pixelGenGfxInst/FSM_onehot_pggState_reg_n_0_[7].  Did not re-place instance tangerineA7_100_i/tangerineSOC_0/inst/vgaInst/pixelGenGfxInst/FSM_onehot_pggState_reg[7]
INFO: [Physopt 32-662] Processed net tangerineA7_100_i/tangerineSOC_0/inst/vgaInst/pixelGenGfxInst/FSM_onehot_pggState_reg_n_0_[5].  Did not re-place instance tangerineA7_100_i/tangerineSOC_0/inst/vgaInst/pixelGenGfxInst/FSM_onehot_pggState_reg[5]
INFO: [Physopt 32-662] Processed net tangerineA7_100_i/tangerineSOC_0/inst/vgaInst/pixelGenGfxInst/FSM_onehot_pggState_reg_n_0_[26].  Did not re-place instance tangerineA7_100_i/tangerineSOC_0/inst/vgaInst/pixelGenGfxInst/FSM_onehot_pggState_reg[26]
INFO: [Physopt 32-662] Processed net tangerineA7_100_i/tangerineSOC_0/inst/vgaInst/pixelGenGfxInst/FSM_onehot_pggState_reg_n_0_[35].  Did not re-place instance tangerineA7_100_i/tangerineSOC_0/inst/vgaInst/pixelGenGfxInst/FSM_onehot_pggState_reg[35]
INFO: [Physopt 32-662] Processed net tangerineA7_100_i/tangerineSOC_0/inst/vgaInst/pixelGenGfxInst/FSM_onehot_pggState_reg_n_0_[12].  Did not re-place instance tangerineA7_100_i/tangerineSOC_0/inst/vgaInst/pixelGenGfxInst/FSM_onehot_pggState_reg[12]
INFO: [Physopt 32-662] Processed net tangerineA7_100_i/tangerineSOC_0/inst/vgaInst/pixelGenGfxInst/FSM_onehot_pggState_reg_n_0_[18].  Did not re-place instance tangerineA7_100_i/tangerineSOC_0/inst/vgaInst/pixelGenGfxInst/FSM_onehot_pggState_reg[18]
INFO: [Physopt 32-662] Processed net tangerineA7_100_i/tangerineSOC_0/inst/vgaInst/pixelGenGfxInst/FSM_onehot_pggState_reg_n_0_[27].  Did not re-place instance tangerineA7_100_i/tangerineSOC_0/inst/vgaInst/pixelGenGfxInst/FSM_onehot_pggState_reg[27]
INFO: [Physopt 32-662] Processed net tangerineA7_100_i/tangerineSOC_0/inst/vgaInst/pixelGenGfxInst/FSM_onehot_pggState_reg_n_0_[33].  Did not re-place instance tangerineA7_100_i/tangerineSOC_0/inst/vgaInst/pixelGenGfxInst/FSM_onehot_pggState_reg[33]
INFO: [Physopt 32-662] Processed net tangerineA7_100_i/tangerineSOC_0/inst/vgaInst/pixelGenGfxInst/FSM_onehot_pggState_reg_n_0_[29].  Did not re-place instance tangerineA7_100_i/tangerineSOC_0/inst/vgaInst/pixelGenGfxInst/FSM_onehot_pggState_reg[29]
INFO: [Physopt 32-662] Processed net tangerineA7_100_i/tangerineSOC_0/inst/vgaInst/pgCursorY_reg_n_0_[4].  Did not re-place instance tangerineA7_100_i/tangerineSOC_0/inst/vgaInst/pgCursorY_reg[4]
INFO: [Physopt 32-662] Processed net tangerineA7_100_i/tangerineSOC_0/inst/vgaInst/pgCursorY_reg_n_0_[2].  Did not re-place instance tangerineA7_100_i/tangerineSOC_0/inst/vgaInst/pgCursorY_reg[2]
INFO: [Physopt 32-663] Processed net tangerineA7_100_i/tangerineSOC_0/inst/vgaInst/pixelGenInst/pgLetterY[0].  Re-placed instance tangerineA7_100_i/tangerineSOC_0/inst/vgaInst/pixelGenInst/pgLetterY_reg[0]
INFO: [Physopt 32-661] Optimized 32 nets.  Re-placed 32 instances.
INFO: [Physopt 32-775] End 1 Pass. Optimized 32 nets or cells. Created 0 new cell, deleted 0 existing cell and moved 32 existing cells
INFO: [Physopt 32-619] Estimated Timing Summary | WNS=-7.469 | TNS=-7048.742 |
Netlist sorting complete. Time (s): cpu = 00:00:00 ; elapsed = 00:00:00.010 . Memory (MB): peak = 3776.652 ; gain = 0.000
Phase 4 Single Cell Placement Optimization | Checksum: 24f256659

Time (s): cpu = 00:00:11 ; elapsed = 00:00:07 . Memory (MB): peak = 3776.652 ; gain = 0.000

Phase 5 Multi Cell Placement Optimization
INFO: [Physopt 32-660] Identified 100 candidate nets for placement-based optimization.
INFO: [Physopt 32-662] Processed net tangerineA7_100_i/tangerineSOC_0/inst/vgaInst/pixelGenInst/p_0_in[0].  Did not re-place instance tangerineA7_100_i/tangerineSOC_0/pgLutBackgroundColor[4]_i_1/O
INFO: [Physopt 32-663] Processed net tangerineA7_100_i/tangerineSOC_0/inst/vgaInst/pgCursorX_reg_n_0_[5].  Re-placed instance tangerineA7_100_i/tangerineSOC_0/inst/vgaInst/pgCursorX_reg[5]/Q
INFO: [Physopt 32-662] Processed net tangerineA7_100_i/tangerineSOC_0/pgLutBackgroundColor[23]_i_8_n_0.  Did not re-place instance tangerineA7_100_i/tangerineSOC_0/pgLutBackgroundColor[23]_i_8/O
INFO: [Physopt 32-663] Processed net tangerineA7_100_i/tangerineSOC_0/inst/vgaInst/pixelGenInst/p_0_in[16].  Re-placed instance tangerineA7_100_i/tangerineSOC_0/pgLutBackgroundColor[20]_i_1/O
INFO: [Physopt 32-663] Processed net tangerineA7_100_i/tangerineSOC_0/pgLutLetterColor[20]_i_1_n_0.  Re-placed instance tangerineA7_100_i/tangerineSOC_0/pgLutLetterColor[20]_i_1/O
INFO: [Physopt 32-662] Processed net tangerineA7_100_i/tangerineSOC_0/pgLutLetterColor[4]_i_1_n_0.  Did not re-place instance tangerineA7_100_i/tangerineSOC_0/pgLutLetterColor[4]_i_1/O
INFO: [Physopt 32-662] Processed net tangerineA7_100_i/tangerineSOC_0/pgLutLetterColor[12]_i_1_n_0.  Did not re-place instance tangerineA7_100_i/tangerineSOC_0/pgLutLetterColor[12]_i_1/O
INFO: [Physopt 32-662] Processed net tangerineA7_100_i/tangerineSOC_0/inst/vgaInst/pixelGenInst/p_0_in[8].  Did not re-place instance tangerineA7_100_i/tangerineSOC_0/pgLutBackgroundColor[12]_i_1/O
INFO: [Physopt 32-663] Processed net tangerineA7_100_i/tangerineSOC_0/inst/vgaInst/pixelGenInst/p_0_in[13].  Re-placed instance tangerineA7_100_i/tangerineSOC_0/pgLutBackgroundColor[13]_i_1/O
INFO: [Physopt 32-662] Processed net tangerineA7_100_i/tangerineSOC_0/pgLutLetterColor[22]_i_1_n_0.  Did not re-place instance tangerineA7_100_i/tangerineSOC_0/pgLutLetterColor[22]_i_1/O
INFO: [Physopt 32-662] Processed net tangerineA7_100_i/tangerineSOC_0/pgLutLetterColor[23]_i_1_n_0.  Did not re-place instance tangerineA7_100_i/tangerineSOC_0/pgLutLetterColor[23]_i_1/O
INFO: [Physopt 32-662] Processed net tangerineA7_100_i/tangerineSOC_0/inst/vgaInst/pgCursorX_reg_n_0_[6].  Did not re-place instance tangerineA7_100_i/tangerineSOC_0/inst/vgaInst/pgCursorX_reg[6]/Q
INFO: [Physopt 32-662] Processed net tangerineA7_100_i/tangerineSOC_0/pgLutBackgroundColor[23]_i_10_n_0.  Did not re-place instance tangerineA7_100_i/tangerineSOC_0/pgLutBackgroundColor[23]_i_10/O
INFO: [Physopt 32-662] Processed net tangerineA7_100_i/tangerineSOC_0/inst/vgaInst/pgCursorX_reg_n_0_[4].  Did not re-place instance tangerineA7_100_i/tangerineSOC_0/inst/vgaInst/pgCursorX_reg[4]/Q
INFO: [Physopt 32-662] Processed net tangerineA7_100_i/tangerineSOC_0/pgLutBackgroundColor[23]_i_9_n_0.  Did not re-place instance tangerineA7_100_i/tangerineSOC_0/pgLutBackgroundColor[23]_i_9/O
INFO: [Physopt 32-663] Processed net tangerineA7_100_i/tangerineSOC_0/inst/vgaInst/pgCursorX_reg_n_0_[3].  Re-placed instance tangerineA7_100_i/tangerineSOC_0/inst/vgaInst/pgCursorX_reg[3]/Q
INFO: [Physopt 32-662] Processed net tangerineA7_100_i/tangerineSOC_0/pgLutLetterColor[7]_i_1_n_0.  Did not re-place instance tangerineA7_100_i/tangerineSOC_0/pgLutLetterColor[7]_i_1/O
INFO: [Physopt 32-662] Processed net tangerineA7_100_i/tangerineSOC_0/inst/vgaInst/pgCursorY_reg_n_0_[6].  Did not re-place instance tangerineA7_100_i/tangerineSOC_0/inst/vgaInst/pgCursorY_reg[6]/Q
INFO: [Physopt 32-663] Processed net tangerineA7_100_i/tangerineSOC_0/pgLutBackgroundColor[23]_i_11_n_0.  Re-placed instance tangerineA7_100_i/tangerineSOC_0/pgLutBackgroundColor[23]_i_11/O
INFO: [Physopt 32-662] Processed net tangerineA7_100_i/tangerineSOC_0/pgLutLetterColor[14]_i_1_n_0.  Did not re-place instance tangerineA7_100_i/tangerineSOC_0/pgLutLetterColor[14]_i_1/O
INFO: [Physopt 32-662] Processed net tangerineA7_100_i/tangerineSOC_0/pgLutLetterColor[15]_i_1_n_0.  Did not re-place instance tangerineA7_100_i/tangerineSOC_0/pgLutLetterColor[15]_i_1/O
INFO: [Physopt 32-662] Processed net tangerineA7_100_i/tangerineSOC_0/inst/vgaInst/pixelGenInst/p_0_in[21].  Did not re-place instance tangerineA7_100_i/tangerineSOC_0/pgLutBackgroundColor[21]_i_1/O
INFO: [Physopt 32-662] Processed net tangerineA7_100_i/tangerineSOC_0/pgLutLetterColor[6]_i_1_n_0.  Did not re-place instance tangerineA7_100_i/tangerineSOC_0/pgLutLetterColor[6]_i_1/O
INFO: [Physopt 32-662] Processed net tangerineA7_100_i/tangerineSOC_0/inst/vgaInst/pixelGenInst/p_0_in[5].  Did not re-place instance tangerineA7_100_i/tangerineSOC_0/pgLutBackgroundColor[5]_i_1/O
INFO: [Physopt 32-662] Processed net tangerineA7_100_i/tangerineSOC_0/inst/vgaInst/pgCursorY_reg_n_0_[7].  Did not re-place instance tangerineA7_100_i/tangerineSOC_0/inst/vgaInst/pgCursorY_reg[7]/Q
INFO: [Physopt 32-662] Processed net tangerineA7_100_i/tangerineSOC_0/inst/vgaInst/pgCursorX_reg_n_0_[7].  Did not re-place instance tangerineA7_100_i/tangerineSOC_0/inst/vgaInst/pgCursorX_reg[7]/Q
INFO: [Physopt 32-662] Processed net tangerineA7_100_i/tangerineSOC_0/inst/vgaInst/pgCursorX_reg_n_0_[0].  Did not re-place instance tangerineA7_100_i/tangerineSOC_0/inst/vgaInst/pgCursorX_reg[0]/Q
INFO: [Physopt 32-662] Processed net tangerineA7_100_i/tangerineSOC_0/inst/vgaInst/pgVideoMode[1].  Did not re-place instance tangerineA7_100_i/tangerineSOC_0/inst/vgaInst/vmMode_reg[3]/Q
INFO: [Physopt 32-662] Processed net tangerineA7_100_i/tangerineSOC_0/pgLetterY[7]_i_2_n_0.  Did not re-place instance tangerineA7_100_i/tangerineSOC_0/pgLetterY[7]_i_2/O
INFO: [Physopt 32-662] Processed net tangerineA7_100_i/tangerineSOC_0/pgLetterY[7]_i_1_n_0.  Did not re-place instance tangerineA7_100_i/tangerineSOC_0/pgLetterY[7]_i_1/O
INFO: [Physopt 32-662] Processed net tangerineA7_100_i/tangerineSOC_0/pgLetterY[7]_i_6_n_0.  Did not re-place instance tangerineA7_100_i/tangerineSOC_0/pgLetterY[7]_i_6/O
INFO: [Physopt 32-663] Processed net tangerineA7_100_i/tangerineSOC_0/inst/vgaInst/pgCursorY_reg_n_0_[1].  Re-placed instance tangerineA7_100_i/tangerineSOC_0/inst/vgaInst/pgCursorY_reg[1]/Q
INFO: [Physopt 32-662] Processed net tangerineA7_100_i/tangerineSOC_0/inst/vgaInst/pixelGenInst/p_0_in[6].  Did not re-place instance tangerineA7_100_i/tangerineSOC_0/pgLutBackgroundColor[6]_i_1/O
INFO: [Physopt 32-662] Processed net tangerineA7_100_i/tangerineSOC_0/inst/vgaInst/pixelGenInst/p_0_in[22].  Did not re-place instance tangerineA7_100_i/tangerineSOC_0/pgLutBackgroundColor[22]_i_1/O
INFO: [Physopt 32-662] Processed net tangerineA7_100_i/tangerineSOC_0/pgLutLetterColor[13]_i_1_n_0.  Did not re-place instance tangerineA7_100_i/tangerineSOC_0/pgLutLetterColor[13]_i_1/O
INFO: [Physopt 32-662] Processed net tangerineA7_100_i/tangerineSOC_0/inst/vgaInst/pixelGenInst/p_0_in[15].  Did not re-place instance tangerineA7_100_i/tangerineSOC_0/pgLutBackgroundColor[15]_i_1/O
INFO: [Physopt 32-662] Processed net tangerineA7_100_i/tangerineSOC_0/inst/vgaInst/pgCursorX_reg_n_0_[2].  Did not re-place instance tangerineA7_100_i/tangerineSOC_0/inst/vgaInst/pgCursorX_reg[2]/Q
INFO: [Physopt 32-662] Processed net tangerineA7_100_i/tangerineSOC_0/inst/vgaInst/pgCursorY_reg_n_0_[5].  Did not re-place instance tangerineA7_100_i/tangerineSOC_0/inst/vgaInst/pgCursorY_reg[5]/Q
INFO: [Physopt 32-662] Processed net tangerineA7_100_i/tangerineSOC_0/pgLutBackgroundColor[23]_i_12_n_0.  Did not re-place instance tangerineA7_100_i/tangerineSOC_0/pgLutBackgroundColor[23]_i_12/O
INFO: [Physopt 32-662] Processed net tangerineA7_100_i/tangerineSOC_0/inst/vgaInst/pgCursorX_reg_n_0_[1].  Did not re-place instance tangerineA7_100_i/tangerineSOC_0/inst/vgaInst/pgCursorX_reg[1]/Q
INFO: [Physopt 32-662] Processed net tangerineA7_100_i/tangerineSOC_0/pgLutLetterColor[21]_i_1_n_0.  Did not re-place instance tangerineA7_100_i/tangerineSOC_0/pgLutLetterColor[21]_i_1/O
INFO: [Physopt 32-662] Processed net tangerineA7_100_i/tangerineSOC_0/inst/vgaInst/pixelGenInst/p_0_in[14].  Did not re-place instance tangerineA7_100_i/tangerineSOC_0/pgLutBackgroundColor[14]_i_1/O
INFO: [Physopt 32-662] Processed net tangerineA7_100_i/tangerineSOC_0/inst/vgaInst/pixelGenInst/p_0_in[23].  Did not re-place instance tangerineA7_100_i/tangerineSOC_0/pgLutBackgroundColor[23]_i_1/O
INFO: [Physopt 32-662] Processed net tangerineA7_100_i/tangerineSOC_0/inst/vgaInst/pixelGenInst/p_0_in[7].  Did not re-place instance tangerineA7_100_i/tangerineSOC_0/pgLutBackgroundColor[7]_i_1/O
INFO: [Physopt 32-662] Processed net tangerineA7_100_i/tangerineSOC_0/pgLutLetterColor[5]_i_1_n_0.  Did not re-place instance tangerineA7_100_i/tangerineSOC_0/pgLutLetterColor[5]_i_1/O
INFO: [Physopt 32-661] Optimized 7 nets.  Re-placed 21 instances.
INFO: [Physopt 32-775] End 1 Pass. Optimized 7 nets or cells. Created 0 new cell, deleted 0 existing cell and moved 21 existing cells
INFO: [Physopt 32-619] Estimated Timing Summary | WNS=-7.374 | TNS=-7044.003 |
Netlist sorting complete. Time (s): cpu = 00:00:00 ; elapsed = 00:00:00.010 . Memory (MB): peak = 3776.652 ; gain = 0.000
Phase 5 Multi Cell Placement Optimization | Checksum: 2d423ce6a

Time (s): cpu = 00:00:17 ; elapsed = 00:00:11 . Memory (MB): peak = 3776.652 ; gain = 0.000

Phase 6 Rewire
INFO: [Physopt 32-246] Starting Signal Push optimization...
INFO: [Physopt 32-77] Pass 1. Identified 1 candidate net for rewire optimization.
INFO: [Physopt 32-242] Processed net tangerineA7_100_i/tangerineSOC_0/pgLutBackgroundColor[23]_i_6_n_0. Rewired (signal push) tangerineA7_100_i/tangerineSOC_0/pgLutBackgroundColor[23]_i_8_n_0 to 6 loads. Replicated 1 times.
INFO: [Physopt 32-232] Optimized 1 net. Created 1 new instance.
INFO: [Physopt 32-775] End 1 Pass. Optimized 1 net or cell. Created 1 new cell, deleted 0 existing cell and moved 0 existing cell
Netlist sorting complete. Time (s): cpu = 00:00:00 ; elapsed = 00:00:00.104 . Memory (MB): peak = 3776.652 ; gain = 0.000
INFO: [Physopt 32-619] Estimated Timing Summary | WNS=-7.348 | TNS=-7041.856 |
Netlist sorting complete. Time (s): cpu = 00:00:00 ; elapsed = 00:00:00.008 . Memory (MB): peak = 3776.652 ; gain = 0.000
Phase 6 Rewire | Checksum: 20a650c76

Time (s): cpu = 00:00:18 ; elapsed = 00:00:12 . Memory (MB): peak = 3776.652 ; gain = 0.000

Phase 7 Critical Cell Optimization
INFO: [Physopt 32-46] Identified 30 candidate nets for critical-cell optimization.
INFO: [Physopt 32-572] Net tangerineA7_100_i/tangerineSOC_0/pgLutBackgroundColor[23]_i_6_n_0_repN was not replicated.
Resolution: phys_opt_design can be forced to replicate a net driver using the option -force_replication_on_nets <list of net objects>.
INFO: [Physopt 32-572] Net tangerineA7_100_i/tangerineSOC_0/pgLutBackgroundColor[23]_i_8_n_0 was not replicated.
Resolution: phys_opt_design can be forced to replicate a net driver using the option -force_replication_on_nets <list of net objects>.
INFO: [Physopt 32-81] Processed net tangerineA7_100_i/tangerineSOC_0/inst/vgaInst/pgCursorX_reg_n_0_[3]. Replicated 1 times.
INFO: [Physopt 32-572] Net tangerineA7_100_i/tangerineSOC_0/inst/vgaInst/pgCursorX_reg_n_0_[5] was not replicated.
Resolution: phys_opt_design can be forced to replicate a net driver using the option -force_replication_on_nets <list of net objects>.
INFO: [Physopt 32-81] Processed net tangerineA7_100_i/tangerineSOC_0/pgLutBackgroundColor[23]_i_10_n_0. Replicated 1 times.
INFO: [Physopt 32-572] Net tangerineA7_100_i/tangerineSOC_0/pgLutBackgroundColor[23]_i_9_n_0 was not replicated.
Resolution: phys_opt_design can be forced to replicate a net driver using the option -force_replication_on_nets <list of net objects>.
INFO: [Physopt 32-81] Processed net tangerineA7_100_i/tangerineSOC_0/inst/vgaInst/pgCursorX_reg_n_0_[4]. Replicated 1 times.
INFO: [Physopt 32-572] Net tangerineA7_100_i/tangerineSOC_0/inst/vgaInst/pgCursorX_reg_n_0_[6] was not replicated.
Resolution: phys_opt_design can be forced to replicate a net driver using the option -force_replication_on_nets <list of net objects>.
INFO: [Physopt 32-572] Net tangerineA7_100_i/tangerineSOC_0/pgLutBackgroundColor[23]_i_6_n_0 was not replicated.
Resolution: phys_opt_design can be forced to replicate a net driver using the option -force_replication_on_nets <list of net objects>.
INFO: [Physopt 32-572] Net tangerineA7_100_i/tangerineSOC_0/inst/vgaInst/pixelGenInst/p_0_in[0] was not replicated.
Resolution: phys_opt_design can be forced to replicate a net driver using the option -force_replication_on_nets <list of net objects>.
INFO: [Physopt 32-572] Net tangerineA7_100_i/tangerineSOC_0/pgLutLetterColor[4]_i_1_n_0 was not replicated.
Resolution: phys_opt_design can be forced to replicate a net driver using the option -force_replication_on_nets <list of net objects>.
INFO: [Physopt 32-572] Net tangerineA7_100_i/tangerineSOC_0/pgLutLetterColor[20]_i_1_n_0 was not replicated.
Resolution: phys_opt_design can be forced to replicate a net driver using the option -force_replication_on_nets <list of net objects>.
INFO: [Physopt 32-572] Net tangerineA7_100_i/tangerineSOC_0/pgLutLetterColor[12]_i_1_n_0 was not replicated.
Resolution: phys_opt_design can be forced to replicate a net driver using the option -force_replication_on_nets <list of net objects>.
INFO: [Physopt 32-572] Net tangerineA7_100_i/tangerineSOC_0/pgLutBackgroundColor[23]_i_11_n_0 was not replicated.
Resolution: phys_opt_design can be forced to replicate a net driver using the option -force_replication_on_nets <list of net objects>.
INFO: [Physopt 32-572] Net tangerineA7_100_i/tangerineSOC_0/inst/vgaInst/pgCursorY_reg_n_0_[6] was not replicated.
Resolution: phys_opt_design can be forced to replicate a net driver using the option -force_replication_on_nets <list of net objects>.
INFO: [Physopt 32-572] Net tangerineA7_100_i/tangerineSOC_0/inst/vgaInst/pixelGenInst/p_0_in[16] was not replicated.
Resolution: phys_opt_design can be forced to replicate a net driver using the option -force_replication_on_nets <list of net objects>.
INFO: [Physopt 32-572] Net tangerineA7_100_i/tangerineSOC_0/inst/vgaInst/pixelGenInst/p_0_in[8] was not replicated.
Resolution: phys_opt_design can be forced to replicate a net driver using the option -force_replication_on_nets <list of net objects>.
INFO: [Physopt 32-572] Net tangerineA7_100_i/tangerineSOC_0/inst/vgaInst/pgCursorX_reg_n_0_[7] was not replicated.
Resolution: phys_opt_design can be forced to replicate a net driver using the option -force_replication_on_nets <list of net objects>.
INFO: [Physopt 32-81] Processed net tangerineA7_100_i/tangerineSOC_0/inst/vgaInst/pgCursorX_reg_n_0_[0]. Replicated 1 times.
INFO: [Physopt 32-572] Net tangerineA7_100_i/tangerineSOC_0/inst/vgaInst/pgVideoMode[1] was not replicated.
Resolution: phys_opt_design can be forced to replicate a net driver using the option -force_replication_on_nets <list of net objects>.
INFO: [Physopt 32-572] Net tangerineA7_100_i/tangerineSOC_0/pgLetterY[7]_i_2_n_0 was not replicated.
Resolution: phys_opt_design can be forced to replicate a net driver using the option -force_replication_on_nets <list of net objects>.
INFO: [Physopt 32-572] Net tangerineA7_100_i/tangerineSOC_0/pgLetterY[7]_i_1_n_0 was not replicated.
Resolution: phys_opt_design can be forced to replicate a net driver using the option -force_replication_on_nets <list of net objects>.
INFO: [Physopt 32-81] Processed net tangerineA7_100_i/tangerineSOC_0/inst/vgaInst/pgCursorX_reg_n_0_[2]. Replicated 1 times.
INFO: [Physopt 32-572] Net tangerineA7_100_i/tangerineSOC_0/inst/vgaInst/pgCursorY_reg_n_0_[7] was not replicated.
Resolution: phys_opt_design can be forced to replicate a net driver using the option -force_replication_on_nets <list of net objects>.
INFO: [Physopt 32-572] Net tangerineA7_100_i/tangerineSOC_0/pgLutBackgroundColor[23]_i_12_n_0 was not replicated.
Resolution: phys_opt_design can be forced to replicate a net driver using the option -force_replication_on_nets <list of net objects>.
INFO: [Physopt 32-572] Net tangerineA7_100_i/tangerineSOC_0/inst/vgaInst/pgCursorY_reg_n_0_[5] was not replicated.
Resolution: phys_opt_design can be forced to replicate a net driver using the option -force_replication_on_nets <list of net objects>.
INFO: [Physopt 32-572] Net tangerineA7_100_i/tangerineSOC_0/inst/vgaInst/pgCursorY_reg_n_0_[1] was not replicated.
Resolution: phys_opt_design can be forced to replicate a net driver using the option -force_replication_on_nets <list of net objects>.
INFO: [Physopt 32-572] Net tangerineA7_100_i/tangerineSOC_0/pgLutBackgroundColor[23]_i_13_n_0 was not replicated.
Resolution: phys_opt_design can be forced to replicate a net driver using the option -force_replication_on_nets <list of net objects>.
INFO: [Physopt 32-232] Optimized 5 nets. Created 5 new instances.
INFO: [Physopt 32-775] End 1 Pass. Optimized 5 nets or cells. Created 5 new cells, deleted 0 existing cell and moved 0 existing cell
INFO: [Physopt 32-619] Estimated Timing Summary | WNS=-7.290 | TNS=-7040.692 |
Netlist sorting complete. Time (s): cpu = 00:00:00 ; elapsed = 00:00:00.149 . Memory (MB): peak = 3776.652 ; gain = 0.000
Phase 7 Critical Cell Optimization | Checksum: 10799e41d

Time (s): cpu = 00:00:23 ; elapsed = 00:00:16 . Memory (MB): peak = 3776.652 ; gain = 0.000

Phase 8 Fanout Optimization
INFO: [Physopt 32-64] No nets found for fanout-optimization.
INFO: [Physopt 32-232] Optimized 0 net. Created 0 new instance.
INFO: [Physopt 32-775] End 1 Pass. Optimized 0 net or cell. Created 0 new cell, deleted 0 existing cell and moved 0 existing cell
Phase 8 Fanout Optimization | Checksum: 10799e41d

Time (s): cpu = 00:00:24 ; elapsed = 00:00:16 . Memory (MB): peak = 3776.652 ; gain = 0.000

Phase 9 Single Cell Placement Optimization
INFO: [Physopt 32-660] Identified 171 candidate nets for placement-based optimization.
INFO: [Physopt 32-662] Processed net tangerineA7_100_i/tangerineSOC_0/pgLutBackgroundColor[23]_i_6_n_0_repN.  Did not re-place instance tangerineA7_100_i/tangerineSOC_0/pgLutBackgroundColor[23]_i_6_replica
INFO: [Physopt 32-662] Processed net tangerineA7_100_i/tangerineSOC_0/pgLutBackgroundColor[23]_i_8_n_0.  Did not re-place instance tangerineA7_100_i/tangerineSOC_0/pgLutBackgroundColor[23]_i_8
INFO: [Physopt 32-662] Processed net tangerineA7_100_i/tangerineSOC_0/inst/vgaInst/pgCursorX_reg_n_0_[5].  Did not re-place instance tangerineA7_100_i/tangerineSOC_0/inst/vgaInst/pgCursorX_reg[5]
INFO: [Physopt 32-662] Processed net tangerineA7_100_i/tangerineSOC_0/inst/vgaInst/pixelGenInst/p_0_in[13].  Did not re-place instance tangerineA7_100_i/tangerineSOC_0/pgLutBackgroundColor[13]_i_1
INFO: [Physopt 32-662] Processed net tangerineA7_100_i/tangerineSOC_0/inst/vgaInst/pixelGenInst/pgLutBackgroundColor[13].  Did not re-place instance tangerineA7_100_i/tangerineSOC_0/inst/vgaInst/pixelGenInst/pgLutBackgroundColor_reg[13]
INFO: [Physopt 32-662] Processed net tangerineA7_100_i/tangerineSOC_0/pgLutBackgroundColor[23]_i_9_n_0.  Did not re-place instance tangerineA7_100_i/tangerineSOC_0/pgLutBackgroundColor[23]_i_9
INFO: [Physopt 32-662] Processed net tangerineA7_100_i/tangerineSOC_0/inst/vgaInst/pgCursorX_reg_n_0_[4]_repN.  Did not re-place instance tangerineA7_100_i/tangerineSOC_0/inst/vgaInst/pgCursorX_reg[4]_replica
INFO: [Physopt 32-662] Processed net tangerineA7_100_i/tangerineSOC_0/inst/vgaInst/pgCursorX_reg_n_0_[3]_repN.  Did not re-place instance tangerineA7_100_i/tangerineSOC_0/inst/vgaInst/pgCursorX_reg[3]_replica
INFO: [Physopt 32-663] Processed net tangerineA7_100_i/tangerineSOC_0/pgLutLetterColor[7]_i_1_n_0.  Re-placed instance tangerineA7_100_i/tangerineSOC_0/pgLutLetterColor[7]_i_1
INFO: [Physopt 32-662] Processed net tangerineA7_100_i/tangerineSOC_0/inst/vgaInst/pixelGenInst/pgLutLetterColor[7].  Did not re-place instance tangerineA7_100_i/tangerineSOC_0/inst/vgaInst/pixelGenInst/pgLutLetterColor_reg[7]
INFO: [Physopt 32-662] Processed net tangerineA7_100_i/tangerineSOC_0/pgLutLetterColor[14]_i_1_n_0.  Did not re-place instance tangerineA7_100_i/tangerineSOC_0/pgLutLetterColor[14]_i_1
INFO: [Physopt 32-662] Processed net tangerineA7_100_i/tangerineSOC_0/inst/vgaInst/pixelGenInst/pgLutLetterColor[14].  Did not re-place instance tangerineA7_100_i/tangerineSOC_0/inst/vgaInst/pixelGenInst/pgLutLetterColor_reg[14]
INFO: [Physopt 32-662] Processed net tangerineA7_100_i/tangerineSOC_0/pgLutLetterColor[15]_i_1_n_0.  Did not re-place instance tangerineA7_100_i/tangerineSOC_0/pgLutLetterColor[15]_i_1
INFO: [Physopt 32-662] Processed net tangerineA7_100_i/tangerineSOC_0/pgLutLetterColor[23]_i_1_n_0.  Did not re-place instance tangerineA7_100_i/tangerineSOC_0/pgLutLetterColor[23]_i_1
INFO: [Physopt 32-662] Processed net tangerineA7_100_i/tangerineSOC_0/inst/vgaInst/pixelGenInst/pgLutLetterColor[15].  Did not re-place instance tangerineA7_100_i/tangerineSOC_0/inst/vgaInst/pixelGenInst/pgLutLetterColor_reg[15]
INFO: [Physopt 32-662] Processed net tangerineA7_100_i/tangerineSOC_0/inst/vgaInst/pixelGenInst/pgLutLetterColor[23].  Did not re-place instance tangerineA7_100_i/tangerineSOC_0/inst/vgaInst/pixelGenInst/pgLutLetterColor_reg[23]
INFO: [Physopt 32-662] Processed net tangerineA7_100_i/tangerineSOC_0/pgLutBackgroundColor[23]_i_6_n_0.  Did not re-place instance tangerineA7_100_i/tangerineSOC_0/pgLutBackgroundColor[23]_i_6_rewire
INFO: [Physopt 32-662] Processed net tangerineA7_100_i/tangerineSOC_0/inst/vgaInst/pixelGenInst/p_0_in[0].  Did not re-place instance tangerineA7_100_i/tangerineSOC_0/pgLutBackgroundColor[4]_i_1_rewire
INFO: [Physopt 32-662] Processed net tangerineA7_100_i/tangerineSOC_0/inst/vgaInst/pgCursorX_reg_n_0_[6].  Did not re-place instance tangerineA7_100_i/tangerineSOC_0/inst/vgaInst/pgCursorX_reg[6]
INFO: [Physopt 32-662] Processed net tangerineA7_100_i/tangerineSOC_0/pgLutBackgroundColor[23]_i_10_n_0.  Did not re-place instance tangerineA7_100_i/tangerineSOC_0/pgLutBackgroundColor[23]_i_10
INFO: [Physopt 32-663] Processed net tangerineA7_100_i/tangerineSOC_0/inst/vgaInst/pixelGenInst/pgLutBackgroundColor[1].  Re-placed instance tangerineA7_100_i/tangerineSOC_0/inst/vgaInst/pixelGenInst/pgLutBackgroundColor_reg[1]
INFO: [Physopt 32-662] Processed net tangerineA7_100_i/tangerineSOC_0/pgLutLetterColor[4]_i_1_n_0.  Did not re-place instance tangerineA7_100_i/tangerineSOC_0/pgLutLetterColor[4]_i_1_rewire
INFO: [Physopt 32-662] Processed net tangerineA7_100_i/tangerineSOC_0/inst/vgaInst/pixelGenInst/pgLutLetterColor[4].  Did not re-place instance tangerineA7_100_i/tangerineSOC_0/inst/vgaInst/pixelGenInst/pgLutLetterColor_reg[4]
INFO: [Physopt 32-662] Processed net tangerineA7_100_i/tangerineSOC_0/inst/vgaInst/pixelGenInst/pgLutLetterColor[0].  Did not re-place instance tangerineA7_100_i/tangerineSOC_0/inst/vgaInst/pixelGenInst/pgLutLetterColor_reg[0]
INFO: [Physopt 32-662] Processed net tangerineA7_100_i/tangerineSOC_0/inst/vgaInst/pixelGenInst/pgLutLetterColor[2].  Did not re-place instance tangerineA7_100_i/tangerineSOC_0/inst/vgaInst/pixelGenInst/pgLutLetterColor_reg[2]
INFO: [Physopt 32-662] Processed net tangerineA7_100_i/tangerineSOC_0/inst/vgaInst/pixelGenInst/pgLutLetterColor[1].  Did not re-place instance tangerineA7_100_i/tangerineSOC_0/inst/vgaInst/pixelGenInst/pgLutLetterColor_reg[1]
INFO: [Physopt 32-662] Processed net tangerineA7_100_i/tangerineSOC_0/pgLutLetterColor[20]_i_1_n_0.  Did not re-place instance tangerineA7_100_i/tangerineSOC_0/pgLutLetterColor[20]_i_1_rewire
INFO: [Physopt 32-662] Processed net tangerineA7_100_i/tangerineSOC_0/inst/vgaInst/pixelGenInst/pgLutLetterColor[17].  Did not re-place instance tangerineA7_100_i/tangerineSOC_0/inst/vgaInst/pixelGenInst/pgLutLetterColor_reg[17]
INFO: [Physopt 32-662] Processed net tangerineA7_100_i/tangerineSOC_0/inst/vgaInst/pixelGenInst/pgLutLetterColor[19].  Did not re-place instance tangerineA7_100_i/tangerineSOC_0/inst/vgaInst/pixelGenInst/pgLutLetterColor_reg[19]
INFO: [Physopt 32-662] Processed net tangerineA7_100_i/tangerineSOC_0/pgLutLetterColor[6]_i_1_n_0.  Did not re-place instance tangerineA7_100_i/tangerineSOC_0/pgLutLetterColor[6]_i_1
INFO: [Physopt 32-662] Processed net tangerineA7_100_i/tangerineSOC_0/inst/vgaInst/pixelGenInst/pgLutLetterColor[6].  Did not re-place instance tangerineA7_100_i/tangerineSOC_0/inst/vgaInst/pixelGenInst/pgLutLetterColor_reg[6]
INFO: [Physopt 32-662] Processed net tangerineA7_100_i/tangerineSOC_0/inst/vgaInst/pixelGenInst/pgLutBackgroundColor[2].  Did not re-place instance tangerineA7_100_i/tangerineSOC_0/inst/vgaInst/pixelGenInst/pgLutBackgroundColor_reg[2]
INFO: [Physopt 32-662] Processed net tangerineA7_100_i/tangerineSOC_0/inst/vgaInst/pixelGenInst/pgLutBackgroundColor[4].  Did not re-place instance tangerineA7_100_i/tangerineSOC_0/inst/vgaInst/pixelGenInst/pgLutBackgroundColor_reg[4]
INFO: [Physopt 32-662] Processed net tangerineA7_100_i/tangerineSOC_0/inst/vgaInst/pixelGenInst/pgLutLetterColor[18].  Did not re-place instance tangerineA7_100_i/tangerineSOC_0/inst/vgaInst/pixelGenInst/pgLutLetterColor_reg[18]
INFO: [Physopt 32-663] Processed net tangerineA7_100_i/tangerineSOC_0/inst/vgaInst/pixelGenInst/pgLutBackgroundColor[0].  Re-placed instance tangerineA7_100_i/tangerineSOC_0/inst/vgaInst/pixelGenInst/pgLutBackgroundColor_reg[0]
INFO: [Physopt 32-662] Processed net tangerineA7_100_i/tangerineSOC_0/inst/vgaInst/pixelGenInst/pgLutLetterColor[16].  Did not re-place instance tangerineA7_100_i/tangerineSOC_0/inst/vgaInst/pixelGenInst/pgLutLetterColor_reg[16]
INFO: [Physopt 32-662] Processed net tangerineA7_100_i/tangerineSOC_0/pgLutLetterColor[12]_i_1_n_0.  Did not re-place instance tangerineA7_100_i/tangerineSOC_0/pgLutLetterColor[12]_i_1_rewire
INFO: [Physopt 32-662] Processed net tangerineA7_100_i/tangerineSOC_0/inst/vgaInst/pixelGenInst/p_0_in[5].  Did not re-place instance tangerineA7_100_i/tangerineSOC_0/pgLutBackgroundColor[5]_i_1
INFO: [Physopt 32-662] Processed net tangerineA7_100_i/tangerineSOC_0/inst/vgaInst/pixelGenInst/pgLutBackgroundColor[5].  Did not re-place instance tangerineA7_100_i/tangerineSOC_0/inst/vgaInst/pixelGenInst/pgLutBackgroundColor_reg[5]
INFO: [Physopt 32-662] Processed net tangerineA7_100_i/tangerineSOC_0/inst/vgaInst/pixelGenInst/pgLutLetterColor[11].  Did not re-place instance tangerineA7_100_i/tangerineSOC_0/inst/vgaInst/pixelGenInst/pgLutLetterColor_reg[11]
INFO: [Physopt 32-662] Processed net tangerineA7_100_i/tangerineSOC_0/inst/vgaInst/pixelGenInst/pgLutLetterColor[9].  Did not re-place instance tangerineA7_100_i/tangerineSOC_0/inst/vgaInst/pixelGenInst/pgLutLetterColor_reg[9]
INFO: [Physopt 32-662] Processed net tangerineA7_100_i/tangerineSOC_0/inst/vgaInst/pixelGenInst/pgLutLetterColor[10].  Did not re-place instance tangerineA7_100_i/tangerineSOC_0/inst/vgaInst/pixelGenInst/pgLutLetterColor_reg[10]
INFO: [Physopt 32-662] Processed net tangerineA7_100_i/tangerineSOC_0/inst/vgaInst/pixelGenInst/pgLutLetterColor[12].  Did not re-place instance tangerineA7_100_i/tangerineSOC_0/inst/vgaInst/pixelGenInst/pgLutLetterColor_reg[12]
INFO: [Physopt 32-662] Processed net tangerineA7_100_i/tangerineSOC_0/pgLutBackgroundColor[23]_i_11_n_0.  Did not re-place instance tangerineA7_100_i/tangerineSOC_0/pgLutBackgroundColor[23]_i_11
INFO: [Physopt 32-662] Processed net tangerineA7_100_i/tangerineSOC_0/inst/vgaInst/pgCursorY_reg_n_0_[6].  Did not re-place instance tangerineA7_100_i/tangerineSOC_0/inst/vgaInst/pgCursorY_reg[6]
INFO: [Physopt 32-662] Processed net tangerineA7_100_i/tangerineSOC_0/inst/vgaInst/pixelGenInst/pgLutLetterColor[20].  Did not re-place instance tangerineA7_100_i/tangerineSOC_0/inst/vgaInst/pixelGenInst/pgLutLetterColor_reg[20]
INFO: [Physopt 32-662] Processed net tangerineA7_100_i/tangerineSOC_0/inst/vgaInst/pixelGenInst/p_0_in[16].  Did not re-place instance tangerineA7_100_i/tangerineSOC_0/pgLutBackgroundColor[20]_i_1_rewire
INFO: [Physopt 32-663] Processed net tangerineA7_100_i/tangerineSOC_0/inst/vgaInst/pixelGenInst/pgLutBackgroundColor[17].  Re-placed instance tangerineA7_100_i/tangerineSOC_0/inst/vgaInst/pixelGenInst/pgLutBackgroundColor_reg[17]
INFO: [Physopt 32-662] Processed net tangerineA7_100_i/tangerineSOC_0/inst/vgaInst/pixelGenInst/pgLutBackgroundColor[20].  Did not re-place instance tangerineA7_100_i/tangerineSOC_0/inst/vgaInst/pixelGenInst/pgLutBackgroundColor_reg[20]
INFO: [Physopt 32-662] Processed net tangerineA7_100_i/tangerineSOC_0/inst/vgaInst/pixelGenInst/pgLutBackgroundColor[19].  Did not re-place instance tangerineA7_100_i/tangerineSOC_0/inst/vgaInst/pixelGenInst/pgLutBackgroundColor_reg[19]
INFO: [Physopt 32-662] Processed net tangerineA7_100_i/tangerineSOC_0/inst/vgaInst/pixelGenInst/pgLutLetterColor[8].  Did not re-place instance tangerineA7_100_i/tangerineSOC_0/inst/vgaInst/pixelGenInst/pgLutLetterColor_reg[8]
INFO: [Physopt 32-662] Processed net tangerineA7_100_i/tangerineSOC_0/inst/vgaInst/pixelGenInst/p_0_in[8].  Did not re-place instance tangerineA7_100_i/tangerineSOC_0/pgLutBackgroundColor[12]_i_1_rewire
INFO: [Physopt 32-662] Processed net tangerineA7_100_i/tangerineSOC_0/inst/vgaInst/pixelGenInst/pgLutBackgroundColor[11].  Did not re-place instance tangerineA7_100_i/tangerineSOC_0/inst/vgaInst/pixelGenInst/pgLutBackgroundColor_reg[11]
INFO: [Physopt 32-662] Processed net tangerineA7_100_i/tangerineSOC_0/inst/vgaInst/pixelGenInst/pgLutBackgroundColor[9].  Did not re-place instance tangerineA7_100_i/tangerineSOC_0/inst/vgaInst/pixelGenInst/pgLutBackgroundColor_reg[9]
INFO: [Physopt 32-662] Processed net tangerineA7_100_i/tangerineSOC_0/pgLutLetterColor[22]_i_1_n_0.  Did not re-place instance tangerineA7_100_i/tangerineSOC_0/pgLutLetterColor[22]_i_1
INFO: [Physopt 32-662] Processed net tangerineA7_100_i/tangerineSOC_0/inst/vgaInst/pixelGenInst/pgLutLetterColor[22].  Did not re-place instance tangerineA7_100_i/tangerineSOC_0/inst/vgaInst/pixelGenInst/pgLutLetterColor_reg[22]
INFO: [Physopt 32-662] Processed net tangerineA7_100_i/tangerineSOC_0/pgLutBackgroundColor[23]_i_10_n_0_repN.  Did not re-place instance tangerineA7_100_i/tangerineSOC_0/pgLutBackgroundColor[23]_i_10_replica
INFO: [Physopt 32-662] Processed net tangerineA7_100_i/tangerineSOC_0/inst/vgaInst/pixelGenInst/p_0_in[21].  Did not re-place instance tangerineA7_100_i/tangerineSOC_0/pgLutBackgroundColor[21]_i_1
INFO: [Physopt 32-662] Processed net tangerineA7_100_i/tangerineSOC_0/inst/vgaInst/pixelGenInst/pgLutBackgroundColor[21].  Did not re-place instance tangerineA7_100_i/tangerineSOC_0/inst/vgaInst/pixelGenInst/pgLutBackgroundColor_reg[21]
INFO: [Physopt 32-662] Processed net tangerineA7_100_i/tangerineSOC_0/inst/vgaInst/pgCursorX_reg_n_0_[0]_repN.  Did not re-place instance tangerineA7_100_i/tangerineSOC_0/inst/vgaInst/pgCursorX_reg[0]_replica
INFO: [Physopt 32-662] Processed net tangerineA7_100_i/tangerineSOC_0/inst/vgaInst/pixelGenInst/pgLutBackgroundColor[10].  Did not re-place instance tangerineA7_100_i/tangerineSOC_0/inst/vgaInst/pixelGenInst/pgLutBackgroundColor_reg[10]
INFO: [Physopt 32-662] Processed net tangerineA7_100_i/tangerineSOC_0/inst/vgaInst/pixelGenInst/pgLutBackgroundColor[18].  Did not re-place instance tangerineA7_100_i/tangerineSOC_0/inst/vgaInst/pixelGenInst/pgLutBackgroundColor_reg[18]
INFO: [Physopt 32-662] Processed net tangerineA7_100_i/tangerineSOC_0/inst/vgaInst/pixelGenInst/pgLutBackgroundColor[16].  Did not re-place instance tangerineA7_100_i/tangerineSOC_0/inst/vgaInst/pixelGenInst/pgLutBackgroundColor_reg[16]
INFO: [Physopt 32-662] Processed net tangerineA7_100_i/tangerineSOC_0/inst/vgaInst/pixelGenInst/pgLutBackgroundColor[8].  Did not re-place instance tangerineA7_100_i/tangerineSOC_0/inst/vgaInst/pixelGenInst/pgLutBackgroundColor_reg[8]
INFO: [Physopt 32-662] Processed net tangerineA7_100_i/tangerineSOC_0/inst/vgaInst/pgCursorX_reg_n_0_[7].  Did not re-place instance tangerineA7_100_i/tangerineSOC_0/inst/vgaInst/pgCursorX_reg[7]
INFO: [Physopt 32-662] Processed net tangerineA7_100_i/tangerineSOC_0/inst/vgaInst/pgVideoMode[1].  Did not re-place instance tangerineA7_100_i/tangerineSOC_0/inst/vgaInst/vmMode_reg[3]
INFO: [Physopt 32-662] Processed net tangerineA7_100_i/tangerineSOC_0/pgLetterY[7]_i_2_n_0.  Did not re-place instance tangerineA7_100_i/tangerineSOC_0/pgLetterY[7]_i_2
INFO: [Physopt 32-662] Processed net tangerineA7_100_i/tangerineSOC_0/pgLetterY[7]_i_1_n_0.  Did not re-place instance tangerineA7_100_i/tangerineSOC_0/pgLetterY[7]_i_1
INFO: [Physopt 32-662] Processed net tangerineA7_100_i/tangerineSOC_0/pgLetterY[7]_i_6_n_0.  Did not re-place instance tangerineA7_100_i/tangerineSOC_0/pgLetterY[7]_i_6
INFO: [Physopt 32-662] Processed net tangerineA7_100_i/tangerineSOC_0/inst/vgaInst/pixelGenInst/pgLetterY[1].  Did not re-place instance tangerineA7_100_i/tangerineSOC_0/inst/vgaInst/pixelGenInst/pgLetterY_reg[1]
INFO: [Physopt 32-662] Processed net tangerineA7_100_i/tangerineSOC_0/inst/vgaInst/pixelGenInst/pgLetterY[2].  Did not re-place instance tangerineA7_100_i/tangerineSOC_0/inst/vgaInst/pixelGenInst/pgLetterY_reg[2]
INFO: [Physopt 32-662] Processed net tangerineA7_100_i/tangerineSOC_0/inst/vgaInst/pixelGenInst/pgLetterY[3].  Did not re-place instance tangerineA7_100_i/tangerineSOC_0/inst/vgaInst/pixelGenInst/pgLetterY_reg[3]
INFO: [Physopt 32-662] Processed net tangerineA7_100_i/tangerineSOC_0/inst/vgaInst/pixelGenInst/pgLetterY[4].  Did not re-place instance tangerineA7_100_i/tangerineSOC_0/inst/vgaInst/pixelGenInst/pgLetterY_reg[4]
INFO: [Physopt 32-662] Processed net tangerineA7_100_i/tangerineSOC_0/inst/vgaInst/pixelGenInst/pgLetterY[5].  Did not re-place instance tangerineA7_100_i/tangerineSOC_0/inst/vgaInst/pixelGenInst/pgLetterY_reg[5]
INFO: [Physopt 32-662] Processed net tangerineA7_100_i/tangerineSOC_0/inst/vgaInst/pixelGenInst/pgLetterY[7].  Did not re-place instance tangerineA7_100_i/tangerineSOC_0/inst/vgaInst/pixelGenInst/pgLetterY_reg[7]
INFO: [Physopt 32-662] Processed net tangerineA7_100_i/tangerineSOC_0/inst/vgaInst/pgCursorX_reg_n_0_[2]_repN.  Did not re-place instance tangerineA7_100_i/tangerineSOC_0/inst/vgaInst/pgCursorX_reg[2]_replica
INFO: [Physopt 32-662] Processed net tangerineA7_100_i/tangerineSOC_0/inst/vgaInst/pgCursorY_reg_n_0_[7].  Did not re-place instance tangerineA7_100_i/tangerineSOC_0/inst/vgaInst/pgCursorY_reg[7]
INFO: [Physopt 32-662] Processed net tangerineA7_100_i/tangerineSOC_0/pgLutBackgroundColor[23]_i_12_n_0.  Did not re-place instance tangerineA7_100_i/tangerineSOC_0/pgLutBackgroundColor[23]_i_12
INFO: [Physopt 32-662] Processed net tangerineA7_100_i/tangerineSOC_0/inst/vgaInst/pgCursorY_reg_n_0_[5].  Did not re-place instance tangerineA7_100_i/tangerineSOC_0/inst/vgaInst/pgCursorY_reg[5]
INFO: [Physopt 32-662] Processed net tangerineA7_100_i/tangerineSOC_0/pgLutLetterColor[13]_i_1_n_0.  Did not re-place instance tangerineA7_100_i/tangerineSOC_0/pgLutLetterColor[13]_i_1
INFO: [Physopt 32-662] Processed net tangerineA7_100_i/tangerineSOC_0/pgLutLetterColor[21]_i_1_n_0.  Did not re-place instance tangerineA7_100_i/tangerineSOC_0/pgLutLetterColor[21]_i_1
INFO: [Physopt 32-662] Processed net tangerineA7_100_i/tangerineSOC_0/inst/vgaInst/pixelGenInst/pgLutLetterColor[13].  Did not re-place instance tangerineA7_100_i/tangerineSOC_0/inst/vgaInst/pixelGenInst/pgLutLetterColor_reg[13]
INFO: [Physopt 32-662] Processed net tangerineA7_100_i/tangerineSOC_0/inst/vgaInst/pixelGenInst/pgLutLetterColor[21].  Did not re-place instance tangerineA7_100_i/tangerineSOC_0/inst/vgaInst/pixelGenInst/pgLutLetterColor_reg[21]
INFO: [Physopt 32-662] Processed net tangerineA7_100_i/tangerineSOC_0/inst/vgaInst/pgCursorX_reg_n_0_[1].  Did not re-place instance tangerineA7_100_i/tangerineSOC_0/inst/vgaInst/pgCursorX_reg[1]
INFO: [Physopt 32-662] Processed net tangerineA7_100_i/tangerineSOC_0/inst/vgaInst/pixelGenInst/p_0_in[23].  Did not re-place instance tangerineA7_100_i/tangerineSOC_0/pgLutBackgroundColor[23]_i_1
INFO: [Physopt 32-662] Processed net tangerineA7_100_i/tangerineSOC_0/inst/vgaInst/pixelGenInst/pgLutBackgroundColor[23].  Did not re-place instance tangerineA7_100_i/tangerineSOC_0/inst/vgaInst/pixelGenInst/pgLutBackgroundColor_reg[23]
INFO: [Physopt 32-662] Processed net tangerineA7_100_i/tangerineSOC_0/inst/vgaInst/pixelGenInst/p_0_in[7].  Did not re-place instance tangerineA7_100_i/tangerineSOC_0/pgLutBackgroundColor[7]_i_1
INFO: [Physopt 32-662] Processed net tangerineA7_100_i/tangerineSOC_0/inst/vgaInst/pixelGenInst/pgLutBackgroundColor[7].  Did not re-place instance tangerineA7_100_i/tangerineSOC_0/inst/vgaInst/pixelGenInst/pgLutBackgroundColor_reg[7]
INFO: [Physopt 32-662] Processed net tangerineA7_100_i/tangerineSOC_0/inst/vgaInst/pgCursorY_reg_n_0_[1].  Did not re-place instance tangerineA7_100_i/tangerineSOC_0/inst/vgaInst/pgCursorY_reg[1]
INFO: [Physopt 32-662] Processed net tangerineA7_100_i/tangerineSOC_0/pgLutLetterColor[5]_i_1_n_0.  Did not re-place instance tangerineA7_100_i/tangerineSOC_0/pgLutLetterColor[5]_i_1
INFO: [Physopt 32-662] Processed net tangerineA7_100_i/tangerineSOC_0/inst/vgaInst/pixelGenInst/pgLutLetterColor[5].  Did not re-place instance tangerineA7_100_i/tangerineSOC_0/inst/vgaInst/pixelGenInst/pgLutLetterColor_reg[5]
INFO: [Physopt 32-663] Processed net tangerineA7_100_i/tangerineSOC_0/pgLutBackgroundColor[23]_i_13_n_0.  Re-placed instance tangerineA7_100_i/tangerineSOC_0/pgLutBackgroundColor[23]_i_13
INFO: [Physopt 32-662] Processed net tangerineA7_100_i/tangerineSOC_0/inst/vgaInst/pgCursorY_reg_n_0_[0].  Did not re-place instance tangerineA7_100_i/tangerineSOC_0/inst/vgaInst/pgCursorY_reg[0]
INFO: [Physopt 32-662] Processed net tangerineA7_100_i/tangerineSOC_0/inst/vgaInst/pixelGenInst/pgLutLetterColor[3].  Did not re-place instance tangerineA7_100_i/tangerineSOC_0/inst/vgaInst/pixelGenInst/pgLutLetterColor_reg[3]
INFO: [Physopt 32-662] Processed net tangerineA7_100_i/tangerineSOC_0/FSM_onehot_pggState[36]_i_1_n_0.  Did not re-place instance tangerineA7_100_i/tangerineSOC_0/FSM_onehot_pggState[36]_i_1
INFO: [Physopt 32-662] Processed net tangerineA7_100_i/tangerineSOC_0/inst/vgaInst/vmMode_reg_n_0_[5].  Did not re-place instance tangerineA7_100_i/tangerineSOC_0/inst/vgaInst/vmMode_reg[5]
INFO: [Physopt 32-662] Processed net tangerineA7_100_i/tangerineSOC_0/FSM_onehot_pggState[36]_i_3_n_0.  Did not re-place instance tangerineA7_100_i/tangerineSOC_0/FSM_onehot_pggState[36]_i_3
INFO: [Physopt 32-662] Processed net tangerineA7_100_i/tangerineSOC_0/inst/vgaInst/pixelGenGfxInst/FSM_onehot_pggState_reg_n_0_[15].  Did not re-place instance tangerineA7_100_i/tangerineSOC_0/inst/vgaInst/pixelGenGfxInst/FSM_onehot_pggState_reg[15]
INFO: [Physopt 32-662] Processed net tangerineA7_100_i/tangerineSOC_0/inst/vgaInst/pixelGenInst/pgLutBackgroundColor[12].  Did not re-place instance tangerineA7_100_i/tangerineSOC_0/inst/vgaInst/pixelGenInst/pgLutBackgroundColor_reg[12]
INFO: [Physopt 32-662] Processed net tangerineA7_100_i/tangerineSOC_0/inst/vgaInst/vmMode_reg_n_0_[1].  Did not re-place instance tangerineA7_100_i/tangerineSOC_0/inst/vgaInst/vmMode_reg[1]
INFO: [Physopt 32-662] Processed net tangerineA7_100_i/tangerineSOC_0/FSM_onehot_pggState[36]_i_8_n_0.  Did not re-place instance tangerineA7_100_i/tangerineSOC_0/FSM_onehot_pggState[36]_i_8
INFO: [Physopt 32-662] Processed net tangerineA7_100_i/tangerineSOC_0/inst/vgaInst/pixelGenInst/p_0_in[14].  Did not re-place instance tangerineA7_100_i/tangerineSOC_0/pgLutBackgroundColor[14]_i_1
INFO: [Physopt 32-662] Processed net tangerineA7_100_i/tangerineSOC_0/inst/vgaInst/pixelGenInst/pgLutBackgroundColor[14].  Did not re-place instance tangerineA7_100_i/tangerineSOC_0/inst/vgaInst/pixelGenInst/pgLutBackgroundColor_reg[14]
INFO: [Physopt 32-662] Processed net tangerineA7_100_i/tangerineSOC_0/inst/vgaInst/pixelGenInst/pgLutBackgroundColor[3].  Did not re-place instance tangerineA7_100_i/tangerineSOC_0/inst/vgaInst/pixelGenInst/pgLutBackgroundColor_reg[3]
INFO: [Physopt 32-662] Processed net tangerineA7_100_i/tangerineSOC_0/inst/vgaInst/pixelGenInst/p_0_in[6].  Did not re-place instance tangerineA7_100_i/tangerineSOC_0/pgLutBackgroundColor[6]_i_1
INFO: [Physopt 32-662] Processed net tangerineA7_100_i/tangerineSOC_0/inst/vgaInst/pixelGenInst/pgLutBackgroundColor[6].  Did not re-place instance tangerineA7_100_i/tangerineSOC_0/inst/vgaInst/pixelGenInst/pgLutBackgroundColor_reg[6]
INFO: [Physopt 32-662] Processed net tangerineA7_100_i/tangerineSOC_0/inst/vgaInst/pixelGenInst/p_0_in[15].  Did not re-place instance tangerineA7_100_i/tangerineSOC_0/pgLutBackgroundColor[15]_i_1
INFO: [Physopt 32-662] Processed net tangerineA7_100_i/tangerineSOC_0/inst/vgaInst/pixelGenInst/p_0_in[22].  Did not re-place instance tangerineA7_100_i/tangerineSOC_0/pgLutBackgroundColor[22]_i_1
INFO: [Physopt 32-662] Processed net tangerineA7_100_i/tangerineSOC_0/inst/vgaInst/pixelGenInst/pgLutBackgroundColor[15].  Did not re-place instance tangerineA7_100_i/tangerineSOC_0/inst/vgaInst/pixelGenInst/pgLutBackgroundColor_reg[15]
INFO: [Physopt 32-662] Processed net tangerineA7_100_i/tangerineSOC_0/inst/vgaInst/pixelGenInst/pgLutBackgroundColor[22].  Did not re-place instance tangerineA7_100_i/tangerineSOC_0/inst/vgaInst/pixelGenInst/pgLutBackgroundColor_reg[22]
INFO: [Physopt 32-662] Processed net tangerineA7_100_i/tangerineSOC_0/inst/vgaInst/pgCursorY_reg_n_0_[4].  Did not re-place instance tangerineA7_100_i/tangerineSOC_0/inst/vgaInst/pgCursorY_reg[4]
INFO: [Physopt 32-662] Processed net tangerineA7_100_i/tangerineSOC_0/inst/vgaInst/vmMode_reg_n_0_[4].  Did not re-place instance tangerineA7_100_i/tangerineSOC_0/inst/vgaInst/vmMode_reg[4]
INFO: [Physopt 32-662] Processed net tangerineA7_100_i/tangerineSOC_0/inst/vgaInst/pixelGenGfxInst/FSM_onehot_pggState_reg_n_0_[16].  Did not re-place instance tangerineA7_100_i/tangerineSOC_0/inst/vgaInst/pixelGenGfxInst/FSM_onehot_pggState_reg[16]
INFO: [Physopt 32-662] Processed net tangerineA7_100_i/tangerineSOC_0/inst/vgaInst/pixelGenGfxInst/FSM_onehot_pggState_reg_n_0_[2].  Did not re-place instance tangerineA7_100_i/tangerineSOC_0/inst/vgaInst/pixelGenGfxInst/FSM_onehot_pggState_reg[2]
INFO: [Physopt 32-662] Processed net tangerineA7_100_i/tangerineSOC_0/inst/vgaInst/pixelGenGfxInst/FSM_onehot_pggState_reg_n_0_[24].  Did not re-place instance tangerineA7_100_i/tangerineSOC_0/inst/vgaInst/pixelGenGfxInst/FSM_onehot_pggState_reg[24]
INFO: [Physopt 32-662] Processed net tangerineA7_100_i/tangerineSOC_0/inst/vgaInst/pixelGenGfxInst/FSM_onehot_pggState_reg_n_0_[28].  Did not re-place instance tangerineA7_100_i/tangerineSOC_0/inst/vgaInst/pixelGenGfxInst/FSM_onehot_pggState_reg[28]
INFO: [Physopt 32-662] Processed net tangerineA7_100_i/tangerineSOC_0/inst/vgaInst/pixelGenGfxInst/FSM_onehot_pggState_reg_n_0_[34].  Did not re-place instance tangerineA7_100_i/tangerineSOC_0/inst/vgaInst/pixelGenGfxInst/FSM_onehot_pggState_reg[34]
INFO: [Physopt 32-662] Processed net tangerineA7_100_i/tangerineSOC_0/inst/vgaInst/vmMode_reg_n_0_[0].  Did not re-place instance tangerineA7_100_i/tangerineSOC_0/inst/vgaInst/vmMode_reg[0]
INFO: [Physopt 32-662] Processed net tangerineA7_100_i/tangerineSOC_0/FSM_onehot_pggState[36]_i_12_n_0.  Did not re-place instance tangerineA7_100_i/tangerineSOC_0/FSM_onehot_pggState[36]_i_12
INFO: [Physopt 32-662] Processed net tangerineA7_100_i/tangerineSOC_0/FSM_onehot_pggState[36]_i_7_n_0.  Did not re-place instance tangerineA7_100_i/tangerineSOC_0/FSM_onehot_pggState[36]_i_7
INFO: [Physopt 32-662] Processed net tangerineA7_100_i/tangerineSOC_0/inst/vgaInst/pgCursorY_reg_n_0_[3].  Did not re-place instance tangerineA7_100_i/tangerineSOC_0/inst/vgaInst/pgCursorY_reg[3]
INFO: [Physopt 32-662] Processed net tangerineA7_100_i/tangerineSOC_0/inst/vgaInst/pixelGenGfxInst/FSM_onehot_pggState_reg_n_0_[9].  Did not re-place instance tangerineA7_100_i/tangerineSOC_0/inst/vgaInst/pixelGenGfxInst/FSM_onehot_pggState_reg[9]
INFO: [Physopt 32-662] Processed net tangerineA7_100_i/tangerineSOC_0/inst/vgaInst/pixelGenGfxInst/FSM_onehot_pggState_reg_n_0_[1].  Did not re-place instance tangerineA7_100_i/tangerineSOC_0/inst/vgaInst/pixelGenGfxInst/FSM_onehot_pggState_reg[1]
INFO: [Physopt 32-662] Processed net tangerineA7_100_i/tangerineSOC_0/inst/vgaInst/pixelGenGfxInst/FSM_onehot_pggState_reg_n_0_[13].  Did not re-place instance tangerineA7_100_i/tangerineSOC_0/inst/vgaInst/pixelGenGfxInst/FSM_onehot_pggState_reg[13]
INFO: [Physopt 32-662] Processed net tangerineA7_100_i/tangerineSOC_0/inst/vgaInst/pixelGenGfxInst/FSM_onehot_pggState_reg_n_0_[14].  Did not re-place instance tangerineA7_100_i/tangerineSOC_0/inst/vgaInst/pixelGenGfxInst/FSM_onehot_pggState_reg[14]
INFO: [Physopt 32-662] Processed net tangerineA7_100_i/tangerineSOC_0/inst/vgaInst/pixelGenGfxInst/FSM_onehot_pggState_reg_n_0_[4].  Did not re-place instance tangerineA7_100_i/tangerineSOC_0/inst/vgaInst/pixelGenGfxInst/FSM_onehot_pggState_reg[4]
INFO: [Physopt 32-662] Processed net tangerineA7_100_i/tangerineSOC_0/inst/vgaInst/pixelGenGfxInst/FSM_onehot_pggState_reg_n_0_[23].  Did not re-place instance tangerineA7_100_i/tangerineSOC_0/inst/vgaInst/pixelGenGfxInst/FSM_onehot_pggState_reg[23]
INFO: [Physopt 32-662] Processed net tangerineA7_100_i/tangerineSOC_0/inst/vgaInst/pixelGenGfxInst/FSM_onehot_pggState_reg_n_0_[36].  Did not re-place instance tangerineA7_100_i/tangerineSOC_0/inst/vgaInst/pixelGenGfxInst/FSM_onehot_pggState_reg[36]
INFO: [Physopt 32-662] Processed net tangerineA7_100_i/tangerineSOC_0/inst/vgaInst/pixelGenGfxInst/FSM_onehot_pggState_reg_n_0_[20].  Did not re-place instance tangerineA7_100_i/tangerineSOC_0/inst/vgaInst/pixelGenGfxInst/FSM_onehot_pggState_reg[20]
INFO: [Physopt 32-662] Processed net tangerineA7_100_i/tangerineSOC_0/inst/vgaInst/pixelGenGfxInst/FSM_onehot_pggState_reg_n_0_[30].  Did not re-place instance tangerineA7_100_i/tangerineSOC_0/inst/vgaInst/pixelGenGfxInst/FSM_onehot_pggState_reg[30]
INFO: [Physopt 32-662] Processed net tangerineA7_100_i/tangerineSOC_0/inst/vgaInst/pixelGenGfxInst/FSM_onehot_pggState_reg_n_0_[21].  Did not re-place instance tangerineA7_100_i/tangerineSOC_0/inst/vgaInst/pixelGenGfxInst/FSM_onehot_pggState_reg[21]
INFO: [Physopt 32-662] Processed net tangerineA7_100_i/tangerineSOC_0/inst/vgaInst/pixelGenGfxInst/FSM_onehot_pggState_reg_n_0_[22].  Did not re-place instance tangerineA7_100_i/tangerineSOC_0/inst/vgaInst/pixelGenGfxInst/FSM_onehot_pggState_reg[22]
INFO: [Physopt 32-662] Processed net tangerineA7_100_i/tangerineSOC_0/inst/vgaInst/pixelGenGfxInst/FSM_onehot_pggState_reg_n_0_[17].  Did not re-place instance tangerineA7_100_i/tangerineSOC_0/inst/vgaInst/pixelGenGfxInst/FSM_onehot_pggState_reg[17]
INFO: [Physopt 32-662] Processed net tangerineA7_100_i/tangerineSOC_0/inst/vgaInst/pixelGenGfxInst/FSM_onehot_pggState_reg_n_0_[3].  Did not re-place instance tangerineA7_100_i/tangerineSOC_0/inst/vgaInst/pixelGenGfxInst/FSM_onehot_pggState_reg[3]
INFO: [Physopt 32-662] Processed net tangerineA7_100_i/tangerineSOC_0/inst/vgaInst/pixelGenGfxInst/FSM_onehot_pggState_reg_n_0_[10].  Did not re-place instance tangerineA7_100_i/tangerineSOC_0/inst/vgaInst/pixelGenGfxInst/FSM_onehot_pggState_reg[10]
INFO: [Physopt 32-662] Processed net tangerineA7_100_i/tangerineSOC_0/inst/vgaInst/pixelGenGfxInst/FSM_onehot_pggState_reg_n_0_[32].  Did not re-place instance tangerineA7_100_i/tangerineSOC_0/inst/vgaInst/pixelGenGfxInst/FSM_onehot_pggState_reg[32]
INFO: [Physopt 32-662] Processed net tangerineA7_100_i/tangerineSOC_0/inst/vgaInst/pixelGenGfxInst/FSM_onehot_pggState_reg_n_0_[8].  Did not re-place instance tangerineA7_100_i/tangerineSOC_0/inst/vgaInst/pixelGenGfxInst/FSM_onehot_pggState_reg[8]
INFO: [Physopt 32-662] Processed net tangerineA7_100_i/tangerineSOC_0/inst/vgaInst/pixelGenGfxInst/FSM_onehot_pggState_reg_n_0_[11].  Did not re-place instance tangerineA7_100_i/tangerineSOC_0/inst/vgaInst/pixelGenGfxInst/FSM_onehot_pggState_reg[11]
INFO: [Physopt 32-662] Processed net tangerineA7_100_i/tangerineSOC_0/inst/vgaInst/pixelGenGfxInst/FSM_onehot_pggState_reg_n_0_[0].  Did not re-place instance tangerineA7_100_i/tangerineSOC_0/inst/vgaInst/pixelGenGfxInst/FSM_onehot_pggState_reg[0]
INFO: [Physopt 32-662] Processed net tangerineA7_100_i/tangerineSOC_0/inst/vgaInst/pixelGenGfxInst/FSM_onehot_pggState_reg_n_0_[25].  Did not re-place instance tangerineA7_100_i/tangerineSOC_0/inst/vgaInst/pixelGenGfxInst/FSM_onehot_pggState_reg[25]
INFO: [Physopt 32-662] Processed net tangerineA7_100_i/tangerineSOC_0/inst/vgaInst/pixelGenGfxInst/FSM_onehot_pggState_reg_n_0_[31].  Did not re-place instance tangerineA7_100_i/tangerineSOC_0/inst/vgaInst/pixelGenGfxInst/FSM_onehot_pggState_reg[31]
INFO: [Physopt 32-662] Processed net tangerineA7_100_i/tangerineSOC_0/inst/vgaInst/pixelGenGfxInst/FSM_onehot_pggState_reg_n_0_[6].  Did not re-place instance tangerineA7_100_i/tangerineSOC_0/inst/vgaInst/pixelGenGfxInst/FSM_onehot_pggState_reg[6]
INFO: [Physopt 32-662] Processed net tangerineA7_100_i/tangerineSOC_0/inst/vgaInst/pixelGenGfxInst/FSM_onehot_pggState_reg_n_0_[19].  Did not re-place instance tangerineA7_100_i/tangerineSOC_0/inst/vgaInst/pixelGenGfxInst/FSM_onehot_pggState_reg[19]
INFO: [Physopt 32-662] Processed net tangerineA7_100_i/tangerineSOC_0/inst/vgaInst/pixelGenGfxInst/FSM_onehot_pggState_reg_n_0_[7].  Did not re-place instance tangerineA7_100_i/tangerineSOC_0/inst/vgaInst/pixelGenGfxInst/FSM_onehot_pggState_reg[7]
INFO: [Physopt 32-662] Processed net tangerineA7_100_i/tangerineSOC_0/inst/vgaInst/pixelGenGfxInst/FSM_onehot_pggState_reg_n_0_[5].  Did not re-place instance tangerineA7_100_i/tangerineSOC_0/inst/vgaInst/pixelGenGfxInst/FSM_onehot_pggState_reg[5]
INFO: [Physopt 32-662] Processed net tangerineA7_100_i/tangerineSOC_0/inst/vgaInst/pixelGenGfxInst/FSM_onehot_pggState_reg_n_0_[26].  Did not re-place instance tangerineA7_100_i/tangerineSOC_0/inst/vgaInst/pixelGenGfxInst/FSM_onehot_pggState_reg[26]
INFO: [Physopt 32-662] Processed net tangerineA7_100_i/tangerineSOC_0/inst/vgaInst/pixelGenGfxInst/FSM_onehot_pggState_reg_n_0_[35].  Did not re-place instance tangerineA7_100_i/tangerineSOC_0/inst/vgaInst/pixelGenGfxInst/FSM_onehot_pggState_reg[35]
INFO: [Physopt 32-662] Processed net tangerineA7_100_i/tangerineSOC_0/inst/vgaInst/pixelGenGfxInst/FSM_onehot_pggState_reg_n_0_[12].  Did not re-place instance tangerineA7_100_i/tangerineSOC_0/inst/vgaInst/pixelGenGfxInst/FSM_onehot_pggState_reg[12]
INFO: [Physopt 32-662] Processed net tangerineA7_100_i/tangerineSOC_0/inst/vgaInst/pixelGenGfxInst/FSM_onehot_pggState_reg_n_0_[18].  Did not re-place instance tangerineA7_100_i/tangerineSOC_0/inst/vgaInst/pixelGenGfxInst/FSM_onehot_pggState_reg[18]
INFO: [Physopt 32-662] Processed net tangerineA7_100_i/tangerineSOC_0/inst/vgaInst/pixelGenGfxInst/FSM_onehot_pggState_reg_n_0_[27].  Did not re-place instance tangerineA7_100_i/tangerineSOC_0/inst/vgaInst/pixelGenGfxInst/FSM_onehot_pggState_reg[27]
INFO: [Physopt 32-662] Processed net tangerineA7_100_i/tangerineSOC_0/inst/vgaInst/pixelGenGfxInst/FSM_onehot_pggState_reg_n_0_[33].  Did not re-place instance tangerineA7_100_i/tangerineSOC_0/inst/vgaInst/pixelGenGfxInst/FSM_onehot_pggState_reg[33]
INFO: [Physopt 32-662] Processed net tangerineA7_100_i/tangerineSOC_0/inst/vgaInst/pixelGenGfxInst/FSM_onehot_pggState_reg_n_0_[29].  Did not re-place instance tangerineA7_100_i/tangerineSOC_0/inst/vgaInst/pixelGenGfxInst/FSM_onehot_pggState_reg[29]
INFO: [Physopt 32-662] Processed net tangerineA7_100_i/tangerineSOC_0/inst/vgaInst/pgCursorY_reg_n_0_[2].  Did not re-place instance tangerineA7_100_i/tangerineSOC_0/inst/vgaInst/pgCursorY_reg[2]
INFO: [Physopt 32-662] Processed net tangerineA7_100_i/tangerineSOC_0/FSM_onehot_pggState[1]_i_1_n_0.  Did not re-place instance tangerineA7_100_i/tangerineSOC_0/FSM_onehot_pggState[1]_i_1
INFO: [Physopt 32-663] Processed net tangerineA7_100_i/tangerineSOC_0/pgDisplayPtr[13]_i_6_n_0.  Re-placed instance tangerineA7_100_i/tangerineSOC_0/pgDisplayPtr[13]_i_6
INFO: [Physopt 32-662] Processed net tangerineA7_100_i/tangerineSOC_0/pgDisplayPtr[13]_i_1_n_0.  Did not re-place instance tangerineA7_100_i/tangerineSOC_0/pgDisplayPtr[13]_i_1
INFO: [Physopt 32-663] Processed net tangerineA7_100_i/tangerineSOC_0/inst/vgaInst/pixelGenInst/pgDisplayPtr_reg_n_0_[5].  Re-placed instance tangerineA7_100_i/tangerineSOC_0/inst/vgaInst/pixelGenInst/pgDisplayPtr_reg[5]
INFO: [Physopt 32-663] Processed net tangerineA7_100_i/tangerineSOC_0/inst/vgaInst/pixelGenInst/pgDisplayPtr_reg_n_0_[8].  Re-placed instance tangerineA7_100_i/tangerineSOC_0/inst/vgaInst/pixelGenInst/pgDisplayPtr_reg[8]
INFO: [Physopt 32-663] Processed net tangerineA7_100_i/tangerineSOC_0/inst/vgaInst/pixelGenInst/pgDisplayPtr_reg_n_0_[0].  Re-placed instance tangerineA7_100_i/tangerineSOC_0/inst/vgaInst/pixelGenInst/pgDisplayPtr_reg[0]
INFO: [Physopt 32-663] Processed net tangerineA7_100_i/tangerineSOC_0/inst/vgaInst/pixelGenInst/pgDisplayPtr_reg_n_0_[12].  Re-placed instance tangerineA7_100_i/tangerineSOC_0/inst/vgaInst/pixelGenInst/pgDisplayPtr_reg[12]
INFO: [Physopt 32-663] Processed net tangerineA7_100_i/tangerineSOC_0/inst/vgaInst/pixelGenInst/pgDisplayPtr_reg_n_0_[1].  Re-placed instance tangerineA7_100_i/tangerineSOC_0/inst/vgaInst/pixelGenInst/pgDisplayPtr_reg[1]
INFO: [Physopt 32-663] Processed net tangerineA7_100_i/tangerineSOC_0/inst/vgaInst/pixelGenInst/pgDisplayPtr_reg_n_0_[9].  Re-placed instance tangerineA7_100_i/tangerineSOC_0/inst/vgaInst/pixelGenInst/pgDisplayPtr_reg[9]
INFO: [Physopt 32-662] Processed net tangerineA7_100_i/tangerineSOC_0/inst/vgaInst/pixelGenInst/pgDisplayPtr_reg_n_0_[10].  Did not re-place instance tangerineA7_100_i/tangerineSOC_0/inst/vgaInst/pixelGenInst/pgDisplayPtr_reg[10]
INFO: [Physopt 32-662] Processed net tangerineA7_100_i/tangerineSOC_0/inst/vgaInst/pixelGenInst/pgDisplayPtr_reg_n_0_[11].  Did not re-place instance tangerineA7_100_i/tangerineSOC_0/inst/vgaInst/pixelGenInst/pgDisplayPtr_reg[11]
INFO: [Physopt 32-662] Processed net tangerineA7_100_i/tangerineSOC_0/inst/vgaInst/pixelGenInst/pgDisplayPtr_reg_n_0_[2].  Did not re-place instance tangerineA7_100_i/tangerineSOC_0/inst/vgaInst/pixelGenInst/pgDisplayPtr_reg[2]
INFO: [Physopt 32-662] Processed net tangerineA7_100_i/tangerineSOC_0/inst/vgaInst/pixelGenInst/pgDisplayPtr_reg_n_0_[7].  Did not re-place instance tangerineA7_100_i/tangerineSOC_0/inst/vgaInst/pixelGenInst/pgDisplayPtr_reg[7]
INFO: [Physopt 32-662] Processed net tangerineA7_100_i/tangerineSOC_0/inst/vgaInst/pixelGenInst/pgDisplayPtr_reg_n_0_[13].  Did not re-place instance tangerineA7_100_i/tangerineSOC_0/inst/vgaInst/pixelGenInst/pgDisplayPtr_reg[13]
INFO: [Physopt 32-662] Processed net tangerineA7_100_i/tangerineSOC_0/inst/vgaInst/pixelGenInst/pgDisplayPtr_reg_n_0_[3].  Did not re-place instance tangerineA7_100_i/tangerineSOC_0/inst/vgaInst/pixelGenInst/pgDisplayPtr_reg[3]
INFO: [Physopt 32-662] Processed net tangerineA7_100_i/tangerineSOC_0/inst/vgaInst/pixelGenInst/pgDisplayPtr_reg_n_0_[4].  Did not re-place instance tangerineA7_100_i/tangerineSOC_0/inst/vgaInst/pixelGenInst/pgDisplayPtr_reg[4]
INFO: [Physopt 32-662] Processed net tangerineA7_100_i/tangerineSOC_0/inst/vgaInst/pixelGenInst/pgDisplayPtr_reg_n_0_[6].  Did not re-place instance tangerineA7_100_i/tangerineSOC_0/inst/vgaInst/pixelGenInst/pgDisplayPtr_reg[6]
INFO: [Physopt 32-662] Processed net tangerineA7_100_i/tangerineSOC_0/inst/vgaInst/pixelGenInst/pgLetterY[0].  Did not re-place instance tangerineA7_100_i/tangerineSOC_0/inst/vgaInst/pixelGenInst/pgLetterY_reg[0]
INFO: [Physopt 32-661] Optimized 12 nets.  Re-placed 12 instances.
INFO: [Physopt 32-775] End 1 Pass. Optimized 12 nets or cells. Created 0 new cell, deleted 0 existing cell and moved 12 existing cells
INFO: [Physopt 32-619] Estimated Timing Summary | WNS=-7.290 | TNS=-7040.852 |
Netlist sorting complete. Time (s): cpu = 00:00:00 ; elapsed = 00:00:00.056 . Memory (MB): peak = 3776.652 ; gain = 0.000
Phase 9 Single Cell Placement Optimization | Checksum: 1e8b39a81

Time (s): cpu = 00:00:30 ; elapsed = 00:00:21 . Memory (MB): peak = 3776.652 ; gain = 0.000

Phase 10 Multi Cell Placement Optimization
INFO: [Physopt 32-660] Identified 100 candidate nets for placement-based optimization.
INFO: [Physopt 32-663] Processed net tangerineA7_100_i/tangerineSOC_0/pgLutBackgroundColor[23]_i_8_n_0.  Re-placed instance tangerineA7_100_i/tangerineSOC_0/pgLutBackgroundColor[23]_i_8/O
INFO: [Physopt 32-662] Processed net tangerineA7_100_i/tangerineSOC_0/inst/vgaInst/pgCursorX_reg_n_0_[5].  Did not re-place instance tangerineA7_100_i/tangerineSOC_0/inst/vgaInst/pgCursorX_reg[5]/Q
INFO: [Physopt 32-662] Processed net tangerineA7_100_i/tangerineSOC_0/inst/vgaInst/pixelGenInst/p_0_in[13].  Did not re-place instance tangerineA7_100_i/tangerineSOC_0/pgLutBackgroundColor[13]_i_1/O
INFO: [Physopt 32-662] Processed net tangerineA7_100_i/tangerineSOC_0/pgLutBackgroundColor[23]_i_9_n_0.  Did not re-place instance tangerineA7_100_i/tangerineSOC_0/pgLutBackgroundColor[23]_i_9/O
INFO: [Physopt 32-662] Processed net tangerineA7_100_i/tangerineSOC_0/inst/vgaInst/pgCursorX_reg_n_0_[4]_repN.  Did not re-place instance tangerineA7_100_i/tangerineSOC_0/inst/vgaInst/pgCursorX_reg[4]_replica/Q
INFO: [Physopt 32-662] Processed net tangerineA7_100_i/tangerineSOC_0/inst/vgaInst/pgCursorX_reg_n_0_[3]_repN.  Did not re-place instance tangerineA7_100_i/tangerineSOC_0/inst/vgaInst/pgCursorX_reg[3]_replica/Q
INFO: [Physopt 32-663] Processed net tangerineA7_100_i/tangerineSOC_0/pgLutLetterColor[14]_i_1_n_0.  Re-placed instance tangerineA7_100_i/tangerineSOC_0/pgLutLetterColor[14]_i_1/O
INFO: [Physopt 32-662] Processed net tangerineA7_100_i/tangerineSOC_0/pgLutLetterColor[15]_i_1_n_0.  Did not re-place instance tangerineA7_100_i/tangerineSOC_0/pgLutLetterColor[15]_i_1/O
INFO: [Physopt 32-662] Processed net tangerineA7_100_i/tangerineSOC_0/pgLutLetterColor[23]_i_1_n_0.  Did not re-place instance tangerineA7_100_i/tangerineSOC_0/pgLutLetterColor[23]_i_1/O
INFO: [Physopt 32-662] Processed net tangerineA7_100_i/tangerineSOC_0/pgLutBackgroundColor[23]_i_6_n_0.  Did not re-place instance tangerineA7_100_i/tangerineSOC_0/pgLutBackgroundColor[23]_i_6_rewire/O
INFO: [Physopt 32-662] Processed net tangerineA7_100_i/tangerineSOC_0/pgLutLetterColor[4]_i_1_n_0.  Did not re-place instance tangerineA7_100_i/tangerineSOC_0/pgLutLetterColor[4]_i_1_rewire/O
INFO: [Physopt 32-662] Processed net tangerineA7_100_i/tangerineSOC_0/inst/vgaInst/pgCursorX_reg_n_0_[6].  Did not re-place instance tangerineA7_100_i/tangerineSOC_0/inst/vgaInst/pgCursorX_reg[6]/Q
INFO: [Physopt 32-662] Processed net tangerineA7_100_i/tangerineSOC_0/pgLutBackgroundColor[23]_i_10_n_0.  Did not re-place instance tangerineA7_100_i/tangerineSOC_0/pgLutBackgroundColor[23]_i_10/O
INFO: [Physopt 32-663] Processed net tangerineA7_100_i/tangerineSOC_0/pgLutLetterColor[20]_i_1_n_0.  Re-placed instance tangerineA7_100_i/tangerineSOC_0/pgLutLetterColor[20]_i_1_rewire/O
INFO: [Physopt 32-662] Processed net tangerineA7_100_i/tangerineSOC_0/inst/vgaInst/pixelGenInst/p_0_in[0].  Did not re-place instance tangerineA7_100_i/tangerineSOC_0/pgLutBackgroundColor[4]_i_1_rewire/O
INFO: [Physopt 32-662] Processed net tangerineA7_100_i/tangerineSOC_0/pgLutLetterColor[6]_i_1_n_0.  Did not re-place instance tangerineA7_100_i/tangerineSOC_0/pgLutLetterColor[6]_i_1/O
INFO: [Physopt 32-662] Processed net tangerineA7_100_i/tangerineSOC_0/pgLutLetterColor[12]_i_1_n_0.  Did not re-place instance tangerineA7_100_i/tangerineSOC_0/pgLutLetterColor[12]_i_1_rewire/O
INFO: [Physopt 32-662] Processed net tangerineA7_100_i/tangerineSOC_0/inst/vgaInst/pixelGenInst/p_0_in[5].  Did not re-place instance tangerineA7_100_i/tangerineSOC_0/pgLutBackgroundColor[5]_i_1/O
INFO: [Physopt 32-662] Processed net tangerineA7_100_i/tangerineSOC_0/pgLutBackgroundColor[23]_i_11_n_0.  Did not re-place instance tangerineA7_100_i/tangerineSOC_0/pgLutBackgroundColor[23]_i_11/O
INFO: [Physopt 32-663] Processed net tangerineA7_100_i/tangerineSOC_0/inst/vgaInst/pgCursorY_reg_n_0_[6].  Re-placed instance tangerineA7_100_i/tangerineSOC_0/inst/vgaInst/pgCursorY_reg[6]/Q
INFO: [Physopt 32-662] Processed net tangerineA7_100_i/tangerineSOC_0/inst/vgaInst/pixelGenInst/p_0_in[16].  Did not re-place instance tangerineA7_100_i/tangerineSOC_0/pgLutBackgroundColor[20]_i_1_rewire/O
INFO: [Physopt 32-662] Processed net tangerineA7_100_i/tangerineSOC_0/inst/vgaInst/pixelGenInst/p_0_in[8].  Did not re-place instance tangerineA7_100_i/tangerineSOC_0/pgLutBackgroundColor[12]_i_1_rewire/O
INFO: [Physopt 32-662] Processed net tangerineA7_100_i/tangerineSOC_0/pgLutLetterColor[22]_i_1_n_0.  Did not re-place instance tangerineA7_100_i/tangerineSOC_0/pgLutLetterColor[22]_i_1/O
INFO: [Physopt 32-662] Processed net tangerineA7_100_i/tangerineSOC_0/pgLutLetterColor[7]_i_1_n_0.  Did not re-place instance tangerineA7_100_i/tangerineSOC_0/pgLutLetterColor[7]_i_1/O
INFO: [Physopt 32-662] Processed net tangerineA7_100_i/tangerineSOC_0/pgLutBackgroundColor[23]_i_10_n_0_repN.  Did not re-place instance tangerineA7_100_i/tangerineSOC_0/pgLutBackgroundColor[23]_i_10_replica/O
INFO: [Physopt 32-662] Processed net tangerineA7_100_i/tangerineSOC_0/inst/vgaInst/pixelGenInst/p_0_in[21].  Did not re-place instance tangerineA7_100_i/tangerineSOC_0/pgLutBackgroundColor[21]_i_1/O
INFO: [Physopt 32-662] Processed net tangerineA7_100_i/tangerineSOC_0/inst/vgaInst/pgCursorX_reg_n_0_[0]_repN.  Did not re-place instance tangerineA7_100_i/tangerineSOC_0/inst/vgaInst/pgCursorX_reg[0]_replica/Q
INFO: [Physopt 32-662] Processed net tangerineA7_100_i/tangerineSOC_0/inst/vgaInst/pgVideoMode[1].  Did not re-place instance tangerineA7_100_i/tangerineSOC_0/inst/vgaInst/vmMode_reg[3]/Q
INFO: [Physopt 32-662] Processed net tangerineA7_100_i/tangerineSOC_0/pgLetterY[7]_i_2_n_0.  Did not re-place instance tangerineA7_100_i/tangerineSOC_0/pgLetterY[7]_i_2/O
INFO: [Physopt 32-662] Processed net tangerineA7_100_i/tangerineSOC_0/pgLetterY[7]_i_1_n_0.  Did not re-place instance tangerineA7_100_i/tangerineSOC_0/pgLetterY[7]_i_1/O
INFO: [Physopt 32-662] Processed net tangerineA7_100_i/tangerineSOC_0/pgLetterY[7]_i_6_n_0.  Did not re-place instance tangerineA7_100_i/tangerineSOC_0/pgLetterY[7]_i_6/O
INFO: [Physopt 32-662] Processed net tangerineA7_100_i/tangerineSOC_0/inst/vgaInst/pgCursorX_reg_n_0_[7].  Did not re-place instance tangerineA7_100_i/tangerineSOC_0/inst/vgaInst/pgCursorX_reg[7]/Q
INFO: [Physopt 32-662] Processed net tangerineA7_100_i/tangerineSOC_0/inst/vgaInst/pgCursorX_reg_n_0_[2]_repN.  Did not re-place instance tangerineA7_100_i/tangerineSOC_0/inst/vgaInst/pgCursorX_reg[2]_replica/Q
INFO: [Physopt 32-662] Processed net tangerineA7_100_i/tangerineSOC_0/inst/vgaInst/pgCursorY_reg_n_0_[7].  Did not re-place instance tangerineA7_100_i/tangerineSOC_0/inst/vgaInst/pgCursorY_reg[7]/Q
INFO: [Physopt 32-662] Processed net tangerineA7_100_i/tangerineSOC_0/pgLutBackgroundColor[23]_i_12_n_0.  Did not re-place instance tangerineA7_100_i/tangerineSOC_0/pgLutBackgroundColor[23]_i_12/O
INFO: [Physopt 32-662] Processed net tangerineA7_100_i/tangerineSOC_0/inst/vgaInst/pgCursorY_reg_n_0_[5].  Did not re-place instance tangerineA7_100_i/tangerineSOC_0/inst/vgaInst/pgCursorY_reg[5]/Q
INFO: [Physopt 32-663] Processed net tangerineA7_100_i/tangerineSOC_0/pgLutLetterColor[13]_i_1_n_0.  Re-placed instance tangerineA7_100_i/tangerineSOC_0/pgLutLetterColor[13]_i_1/O
INFO: [Physopt 32-662] Processed net tangerineA7_100_i/tangerineSOC_0/pgLutLetterColor[21]_i_1_n_0.  Did not re-place instance tangerineA7_100_i/tangerineSOC_0/pgLutLetterColor[21]_i_1/O
INFO: [Physopt 32-662] Processed net tangerineA7_100_i/tangerineSOC_0/inst/vgaInst/pgCursorX_reg_n_0_[1].  Did not re-place instance tangerineA7_100_i/tangerineSOC_0/inst/vgaInst/pgCursorX_reg[1]/Q
INFO: [Physopt 32-662] Processed net tangerineA7_100_i/tangerineSOC_0/inst/vgaInst/pixelGenInst/p_0_in[23].  Did not re-place instance tangerineA7_100_i/tangerineSOC_0/pgLutBackgroundColor[23]_i_1/O
INFO: [Physopt 32-662] Processed net tangerineA7_100_i/tangerineSOC_0/inst/vgaInst/pixelGenInst/p_0_in[7].  Did not re-place instance tangerineA7_100_i/tangerineSOC_0/pgLutBackgroundColor[7]_i_1/O
INFO: [Physopt 32-662] Processed net tangerineA7_100_i/tangerineSOC_0/inst/vgaInst/pgCursorY_reg_n_0_[1].  Did not re-place instance tangerineA7_100_i/tangerineSOC_0/inst/vgaInst/pgCursorY_reg[1]/Q
INFO: [Physopt 32-662] Processed net tangerineA7_100_i/tangerineSOC_0/pgLutLetterColor[5]_i_1_n_0.  Did not re-place instance tangerineA7_100_i/tangerineSOC_0/pgLutLetterColor[5]_i_1/O
INFO: [Physopt 32-662] Processed net tangerineA7_100_i/tangerineSOC_0/inst/vgaInst/vmMode_reg_n_0_[5].  Did not re-place instance tangerineA7_100_i/tangerineSOC_0/inst/vgaInst/vmMode_reg[5]/Q
INFO: [Physopt 32-662] Processed net tangerineA7_100_i/tangerineSOC_0/FSM_onehot_pggState[36]_i_3_n_0.  Did not re-place instance tangerineA7_100_i/tangerineSOC_0/FSM_onehot_pggState[36]_i_3/O
INFO: [Physopt 32-663] Processed net tangerineA7_100_i/tangerineSOC_0/pgLutBackgroundColor[23]_i_13_n_0.  Re-placed instance tangerineA7_100_i/tangerineSOC_0/pgLutBackgroundColor[23]_i_13/O
INFO: [Physopt 32-662] Processed net tangerineA7_100_i/tangerineSOC_0/inst/vgaInst/pgCursorY_reg_n_0_[0].  Did not re-place instance tangerineA7_100_i/tangerineSOC_0/inst/vgaInst/pgCursorY_reg[0]/Q
INFO: [Physopt 32-662] Processed net tangerineA7_100_i/tangerineSOC_0/inst/vgaInst/vmMode_reg_n_0_[1].  Did not re-place instance tangerineA7_100_i/tangerineSOC_0/inst/vgaInst/vmMode_reg[1]/Q
INFO: [Physopt 32-661] Optimized 6 nets.  Re-placed 16 instances.
INFO: [Physopt 32-775] End 1 Pass. Optimized 6 nets or cells. Created 0 new cell, deleted 0 existing cell and moved 16 existing cells
INFO: [Physopt 32-619] Estimated Timing Summary | WNS=-7.231 | TNS=-7040.095 |
Netlist sorting complete. Time (s): cpu = 00:00:00 ; elapsed = 00:00:00.010 . Memory (MB): peak = 3776.652 ; gain = 0.000
Phase 10 Multi Cell Placement Optimization | Checksum: 1641f9e53

Time (s): cpu = 00:00:37 ; elapsed = 00:00:26 . Memory (MB): peak = 3776.652 ; gain = 0.000

Phase 11 Rewire
INFO: [Physopt 32-246] Starting Signal Push optimization...
INFO: [Physopt 32-77] Pass 1. Identified 1 candidate net for rewire optimization.
INFO: [Physopt 32-242] Processed net tangerineA7_100_i/tangerineSOC_0/pgLutBackgroundColor[23]_i_6_n_0. Rewired (signal push) tangerineA7_100_i/tangerineSOC_0/pgLutBackgroundColor[23]_i_10_n_0 to 6 loads. Replicated 0 times.
INFO: [Physopt 32-232] Optimized 1 net. Created 0 new instance.
INFO: [Physopt 32-775] End 1 Pass. Optimized 1 net or cell. Created 0 new cell, deleted 0 existing cell and moved 0 existing cell
Netlist sorting complete. Time (s): cpu = 00:00:00 ; elapsed = 00:00:00.075 . Memory (MB): peak = 3776.652 ; gain = 0.000
INFO: [Physopt 32-619] Estimated Timing Summary | WNS=-7.231 | TNS=-7038.205 |
Netlist sorting complete. Time (s): cpu = 00:00:00 ; elapsed = 00:00:00.009 . Memory (MB): peak = 3776.652 ; gain = 0.000
Phase 11 Rewire | Checksum: 247708639

Time (s): cpu = 00:00:38 ; elapsed = 00:00:27 . Memory (MB): peak = 3776.652 ; gain = 0.000

Phase 12 Critical Cell Optimization
INFO: [Physopt 32-46] Identified 30 candidate nets for critical-cell optimization.
INFO: [Physopt 32-572] Net tangerineA7_100_i/tangerineSOC_0/pgLutBackgroundColor[23]_i_6_n_0_repN was not replicated.
Resolution: phys_opt_design can be forced to replicate a net driver using the option -force_replication_on_nets <list of net objects>.
INFO: [Physopt 32-572] Net tangerineA7_100_i/tangerineSOC_0/pgLutBackgroundColor[23]_i_8_n_0 was not replicated.
Resolution: phys_opt_design can be forced to replicate a net driver using the option -force_replication_on_nets <list of net objects>.
INFO: [Physopt 32-572] Net tangerineA7_100_i/tangerineSOC_0/inst/vgaInst/pgCursorX_reg_n_0_[5] was not replicated.
Resolution: phys_opt_design can be forced to replicate a net driver using the option -force_replication_on_nets <list of net objects>.
INFO: [Physopt 32-81] Processed net tangerineA7_100_i/tangerineSOC_0/inst/vgaInst/pgCursorX_reg_n_0_[6]. Replicated 1 times.
INFO: [Physopt 32-572] Net tangerineA7_100_i/tangerineSOC_0/pgLutBackgroundColor[23]_i_9_n_0 was not replicated.
Resolution: phys_opt_design can be forced to replicate a net driver using the option -force_replication_on_nets <list of net objects>.
INFO: [Physopt 32-572] Net tangerineA7_100_i/tangerineSOC_0/pgLutBackgroundColor[23]_i_6_n_0 was not replicated.
Resolution: phys_opt_design can be forced to replicate a net driver using the option -force_replication_on_nets <list of net objects>.
INFO: [Physopt 32-572] Net tangerineA7_100_i/tangerineSOC_0/pgLutLetterColor[4]_i_1_n_0 was not replicated.
Resolution: phys_opt_design can be forced to replicate a net driver using the option -force_replication_on_nets <list of net objects>.
INFO: [Physopt 32-601] Processed net tangerineA7_100_i/tangerineSOC_0/pgLutBackgroundColor[23]_i_11_n_0. Net driver tangerineA7_100_i/tangerineSOC_0/pgLutBackgroundColor[23]_i_11 was replaced.
INFO: [Physopt 32-572] Net tangerineA7_100_i/tangerineSOC_0/inst/vgaInst/pgCursorY_reg_n_0_[6] was not replicated.
Resolution: phys_opt_design can be forced to replicate a net driver using the option -force_replication_on_nets <list of net objects>.
INFO: [Physopt 32-572] Net tangerineA7_100_i/tangerineSOC_0/inst/vgaInst/pixelGenInst/p_0_in[0] was not replicated.
Resolution: phys_opt_design can be forced to replicate a net driver using the option -force_replication_on_nets <list of net objects>.
INFO: [Physopt 32-572] Net tangerineA7_100_i/tangerineSOC_0/pgLutLetterColor[20]_i_1_n_0 was not replicated.
Resolution: phys_opt_design can be forced to replicate a net driver using the option -force_replication_on_nets <list of net objects>.
INFO: [Physopt 32-572] Net tangerineA7_100_i/tangerineSOC_0/pgLutLetterColor[12]_i_1_n_0 was not replicated.
Resolution: phys_opt_design can be forced to replicate a net driver using the option -force_replication_on_nets <list of net objects>.
INFO: [Physopt 32-572] Net tangerineA7_100_i/tangerineSOC_0/inst/vgaInst/pixelGenInst/p_0_in[16] was not replicated.
Resolution: phys_opt_design can be forced to replicate a net driver using the option -force_replication_on_nets <list of net objects>.
INFO: [Physopt 32-572] Net tangerineA7_100_i/tangerineSOC_0/inst/vgaInst/pixelGenInst/p_0_in[8] was not replicated.
Resolution: phys_opt_design can be forced to replicate a net driver using the option -force_replication_on_nets <list of net objects>.
INFO: [Physopt 32-601] Processed net tangerineA7_100_i/tangerineSOC_0/pgLutBackgroundColor[23]_i_12_n_0. Net driver tangerineA7_100_i/tangerineSOC_0/pgLutBackgroundColor[23]_i_12 was replaced.
INFO: [Physopt 32-572] Net tangerineA7_100_i/tangerineSOC_0/inst/vgaInst/pgCursorY_reg_n_0_[5] was not replicated.
Resolution: phys_opt_design can be forced to replicate a net driver using the option -force_replication_on_nets <list of net objects>.
INFO: [Physopt 32-572] Net tangerineA7_100_i/tangerineSOC_0/inst/vgaInst/pgCursorX_reg_n_0_[7] was not replicated.
Resolution: phys_opt_design can be forced to replicate a net driver using the option -force_replication_on_nets <list of net objects>.
INFO: [Physopt 32-81] Processed net tangerineA7_100_i/tangerineSOC_0/inst/vgaInst/pgCursorY_reg_n_0_[7]. Replicated 1 times.
INFO: [Physopt 32-81] Processed net tangerineA7_100_i/tangerineSOC_0/inst/vgaInst/pgCursorY_reg_n_0_[1]. Replicated 1 times.
INFO: [Physopt 32-601] Processed net tangerineA7_100_i/tangerineSOC_0/pgLutBackgroundColor[23]_i_10_n_0. Net driver tangerineA7_100_i/tangerineSOC_0/pgLutBackgroundColor[23]_i_10 was replaced.
INFO: [Physopt 32-81] Processed net tangerineA7_100_i/tangerineSOC_0/inst/vgaInst/vmMode_reg_n_0_[5]. Replicated 1 times.
INFO: [Physopt 32-572] Net tangerineA7_100_i/tangerineSOC_0/FSM_onehot_pggState[36]_i_3_n_0 was not replicated.
Resolution: phys_opt_design can be forced to replicate a net driver using the option -force_replication_on_nets <list of net objects>.
INFO: [Physopt 32-572] Net tangerineA7_100_i/tangerineSOC_0/inst/vgaInst/vmMode_reg_n_0_[1] was not replicated.
Resolution: phys_opt_design can be forced to replicate a net driver using the option -force_replication_on_nets <list of net objects>.
INFO: [Physopt 32-81] Processed net tangerineA7_100_i/tangerineSOC_0/inst/vgaInst/pgCursorY_reg_n_0_[3]. Replicated 1 times.
INFO: [Physopt 32-572] Net tangerineA7_100_i/tangerineSOC_0/inst/vgaInst/vmMode_reg_n_0_[4] was not replicated.
Resolution: phys_opt_design can be forced to replicate a net driver using the option -force_replication_on_nets <list of net objects>.
INFO: [Physopt 32-572] Net tangerineA7_100_i/tangerineSOC_0/inst/vgaInst/vmMode_reg_n_0_[0] was not replicated.
Resolution: phys_opt_design can be forced to replicate a net driver using the option -force_replication_on_nets <list of net objects>.
INFO: [Physopt 32-81] Processed net tangerineA7_100_i/tangerineSOC_0/inst/vgaInst/pgCursorY_reg_n_0_[2]. Replicated 1 times.
INFO: [Physopt 32-572] Net tangerineA7_100_i/tangerineSOC_0/pgLutBackgroundColor[23]_i_13_n_0 was not replicated.
Resolution: phys_opt_design can be forced to replicate a net driver using the option -force_replication_on_nets <list of net objects>.
INFO: [Physopt 32-232] Optimized 9 nets. Created 6 new instances.
INFO: [Physopt 32-775] End 1 Pass. Optimized 9 nets or cells. Created 6 new cells, deleted 0 existing cell and moved 0 existing cell
INFO: [Physopt 32-619] Estimated Timing Summary | WNS=-7.231 | TNS=-7039.722 |
Netlist sorting complete. Time (s): cpu = 00:00:00 ; elapsed = 00:00:00.111 . Memory (MB): peak = 3776.652 ; gain = 0.000
Phase 12 Critical Cell Optimization | Checksum: 1f35e834e

Time (s): cpu = 00:00:43 ; elapsed = 00:00:31 . Memory (MB): peak = 3776.652 ; gain = 0.000

Phase 13 SLR Crossing Optimization
Phase 13 SLR Crossing Optimization | Checksum: 1f35e834e

Time (s): cpu = 00:00:43 ; elapsed = 00:00:31 . Memory (MB): peak = 3776.652 ; gain = 0.000

Phase 14 Fanout Optimization
INFO: [Physopt 32-76] Pass 1. Identified 1 candidate net for fanout optimization.
INFO: [Physopt 32-572] Net tangerineA7_100_i/tangerineSOC_0/FSM_onehot_pggState[36]_i_1_n_0 was not replicated.
Resolution: phys_opt_design can be forced to replicate a net driver using the option -force_replication_on_nets <list of net objects>.
INFO: [Physopt 32-232] Optimized 0 net. Created 0 new instance.
INFO: [Physopt 32-775] End 1 Pass. Optimized 0 net or cell. Created 0 new cell, deleted 0 existing cell and moved 0 existing cell
Netlist sorting complete. Time (s): cpu = 00:00:00 ; elapsed = 00:00:00.010 . Memory (MB): peak = 3776.652 ; gain = 0.000
Phase 14 Fanout Optimization | Checksum: 1f35e834e

Time (s): cpu = 00:00:44 ; elapsed = 00:00:31 . Memory (MB): peak = 3776.652 ; gain = 0.000

Phase 15 Single Cell Placement Optimization
INFO: [Physopt 32-660] Identified 175 candidate nets for placement-based optimization.
INFO: [Physopt 32-662] Processed net tangerineA7_100_i/tangerineSOC_0/pgLutBackgroundColor[23]_i_6_n_0_repN.  Did not re-place instance tangerineA7_100_i/tangerineSOC_0/pgLutBackgroundColor[23]_i_6_replica
INFO: [Physopt 32-662] Processed net tangerineA7_100_i/tangerineSOC_0/pgLutBackgroundColor[23]_i_8_n_0.  Did not re-place instance tangerineA7_100_i/tangerineSOC_0/pgLutBackgroundColor[23]_i_8
INFO: [Physopt 32-662] Processed net tangerineA7_100_i/tangerineSOC_0/inst/vgaInst/pgCursorX_reg_n_0_[5].  Did not re-place instance tangerineA7_100_i/tangerineSOC_0/inst/vgaInst/pgCursorX_reg[5]
INFO: [Physopt 32-662] Processed net tangerineA7_100_i/tangerineSOC_0/inst/vgaInst/pixelGenInst/p_0_in[13].  Did not re-place instance tangerineA7_100_i/tangerineSOC_0/pgLutBackgroundColor[13]_i_1
INFO: [Physopt 32-662] Processed net tangerineA7_100_i/tangerineSOC_0/inst/vgaInst/pixelGenInst/pgLutBackgroundColor[13].  Did not re-place instance tangerineA7_100_i/tangerineSOC_0/inst/vgaInst/pixelGenInst/pgLutBackgroundColor_reg[13]
INFO: [Physopt 32-662] Processed net tangerineA7_100_i/tangerineSOC_0/pgLutLetterColor[15]_i_1_n_0.  Did not re-place instance tangerineA7_100_i/tangerineSOC_0/pgLutLetterColor[15]_i_1
INFO: [Physopt 32-662] Processed net tangerineA7_100_i/tangerineSOC_0/inst/vgaInst/pixelGenInst/pgLutLetterColor[15].  Did not re-place instance tangerineA7_100_i/tangerineSOC_0/inst/vgaInst/pixelGenInst/pgLutLetterColor_reg[15]
INFO: [Physopt 32-663] Processed net tangerineA7_100_i/tangerineSOC_0/pgLutBackgroundColor[23]_i_6_n_0.  Re-placed instance tangerineA7_100_i/tangerineSOC_0/pgLutBackgroundColor[23]_i_6_rewire_rewire
INFO: [Physopt 32-662] Processed net tangerineA7_100_i/tangerineSOC_0/pgLutLetterColor[4]_i_1_n_0.  Did not re-place instance tangerineA7_100_i/tangerineSOC_0/pgLutLetterColor[4]_i_1_rewire_rewire
INFO: [Physopt 32-662] Processed net tangerineA7_100_i/tangerineSOC_0/pgLutBackgroundColor[23]_i_9_n_0.  Did not re-place instance tangerineA7_100_i/tangerineSOC_0/pgLutBackgroundColor[23]_i_9
INFO: [Physopt 32-662] Processed net tangerineA7_100_i/tangerineSOC_0/inst/vgaInst/pgCursorX_reg_n_0_[4]_repN.  Did not re-place instance tangerineA7_100_i/tangerineSOC_0/inst/vgaInst/pgCursorX_reg[4]_replica
INFO: [Physopt 32-662] Processed net tangerineA7_100_i/tangerineSOC_0/inst/vgaInst/pixelGenInst/pgLutLetterColor[4].  Did not re-place instance tangerineA7_100_i/tangerineSOC_0/inst/vgaInst/pixelGenInst/pgLutLetterColor_reg[4]
INFO: [Physopt 32-662] Processed net tangerineA7_100_i/tangerineSOC_0/inst/vgaInst/pixelGenInst/pgLutLetterColor[0].  Did not re-place instance tangerineA7_100_i/tangerineSOC_0/inst/vgaInst/pixelGenInst/pgLutLetterColor_reg[0]
INFO: [Physopt 32-662] Processed net tangerineA7_100_i/tangerineSOC_0/inst/vgaInst/pixelGenInst/pgLutLetterColor[2].  Did not re-place instance tangerineA7_100_i/tangerineSOC_0/inst/vgaInst/pixelGenInst/pgLutLetterColor_reg[2]
INFO: [Physopt 32-662] Processed net tangerineA7_100_i/tangerineSOC_0/inst/vgaInst/pixelGenInst/pgLutLetterColor[1].  Did not re-place instance tangerineA7_100_i/tangerineSOC_0/inst/vgaInst/pixelGenInst/pgLutLetterColor_reg[1]
INFO: [Physopt 32-662] Processed net tangerineA7_100_i/tangerineSOC_0/pgLutLetterColor[6]_i_1_n_0.  Did not re-place instance tangerineA7_100_i/tangerineSOC_0/pgLutLetterColor[6]_i_1
INFO: [Physopt 32-662] Processed net tangerineA7_100_i/tangerineSOC_0/inst/vgaInst/pixelGenInst/pgLutLetterColor[6].  Did not re-place instance tangerineA7_100_i/tangerineSOC_0/inst/vgaInst/pixelGenInst/pgLutLetterColor_reg[6]
INFO: [Physopt 32-663] Processed net tangerineA7_100_i/tangerineSOC_0/inst/vgaInst/pgCursorX_reg_n_0_[3]_repN.  Re-placed instance tangerineA7_100_i/tangerineSOC_0/inst/vgaInst/pgCursorX_reg[3]_replica
INFO: [Physopt 32-662] Processed net tangerineA7_100_i/tangerineSOC_0/inst/vgaInst/pixelGenInst/p_0_in[0].  Did not re-place instance tangerineA7_100_i/tangerineSOC_0/pgLutBackgroundColor[4]_i_1_rewire_rewire
INFO: [Physopt 32-663] Processed net tangerineA7_100_i/tangerineSOC_0/inst/vgaInst/pixelGenInst/pgLutBackgroundColor[1].  Re-placed instance tangerineA7_100_i/tangerineSOC_0/inst/vgaInst/pixelGenInst/pgLutBackgroundColor_reg[1]
INFO: [Physopt 32-662] Processed net tangerineA7_100_i/tangerineSOC_0/pgLutLetterColor[20]_i_1_n_0.  Did not re-place instance tangerineA7_100_i/tangerineSOC_0/pgLutLetterColor[20]_i_1_rewire_rewire
INFO: [Physopt 32-662] Processed net tangerineA7_100_i/tangerineSOC_0/inst/vgaInst/pixelGenInst/pgLutLetterColor[20].  Did not re-place instance tangerineA7_100_i/tangerineSOC_0/inst/vgaInst/pixelGenInst/pgLutLetterColor_reg[20]
INFO: [Physopt 32-662] Processed net tangerineA7_100_i/tangerineSOC_0/inst/vgaInst/pixelGenInst/p_0_in[5].  Did not re-place instance tangerineA7_100_i/tangerineSOC_0/pgLutBackgroundColor[5]_i_1
INFO: [Physopt 32-662] Processed net tangerineA7_100_i/tangerineSOC_0/inst/vgaInst/pixelGenInst/pgLutBackgroundColor[5].  Did not re-place instance tangerineA7_100_i/tangerineSOC_0/inst/vgaInst/pixelGenInst/pgLutBackgroundColor_reg[5]
INFO: [Physopt 32-662] Processed net tangerineA7_100_i/tangerineSOC_0/inst/vgaInst/pixelGenInst/pgLutBackgroundColor[2].  Did not re-place instance tangerineA7_100_i/tangerineSOC_0/inst/vgaInst/pixelGenInst/pgLutBackgroundColor_reg[2]
INFO: [Physopt 32-662] Processed net tangerineA7_100_i/tangerineSOC_0/inst/vgaInst/pixelGenInst/pgLutBackgroundColor[4].  Did not re-place instance tangerineA7_100_i/tangerineSOC_0/inst/vgaInst/pixelGenInst/pgLutBackgroundColor_reg[4]
INFO: [Physopt 32-662] Processed net tangerineA7_100_i/tangerineSOC_0/pgLutLetterColor[12]_i_1_n_0.  Did not re-place instance tangerineA7_100_i/tangerineSOC_0/pgLutLetterColor[12]_i_1_rewire_rewire
INFO: [Physopt 32-662] Processed net tangerineA7_100_i/tangerineSOC_0/inst/vgaInst/pixelGenInst/pgLutLetterColor[11].  Did not re-place instance tangerineA7_100_i/tangerineSOC_0/inst/vgaInst/pixelGenInst/pgLutLetterColor_reg[11]
INFO: [Physopt 32-662] Processed net tangerineA7_100_i/tangerineSOC_0/inst/vgaInst/pixelGenInst/pgLutLetterColor[9].  Did not re-place instance tangerineA7_100_i/tangerineSOC_0/inst/vgaInst/pixelGenInst/pgLutLetterColor_reg[9]
INFO: [Physopt 32-662] Processed net tangerineA7_100_i/tangerineSOC_0/inst/vgaInst/pixelGenInst/pgLutLetterColor[10].  Did not re-place instance tangerineA7_100_i/tangerineSOC_0/inst/vgaInst/pixelGenInst/pgLutLetterColor_reg[10]
INFO: [Physopt 32-662] Processed net tangerineA7_100_i/tangerineSOC_0/inst/vgaInst/pixelGenInst/pgLutLetterColor[12].  Did not re-place instance tangerineA7_100_i/tangerineSOC_0/inst/vgaInst/pixelGenInst/pgLutLetterColor_reg[12]
INFO: [Physopt 32-662] Processed net tangerineA7_100_i/tangerineSOC_0/inst/vgaInst/pixelGenInst/pgLutLetterColor[16].  Did not re-place instance tangerineA7_100_i/tangerineSOC_0/inst/vgaInst/pixelGenInst/pgLutLetterColor_reg[16]
INFO: [Physopt 32-662] Processed net tangerineA7_100_i/tangerineSOC_0/pgLutBackgroundColor[23]_i_12_n_0.  Did not re-place instance tangerineA7_100_i/tangerineSOC_0/pgLutBackgroundColor[23]_i_12
INFO: [Physopt 32-662] Processed net tangerineA7_100_i/tangerineSOC_0/inst/vgaInst/pgCursorY_reg_n_0_[5].  Did not re-place instance tangerineA7_100_i/tangerineSOC_0/inst/vgaInst/pgCursorY_reg[5]
INFO: [Physopt 32-662] Processed net tangerineA7_100_i/tangerineSOC_0/inst/vgaInst/pixelGenInst/p_0_in[16].  Did not re-place instance tangerineA7_100_i/tangerineSOC_0/pgLutBackgroundColor[20]_i_1_rewire_rewire
INFO: [Physopt 32-662] Processed net tangerineA7_100_i/tangerineSOC_0/inst/vgaInst/pixelGenInst/pgLutBackgroundColor[20].  Did not re-place instance tangerineA7_100_i/tangerineSOC_0/inst/vgaInst/pixelGenInst/pgLutBackgroundColor_reg[20]
INFO: [Physopt 32-662] Processed net tangerineA7_100_i/tangerineSOC_0/inst/vgaInst/pixelGenInst/pgLutBackgroundColor[19].  Did not re-place instance tangerineA7_100_i/tangerineSOC_0/inst/vgaInst/pixelGenInst/pgLutBackgroundColor_reg[19]
INFO: [Physopt 32-662] Processed net tangerineA7_100_i/tangerineSOC_0/inst/vgaInst/pixelGenInst/pgLutLetterColor[8].  Did not re-place instance tangerineA7_100_i/tangerineSOC_0/inst/vgaInst/pixelGenInst/pgLutLetterColor_reg[8]
INFO: [Physopt 32-662] Processed net tangerineA7_100_i/tangerineSOC_0/inst/vgaInst/pixelGenInst/p_0_in[8].  Did not re-place instance tangerineA7_100_i/tangerineSOC_0/pgLutBackgroundColor[12]_i_1_rewire_rewire
INFO: [Physopt 32-662] Processed net tangerineA7_100_i/tangerineSOC_0/inst/vgaInst/pixelGenInst/pgLutBackgroundColor[11].  Did not re-place instance tangerineA7_100_i/tangerineSOC_0/inst/vgaInst/pixelGenInst/pgLutBackgroundColor_reg[11]
INFO: [Physopt 32-662] Processed net tangerineA7_100_i/tangerineSOC_0/inst/vgaInst/pixelGenInst/pgLutBackgroundColor[9].  Did not re-place instance tangerineA7_100_i/tangerineSOC_0/inst/vgaInst/pixelGenInst/pgLutBackgroundColor_reg[9]
INFO: [Physopt 32-662] Processed net tangerineA7_100_i/tangerineSOC_0/inst/vgaInst/pixelGenInst/pgLutLetterColor[18].  Did not re-place instance tangerineA7_100_i/tangerineSOC_0/inst/vgaInst/pixelGenInst/pgLutLetterColor_reg[18]
INFO: [Physopt 32-662] Processed net tangerineA7_100_i/tangerineSOC_0/pgLutBackgroundColor[23]_i_11_n_0.  Did not re-place instance tangerineA7_100_i/tangerineSOC_0/pgLutBackgroundColor[23]_i_11
INFO: [Physopt 32-662] Processed net tangerineA7_100_i/tangerineSOC_0/inst/vgaInst/pgCursorY_reg_n_0_[6].  Did not re-place instance tangerineA7_100_i/tangerineSOC_0/inst/vgaInst/pgCursorY_reg[6]
INFO: [Physopt 32-662] Processed net tangerineA7_100_i/tangerineSOC_0/pgLutLetterColor[7]_i_1_n_0.  Did not re-place instance tangerineA7_100_i/tangerineSOC_0/pgLutLetterColor[7]_i_1
INFO: [Physopt 32-662] Processed net tangerineA7_100_i/tangerineSOC_0/inst/vgaInst/pixelGenInst/pgLutLetterColor[7].  Did not re-place instance tangerineA7_100_i/tangerineSOC_0/inst/vgaInst/pixelGenInst/pgLutLetterColor_reg[7]
INFO: [Physopt 32-662] Processed net tangerineA7_100_i/tangerineSOC_0/pgLutLetterColor[14]_i_1_n_0.  Did not re-place instance tangerineA7_100_i/tangerineSOC_0/pgLutLetterColor[14]_i_1
INFO: [Physopt 32-662] Processed net tangerineA7_100_i/tangerineSOC_0/inst/vgaInst/pixelGenInst/pgLutLetterColor[14].  Did not re-place instance tangerineA7_100_i/tangerineSOC_0/inst/vgaInst/pixelGenInst/pgLutLetterColor_reg[14]
INFO: [Physopt 32-662] Processed net tangerineA7_100_i/tangerineSOC_0/pgLutLetterColor[22]_i_1_n_0.  Did not re-place instance tangerineA7_100_i/tangerineSOC_0/pgLutLetterColor[22]_i_1
INFO: [Physopt 32-662] Processed net tangerineA7_100_i/tangerineSOC_0/inst/vgaInst/pixelGenInst/pgLutLetterColor[22].  Did not re-place instance tangerineA7_100_i/tangerineSOC_0/inst/vgaInst/pixelGenInst/pgLutLetterColor_reg[22]
INFO: [Physopt 32-662] Processed net tangerineA7_100_i/tangerineSOC_0/pgLutLetterColor[23]_i_1_n_0.  Did not re-place instance tangerineA7_100_i/tangerineSOC_0/pgLutLetterColor[23]_i_1
INFO: [Physopt 32-662] Processed net tangerineA7_100_i/tangerineSOC_0/inst/vgaInst/pixelGenInst/pgLutLetterColor[23].  Did not re-place instance tangerineA7_100_i/tangerineSOC_0/inst/vgaInst/pixelGenInst/pgLutLetterColor_reg[23]
INFO: [Physopt 32-662] Processed net tangerineA7_100_i/tangerineSOC_0/inst/vgaInst/pixelGenInst/pgLutBackgroundColor[0].  Did not re-place instance tangerineA7_100_i/tangerineSOC_0/inst/vgaInst/pixelGenInst/pgLutBackgroundColor_reg[0]
INFO: [Physopt 32-662] Processed net tangerineA7_100_i/tangerineSOC_0/inst/vgaInst/pgCursorX_reg_n_0_[6]_repN.  Did not re-place instance tangerineA7_100_i/tangerineSOC_0/inst/vgaInst/pgCursorX_reg[6]_replica
INFO: [Physopt 32-662] Processed net tangerineA7_100_i/tangerineSOC_0/pgLutBackgroundColor[23]_i_10_n_0_repN.  Did not re-place instance tangerineA7_100_i/tangerineSOC_0/pgLutBackgroundColor[23]_i_10_replica
INFO: [Physopt 32-662] Processed net tangerineA7_100_i/tangerineSOC_0/inst/vgaInst/pixelGenInst/pgLutBackgroundColor[10].  Did not re-place instance tangerineA7_100_i/tangerineSOC_0/inst/vgaInst/pixelGenInst/pgLutBackgroundColor_reg[10]
INFO: [Physopt 32-662] Processed net tangerineA7_100_i/tangerineSOC_0/inst/vgaInst/pixelGenInst/pgLutBackgroundColor[18].  Did not re-place instance tangerineA7_100_i/tangerineSOC_0/inst/vgaInst/pixelGenInst/pgLutBackgroundColor_reg[18]
INFO: [Physopt 32-662] Processed net tangerineA7_100_i/tangerineSOC_0/inst/vgaInst/pixelGenInst/pgLutLetterColor[19].  Did not re-place instance tangerineA7_100_i/tangerineSOC_0/inst/vgaInst/pixelGenInst/pgLutLetterColor_reg[19]
INFO: [Physopt 32-662] Processed net tangerineA7_100_i/tangerineSOC_0/inst/vgaInst/pixelGenInst/pgLutBackgroundColor[16].  Did not re-place instance tangerineA7_100_i/tangerineSOC_0/inst/vgaInst/pixelGenInst/pgLutBackgroundColor_reg[16]
INFO: [Physopt 32-662] Processed net tangerineA7_100_i/tangerineSOC_0/inst/vgaInst/pixelGenInst/pgLutBackgroundColor[8].  Did not re-place instance tangerineA7_100_i/tangerineSOC_0/inst/vgaInst/pixelGenInst/pgLutBackgroundColor_reg[8]
INFO: [Physopt 32-662] Processed net tangerineA7_100_i/tangerineSOC_0/inst/vgaInst/pgVideoMode[1].  Did not re-place instance tangerineA7_100_i/tangerineSOC_0/inst/vgaInst/vmMode_reg[3]
INFO: [Physopt 32-662] Processed net tangerineA7_100_i/tangerineSOC_0/pgLetterY[7]_i_2_n_0.  Did not re-place instance tangerineA7_100_i/tangerineSOC_0/pgLetterY[7]_i_2
INFO: [Physopt 32-662] Processed net tangerineA7_100_i/tangerineSOC_0/pgLetterY[7]_i_1_n_0.  Did not re-place instance tangerineA7_100_i/tangerineSOC_0/pgLetterY[7]_i_1
INFO: [Physopt 32-662] Processed net tangerineA7_100_i/tangerineSOC_0/pgLetterY[7]_i_6_n_0.  Did not re-place instance tangerineA7_100_i/tangerineSOC_0/pgLetterY[7]_i_6
INFO: [Physopt 32-662] Processed net tangerineA7_100_i/tangerineSOC_0/inst/vgaInst/pixelGenInst/pgLetterY[1].  Did not re-place instance tangerineA7_100_i/tangerineSOC_0/inst/vgaInst/pixelGenInst/pgLetterY_reg[1]
INFO: [Physopt 32-662] Processed net tangerineA7_100_i/tangerineSOC_0/inst/vgaInst/pixelGenInst/pgLetterY[2].  Did not re-place instance tangerineA7_100_i/tangerineSOC_0/inst/vgaInst/pixelGenInst/pgLetterY_reg[2]
INFO: [Physopt 32-662] Processed net tangerineA7_100_i/tangerineSOC_0/inst/vgaInst/pixelGenInst/pgLetterY[3].  Did not re-place instance tangerineA7_100_i/tangerineSOC_0/inst/vgaInst/pixelGenInst/pgLetterY_reg[3]
INFO: [Physopt 32-662] Processed net tangerineA7_100_i/tangerineSOC_0/inst/vgaInst/pixelGenInst/pgLetterY[4].  Did not re-place instance tangerineA7_100_i/tangerineSOC_0/inst/vgaInst/pixelGenInst/pgLetterY_reg[4]
INFO: [Physopt 32-662] Processed net tangerineA7_100_i/tangerineSOC_0/inst/vgaInst/pixelGenInst/pgLetterY[5].  Did not re-place instance tangerineA7_100_i/tangerineSOC_0/inst/vgaInst/pixelGenInst/pgLetterY_reg[5]
INFO: [Physopt 32-662] Processed net tangerineA7_100_i/tangerineSOC_0/inst/vgaInst/pixelGenInst/pgLetterY[7].  Did not re-place instance tangerineA7_100_i/tangerineSOC_0/inst/vgaInst/pixelGenInst/pgLetterY_reg[7]
INFO: [Physopt 32-662] Processed net tangerineA7_100_i/tangerineSOC_0/inst/vgaInst/pgCursorX_reg_n_0_[0]_repN.  Did not re-place instance tangerineA7_100_i/tangerineSOC_0/inst/vgaInst/pgCursorX_reg[0]_replica
INFO: [Physopt 32-662] Processed net tangerineA7_100_i/tangerineSOC_0/pgLutLetterColor[13]_i_1_n_0.  Did not re-place instance tangerineA7_100_i/tangerineSOC_0/pgLutLetterColor[13]_i_1
INFO: [Physopt 32-662] Processed net tangerineA7_100_i/tangerineSOC_0/inst/vgaInst/pixelGenInst/pgLutLetterColor[13].  Did not re-place instance tangerineA7_100_i/tangerineSOC_0/inst/vgaInst/pixelGenInst/pgLutLetterColor_reg[13]
INFO: [Physopt 32-662] Processed net tangerineA7_100_i/tangerineSOC_0/inst/vgaInst/pgCursorX_reg_n_0_[7].  Did not re-place instance tangerineA7_100_i/tangerineSOC_0/inst/vgaInst/pgCursorX_reg[7]
INFO: [Physopt 32-662] Processed net tangerineA7_100_i/tangerineSOC_0/inst/vgaInst/pixelGenInst/p_0_in[21].  Did not re-place instance tangerineA7_100_i/tangerineSOC_0/pgLutBackgroundColor[21]_i_1
INFO: [Physopt 32-662] Processed net tangerineA7_100_i/tangerineSOC_0/inst/vgaInst/pixelGenInst/pgLutBackgroundColor[21].  Did not re-place instance tangerineA7_100_i/tangerineSOC_0/inst/vgaInst/pixelGenInst/pgLutBackgroundColor_reg[21]
INFO: [Physopt 32-662] Processed net tangerineA7_100_i/tangerineSOC_0/inst/vgaInst/pgCursorX_reg_n_0_[1].  Did not re-place instance tangerineA7_100_i/tangerineSOC_0/inst/vgaInst/pgCursorX_reg[1]
INFO: [Physopt 32-663] Processed net tangerineA7_100_i/tangerineSOC_0/inst/vgaInst/pgCursorX_reg_n_0_[2]_repN.  Re-placed instance tangerineA7_100_i/tangerineSOC_0/inst/vgaInst/pgCursorX_reg[2]_replica
INFO: [Physopt 32-662] Processed net tangerineA7_100_i/tangerineSOC_0/inst/vgaInst/pgCursorY_reg_n_0_[3]_repN.  Did not re-place instance tangerineA7_100_i/tangerineSOC_0/inst/vgaInst/pgCursorY_reg[3]_replica
INFO: [Physopt 32-662] Processed net tangerineA7_100_i/tangerineSOC_0/inst/vgaInst/pgCursorY_reg_n_0_[7]_repN.  Did not re-place instance tangerineA7_100_i/tangerineSOC_0/inst/vgaInst/pgCursorY_reg[7]_replica
INFO: [Physopt 32-662] Processed net tangerineA7_100_i/tangerineSOC_0/inst/vgaInst/pixelGenInst/p_0_in[14].  Did not re-place instance tangerineA7_100_i/tangerineSOC_0/pgLutBackgroundColor[14]_i_1
INFO: [Physopt 32-662] Processed net tangerineA7_100_i/tangerineSOC_0/inst/vgaInst/pixelGenInst/pgLutBackgroundColor[14].  Did not re-place instance tangerineA7_100_i/tangerineSOC_0/inst/vgaInst/pixelGenInst/pgLutBackgroundColor_reg[14]
INFO: [Physopt 32-662] Processed net tangerineA7_100_i/tangerineSOC_0/pgLutBackgroundColor[23]_i_13_n_0.  Did not re-place instance tangerineA7_100_i/tangerineSOC_0/pgLutBackgroundColor[23]_i_13
INFO: [Physopt 32-662] Processed net tangerineA7_100_i/tangerineSOC_0/inst/vgaInst/pgCursorY_reg_n_0_[0].  Did not re-place instance tangerineA7_100_i/tangerineSOC_0/inst/vgaInst/pgCursorY_reg[0]
INFO: [Physopt 32-662] Processed net tangerineA7_100_i/tangerineSOC_0/pgLutBackgroundColor[23]_i_10_n_0.  Did not re-place instance tangerineA7_100_i/tangerineSOC_0/pgLutBackgroundColor[23]_i_10
INFO: [Physopt 32-662] Processed net tangerineA7_100_i/tangerineSOC_0/inst/vgaInst/pixelGenInst/p_0_in[22].  Did not re-place instance tangerineA7_100_i/tangerineSOC_0/pgLutBackgroundColor[22]_i_1
INFO: [Physopt 32-662] Processed net tangerineA7_100_i/tangerineSOC_0/pgLutLetterColor[21]_i_1_n_0.  Did not re-place instance tangerineA7_100_i/tangerineSOC_0/pgLutLetterColor[21]_i_1
INFO: [Physopt 32-662] Processed net tangerineA7_100_i/tangerineSOC_0/inst/vgaInst/pixelGenInst/pgLutBackgroundColor[22].  Did not re-place instance tangerineA7_100_i/tangerineSOC_0/inst/vgaInst/pixelGenInst/pgLutBackgroundColor_reg[22]
INFO: [Physopt 32-662] Processed net tangerineA7_100_i/tangerineSOC_0/inst/vgaInst/pixelGenInst/pgLutLetterColor[21].  Did not re-place instance tangerineA7_100_i/tangerineSOC_0/inst/vgaInst/pixelGenInst/pgLutLetterColor_reg[21]
INFO: [Physopt 32-662] Processed net tangerineA7_100_i/tangerineSOC_0/inst/vgaInst/pixelGenInst/p_0_in[23].  Did not re-place instance tangerineA7_100_i/tangerineSOC_0/pgLutBackgroundColor[23]_i_1
INFO: [Physopt 32-662] Processed net tangerineA7_100_i/tangerineSOC_0/inst/vgaInst/pixelGenInst/pgLutBackgroundColor[23].  Did not re-place instance tangerineA7_100_i/tangerineSOC_0/inst/vgaInst/pixelGenInst/pgLutBackgroundColor_reg[23]
INFO: [Physopt 32-662] Processed net tangerineA7_100_i/tangerineSOC_0/inst/vgaInst/pixelGenInst/p_0_in[7].  Did not re-place instance tangerineA7_100_i/tangerineSOC_0/pgLutBackgroundColor[7]_i_1
INFO: [Physopt 32-662] Processed net tangerineA7_100_i/tangerineSOC_0/inst/vgaInst/pixelGenInst/pgLutBackgroundColor[7].  Did not re-place instance tangerineA7_100_i/tangerineSOC_0/inst/vgaInst/pixelGenInst/pgLutBackgroundColor_reg[7]
INFO: [Physopt 32-662] Processed net tangerineA7_100_i/tangerineSOC_0/pgLutLetterColor[5]_i_1_n_0.  Did not re-place instance tangerineA7_100_i/tangerineSOC_0/pgLutLetterColor[5]_i_1
INFO: [Physopt 32-662] Processed net tangerineA7_100_i/tangerineSOC_0/inst/vgaInst/pixelGenInst/pgLutLetterColor[5].  Did not re-place instance tangerineA7_100_i/tangerineSOC_0/inst/vgaInst/pixelGenInst/pgLutLetterColor_reg[5]
INFO: [Physopt 32-662] Processed net tangerineA7_100_i/tangerineSOC_0/inst/vgaInst/pgCursorY_reg_n_0_[4].  Did not re-place instance tangerineA7_100_i/tangerineSOC_0/inst/vgaInst/pgCursorY_reg[4]
INFO: [Physopt 32-662] Processed net tangerineA7_100_i/tangerineSOC_0/FSM_onehot_pggState[36]_i_1_n_0.  Did not re-place instance tangerineA7_100_i/tangerineSOC_0/FSM_onehot_pggState[36]_i_1
INFO: [Physopt 32-662] Processed net tangerineA7_100_i/tangerineSOC_0/inst/vgaInst/vmMode_reg_n_0_[5]_repN.  Did not re-place instance tangerineA7_100_i/tangerineSOC_0/inst/vgaInst/vmMode_reg[5]_replica
INFO: [Physopt 32-662] Processed net tangerineA7_100_i/tangerineSOC_0/FSM_onehot_pggState[36]_i_3_n_0.  Did not re-place instance tangerineA7_100_i/tangerineSOC_0/FSM_onehot_pggState[36]_i_3
INFO: [Physopt 32-662] Processed net tangerineA7_100_i/tangerineSOC_0/inst/vgaInst/pixelGenGfxInst/FSM_onehot_pggState_reg_n_0_[15].  Did not re-place instance tangerineA7_100_i/tangerineSOC_0/inst/vgaInst/pixelGenGfxInst/FSM_onehot_pggState_reg[15]
INFO: [Physopt 32-662] Processed net tangerineA7_100_i/tangerineSOC_0/inst/vgaInst/pixelGenInst/pgLutLetterColor[3].  Did not re-place instance tangerineA7_100_i/tangerineSOC_0/inst/vgaInst/pixelGenInst/pgLutLetterColor_reg[3]
INFO: [Physopt 32-662] Processed net tangerineA7_100_i/tangerineSOC_0/inst/vgaInst/pixelGenInst/pgLutLetterColor[17].  Did not re-place instance tangerineA7_100_i/tangerineSOC_0/inst/vgaInst/pixelGenInst/pgLutLetterColor_reg[17]
INFO: [Physopt 32-662] Processed net tangerineA7_100_i/tangerineSOC_0/inst/vgaInst/vmMode_reg_n_0_[1].  Did not re-place instance tangerineA7_100_i/tangerineSOC_0/inst/vgaInst/vmMode_reg[1]
INFO: [Physopt 32-662] Processed net tangerineA7_100_i/tangerineSOC_0/FSM_onehot_pggState[36]_i_8_n_0.  Did not re-place instance tangerineA7_100_i/tangerineSOC_0/FSM_onehot_pggState[36]_i_8
INFO: [Physopt 32-662] Processed net tangerineA7_100_i/tangerineSOC_0/inst/vgaInst/pixelGenInst/pgLutBackgroundColor[12].  Did not re-place instance tangerineA7_100_i/tangerineSOC_0/inst/vgaInst/pixelGenInst/pgLutBackgroundColor_reg[12]
INFO: [Physopt 32-662] Processed net tangerineA7_100_i/tangerineSOC_0/inst/vgaInst/pixelGenInst/pgLutBackgroundColor[17].  Did not re-place instance tangerineA7_100_i/tangerineSOC_0/inst/vgaInst/pixelGenInst/pgLutBackgroundColor_reg[17]
INFO: [Physopt 32-662] Processed net tangerineA7_100_i/tangerineSOC_0/inst/vgaInst/pgCursorY_reg_n_0_[1]_repN.  Did not re-place instance tangerineA7_100_i/tangerineSOC_0/inst/vgaInst/pgCursorY_reg[1]_replica
INFO: [Physopt 32-662] Processed net tangerineA7_100_i/tangerineSOC_0/inst/vgaInst/pixelGenInst/pgLutBackgroundColor[3].  Did not re-place instance tangerineA7_100_i/tangerineSOC_0/inst/vgaInst/pixelGenInst/pgLutBackgroundColor_reg[3]
INFO: [Physopt 32-662] Processed net tangerineA7_100_i/tangerineSOC_0/inst/vgaInst/pixelGenInst/p_0_in[6].  Did not re-place instance tangerineA7_100_i/tangerineSOC_0/pgLutBackgroundColor[6]_i_1
INFO: [Physopt 32-662] Processed net tangerineA7_100_i/tangerineSOC_0/inst/vgaInst/pixelGenInst/pgLutBackgroundColor[6].  Did not re-place instance tangerineA7_100_i/tangerineSOC_0/inst/vgaInst/pixelGenInst/pgLutBackgroundColor_reg[6]
INFO: [Physopt 32-662] Processed net tangerineA7_100_i/tangerineSOC_0/inst/vgaInst/pixelGenInst/p_0_in[15].  Did not re-place instance tangerineA7_100_i/tangerineSOC_0/pgLutBackgroundColor[15]_i_1
INFO: [Physopt 32-662] Processed net tangerineA7_100_i/tangerineSOC_0/inst/vgaInst/pixelGenInst/pgLutBackgroundColor[15].  Did not re-place instance tangerineA7_100_i/tangerineSOC_0/inst/vgaInst/pixelGenInst/pgLutBackgroundColor_reg[15]
INFO: [Physopt 32-662] Processed net tangerineA7_100_i/tangerineSOC_0/inst/vgaInst/vmMode_reg_n_0_[4].  Did not re-place instance tangerineA7_100_i/tangerineSOC_0/inst/vgaInst/vmMode_reg[4]
INFO: [Physopt 32-662] Processed net tangerineA7_100_i/tangerineSOC_0/inst/vgaInst/vmMode_reg_n_0_[0].  Did not re-place instance tangerineA7_100_i/tangerineSOC_0/inst/vgaInst/vmMode_reg[0]
INFO: [Physopt 32-662] Processed net tangerineA7_100_i/tangerineSOC_0/inst/vgaInst/pixelGenGfxInst/FSM_onehot_pggState_reg_n_0_[16].  Did not re-place instance tangerineA7_100_i/tangerineSOC_0/inst/vgaInst/pixelGenGfxInst/FSM_onehot_pggState_reg[16]
INFO: [Physopt 32-662] Processed net tangerineA7_100_i/tangerineSOC_0/inst/vgaInst/pixelGenGfxInst/FSM_onehot_pggState_reg_n_0_[2].  Did not re-place instance tangerineA7_100_i/tangerineSOC_0/inst/vgaInst/pixelGenGfxInst/FSM_onehot_pggState_reg[2]
INFO: [Physopt 32-662] Processed net tangerineA7_100_i/tangerineSOC_0/inst/vgaInst/pixelGenGfxInst/FSM_onehot_pggState_reg_n_0_[24].  Did not re-place instance tangerineA7_100_i/tangerineSOC_0/inst/vgaInst/pixelGenGfxInst/FSM_onehot_pggState_reg[24]
INFO: [Physopt 32-662] Processed net tangerineA7_100_i/tangerineSOC_0/inst/vgaInst/pixelGenGfxInst/FSM_onehot_pggState_reg_n_0_[28].  Did not re-place instance tangerineA7_100_i/tangerineSOC_0/inst/vgaInst/pixelGenGfxInst/FSM_onehot_pggState_reg[28]
INFO: [Physopt 32-662] Processed net tangerineA7_100_i/tangerineSOC_0/inst/vgaInst/pixelGenGfxInst/FSM_onehot_pggState_reg_n_0_[34].  Did not re-place instance tangerineA7_100_i/tangerineSOC_0/inst/vgaInst/pixelGenGfxInst/FSM_onehot_pggState_reg[34]
INFO: [Physopt 32-662] Processed net tangerineA7_100_i/tangerineSOC_0/FSM_onehot_pggState[36]_i_12_n_0.  Did not re-place instance tangerineA7_100_i/tangerineSOC_0/FSM_onehot_pggState[36]_i_12
INFO: [Physopt 32-662] Processed net tangerineA7_100_i/tangerineSOC_0/FSM_onehot_pggState[36]_i_7_n_0.  Did not re-place instance tangerineA7_100_i/tangerineSOC_0/FSM_onehot_pggState[36]_i_7
INFO: [Physopt 32-662] Processed net tangerineA7_100_i/tangerineSOC_0/inst/vgaInst/pixelGenGfxInst/FSM_onehot_pggState_reg_n_0_[9].  Did not re-place instance tangerineA7_100_i/tangerineSOC_0/inst/vgaInst/pixelGenGfxInst/FSM_onehot_pggState_reg[9]
INFO: [Physopt 32-662] Processed net tangerineA7_100_i/tangerineSOC_0/inst/vgaInst/pixelGenGfxInst/FSM_onehot_pggState_reg_n_0_[1].  Did not re-place instance tangerineA7_100_i/tangerineSOC_0/inst/vgaInst/pixelGenGfxInst/FSM_onehot_pggState_reg[1]
INFO: [Physopt 32-662] Processed net tangerineA7_100_i/tangerineSOC_0/inst/vgaInst/pixelGenGfxInst/FSM_onehot_pggState_reg_n_0_[13].  Did not re-place instance tangerineA7_100_i/tangerineSOC_0/inst/vgaInst/pixelGenGfxInst/FSM_onehot_pggState_reg[13]
INFO: [Physopt 32-662] Processed net tangerineA7_100_i/tangerineSOC_0/inst/vgaInst/pixelGenGfxInst/FSM_onehot_pggState_reg_n_0_[14].  Did not re-place instance tangerineA7_100_i/tangerineSOC_0/inst/vgaInst/pixelGenGfxInst/FSM_onehot_pggState_reg[14]
INFO: [Physopt 32-662] Processed net tangerineA7_100_i/tangerineSOC_0/inst/vgaInst/pixelGenGfxInst/FSM_onehot_pggState_reg_n_0_[4].  Did not re-place instance tangerineA7_100_i/tangerineSOC_0/inst/vgaInst/pixelGenGfxInst/FSM_onehot_pggState_reg[4]
INFO: [Physopt 32-662] Processed net tangerineA7_100_i/tangerineSOC_0/inst/vgaInst/pixelGenGfxInst/FSM_onehot_pggState_reg_n_0_[23].  Did not re-place instance tangerineA7_100_i/tangerineSOC_0/inst/vgaInst/pixelGenGfxInst/FSM_onehot_pggState_reg[23]
INFO: [Physopt 32-662] Processed net tangerineA7_100_i/tangerineSOC_0/inst/vgaInst/pixelGenGfxInst/FSM_onehot_pggState_reg_n_0_[36].  Did not re-place instance tangerineA7_100_i/tangerineSOC_0/inst/vgaInst/pixelGenGfxInst/FSM_onehot_pggState_reg[36]
INFO: [Physopt 32-662] Processed net tangerineA7_100_i/tangerineSOC_0/inst/vgaInst/pixelGenGfxInst/FSM_onehot_pggState_reg_n_0_[20].  Did not re-place instance tangerineA7_100_i/tangerineSOC_0/inst/vgaInst/pixelGenGfxInst/FSM_onehot_pggState_reg[20]
INFO: [Physopt 32-662] Processed net tangerineA7_100_i/tangerineSOC_0/inst/vgaInst/pgCursorY_reg_n_0_[2]_repN.  Did not re-place instance tangerineA7_100_i/tangerineSOC_0/inst/vgaInst/pgCursorY_reg[2]_replica
INFO: [Physopt 32-662] Processed net tangerineA7_100_i/tangerineSOC_0/inst/vgaInst/pixelGenGfxInst/FSM_onehot_pggState_reg_n_0_[30].  Did not re-place instance tangerineA7_100_i/tangerineSOC_0/inst/vgaInst/pixelGenGfxInst/FSM_onehot_pggState_reg[30]
INFO: [Physopt 32-662] Processed net tangerineA7_100_i/tangerineSOC_0/inst/vgaInst/pixelGenGfxInst/FSM_onehot_pggState_reg_n_0_[21].  Did not re-place instance tangerineA7_100_i/tangerineSOC_0/inst/vgaInst/pixelGenGfxInst/FSM_onehot_pggState_reg[21]
INFO: [Physopt 32-662] Processed net tangerineA7_100_i/tangerineSOC_0/inst/vgaInst/pixelGenGfxInst/FSM_onehot_pggState_reg_n_0_[22].  Did not re-place instance tangerineA7_100_i/tangerineSOC_0/inst/vgaInst/pixelGenGfxInst/FSM_onehot_pggState_reg[22]
INFO: [Physopt 32-662] Processed net tangerineA7_100_i/tangerineSOC_0/inst/vgaInst/pixelGenGfxInst/FSM_onehot_pggState_reg_n_0_[17].  Did not re-place instance tangerineA7_100_i/tangerineSOC_0/inst/vgaInst/pixelGenGfxInst/FSM_onehot_pggState_reg[17]
INFO: [Physopt 32-662] Processed net tangerineA7_100_i/tangerineSOC_0/inst/vgaInst/pixelGenGfxInst/FSM_onehot_pggState_reg_n_0_[3].  Did not re-place instance tangerineA7_100_i/tangerineSOC_0/inst/vgaInst/pixelGenGfxInst/FSM_onehot_pggState_reg[3]
INFO: [Physopt 32-662] Processed net tangerineA7_100_i/tangerineSOC_0/inst/vgaInst/pixelGenGfxInst/FSM_onehot_pggState_reg_n_0_[10].  Did not re-place instance tangerineA7_100_i/tangerineSOC_0/inst/vgaInst/pixelGenGfxInst/FSM_onehot_pggState_reg[10]
INFO: [Physopt 32-662] Processed net tangerineA7_100_i/tangerineSOC_0/inst/vgaInst/pixelGenGfxInst/FSM_onehot_pggState_reg_n_0_[32].  Did not re-place instance tangerineA7_100_i/tangerineSOC_0/inst/vgaInst/pixelGenGfxInst/FSM_onehot_pggState_reg[32]
INFO: [Physopt 32-662] Processed net tangerineA7_100_i/tangerineSOC_0/inst/vgaInst/pixelGenGfxInst/FSM_onehot_pggState_reg_n_0_[8].  Did not re-place instance tangerineA7_100_i/tangerineSOC_0/inst/vgaInst/pixelGenGfxInst/FSM_onehot_pggState_reg[8]
INFO: [Physopt 32-662] Processed net tangerineA7_100_i/tangerineSOC_0/inst/vgaInst/pixelGenGfxInst/FSM_onehot_pggState_reg_n_0_[11].  Did not re-place instance tangerineA7_100_i/tangerineSOC_0/inst/vgaInst/pixelGenGfxInst/FSM_onehot_pggState_reg[11]
INFO: [Physopt 32-662] Processed net tangerineA7_100_i/tangerineSOC_0/inst/vgaInst/pixelGenGfxInst/FSM_onehot_pggState_reg_n_0_[0].  Did not re-place instance tangerineA7_100_i/tangerineSOC_0/inst/vgaInst/pixelGenGfxInst/FSM_onehot_pggState_reg[0]
INFO: [Physopt 32-662] Processed net tangerineA7_100_i/tangerineSOC_0/inst/vgaInst/pixelGenGfxInst/FSM_onehot_pggState_reg_n_0_[25].  Did not re-place instance tangerineA7_100_i/tangerineSOC_0/inst/vgaInst/pixelGenGfxInst/FSM_onehot_pggState_reg[25]
INFO: [Physopt 32-662] Processed net tangerineA7_100_i/tangerineSOC_0/inst/vgaInst/pixelGenGfxInst/FSM_onehot_pggState_reg_n_0_[31].  Did not re-place instance tangerineA7_100_i/tangerineSOC_0/inst/vgaInst/pixelGenGfxInst/FSM_onehot_pggState_reg[31]
INFO: [Physopt 32-662] Processed net tangerineA7_100_i/tangerineSOC_0/inst/vgaInst/pixelGenGfxInst/FSM_onehot_pggState_reg_n_0_[6].  Did not re-place instance tangerineA7_100_i/tangerineSOC_0/inst/vgaInst/pixelGenGfxInst/FSM_onehot_pggState_reg[6]
INFO: [Physopt 32-662] Processed net tangerineA7_100_i/tangerineSOC_0/inst/vgaInst/pixelGenGfxInst/FSM_onehot_pggState_reg_n_0_[19].  Did not re-place instance tangerineA7_100_i/tangerineSOC_0/inst/vgaInst/pixelGenGfxInst/FSM_onehot_pggState_reg[19]
INFO: [Physopt 32-662] Processed net tangerineA7_100_i/tangerineSOC_0/inst/vgaInst/pixelGenGfxInst/FSM_onehot_pggState_reg_n_0_[7].  Did not re-place instance tangerineA7_100_i/tangerineSOC_0/inst/vgaInst/pixelGenGfxInst/FSM_onehot_pggState_reg[7]
INFO: [Physopt 32-662] Processed net tangerineA7_100_i/tangerineSOC_0/inst/vgaInst/pixelGenGfxInst/FSM_onehot_pggState_reg_n_0_[5].  Did not re-place instance tangerineA7_100_i/tangerineSOC_0/inst/vgaInst/pixelGenGfxInst/FSM_onehot_pggState_reg[5]
INFO: [Physopt 32-662] Processed net tangerineA7_100_i/tangerineSOC_0/inst/vgaInst/pixelGenGfxInst/FSM_onehot_pggState_reg_n_0_[26].  Did not re-place instance tangerineA7_100_i/tangerineSOC_0/inst/vgaInst/pixelGenGfxInst/FSM_onehot_pggState_reg[26]
INFO: [Physopt 32-662] Processed net tangerineA7_100_i/tangerineSOC_0/inst/vgaInst/pixelGenGfxInst/FSM_onehot_pggState_reg_n_0_[35].  Did not re-place instance tangerineA7_100_i/tangerineSOC_0/inst/vgaInst/pixelGenGfxInst/FSM_onehot_pggState_reg[35]
INFO: [Physopt 32-662] Processed net tangerineA7_100_i/tangerineSOC_0/inst/vgaInst/pixelGenGfxInst/FSM_onehot_pggState_reg_n_0_[12].  Did not re-place instance tangerineA7_100_i/tangerineSOC_0/inst/vgaInst/pixelGenGfxInst/FSM_onehot_pggState_reg[12]
INFO: [Physopt 32-662] Processed net tangerineA7_100_i/tangerineSOC_0/inst/vgaInst/pixelGenGfxInst/FSM_onehot_pggState_reg_n_0_[18].  Did not re-place instance tangerineA7_100_i/tangerineSOC_0/inst/vgaInst/pixelGenGfxInst/FSM_onehot_pggState_reg[18]
INFO: [Physopt 32-662] Processed net tangerineA7_100_i/tangerineSOC_0/inst/vgaInst/pixelGenGfxInst/FSM_onehot_pggState_reg_n_0_[27].  Did not re-place instance tangerineA7_100_i/tangerineSOC_0/inst/vgaInst/pixelGenGfxInst/FSM_onehot_pggState_reg[27]
INFO: [Physopt 32-662] Processed net tangerineA7_100_i/tangerineSOC_0/inst/vgaInst/pixelGenGfxInst/FSM_onehot_pggState_reg_n_0_[33].  Did not re-place instance tangerineA7_100_i/tangerineSOC_0/inst/vgaInst/pixelGenGfxInst/FSM_onehot_pggState_reg[33]
INFO: [Physopt 32-662] Processed net tangerineA7_100_i/tangerineSOC_0/inst/vgaInst/pixelGenGfxInst/FSM_onehot_pggState_reg_n_0_[29].  Did not re-place instance tangerineA7_100_i/tangerineSOC_0/inst/vgaInst/pixelGenGfxInst/FSM_onehot_pggState_reg[29]
INFO: [Physopt 32-662] Processed net tangerineA7_100_i/tangerineSOC_0/FSM_onehot_pggState[1]_i_1_n_0.  Did not re-place instance tangerineA7_100_i/tangerineSOC_0/FSM_onehot_pggState[1]_i_1
INFO: [Physopt 32-662] Processed net tangerineA7_100_i/tangerineSOC_0/pgDisplayPtr[13]_i_6_n_0.  Did not re-place instance tangerineA7_100_i/tangerineSOC_0/pgDisplayPtr[13]_i_6
INFO: [Physopt 32-662] Processed net tangerineA7_100_i/tangerineSOC_0/pgDisplayPtr[13]_i_1_n_0.  Did not re-place instance tangerineA7_100_i/tangerineSOC_0/pgDisplayPtr[13]_i_1
INFO: [Physopt 32-662] Processed net tangerineA7_100_i/tangerineSOC_0/inst/vgaInst/pixelGenInst/pgDisplayPtr_reg_n_0_[10].  Did not re-place instance tangerineA7_100_i/tangerineSOC_0/inst/vgaInst/pixelGenInst/pgDisplayPtr_reg[10]
INFO: [Physopt 32-662] Processed net tangerineA7_100_i/tangerineSOC_0/inst/vgaInst/pixelGenInst/pgDisplayPtr_reg_n_0_[11].  Did not re-place instance tangerineA7_100_i/tangerineSOC_0/inst/vgaInst/pixelGenInst/pgDisplayPtr_reg[11]
INFO: [Physopt 32-662] Processed net tangerineA7_100_i/tangerineSOC_0/inst/vgaInst/pixelGenInst/pgDisplayPtr_reg_n_0_[1].  Did not re-place instance tangerineA7_100_i/tangerineSOC_0/inst/vgaInst/pixelGenInst/pgDisplayPtr_reg[1]
INFO: [Physopt 32-662] Processed net tangerineA7_100_i/tangerineSOC_0/inst/vgaInst/pixelGenInst/pgDisplayPtr_reg_n_0_[2].  Did not re-place instance tangerineA7_100_i/tangerineSOC_0/inst/vgaInst/pixelGenInst/pgDisplayPtr_reg[2]
INFO: [Physopt 32-662] Processed net tangerineA7_100_i/tangerineSOC_0/inst/vgaInst/pixelGenInst/pgDisplayPtr_reg_n_0_[7].  Did not re-place instance tangerineA7_100_i/tangerineSOC_0/inst/vgaInst/pixelGenInst/pgDisplayPtr_reg[7]
INFO: [Physopt 32-662] Processed net tangerineA7_100_i/tangerineSOC_0/inst/vgaInst/pixelGenInst/pgDisplayPtr_reg_n_0_[9].  Did not re-place instance tangerineA7_100_i/tangerineSOC_0/inst/vgaInst/pixelGenInst/pgDisplayPtr_reg[9]
INFO: [Physopt 32-662] Processed net tangerineA7_100_i/tangerineSOC_0/inst/vgaInst/pixelGenInst/pgLetterY[0].  Did not re-place instance tangerineA7_100_i/tangerineSOC_0/inst/vgaInst/pixelGenInst/pgLetterY_reg[0]
INFO: [Physopt 32-662] Processed net tangerineA7_100_i/tangerineSOC_0/inst/vgaInst/pixelGenInst/pgDisplayPtr_reg_n_0_[0].  Did not re-place instance tangerineA7_100_i/tangerineSOC_0/inst/vgaInst/pixelGenInst/pgDisplayPtr_reg[0]
INFO: [Physopt 32-662] Processed net tangerineA7_100_i/tangerineSOC_0/inst/vgaInst/pixelGenInst/pgDisplayPtr_reg_n_0_[12].  Did not re-place instance tangerineA7_100_i/tangerineSOC_0/inst/vgaInst/pixelGenInst/pgDisplayPtr_reg[12]
INFO: [Physopt 32-662] Processed net tangerineA7_100_i/tangerineSOC_0/inst/vgaInst/pixelGenInst/pgDisplayPtr_reg_n_0_[13].  Did not re-place instance tangerineA7_100_i/tangerineSOC_0/inst/vgaInst/pixelGenInst/pgDisplayPtr_reg[13]
INFO: [Physopt 32-662] Processed net tangerineA7_100_i/tangerineSOC_0/inst/vgaInst/pixelGenInst/pgDisplayPtr_reg_n_0_[3].  Did not re-place instance tangerineA7_100_i/tangerineSOC_0/inst/vgaInst/pixelGenInst/pgDisplayPtr_reg[3]
INFO: [Physopt 32-662] Processed net tangerineA7_100_i/tangerineSOC_0/inst/vgaInst/pixelGenInst/pgDisplayPtr_reg_n_0_[4].  Did not re-place instance tangerineA7_100_i/tangerineSOC_0/inst/vgaInst/pixelGenInst/pgDisplayPtr_reg[4]
INFO: [Physopt 32-662] Processed net tangerineA7_100_i/tangerineSOC_0/inst/vgaInst/pixelGenInst/pgDisplayPtr_reg_n_0_[5].  Did not re-place instance tangerineA7_100_i/tangerineSOC_0/inst/vgaInst/pixelGenInst/pgDisplayPtr_reg[5]
INFO: [Physopt 32-662] Processed net tangerineA7_100_i/tangerineSOC_0/inst/vgaInst/pixelGenInst/pgDisplayPtr_reg_n_0_[6].  Did not re-place instance tangerineA7_100_i/tangerineSOC_0/inst/vgaInst/pixelGenInst/pgDisplayPtr_reg[6]
INFO: [Physopt 32-662] Processed net tangerineA7_100_i/tangerineSOC_0/inst/vgaInst/pixelGenInst/pgDisplayPtr_reg_n_0_[8].  Did not re-place instance tangerineA7_100_i/tangerineSOC_0/inst/vgaInst/pixelGenInst/pgDisplayPtr_reg[8]
INFO: [Physopt 32-663] Processed net tangerineA7_100_i/tangerineSOC_0/pgDisplayPtr[5]_i_1_n_0.  Re-placed instance tangerineA7_100_i/tangerineSOC_0/pgDisplayPtr[5]_i_1
INFO: [Physopt 32-663] Processed net tangerineA7_100_i/tangerineSOC_0/pgDisplayPtr[8]_i_1_n_0.  Re-placed instance tangerineA7_100_i/tangerineSOC_0/pgDisplayPtr[8]_i_1
INFO: [Physopt 32-663] Processed net tangerineA7_100_i/tangerineSOC_0/pgDisplayPtr[0]_i_1_n_0.  Re-placed instance tangerineA7_100_i/tangerineSOC_0/pgDisplayPtr[0]_i_1
INFO: [Physopt 32-662] Processed net tangerineA7_100_i/tangerineSOC_0/pgDisplayPtr[12]_i_1_n_0.  Did not re-place instance tangerineA7_100_i/tangerineSOC_0/pgDisplayPtr[12]_i_1
INFO: [Physopt 32-661] Optimized 7 nets.  Re-placed 7 instances.
INFO: [Physopt 32-775] End 1 Pass. Optimized 7 nets or cells. Created 0 new cell, deleted 0 existing cell and moved 7 existing cells
INFO: [Physopt 32-619] Estimated Timing Summary | WNS=-7.231 | TNS=-7036.970 |
Netlist sorting complete. Time (s): cpu = 00:00:00 ; elapsed = 00:00:00.010 . Memory (MB): peak = 3776.652 ; gain = 0.000
Phase 15 Single Cell Placement Optimization | Checksum: 260c78613

Time (s): cpu = 00:00:50 ; elapsed = 00:00:36 . Memory (MB): peak = 3776.652 ; gain = 0.000

Phase 16 Multi Cell Placement Optimization
INFO: [Physopt 32-660] Identified 100 candidate nets for placement-based optimization.
INFO: [Physopt 32-662] Processed net tangerineA7_100_i/tangerineSOC_0/pgLutBackgroundColor[23]_i_8_n_0.  Did not re-place instance tangerineA7_100_i/tangerineSOC_0/pgLutBackgroundColor[23]_i_8/O
INFO: [Physopt 32-662] Processed net tangerineA7_100_i/tangerineSOC_0/inst/vgaInst/pgCursorX_reg_n_0_[5].  Did not re-place instance tangerineA7_100_i/tangerineSOC_0/inst/vgaInst/pgCursorX_reg[5]/Q
INFO: [Physopt 32-662] Processed net tangerineA7_100_i/tangerineSOC_0/inst/vgaInst/pixelGenInst/p_0_in[13].  Did not re-place instance tangerineA7_100_i/tangerineSOC_0/pgLutBackgroundColor[13]_i_1/O
INFO: [Physopt 32-662] Processed net tangerineA7_100_i/tangerineSOC_0/pgLutLetterColor[15]_i_1_n_0.  Did not re-place instance tangerineA7_100_i/tangerineSOC_0/pgLutLetterColor[15]_i_1/O
INFO: [Physopt 32-662] Processed net tangerineA7_100_i/tangerineSOC_0/pgLutLetterColor[6]_i_1_n_0.  Did not re-place instance tangerineA7_100_i/tangerineSOC_0/pgLutLetterColor[6]_i_1/O
INFO: [Physopt 32-662] Processed net tangerineA7_100_i/tangerineSOC_0/inst/vgaInst/pixelGenInst/p_0_in[5].  Did not re-place instance tangerineA7_100_i/tangerineSOC_0/pgLutBackgroundColor[5]_i_1/O
INFO: [Physopt 32-662] Processed net tangerineA7_100_i/tangerineSOC_0/pgLutBackgroundColor[23]_i_9_n_0.  Did not re-place instance tangerineA7_100_i/tangerineSOC_0/pgLutBackgroundColor[23]_i_9/O
INFO: [Physopt 32-662] Processed net tangerineA7_100_i/tangerineSOC_0/inst/vgaInst/pgCursorX_reg_n_0_[4]_repN.  Did not re-place instance tangerineA7_100_i/tangerineSOC_0/inst/vgaInst/pgCursorX_reg[4]_replica/Q
INFO: [Physopt 32-662] Processed net tangerineA7_100_i/tangerineSOC_0/pgLutBackgroundColor[23]_i_6_n_0.  Did not re-place instance tangerineA7_100_i/tangerineSOC_0/pgLutBackgroundColor[23]_i_6_rewire_rewire/O
INFO: [Physopt 32-662] Processed net tangerineA7_100_i/tangerineSOC_0/inst/vgaInst/pixelGenInst/p_0_in[16].  Did not re-place instance tangerineA7_100_i/tangerineSOC_0/pgLutBackgroundColor[20]_i_1_rewire_rewire/O
INFO: [Physopt 32-662] Processed net tangerineA7_100_i/tangerineSOC_0/pgLutBackgroundColor[23]_i_11_n_0.  Did not re-place instance tangerineA7_100_i/tangerineSOC_0/pgLutBackgroundColor[23]_i_11/O
INFO: [Physopt 32-662] Processed net tangerineA7_100_i/tangerineSOC_0/inst/vgaInst/pgCursorY_reg_n_0_[6].  Did not re-place instance tangerineA7_100_i/tangerineSOC_0/inst/vgaInst/pgCursorY_reg[6]/Q
INFO: [Physopt 32-662] Processed net tangerineA7_100_i/tangerineSOC_0/pgLutBackgroundColor[23]_i_12_n_0.  Did not re-place instance tangerineA7_100_i/tangerineSOC_0/pgLutBackgroundColor[23]_i_12/O
INFO: [Physopt 32-663] Processed net tangerineA7_100_i/tangerineSOC_0/inst/vgaInst/pgCursorY_reg_n_0_[5].  Re-placed instance tangerineA7_100_i/tangerineSOC_0/inst/vgaInst/pgCursorY_reg[5]/Q
INFO: [Physopt 32-662] Processed net tangerineA7_100_i/tangerineSOC_0/inst/vgaInst/pgCursorX_reg_n_0_[3]_repN.  Did not re-place instance tangerineA7_100_i/tangerineSOC_0/inst/vgaInst/pgCursorX_reg[3]_replica/Q
INFO: [Physopt 32-662] Processed net tangerineA7_100_i/tangerineSOC_0/inst/vgaInst/pixelGenInst/p_0_in[0].  Did not re-place instance tangerineA7_100_i/tangerineSOC_0/pgLutBackgroundColor[4]_i_1_rewire_rewire/O
INFO: [Physopt 32-662] Processed net tangerineA7_100_i/tangerineSOC_0/pgLutLetterColor[4]_i_1_n_0.  Did not re-place instance tangerineA7_100_i/tangerineSOC_0/pgLutLetterColor[4]_i_1_rewire_rewire/O
INFO: [Physopt 32-662] Processed net tangerineA7_100_i/tangerineSOC_0/inst/vgaInst/pixelGenInst/p_0_in[8].  Did not re-place instance tangerineA7_100_i/tangerineSOC_0/pgLutBackgroundColor[12]_i_1_rewire_rewire/O
INFO: [Physopt 32-662] Processed net tangerineA7_100_i/tangerineSOC_0/pgLutLetterColor[7]_i_1_n_0.  Did not re-place instance tangerineA7_100_i/tangerineSOC_0/pgLutLetterColor[7]_i_1/O
INFO: [Physopt 32-662] Processed net tangerineA7_100_i/tangerineSOC_0/pgLutLetterColor[14]_i_1_n_0.  Did not re-place instance tangerineA7_100_i/tangerineSOC_0/pgLutLetterColor[14]_i_1/O
INFO: [Physopt 32-662] Processed net tangerineA7_100_i/tangerineSOC_0/pgLutLetterColor[22]_i_1_n_0.  Did not re-place instance tangerineA7_100_i/tangerineSOC_0/pgLutLetterColor[22]_i_1/O
INFO: [Physopt 32-662] Processed net tangerineA7_100_i/tangerineSOC_0/pgLutLetterColor[23]_i_1_n_0.  Did not re-place instance tangerineA7_100_i/tangerineSOC_0/pgLutLetterColor[23]_i_1/O
INFO: [Physopt 32-662] Processed net tangerineA7_100_i/tangerineSOC_0/inst/vgaInst/pgCursorX_reg_n_0_[6]_repN.  Did not re-place instance tangerineA7_100_i/tangerineSOC_0/inst/vgaInst/pgCursorX_reg[6]_replica/Q
INFO: [Physopt 32-662] Processed net tangerineA7_100_i/tangerineSOC_0/pgLutBackgroundColor[23]_i_10_n_0_repN.  Did not re-place instance tangerineA7_100_i/tangerineSOC_0/pgLutBackgroundColor[23]_i_10_replica/O
INFO: [Physopt 32-662] Processed net tangerineA7_100_i/tangerineSOC_0/pgLutLetterColor[12]_i_1_n_0.  Did not re-place instance tangerineA7_100_i/tangerineSOC_0/pgLutLetterColor[12]_i_1_rewire_rewire/O
INFO: [Physopt 32-662] Processed net tangerineA7_100_i/tangerineSOC_0/pgLutLetterColor[20]_i_1_n_0.  Did not re-place instance tangerineA7_100_i/tangerineSOC_0/pgLutLetterColor[20]_i_1_rewire_rewire/O
INFO: [Physopt 32-662] Processed net tangerineA7_100_i/tangerineSOC_0/inst/vgaInst/pgVideoMode[1].  Did not re-place instance tangerineA7_100_i/tangerineSOC_0/inst/vgaInst/vmMode_reg[3]/Q
INFO: [Physopt 32-662] Processed net tangerineA7_100_i/tangerineSOC_0/pgLetterY[7]_i_2_n_0.  Did not re-place instance tangerineA7_100_i/tangerineSOC_0/pgLetterY[7]_i_2/O
INFO: [Physopt 32-662] Processed net tangerineA7_100_i/tangerineSOC_0/pgLetterY[7]_i_1_n_0.  Did not re-place instance tangerineA7_100_i/tangerineSOC_0/pgLetterY[7]_i_1/O
INFO: [Physopt 32-662] Processed net tangerineA7_100_i/tangerineSOC_0/pgLetterY[7]_i_6_n_0.  Did not re-place instance tangerineA7_100_i/tangerineSOC_0/pgLetterY[7]_i_6/O
INFO: [Physopt 32-662] Processed net tangerineA7_100_i/tangerineSOC_0/pgLutLetterColor[13]_i_1_n_0.  Did not re-place instance tangerineA7_100_i/tangerineSOC_0/pgLutLetterColor[13]_i_1/O
INFO: [Physopt 32-662] Processed net tangerineA7_100_i/tangerineSOC_0/inst/vgaInst/pgCursorX_reg_n_0_[7].  Did not re-place instance tangerineA7_100_i/tangerineSOC_0/inst/vgaInst/pgCursorX_reg[7]/Q
INFO: [Physopt 32-662] Processed net tangerineA7_100_i/tangerineSOC_0/inst/vgaInst/pixelGenInst/p_0_in[21].  Did not re-place instance tangerineA7_100_i/tangerineSOC_0/pgLutBackgroundColor[21]_i_1/O
INFO: [Physopt 32-662] Processed net tangerineA7_100_i/tangerineSOC_0/inst/vgaInst/pgCursorX_reg_n_0_[0]_repN.  Did not re-place instance tangerineA7_100_i/tangerineSOC_0/inst/vgaInst/pgCursorX_reg[0]_replica/Q
INFO: [Physopt 32-662] Processed net tangerineA7_100_i/tangerineSOC_0/inst/vgaInst/pgCursorY_reg_n_0_[7]_repN.  Did not re-place instance tangerineA7_100_i/tangerineSOC_0/inst/vgaInst/pgCursorY_reg[7]_replica/Q
INFO: [Physopt 32-662] Processed net tangerineA7_100_i/tangerineSOC_0/inst/vgaInst/pgCursorX_reg_n_0_[1].  Did not re-place instance tangerineA7_100_i/tangerineSOC_0/inst/vgaInst/pgCursorX_reg[1]/Q
INFO: [Physopt 32-663] Processed net tangerineA7_100_i/tangerineSOC_0/inst/vgaInst/pgCursorY_reg_n_0_[3]_repN.  Re-placed instance tangerineA7_100_i/tangerineSOC_0/inst/vgaInst/pgCursorY_reg[3]_replica/Q
INFO: [Physopt 32-662] Processed net tangerineA7_100_i/tangerineSOC_0/inst/vgaInst/pgCursorX_reg_n_0_[2]_repN.  Did not re-place instance tangerineA7_100_i/tangerineSOC_0/inst/vgaInst/pgCursorX_reg[2]_replica/Q
INFO: [Physopt 32-662] Processed net tangerineA7_100_i/tangerineSOC_0/inst/vgaInst/pixelGenInst/p_0_in[14].  Did not re-place instance tangerineA7_100_i/tangerineSOC_0/pgLutBackgroundColor[14]_i_1/O
INFO: [Physopt 32-662] Processed net tangerineA7_100_i/tangerineSOC_0/pgLutBackgroundColor[23]_i_10_n_0.  Did not re-place instance tangerineA7_100_i/tangerineSOC_0/pgLutBackgroundColor[23]_i_10/O
INFO: [Physopt 32-662] Processed net tangerineA7_100_i/tangerineSOC_0/inst/vgaInst/pixelGenInst/p_0_in[22].  Did not re-place instance tangerineA7_100_i/tangerineSOC_0/pgLutBackgroundColor[22]_i_1/O
INFO: [Physopt 32-662] Processed net tangerineA7_100_i/tangerineSOC_0/pgLutLetterColor[21]_i_1_n_0.  Did not re-place instance tangerineA7_100_i/tangerineSOC_0/pgLutLetterColor[21]_i_1/O
INFO: [Physopt 32-662] Processed net tangerineA7_100_i/tangerineSOC_0/inst/vgaInst/pixelGenInst/p_0_in[23].  Did not re-place instance tangerineA7_100_i/tangerineSOC_0/pgLutBackgroundColor[23]_i_1/O
INFO: [Physopt 32-662] Processed net tangerineA7_100_i/tangerineSOC_0/inst/vgaInst/pixelGenInst/p_0_in[7].  Did not re-place instance tangerineA7_100_i/tangerineSOC_0/pgLutBackgroundColor[7]_i_1/O
INFO: [Physopt 32-662] Processed net tangerineA7_100_i/tangerineSOC_0/pgLutLetterColor[5]_i_1_n_0.  Did not re-place instance tangerineA7_100_i/tangerineSOC_0/pgLutLetterColor[5]_i_1/O
INFO: [Physopt 32-662] Processed net tangerineA7_100_i/tangerineSOC_0/inst/vgaInst/pgCursorY_reg_n_0_[1]_repN.  Did not re-place instance tangerineA7_100_i/tangerineSOC_0/inst/vgaInst/pgCursorY_reg[1]_replica/Q
INFO: [Physopt 32-663] Processed net tangerineA7_100_i/tangerineSOC_0/inst/vgaInst/vmMode_reg_n_0_[5]_repN.  Re-placed instance tangerineA7_100_i/tangerineSOC_0/inst/vgaInst/vmMode_reg[5]_replica/Q
INFO: [Physopt 32-662] Processed net tangerineA7_100_i/tangerineSOC_0/FSM_onehot_pggState[36]_i_3_n_0.  Did not re-place instance tangerineA7_100_i/tangerineSOC_0/FSM_onehot_pggState[36]_i_3/O
INFO: [Physopt 32-663] Processed net tangerineA7_100_i/tangerineSOC_0/inst/vgaInst/vmMode_reg_n_0_[1].  Re-placed instance tangerineA7_100_i/tangerineSOC_0/inst/vgaInst/vmMode_reg[1]/Q
INFO: [Physopt 32-661] Optimized 4 nets.  Re-placed 9 instances.
INFO: [Physopt 32-775] End 1 Pass. Optimized 4 nets or cells. Created 0 new cell, deleted 0 existing cell and moved 9 existing cells
INFO: [Physopt 32-619] Estimated Timing Summary | WNS=-7.231 | TNS=-7044.078 |
Netlist sorting complete. Time (s): cpu = 00:00:00 ; elapsed = 00:00:00.010 . Memory (MB): peak = 3776.652 ; gain = 0.000
Phase 16 Multi Cell Placement Optimization | Checksum: 1ad129730

Time (s): cpu = 00:00:58 ; elapsed = 00:00:42 . Memory (MB): peak = 3776.652 ; gain = 0.000

Phase 17 Rewire
INFO: [Physopt 32-246] Starting Signal Push optimization...
INFO: [Physopt 32-77] Pass 1. Identified 1 candidate net for rewire optimization.
INFO: [Physopt 32-242] Processed net tangerineA7_100_i/tangerineSOC_0/pgLutBackgroundColor[23]_i_6_n_0. Rewired (signal push) tangerineA7_100_i/tangerineSOC_0/pgLutBackgroundColor[23]_i_11_n_0 to 6 loads. Replicated 0 times.
INFO: [Physopt 32-232] Optimized 1 net. Created 0 new instance.
INFO: [Physopt 32-775] End 1 Pass. Optimized 1 net or cell. Created 0 new cell, deleted 0 existing cell and moved 0 existing cell
Netlist sorting complete. Time (s): cpu = 00:00:00 ; elapsed = 00:00:00.078 . Memory (MB): peak = 3776.652 ; gain = 0.000
INFO: [Physopt 32-619] Estimated Timing Summary | WNS=-7.231 | TNS=-7042.878 |
Netlist sorting complete. Time (s): cpu = 00:00:00 ; elapsed = 00:00:00.010 . Memory (MB): peak = 3776.652 ; gain = 0.000
Phase 17 Rewire | Checksum: 1d055d348

Time (s): cpu = 00:00:58 ; elapsed = 00:00:42 . Memory (MB): peak = 3776.652 ; gain = 0.000

Phase 18 Critical Cell Optimization
INFO: [Physopt 32-46] Identified 25 candidate nets for critical-cell optimization.
INFO: [Physopt 32-572] Net tangerineA7_100_i/tangerineSOC_0/pgLutBackgroundColor[23]_i_6_n_0_repN was not replicated.
Resolution: phys_opt_design can be forced to replicate a net driver using the option -force_replication_on_nets <list of net objects>.
INFO: [Physopt 32-572] Net tangerineA7_100_i/tangerineSOC_0/pgLutBackgroundColor[23]_i_8_n_0 was not replicated.
Resolution: phys_opt_design can be forced to replicate a net driver using the option -force_replication_on_nets <list of net objects>.
INFO: [Physopt 32-572] Net tangerineA7_100_i/tangerineSOC_0/inst/vgaInst/pgCursorX_reg_n_0_[5] was not replicated.
Resolution: phys_opt_design can be forced to replicate a net driver using the option -force_replication_on_nets <list of net objects>.
INFO: [Physopt 32-572] Net tangerineA7_100_i/tangerineSOC_0/pgLutBackgroundColor[23]_i_9_n_0 was not replicated.
Resolution: phys_opt_design can be forced to replicate a net driver using the option -force_replication_on_nets <list of net objects>.
INFO: [Physopt 32-572] Net tangerineA7_100_i/tangerineSOC_0/pgLutBackgroundColor[23]_i_11_n_0 was not replicated.
Resolution: phys_opt_design can be forced to replicate a net driver using the option -force_replication_on_nets <list of net objects>.
INFO: [Physopt 32-572] Net tangerineA7_100_i/tangerineSOC_0/inst/vgaInst/pgCursorY_reg_n_0_[6] was not replicated.
Resolution: phys_opt_design can be forced to replicate a net driver using the option -force_replication_on_nets <list of net objects>.
INFO: [Physopt 32-572] Net tangerineA7_100_i/tangerineSOC_0/pgLutBackgroundColor[23]_i_6_n_0 was not replicated.
Resolution: phys_opt_design can be forced to replicate a net driver using the option -force_replication_on_nets <list of net objects>.
INFO: [Physopt 32-572] Net tangerineA7_100_i/tangerineSOC_0/inst/vgaInst/pixelGenInst/p_0_in[16] was not replicated.
Resolution: phys_opt_design can be forced to replicate a net driver using the option -force_replication_on_nets <list of net objects>.
INFO: [Physopt 32-572] Net tangerineA7_100_i/tangerineSOC_0/inst/vgaInst/pixelGenInst/p_0_in[0] was not replicated.
Resolution: phys_opt_design can be forced to replicate a net driver using the option -force_replication_on_nets <list of net objects>.
INFO: [Physopt 32-572] Net tangerineA7_100_i/tangerineSOC_0/pgLutLetterColor[4]_i_1_n_0 was not replicated.
Resolution: phys_opt_design can be forced to replicate a net driver using the option -force_replication_on_nets <list of net objects>.
INFO: [Physopt 32-572] Net tangerineA7_100_i/tangerineSOC_0/inst/vgaInst/pixelGenInst/p_0_in[8] was not replicated.
Resolution: phys_opt_design can be forced to replicate a net driver using the option -force_replication_on_nets <list of net objects>.
INFO: [Physopt 32-81] Processed net tangerineA7_100_i/tangerineSOC_0/inst/vgaInst/pgCursorX_reg_n_0_[6]_repN. Replicated 1 times.
INFO: [Physopt 32-572] Net tangerineA7_100_i/tangerineSOC_0/pgLutBackgroundColor[23]_i_12_n_0 was not replicated.
Resolution: phys_opt_design can be forced to replicate a net driver using the option -force_replication_on_nets <list of net objects>.
INFO: [Physopt 32-572] Net tangerineA7_100_i/tangerineSOC_0/inst/vgaInst/pgCursorY_reg_n_0_[5] was not replicated.
Resolution: phys_opt_design can be forced to replicate a net driver using the option -force_replication_on_nets <list of net objects>.
INFO: [Physopt 32-572] Net tangerineA7_100_i/tangerineSOC_0/inst/vgaInst/pgVideoMode[1] was not replicated.
Resolution: phys_opt_design can be forced to replicate a net driver using the option -force_replication_on_nets <list of net objects>.
INFO: [Physopt 32-81] Processed net tangerineA7_100_i/tangerineSOC_0/inst/vgaInst/vmMode_reg_n_0_[1]. Replicated 2 times.
INFO: [Physopt 32-572] Net tangerineA7_100_i/tangerineSOC_0/FSM_onehot_pggState[36]_i_3_n_0 was not replicated.
Resolution: phys_opt_design can be forced to replicate a net driver using the option -force_replication_on_nets <list of net objects>.
INFO: [Physopt 32-572] Net tangerineA7_100_i/tangerineSOC_0/pgLutLetterColor[12]_i_1_n_0 was not replicated.
Resolution: phys_opt_design can be forced to replicate a net driver using the option -force_replication_on_nets <list of net objects>.
INFO: [Physopt 32-572] Net tangerineA7_100_i/tangerineSOC_0/pgLutLetterColor[20]_i_1_n_0 was not replicated.
Resolution: phys_opt_design can be forced to replicate a net driver using the option -force_replication_on_nets <list of net objects>.
INFO: [Physopt 32-81] Processed net tangerineA7_100_i/tangerineSOC_0/inst/vgaInst/vmMode_reg_n_0_[4]. Replicated 1 times.
INFO: [Physopt 32-81] Processed net tangerineA7_100_i/tangerineSOC_0/inst/vgaInst/pgCursorX_reg_n_0_[1]. Replicated 1 times.
INFO: [Physopt 32-81] Processed net tangerineA7_100_i/tangerineSOC_0/inst/vgaInst/vmMode_reg_n_0_[0]. Replicated 2 times.
INFO: [Physopt 32-81] Processed net tangerineA7_100_i/tangerineSOC_0/inst/vgaInst/vmMode_reg_n_0_[5]_repN. Replicated 1 times.
INFO: [Physopt 32-572] Net tangerineA7_100_i/tangerineSOC_0/pgLutBackgroundColor[23]_i_13_n_0 was not replicated.
Resolution: phys_opt_design can be forced to replicate a net driver using the option -force_replication_on_nets <list of net objects>.
INFO: [Physopt 32-232] Optimized 6 nets. Created 8 new instances.
INFO: [Physopt 32-775] End 1 Pass. Optimized 6 nets or cells. Created 8 new cells, deleted 0 existing cell and moved 0 existing cell
INFO: [Physopt 32-619] Estimated Timing Summary | WNS=-7.231 | TNS=-7041.948 |
Netlist sorting complete. Time (s): cpu = 00:00:00 ; elapsed = 00:00:00.113 . Memory (MB): peak = 3776.652 ; gain = 0.000
Phase 18 Critical Cell Optimization | Checksum: 1e6df79b9

Time (s): cpu = 00:01:03 ; elapsed = 00:00:46 . Memory (MB): peak = 3776.652 ; gain = 0.000

Phase 19 DSP Register Optimization
INFO: [Physopt 32-456] No candidate cells for DSP register optimization found in the design.
INFO: [Physopt 32-775] End 1 Pass. Optimized 0 net or cell. Created 0 new cell, deleted 0 existing cell and moved 0 existing cell
Phase 19 DSP Register Optimization | Checksum: 1e6df79b9

Time (s): cpu = 00:01:04 ; elapsed = 00:00:46 . Memory (MB): peak = 3776.652 ; gain = 0.000

Phase 20 BRAM Register Optimization
INFO: [Physopt 32-526] No candidate cells for BRAM register optimization found in the design
INFO: [Physopt 32-775] End 1 Pass. Optimized 0 net or cell. Created 0 new cell, deleted 0 existing cell and moved 0 existing cell
Phase 20 BRAM Register Optimization | Checksum: 1e6df79b9

Time (s): cpu = 00:01:04 ; elapsed = 00:00:46 . Memory (MB): peak = 3776.652 ; gain = 0.000

Phase 21 URAM Register Optimization
INFO: [Physopt 32-846] No candidate cells for URAM register optimization found in the design
INFO: [Physopt 32-775] End 1 Pass. Optimized 0 net or cell. Created 0 new cell, deleted 0 existing cell and moved 0 existing cell
INFO: [Physopt 32-846] No candidate cells for URAM register optimization found in the design
INFO: [Physopt 32-775] End 1 Pass. Optimized 0 net or cell. Created 0 new cell, deleted 0 existing cell and moved 0 existing cell
Phase 21 URAM Register Optimization | Checksum: 1e6df79b9

Time (s): cpu = 00:01:04 ; elapsed = 00:00:46 . Memory (MB): peak = 3776.652 ; gain = 0.000

Phase 22 Shift Register Optimization
INFO: [Physopt 32-677] No candidate cells for Shift Register optimization found in the design
INFO: [Physopt 32-775] End 1 Pass. Optimized 0 net or cell. Created 0 new cell, deleted 0 existing cell and moved 0 existing cell
Phase 22 Shift Register Optimization | Checksum: 1e6df79b9

Time (s): cpu = 00:01:04 ; elapsed = 00:00:46 . Memory (MB): peak = 3776.652 ; gain = 0.000

Phase 23 DSP Register Optimization
INFO: [Physopt 32-456] No candidate cells for DSP register optimization found in the design.
INFO: [Physopt 32-775] End 1 Pass. Optimized 0 net or cell. Created 0 new cell, deleted 0 existing cell and moved 0 existing cell
Phase 23 DSP Register Optimization | Checksum: 1e6df79b9

Time (s): cpu = 00:01:04 ; elapsed = 00:00:47 . Memory (MB): peak = 3776.652 ; gain = 0.000

Phase 24 BRAM Register Optimization
INFO: [Physopt 32-526] No candidate cells for BRAM register optimization found in the design
INFO: [Physopt 32-775] End 1 Pass. Optimized 0 net or cell. Created 0 new cell, deleted 0 existing cell and moved 0 existing cell
Phase 24 BRAM Register Optimization | Checksum: 1e6df79b9

Time (s): cpu = 00:01:04 ; elapsed = 00:00:47 . Memory (MB): peak = 3776.652 ; gain = 0.000

Phase 25 URAM Register Optimization
INFO: [Physopt 32-846] No candidate cells for URAM register optimization found in the design
INFO: [Physopt 32-775] End 1 Pass. Optimized 0 net or cell. Created 0 new cell, deleted 0 existing cell and moved 0 existing cell
INFO: [Physopt 32-846] No candidate cells for URAM register optimization found in the design
INFO: [Physopt 32-775] End 1 Pass. Optimized 0 net or cell. Created 0 new cell, deleted 0 existing cell and moved 0 existing cell
Phase 25 URAM Register Optimization | Checksum: 1e6df79b9

Time (s): cpu = 00:01:05 ; elapsed = 00:00:47 . Memory (MB): peak = 3776.652 ; gain = 0.000

Phase 26 Shift Register Optimization
INFO: [Physopt 32-677] No candidate cells for Shift Register optimization found in the design
INFO: [Physopt 32-775] End 1 Pass. Optimized 0 net or cell. Created 0 new cell, deleted 0 existing cell and moved 0 existing cell
Phase 26 Shift Register Optimization | Checksum: 1e6df79b9

Time (s): cpu = 00:01:05 ; elapsed = 00:00:47 . Memory (MB): peak = 3776.652 ; gain = 0.000

Phase 27 Critical Pin Optimization
INFO: [Physopt 32-606] Identified 34 candidate nets for critical-pin optimization.
INFO: [Physopt 32-608] Optimized 8 nets.  Swapped 151 pins.
INFO: [Physopt 32-775] End 1 Pass. Optimized 8 nets or cells. Created 0 new cell, deleted 0 existing cell and moved 151 existing cells
INFO: [Physopt 32-619] Estimated Timing Summary | WNS=-7.193 | TNS=-7029.880 |
Netlist sorting complete. Time (s): cpu = 00:00:00 ; elapsed = 00:00:00.010 . Memory (MB): peak = 3776.652 ; gain = 0.000
Phase 27 Critical Pin Optimization | Checksum: 1eda45baa

Time (s): cpu = 00:01:05 ; elapsed = 00:00:47 . Memory (MB): peak = 3776.652 ; gain = 0.000

Phase 28 Very High Fanout Optimization
INFO: [Physopt 32-76] Pass 1. Identified 10 candidate nets for fanout optimization.
INFO: [Physopt 32-81] Processed net tangerineA7_100_i/tangerineSOC_0/inst/nekoRvInst/opcode0. Replicated 1 times.
INFO: [Physopt 32-81] Processed net tangerineA7_100_i/tangerineSOC_0/inst/cpuReset. Replicated 1 times.
INFO: [Physopt 32-81] Processed net tangerineA7_100_i/tangerineSOC_0/cacheValidWay0[511]_i_9_n_0. Replicated 1 times.
INFO: [Physopt 32-81] Processed net tangerineA7_100_i/tangerineSOC_0/cacheValidWay3[511]_i_8_n_0. Replicated 1 times.
INFO: [Physopt 32-572] Net tangerineA7_100_i/tangerineSOC_0/cacheValidWay1[511]_i_8_n_0 was not replicated.
Resolution: phys_opt_design can be forced to replicate a net driver using the option -force_replication_on_nets <list of net objects>.
INFO: [Physopt 32-81] Processed net tangerineA7_100_i/tangerineSOC_0/cacheValidWay2[511]_i_13_n_0. Replicated 1 times.
INFO: [Physopt 32-572] Net tangerineA7_100_i/tangerineSOC_0/cacheValidWay1[511]_i_7_n_0 was not replicated.
Resolution: phys_opt_design can be forced to replicate a net driver using the option -force_replication_on_nets <list of net objects>.
INFO: [Physopt 32-81] Processed net tangerineA7_100_i/tangerineSOC_0/cacheValidWay3[511]_i_7_n_0. Replicated 2 times.
INFO: [Physopt 32-81] Processed net tangerineA7_100_i/tangerineSOC_0/cacheValidWay0[511]_i_10_n_0. Replicated 1 times.
INFO: [Physopt 32-232] Optimized 7 nets. Created 8 new instances.
INFO: [Physopt 32-775] End 1 Pass. Optimized 7 nets or cells. Created 8 new cells, deleted 0 existing cell and moved 0 existing cell
INFO: [Physopt 32-619] Estimated Timing Summary | WNS=-7.193 | TNS=-7193.082 |
Netlist sorting complete. Time (s): cpu = 00:00:00 ; elapsed = 00:00:00.116 . Memory (MB): peak = 3776.652 ; gain = 0.000
Phase 28 Very High Fanout Optimization | Checksum: 19a79c76f

Time (s): cpu = 00:01:12 ; elapsed = 00:00:52 . Memory (MB): peak = 3776.652 ; gain = 0.000

Phase 29 Single Cell Placement Optimization
INFO: [Physopt 32-660] Identified 176 candidate nets for placement-based optimization.
INFO: [Physopt 32-662] Processed net tangerineA7_100_i/tangerineSOC_0/pgLutBackgroundColor[23]_i_6_n_0_repN.  Did not re-place instance tangerineA7_100_i/tangerineSOC_0/pgLutBackgroundColor[23]_i_6_replica
INFO: [Physopt 32-662] Processed net tangerineA7_100_i/tangerineSOC_0/pgLutBackgroundColor[23]_i_13_n_0.  Did not re-place instance tangerineA7_100_i/tangerineSOC_0/pgLutBackgroundColor[23]_i_13
INFO: [Physopt 32-662] Processed net tangerineA7_100_i/tangerineSOC_0/inst/vgaInst/pgCursorY_reg_n_0_[0].  Did not re-place instance tangerineA7_100_i/tangerineSOC_0/inst/vgaInst/pgCursorY_reg[0]
INFO: [Physopt 32-662] Processed net tangerineA7_100_i/tangerineSOC_0/inst/vgaInst/pixelGenInst/p_0_in[13].  Did not re-place instance tangerineA7_100_i/tangerineSOC_0/pgLutBackgroundColor[13]_i_1
INFO: [Physopt 32-662] Processed net tangerineA7_100_i/tangerineSOC_0/inst/vgaInst/pixelGenInst/pgLutBackgroundColor[13].  Did not re-place instance tangerineA7_100_i/tangerineSOC_0/inst/vgaInst/pixelGenInst/pgLutBackgroundColor_reg[13]
INFO: [Physopt 32-662] Processed net tangerineA7_100_i/tangerineSOC_0/pgLutLetterColor[15]_i_1_n_0.  Did not re-place instance tangerineA7_100_i/tangerineSOC_0/pgLutLetterColor[15]_i_1
INFO: [Physopt 32-662] Processed net tangerineA7_100_i/tangerineSOC_0/inst/vgaInst/pixelGenInst/pgLutLetterColor[15].  Did not re-place instance tangerineA7_100_i/tangerineSOC_0/inst/vgaInst/pixelGenInst/pgLutLetterColor_reg[15]
INFO: [Physopt 32-662] Processed net tangerineA7_100_i/tangerineSOC_0/pgLutBackgroundColor[23]_i_8_n_0.  Did not re-place instance tangerineA7_100_i/tangerineSOC_0/pgLutBackgroundColor[23]_i_8
INFO: [Physopt 32-662] Processed net tangerineA7_100_i/tangerineSOC_0/inst/vgaInst/pgCursorX_reg_n_0_[5].  Did not re-place instance tangerineA7_100_i/tangerineSOC_0/inst/vgaInst/pgCursorX_reg[5]
INFO: [Physopt 32-662] Processed net tangerineA7_100_i/tangerineSOC_0/pgLutLetterColor[6]_i_1_n_0.  Did not re-place instance tangerineA7_100_i/tangerineSOC_0/pgLutLetterColor[6]_i_1
INFO: [Physopt 32-662] Processed net tangerineA7_100_i/tangerineSOC_0/inst/vgaInst/pixelGenInst/pgLutLetterColor[6].  Did not re-place instance tangerineA7_100_i/tangerineSOC_0/inst/vgaInst/pixelGenInst/pgLutLetterColor_reg[6]
INFO: [Physopt 32-662] Processed net tangerineA7_100_i/tangerineSOC_0/inst/vgaInst/pixelGenInst/p_0_in[5].  Did not re-place instance tangerineA7_100_i/tangerineSOC_0/pgLutBackgroundColor[5]_i_1
INFO: [Physopt 32-662] Processed net tangerineA7_100_i/tangerineSOC_0/inst/vgaInst/pixelGenInst/pgLutBackgroundColor[5].  Did not re-place instance tangerineA7_100_i/tangerineSOC_0/inst/vgaInst/pixelGenInst/pgLutBackgroundColor_reg[5]
INFO: [Physopt 32-662] Processed net tangerineA7_100_i/tangerineSOC_0/inst/vgaInst/pgCursorY_reg_n_0_[4].  Did not re-place instance tangerineA7_100_i/tangerineSOC_0/inst/vgaInst/pgCursorY_reg[4]
INFO: [Physopt 32-662] Processed net tangerineA7_100_i/tangerineSOC_0/inst/vgaInst/pgCursorX_reg_n_0_[3]_repN.  Did not re-place instance tangerineA7_100_i/tangerineSOC_0/inst/vgaInst/pgCursorX_reg[3]_replica
INFO: [Physopt 32-662] Processed net tangerineA7_100_i/tangerineSOC_0/pgLutLetterColor[7]_i_1_n_0.  Did not re-place instance tangerineA7_100_i/tangerineSOC_0/pgLutLetterColor[7]_i_1
INFO: [Physopt 32-662] Processed net tangerineA7_100_i/tangerineSOC_0/inst/vgaInst/pixelGenInst/pgLutLetterColor[7].  Did not re-place instance tangerineA7_100_i/tangerineSOC_0/inst/vgaInst/pixelGenInst/pgLutLetterColor_reg[7]
INFO: [Physopt 32-662] Processed net tangerineA7_100_i/tangerineSOC_0/pgLutLetterColor[14]_i_1_n_0.  Did not re-place instance tangerineA7_100_i/tangerineSOC_0/pgLutLetterColor[14]_i_1
INFO: [Physopt 32-662] Processed net tangerineA7_100_i/tangerineSOC_0/inst/vgaInst/pixelGenInst/pgLutLetterColor[14].  Did not re-place instance tangerineA7_100_i/tangerineSOC_0/inst/vgaInst/pixelGenInst/pgLutLetterColor_reg[14]
INFO: [Physopt 32-662] Processed net tangerineA7_100_i/tangerineSOC_0/pgLutLetterColor[22]_i_1_n_0.  Did not re-place instance tangerineA7_100_i/tangerineSOC_0/pgLutLetterColor[22]_i_1
INFO: [Physopt 32-662] Processed net tangerineA7_100_i/tangerineSOC_0/inst/vgaInst/pixelGenInst/pgLutLetterColor[22].  Did not re-place instance tangerineA7_100_i/tangerineSOC_0/inst/vgaInst/pixelGenInst/pgLutLetterColor_reg[22]
INFO: [Physopt 32-662] Processed net tangerineA7_100_i/tangerineSOC_0/pgLutLetterColor[23]_i_1_n_0.  Did not re-place instance tangerineA7_100_i/tangerineSOC_0/pgLutLetterColor[23]_i_1
INFO: [Physopt 32-662] Processed net tangerineA7_100_i/tangerineSOC_0/inst/vgaInst/pixelGenInst/pgLutLetterColor[23].  Did not re-place instance tangerineA7_100_i/tangerineSOC_0/inst/vgaInst/pixelGenInst/pgLutLetterColor_reg[23]
INFO: [Physopt 32-662] Processed net tangerineA7_100_i/tangerineSOC_0/inst/vgaInst/pgCursorX_reg_n_0_[6]_repN.  Did not re-place instance tangerineA7_100_i/tangerineSOC_0/inst/vgaInst/pgCursorX_reg[6]_replica
INFO: [Physopt 32-662] Processed net tangerineA7_100_i/tangerineSOC_0/pgLutBackgroundColor[23]_i_10_n_0_repN.  Did not re-place instance tangerineA7_100_i/tangerineSOC_0/pgLutBackgroundColor[23]_i_10_replica
INFO: [Physopt 32-662] Processed net tangerineA7_100_i/tangerineSOC_0/pgLutBackgroundColor[23]_i_9_n_0.  Did not re-place instance tangerineA7_100_i/tangerineSOC_0/pgLutBackgroundColor[23]_i_9
INFO: [Physopt 32-663] Processed net tangerineA7_100_i/tangerineSOC_0/inst/vgaInst/pgCursorX_reg_n_0_[4]_repN.  Re-placed instance tangerineA7_100_i/tangerineSOC_0/inst/vgaInst/pgCursorX_reg[4]_replica
INFO: [Physopt 32-662] Processed net tangerineA7_100_i/tangerineSOC_0/inst/vgaInst/pgCursorX_reg_n_0_[7].  Did not re-place instance tangerineA7_100_i/tangerineSOC_0/inst/vgaInst/pgCursorX_reg[7]
INFO: [Physopt 32-662] Processed net tangerineA7_100_i/tangerineSOC_0/FSM_onehot_pggState[36]_i_1_n_0.  Did not re-place instance tangerineA7_100_i/tangerineSOC_0/FSM_onehot_pggState[36]_i_1
INFO: [Physopt 32-662] Processed net tangerineA7_100_i/tangerineSOC_0/inst/vgaInst/vmMode_reg_n_0_[1]_repN.  Did not re-place instance tangerineA7_100_i/tangerineSOC_0/inst/vgaInst/vmMode_reg[1]_replica
INFO: [Physopt 32-662] Processed net tangerineA7_100_i/tangerineSOC_0/FSM_onehot_pggState[36]_i_3_n_0.  Did not re-place instance tangerineA7_100_i/tangerineSOC_0/FSM_onehot_pggState[36]_i_3
INFO: [Physopt 32-662] Processed net tangerineA7_100_i/tangerineSOC_0/FSM_onehot_pggState[36]_i_8_n_0.  Did not re-place instance tangerineA7_100_i/tangerineSOC_0/FSM_onehot_pggState[36]_i_8
INFO: [Physopt 32-663] Processed net tangerineA7_100_i/tangerineSOC_0/inst/vgaInst/pixelGenGfxInst/FSM_onehot_pggState_reg_n_0_[15].  Re-placed instance tangerineA7_100_i/tangerineSOC_0/inst/vgaInst/pixelGenGfxInst/FSM_onehot_pggState_reg[15]
INFO: [Physopt 32-662] Processed net tangerineA7_100_i/tangerineSOC_0/inst/vgaInst/pgCursorX_reg_n_0_[0]_repN.  Did not re-place instance tangerineA7_100_i/tangerineSOC_0/inst/vgaInst/pgCursorX_reg[0]_replica
INFO: [Physopt 32-663] Processed net tangerineA7_100_i/tangerineSOC_0/inst/vgaInst/pgCursorX_reg_n_0_[1].  Re-placed instance tangerineA7_100_i/tangerineSOC_0/inst/vgaInst/pgCursorX_reg[1]
INFO: [Physopt 32-662] Processed net tangerineA7_100_i/tangerineSOC_0/pgLutLetterColor[13]_i_1_n_0.  Did not re-place instance tangerineA7_100_i/tangerineSOC_0/pgLutLetterColor[13]_i_1
INFO: [Physopt 32-662] Processed net tangerineA7_100_i/tangerineSOC_0/inst/vgaInst/pixelGenInst/pgLutLetterColor[13].  Did not re-place instance tangerineA7_100_i/tangerineSOC_0/inst/vgaInst/pixelGenInst/pgLutLetterColor_reg[13]
INFO: [Physopt 32-662] Processed net tangerineA7_100_i/tangerineSOC_0/inst/vgaInst/pixelGenInst/p_0_in[21].  Did not re-place instance tangerineA7_100_i/tangerineSOC_0/pgLutBackgroundColor[21]_i_1
INFO: [Physopt 32-662] Processed net tangerineA7_100_i/tangerineSOC_0/inst/vgaInst/pixelGenInst/pgLutBackgroundColor[21].  Did not re-place instance tangerineA7_100_i/tangerineSOC_0/inst/vgaInst/pixelGenInst/pgLutBackgroundColor_reg[21]
INFO: [Physopt 32-663] Processed net tangerineA7_100_i/tangerineSOC_0/pgLutBackgroundColor[23]_i_6_n_0.  Re-placed instance tangerineA7_100_i/tangerineSOC_0/pgLutBackgroundColor[23]_i_6_rewire_rewire_rewire
INFO: [Physopt 32-662] Processed net tangerineA7_100_i/tangerineSOC_0/inst/vgaInst/pixelGenInst/p_0_in[16].  Did not re-place instance tangerineA7_100_i/tangerineSOC_0/pgLutBackgroundColor[20]_i_1_rewire_rewire_rewire
INFO: [Physopt 32-662] Processed net tangerineA7_100_i/tangerineSOC_0/inst/vgaInst/pixelGenInst/pgLutBackgroundColor[20].  Did not re-place instance tangerineA7_100_i/tangerineSOC_0/inst/vgaInst/pixelGenInst/pgLutBackgroundColor_reg[20]
INFO: [Physopt 32-662] Processed net tangerineA7_100_i/tangerineSOC_0/inst/vgaInst/pixelGenInst/pgLutBackgroundColor[19].  Did not re-place instance tangerineA7_100_i/tangerineSOC_0/inst/vgaInst/pixelGenInst/pgLutBackgroundColor_reg[19]
INFO: [Physopt 32-663] Processed net tangerineA7_100_i/tangerineSOC_0/inst/vgaInst/pgCursorX_reg_n_0_[2]_repN.  Re-placed instance tangerineA7_100_i/tangerineSOC_0/inst/vgaInst/pgCursorX_reg[2]_replica
INFO: [Physopt 32-662] Processed net tangerineA7_100_i/tangerineSOC_0/inst/vgaInst/pixelGenGfxInst/FSM_onehot_pggState_reg_n_0_[16].  Did not re-place instance tangerineA7_100_i/tangerineSOC_0/inst/vgaInst/pixelGenGfxInst/FSM_onehot_pggState_reg[16]
INFO: [Physopt 32-662] Processed net tangerineA7_100_i/tangerineSOC_0/inst/vgaInst/pixelGenGfxInst/FSM_onehot_pggState_reg_n_0_[2].  Did not re-place instance tangerineA7_100_i/tangerineSOC_0/inst/vgaInst/pixelGenGfxInst/FSM_onehot_pggState_reg[2]
INFO: [Physopt 32-662] Processed net tangerineA7_100_i/tangerineSOC_0/inst/vgaInst/pixelGenGfxInst/FSM_onehot_pggState_reg_n_0_[24].  Did not re-place instance tangerineA7_100_i/tangerineSOC_0/inst/vgaInst/pixelGenGfxInst/FSM_onehot_pggState_reg[24]
INFO: [Physopt 32-662] Processed net tangerineA7_100_i/tangerineSOC_0/inst/vgaInst/pixelGenGfxInst/FSM_onehot_pggState_reg_n_0_[28].  Did not re-place instance tangerineA7_100_i/tangerineSOC_0/inst/vgaInst/pixelGenGfxInst/FSM_onehot_pggState_reg[28]
INFO: [Physopt 32-662] Processed net tangerineA7_100_i/tangerineSOC_0/inst/vgaInst/pixelGenGfxInst/FSM_onehot_pggState_reg_n_0_[34].  Did not re-place instance tangerineA7_100_i/tangerineSOC_0/inst/vgaInst/pixelGenGfxInst/FSM_onehot_pggState_reg[34]
INFO: [Physopt 32-662] Processed net tangerineA7_100_i/tangerineSOC_0/inst/vgaInst/pixelGenInst/p_0_in[14].  Did not re-place instance tangerineA7_100_i/tangerineSOC_0/pgLutBackgroundColor[14]_i_1
INFO: [Physopt 32-662] Processed net tangerineA7_100_i/tangerineSOC_0/inst/vgaInst/pixelGenInst/pgLutBackgroundColor[14].  Did not re-place instance tangerineA7_100_i/tangerineSOC_0/inst/vgaInst/pixelGenInst/pgLutBackgroundColor_reg[14]
INFO: [Physopt 32-662] Processed net tangerineA7_100_i/tangerineSOC_0/inst/vgaInst/pixelGenInst/p_0_in[0].  Did not re-place instance tangerineA7_100_i/tangerineSOC_0/pgLutBackgroundColor[4]_i_1_rewire_rewire_rewire
INFO: [Physopt 32-662] Processed net tangerineA7_100_i/tangerineSOC_0/inst/vgaInst/pixelGenInst/pgLutBackgroundColor[2].  Did not re-place instance tangerineA7_100_i/tangerineSOC_0/inst/vgaInst/pixelGenInst/pgLutBackgroundColor_reg[2]
INFO: [Physopt 32-662] Processed net tangerineA7_100_i/tangerineSOC_0/inst/vgaInst/pixelGenInst/pgLutBackgroundColor[4].  Did not re-place instance tangerineA7_100_i/tangerineSOC_0/inst/vgaInst/pixelGenInst/pgLutBackgroundColor_reg[4]
INFO: [Physopt 32-662] Processed net tangerineA7_100_i/tangerineSOC_0/inst/vgaInst/pixelGenInst/pgLutBackgroundColor[1].  Did not re-place instance tangerineA7_100_i/tangerineSOC_0/inst/vgaInst/pixelGenInst/pgLutBackgroundColor_reg[1]
INFO: [Physopt 32-662] Processed net tangerineA7_100_i/tangerineSOC_0/pgLutLetterColor[4]_i_1_n_0.  Did not re-place instance tangerineA7_100_i/tangerineSOC_0/pgLutLetterColor[4]_i_1_rewire_rewire_rewire
INFO: [Physopt 32-662] Processed net tangerineA7_100_i/tangerineSOC_0/inst/vgaInst/pixelGenInst/pgLutLetterColor[4].  Did not re-place instance tangerineA7_100_i/tangerineSOC_0/inst/vgaInst/pixelGenInst/pgLutLetterColor_reg[4]
INFO: [Physopt 32-662] Processed net tangerineA7_100_i/tangerineSOC_0/inst/vgaInst/pixelGenGfxInst/FSM_onehot_pggState_reg_n_0_[9].  Did not re-place instance tangerineA7_100_i/tangerineSOC_0/inst/vgaInst/pixelGenGfxInst/FSM_onehot_pggState_reg[9]
INFO: [Physopt 32-662] Processed net tangerineA7_100_i/tangerineSOC_0/inst/vgaInst/pixelGenGfxInst/FSM_onehot_pggState_reg_n_0_[1].  Did not re-place instance tangerineA7_100_i/tangerineSOC_0/inst/vgaInst/pixelGenGfxInst/FSM_onehot_pggState_reg[1]
INFO: [Physopt 32-662] Processed net tangerineA7_100_i/tangerineSOC_0/inst/vgaInst/pixelGenGfxInst/FSM_onehot_pggState_reg_n_0_[13].  Did not re-place instance tangerineA7_100_i/tangerineSOC_0/inst/vgaInst/pixelGenGfxInst/FSM_onehot_pggState_reg[13]
INFO: [Physopt 32-662] Processed net tangerineA7_100_i/tangerineSOC_0/inst/vgaInst/pixelGenGfxInst/FSM_onehot_pggState_reg_n_0_[14].  Did not re-place instance tangerineA7_100_i/tangerineSOC_0/inst/vgaInst/pixelGenGfxInst/FSM_onehot_pggState_reg[14]
INFO: [Physopt 32-662] Processed net tangerineA7_100_i/tangerineSOC_0/inst/vgaInst/pixelGenGfxInst/FSM_onehot_pggState_reg_n_0_[4].  Did not re-place instance tangerineA7_100_i/tangerineSOC_0/inst/vgaInst/pixelGenGfxInst/FSM_onehot_pggState_reg[4]
INFO: [Physopt 32-662] Processed net tangerineA7_100_i/tangerineSOC_0/inst/vgaInst/pixelGenGfxInst/FSM_onehot_pggState_reg_n_0_[23].  Did not re-place instance tangerineA7_100_i/tangerineSOC_0/inst/vgaInst/pixelGenGfxInst/FSM_onehot_pggState_reg[23]
INFO: [Physopt 32-662] Processed net tangerineA7_100_i/tangerineSOC_0/inst/vgaInst/pixelGenGfxInst/FSM_onehot_pggState_reg_n_0_[36].  Did not re-place instance tangerineA7_100_i/tangerineSOC_0/inst/vgaInst/pixelGenGfxInst/FSM_onehot_pggState_reg[36]
INFO: [Physopt 32-662] Processed net tangerineA7_100_i/tangerineSOC_0/inst/vgaInst/pixelGenGfxInst/FSM_onehot_pggState_reg_n_0_[20].  Did not re-place instance tangerineA7_100_i/tangerineSOC_0/inst/vgaInst/pixelGenGfxInst/FSM_onehot_pggState_reg[20]
INFO: [Physopt 32-662] Processed net tangerineA7_100_i/tangerineSOC_0/inst/vgaInst/pixelGenInst/pgLutLetterColor[0].  Did not re-place instance tangerineA7_100_i/tangerineSOC_0/inst/vgaInst/pixelGenInst/pgLutLetterColor_reg[0]
INFO: [Physopt 32-662] Processed net tangerineA7_100_i/tangerineSOC_0/inst/vgaInst/pixelGenInst/pgLutLetterColor[2].  Did not re-place instance tangerineA7_100_i/tangerineSOC_0/inst/vgaInst/pixelGenInst/pgLutLetterColor_reg[2]
INFO: [Physopt 32-662] Processed net tangerineA7_100_i/tangerineSOC_0/inst/vgaInst/pixelGenInst/pgLutLetterColor[1].  Did not re-place instance tangerineA7_100_i/tangerineSOC_0/inst/vgaInst/pixelGenInst/pgLutLetterColor_reg[1]
INFO: [Physopt 32-663] Processed net tangerineA7_100_i/tangerineSOC_0/pgLutBackgroundColor[23]_i_10_n_0.  Re-placed instance tangerineA7_100_i/tangerineSOC_0/pgLutBackgroundColor[23]_i_10
INFO: [Physopt 32-662] Processed net tangerineA7_100_i/tangerineSOC_0/pgLutLetterColor[20]_i_1_n_0.  Did not re-place instance tangerineA7_100_i/tangerineSOC_0/pgLutLetterColor[20]_i_1_rewire_rewire_rewire
INFO: [Physopt 32-662] Processed net tangerineA7_100_i/tangerineSOC_0/inst/vgaInst/pgCursorX_reg_n_0_[6]_repN_1.  Did not re-place instance tangerineA7_100_i/tangerineSOC_0/inst/vgaInst/pgCursorX_reg[6]_replica_1
INFO: [Physopt 32-662] Processed net tangerineA7_100_i/tangerineSOC_0/inst/vgaInst/pixelGenInst/pgLutLetterColor[20].  Did not re-place instance tangerineA7_100_i/tangerineSOC_0/inst/vgaInst/pixelGenInst/pgLutLetterColor_reg[20]
INFO: [Physopt 32-662] Processed net tangerineA7_100_i/tangerineSOC_0/inst/vgaInst/pixelGenInst/p_0_in[8].  Did not re-place instance tangerineA7_100_i/tangerineSOC_0/pgLutBackgroundColor[12]_i_1_rewire_rewire_rewire
INFO: [Physopt 32-662] Processed net tangerineA7_100_i/tangerineSOC_0/inst/vgaInst/pixelGenGfxInst/FSM_onehot_pggState_reg_n_0_[30].  Did not re-place instance tangerineA7_100_i/tangerineSOC_0/inst/vgaInst/pixelGenGfxInst/FSM_onehot_pggState_reg[30]
INFO: [Physopt 32-662] Processed net tangerineA7_100_i/tangerineSOC_0/inst/vgaInst/pixelGenGfxInst/FSM_onehot_pggState_reg_n_0_[21].  Did not re-place instance tangerineA7_100_i/tangerineSOC_0/inst/vgaInst/pixelGenGfxInst/FSM_onehot_pggState_reg[21]
INFO: [Physopt 32-662] Processed net tangerineA7_100_i/tangerineSOC_0/inst/vgaInst/pixelGenGfxInst/FSM_onehot_pggState_reg_n_0_[22].  Did not re-place instance tangerineA7_100_i/tangerineSOC_0/inst/vgaInst/pixelGenGfxInst/FSM_onehot_pggState_reg[22]
INFO: [Physopt 32-662] Processed net tangerineA7_100_i/tangerineSOC_0/inst/vgaInst/pixelGenGfxInst/FSM_onehot_pggState_reg_n_0_[17].  Did not re-place instance tangerineA7_100_i/tangerineSOC_0/inst/vgaInst/pixelGenGfxInst/FSM_onehot_pggState_reg[17]
INFO: [Physopt 32-662] Processed net tangerineA7_100_i/tangerineSOC_0/inst/vgaInst/pixelGenGfxInst/FSM_onehot_pggState_reg_n_0_[3].  Did not re-place instance tangerineA7_100_i/tangerineSOC_0/inst/vgaInst/pixelGenGfxInst/FSM_onehot_pggState_reg[3]
INFO: [Physopt 32-662] Processed net tangerineA7_100_i/tangerineSOC_0/inst/vgaInst/pixelGenGfxInst/FSM_onehot_pggState_reg_n_0_[10].  Did not re-place instance tangerineA7_100_i/tangerineSOC_0/inst/vgaInst/pixelGenGfxInst/FSM_onehot_pggState_reg[10]
INFO: [Physopt 32-662] Processed net tangerineA7_100_i/tangerineSOC_0/inst/vgaInst/pixelGenGfxInst/FSM_onehot_pggState_reg_n_0_[32].  Did not re-place instance tangerineA7_100_i/tangerineSOC_0/inst/vgaInst/pixelGenGfxInst/FSM_onehot_pggState_reg[32]
INFO: [Physopt 32-662] Processed net tangerineA7_100_i/tangerineSOC_0/inst/vgaInst/pixelGenGfxInst/FSM_onehot_pggState_reg_n_0_[8].  Did not re-place instance tangerineA7_100_i/tangerineSOC_0/inst/vgaInst/pixelGenGfxInst/FSM_onehot_pggState_reg[8]
INFO: [Physopt 32-662] Processed net tangerineA7_100_i/tangerineSOC_0/inst/vgaInst/pixelGenInst/pgLutBackgroundColor[11].  Did not re-place instance tangerineA7_100_i/tangerineSOC_0/inst/vgaInst/pixelGenInst/pgLutBackgroundColor_reg[11]
INFO: [Physopt 32-662] Processed net tangerineA7_100_i/tangerineSOC_0/inst/vgaInst/pixelGenInst/pgLutBackgroundColor[9].  Did not re-place instance tangerineA7_100_i/tangerineSOC_0/inst/vgaInst/pixelGenInst/pgLutBackgroundColor_reg[9]
INFO: [Physopt 32-662] Processed net tangerineA7_100_i/tangerineSOC_0/inst/vgaInst/pixelGenGfxInst/FSM_onehot_pggState_reg_n_0_[11].  Did not re-place instance tangerineA7_100_i/tangerineSOC_0/inst/vgaInst/pixelGenGfxInst/FSM_onehot_pggState_reg[11]
INFO: [Physopt 32-662] Processed net tangerineA7_100_i/tangerineSOC_0/inst/vgaInst/pixelGenGfxInst/FSM_onehot_pggState_reg_n_0_[0].  Did not re-place instance tangerineA7_100_i/tangerineSOC_0/inst/vgaInst/pixelGenGfxInst/FSM_onehot_pggState_reg[0]
INFO: [Physopt 32-662] Processed net tangerineA7_100_i/tangerineSOC_0/inst/vgaInst/pixelGenGfxInst/FSM_onehot_pggState_reg_n_0_[25].  Did not re-place instance tangerineA7_100_i/tangerineSOC_0/inst/vgaInst/pixelGenGfxInst/FSM_onehot_pggState_reg[25]
INFO: [Physopt 32-662] Processed net tangerineA7_100_i/tangerineSOC_0/inst/vgaInst/pixelGenGfxInst/FSM_onehot_pggState_reg_n_0_[31].  Did not re-place instance tangerineA7_100_i/tangerineSOC_0/inst/vgaInst/pixelGenGfxInst/FSM_onehot_pggState_reg[31]
INFO: [Physopt 32-662] Processed net tangerineA7_100_i/tangerineSOC_0/inst/vgaInst/pixelGenGfxInst/FSM_onehot_pggState_reg_n_0_[6].  Did not re-place instance tangerineA7_100_i/tangerineSOC_0/inst/vgaInst/pixelGenGfxInst/FSM_onehot_pggState_reg[6]
INFO: [Physopt 32-662] Processed net tangerineA7_100_i/tangerineSOC_0/inst/vgaInst/pixelGenGfxInst/FSM_onehot_pggState_reg_n_0_[19].  Did not re-place instance tangerineA7_100_i/tangerineSOC_0/inst/vgaInst/pixelGenGfxInst/FSM_onehot_pggState_reg[19]
INFO: [Physopt 32-662] Processed net tangerineA7_100_i/tangerineSOC_0/inst/vgaInst/pixelGenGfxInst/FSM_onehot_pggState_reg_n_0_[7].  Did not re-place instance tangerineA7_100_i/tangerineSOC_0/inst/vgaInst/pixelGenGfxInst/FSM_onehot_pggState_reg[7]
INFO: [Physopt 32-662] Processed net tangerineA7_100_i/tangerineSOC_0/inst/vgaInst/pixelGenInst/p_0_in[22].  Did not re-place instance tangerineA7_100_i/tangerineSOC_0/pgLutBackgroundColor[22]_i_1
INFO: [Physopt 32-662] Processed net tangerineA7_100_i/tangerineSOC_0/pgLutLetterColor[21]_i_1_n_0.  Did not re-place instance tangerineA7_100_i/tangerineSOC_0/pgLutLetterColor[21]_i_1
INFO: [Physopt 32-662] Processed net tangerineA7_100_i/tangerineSOC_0/inst/vgaInst/pixelGenInst/pgLutBackgroundColor[22].  Did not re-place instance tangerineA7_100_i/tangerineSOC_0/inst/vgaInst/pixelGenInst/pgLutBackgroundColor_reg[22]
INFO: [Physopt 32-662] Processed net tangerineA7_100_i/tangerineSOC_0/inst/vgaInst/pixelGenInst/pgLutLetterColor[21].  Did not re-place instance tangerineA7_100_i/tangerineSOC_0/inst/vgaInst/pixelGenInst/pgLutLetterColor_reg[21]
INFO: [Physopt 32-662] Processed net tangerineA7_100_i/tangerineSOC_0/inst/vgaInst/pixelGenInst/pgLutLetterColor[16].  Did not re-place instance tangerineA7_100_i/tangerineSOC_0/inst/vgaInst/pixelGenInst/pgLutLetterColor_reg[16]
INFO: [Physopt 32-662] Processed net tangerineA7_100_i/tangerineSOC_0/inst/vgaInst/pixelGenInst/pgLutLetterColor[18].  Did not re-place instance tangerineA7_100_i/tangerineSOC_0/inst/vgaInst/pixelGenInst/pgLutLetterColor_reg[18]
INFO: [Physopt 32-662] Processed net tangerineA7_100_i/tangerineSOC_0/inst/vgaInst/pixelGenInst/p_0_in[23].  Did not re-place instance tangerineA7_100_i/tangerineSOC_0/pgLutBackgroundColor[23]_i_1
INFO: [Physopt 32-662] Processed net tangerineA7_100_i/tangerineSOC_0/inst/vgaInst/pixelGenInst/pgLutBackgroundColor[23].  Did not re-place instance tangerineA7_100_i/tangerineSOC_0/inst/vgaInst/pixelGenInst/pgLutBackgroundColor_reg[23]
INFO: [Physopt 32-662] Processed net tangerineA7_100_i/tangerineSOC_0/inst/vgaInst/pixelGenGfxInst/FSM_onehot_pggState_reg_n_0_[5].  Did not re-place instance tangerineA7_100_i/tangerineSOC_0/inst/vgaInst/pixelGenGfxInst/FSM_onehot_pggState_reg[5]
INFO: [Physopt 32-662] Processed net tangerineA7_100_i/tangerineSOC_0/inst/vgaInst/pixelGenGfxInst/FSM_onehot_pggState_reg_n_0_[26].  Did not re-place instance tangerineA7_100_i/tangerineSOC_0/inst/vgaInst/pixelGenGfxInst/FSM_onehot_pggState_reg[26]
INFO: [Physopt 32-662] Processed net tangerineA7_100_i/tangerineSOC_0/inst/vgaInst/pixelGenGfxInst/FSM_onehot_pggState_reg_n_0_[35].  Did not re-place instance tangerineA7_100_i/tangerineSOC_0/inst/vgaInst/pixelGenGfxInst/FSM_onehot_pggState_reg[35]
INFO: [Physopt 32-662] Processed net tangerineA7_100_i/tangerineSOC_0/inst/vgaInst/pixelGenGfxInst/FSM_onehot_pggState_reg_n_0_[12].  Did not re-place instance tangerineA7_100_i/tangerineSOC_0/inst/vgaInst/pixelGenGfxInst/FSM_onehot_pggState_reg[12]
INFO: [Physopt 32-662] Processed net tangerineA7_100_i/tangerineSOC_0/inst/vgaInst/pixelGenGfxInst/FSM_onehot_pggState_reg_n_0_[18].  Did not re-place instance tangerineA7_100_i/tangerineSOC_0/inst/vgaInst/pixelGenGfxInst/FSM_onehot_pggState_reg[18]
INFO: [Physopt 32-662] Processed net tangerineA7_100_i/tangerineSOC_0/inst/vgaInst/pixelGenGfxInst/FSM_onehot_pggState_reg_n_0_[27].  Did not re-place instance tangerineA7_100_i/tangerineSOC_0/inst/vgaInst/pixelGenGfxInst/FSM_onehot_pggState_reg[27]
INFO: [Physopt 32-662] Processed net tangerineA7_100_i/tangerineSOC_0/inst/vgaInst/pixelGenGfxInst/FSM_onehot_pggState_reg_n_0_[33].  Did not re-place instance tangerineA7_100_i/tangerineSOC_0/inst/vgaInst/pixelGenGfxInst/FSM_onehot_pggState_reg[33]
INFO: [Physopt 32-662] Processed net tangerineA7_100_i/tangerineSOC_0/inst/vgaInst/pixelGenGfxInst/FSM_onehot_pggState_reg_n_0_[29].  Did not re-place instance tangerineA7_100_i/tangerineSOC_0/inst/vgaInst/pixelGenGfxInst/FSM_onehot_pggState_reg[29]
INFO: [Physopt 32-662] Processed net tangerineA7_100_i/tangerineSOC_0/inst/vgaInst/pixelGenInst/p_0_in[7].  Did not re-place instance tangerineA7_100_i/tangerineSOC_0/pgLutBackgroundColor[7]_i_1
INFO: [Physopt 32-662] Processed net tangerineA7_100_i/tangerineSOC_0/inst/vgaInst/pixelGenInst/pgLutBackgroundColor[7].  Did not re-place instance tangerineA7_100_i/tangerineSOC_0/inst/vgaInst/pixelGenInst/pgLutBackgroundColor_reg[7]
INFO: [Physopt 32-662] Processed net tangerineA7_100_i/tangerineSOC_0/pgLutLetterColor[5]_i_1_n_0.  Did not re-place instance tangerineA7_100_i/tangerineSOC_0/pgLutLetterColor[5]_i_1
INFO: [Physopt 32-662] Processed net tangerineA7_100_i/tangerineSOC_0/inst/vgaInst/pixelGenInst/pgLutLetterColor[5].  Did not re-place instance tangerineA7_100_i/tangerineSOC_0/inst/vgaInst/pixelGenInst/pgLutLetterColor_reg[5]
INFO: [Physopt 32-662] Processed net tangerineA7_100_i/tangerineSOC_0/inst/vgaInst/pixelGenInst/pgLutBackgroundColor[18].  Did not re-place instance tangerineA7_100_i/tangerineSOC_0/inst/vgaInst/pixelGenInst/pgLutBackgroundColor_reg[18]
INFO: [Physopt 32-662] Processed net tangerineA7_100_i/tangerineSOC_0/inst/vgaInst/pixelGenInst/pgLutBackgroundColor[0].  Did not re-place instance tangerineA7_100_i/tangerineSOC_0/inst/vgaInst/pixelGenInst/pgLutBackgroundColor_reg[0]
INFO: [Physopt 32-662] Processed net tangerineA7_100_i/tangerineSOC_0/inst/vgaInst/pixelGenInst/pgLutBackgroundColor[16].  Did not re-place instance tangerineA7_100_i/tangerineSOC_0/inst/vgaInst/pixelGenInst/pgLutBackgroundColor_reg[16]
INFO: [Physopt 32-662] Processed net tangerineA7_100_i/tangerineSOC_0/pgLutBackgroundColor[23]_i_12_n_0.  Did not re-place instance tangerineA7_100_i/tangerineSOC_0/pgLutBackgroundColor[23]_i_12
INFO: [Physopt 32-663] Processed net tangerineA7_100_i/tangerineSOC_0/inst/vgaInst/pgCursorY_reg_n_0_[2]_repN.  Re-placed instance tangerineA7_100_i/tangerineSOC_0/inst/vgaInst/pgCursorY_reg[2]_replica
INFO: [Physopt 32-662] Processed net tangerineA7_100_i/tangerineSOC_0/pgLutBackgroundColor[23]_i_11_n_0.  Did not re-place instance tangerineA7_100_i/tangerineSOC_0/pgLutBackgroundColor[23]_i_11
INFO: [Physopt 32-662] Processed net tangerineA7_100_i/tangerineSOC_0/inst/vgaInst/pgCursorY_reg_n_0_[7]_repN.  Did not re-place instance tangerineA7_100_i/tangerineSOC_0/inst/vgaInst/pgCursorY_reg[7]_replica
INFO: [Physopt 32-662] Processed net tangerineA7_100_i/tangerineSOC_0/inst/vgaInst/pgCursorY_reg_n_0_[6].  Did not re-place instance tangerineA7_100_i/tangerineSOC_0/inst/vgaInst/pgCursorY_reg[6]
INFO: [Physopt 32-662] Processed net tangerineA7_100_i/tangerineSOC_0/inst/vgaInst/pgCursorY_reg_n_0_[3]_repN.  Did not re-place instance tangerineA7_100_i/tangerineSOC_0/inst/vgaInst/pgCursorY_reg[3]_replica
INFO: [Physopt 32-662] Processed net tangerineA7_100_i/tangerineSOC_0/inst/vgaInst/vmMode_reg_n_0_[0]_repN.  Did not re-place instance tangerineA7_100_i/tangerineSOC_0/inst/vgaInst/vmMode_reg[0]_replica
INFO: [Physopt 32-662] Processed net tangerineA7_100_i/tangerineSOC_0/pgLutLetterColor[12]_i_1_n_0.  Did not re-place instance tangerineA7_100_i/tangerineSOC_0/pgLutLetterColor[12]_i_1_rewire_rewire_rewire
INFO: [Physopt 32-662] Processed net tangerineA7_100_i/tangerineSOC_0/inst/vgaInst/pixelGenInst/pgLutLetterColor[11].  Did not re-place instance tangerineA7_100_i/tangerineSOC_0/inst/vgaInst/pixelGenInst/pgLutLetterColor_reg[11]
INFO: [Physopt 32-662] Processed net tangerineA7_100_i/tangerineSOC_0/inst/vgaInst/pixelGenInst/pgLutLetterColor[9].  Did not re-place instance tangerineA7_100_i/tangerineSOC_0/inst/vgaInst/pixelGenInst/pgLutLetterColor_reg[9]
INFO: [Physopt 32-662] Processed net tangerineA7_100_i/tangerineSOC_0/inst/vgaInst/pixelGenInst/pgLutLetterColor[10].  Did not re-place instance tangerineA7_100_i/tangerineSOC_0/inst/vgaInst/pixelGenInst/pgLutLetterColor_reg[10]
INFO: [Physopt 32-662] Processed net tangerineA7_100_i/tangerineSOC_0/inst/vgaInst/pixelGenInst/pgLutBackgroundColor[10].  Did not re-place instance tangerineA7_100_i/tangerineSOC_0/inst/vgaInst/pixelGenInst/pgLutBackgroundColor_reg[10]
INFO: [Physopt 32-663] Processed net tangerineA7_100_i/tangerineSOC_0/inst/vgaInst/pgCursorY_reg_n_0_[5].  Re-placed instance tangerineA7_100_i/tangerineSOC_0/inst/vgaInst/pgCursorY_reg[5]
INFO: [Physopt 32-662] Processed net tangerineA7_100_i/tangerineSOC_0/inst/vgaInst/pixelGenInst/pgLutLetterColor[12].  Did not re-place instance tangerineA7_100_i/tangerineSOC_0/inst/vgaInst/pixelGenInst/pgLutLetterColor_reg[12]
INFO: [Physopt 32-663] Processed net tangerineA7_100_i/tangerineSOC_0/inst/vgaInst/pgVideoMode[1].  Re-placed instance tangerineA7_100_i/tangerineSOC_0/inst/vgaInst/vmMode_reg[3]
INFO: [Physopt 32-662] Processed net tangerineA7_100_i/tangerineSOC_0/pgLetterY[7]_i_2_n_0.  Did not re-place instance tangerineA7_100_i/tangerineSOC_0/pgLetterY[7]_i_2
INFO: [Physopt 32-662] Processed net tangerineA7_100_i/tangerineSOC_0/pgLetterY[7]_i_1_n_0.  Did not re-place instance tangerineA7_100_i/tangerineSOC_0/pgLetterY[7]_i_1
INFO: [Physopt 32-662] Processed net tangerineA7_100_i/tangerineSOC_0/pgLetterY[7]_i_6_n_0.  Did not re-place instance tangerineA7_100_i/tangerineSOC_0/pgLetterY[7]_i_6
INFO: [Physopt 32-662] Processed net tangerineA7_100_i/tangerineSOC_0/inst/vgaInst/pixelGenInst/pgLetterY[1].  Did not re-place instance tangerineA7_100_i/tangerineSOC_0/inst/vgaInst/pixelGenInst/pgLetterY_reg[1]
INFO: [Physopt 32-662] Processed net tangerineA7_100_i/tangerineSOC_0/inst/vgaInst/pixelGenInst/pgLetterY[2].  Did not re-place instance tangerineA7_100_i/tangerineSOC_0/inst/vgaInst/pixelGenInst/pgLetterY_reg[2]
INFO: [Physopt 32-662] Processed net tangerineA7_100_i/tangerineSOC_0/inst/vgaInst/pixelGenInst/pgLetterY[3].  Did not re-place instance tangerineA7_100_i/tangerineSOC_0/inst/vgaInst/pixelGenInst/pgLetterY_reg[3]
INFO: [Physopt 32-662] Processed net tangerineA7_100_i/tangerineSOC_0/inst/vgaInst/pixelGenInst/pgLetterY[4].  Did not re-place instance tangerineA7_100_i/tangerineSOC_0/inst/vgaInst/pixelGenInst/pgLetterY_reg[4]
INFO: [Physopt 32-662] Processed net tangerineA7_100_i/tangerineSOC_0/inst/vgaInst/pixelGenInst/pgLetterY[5].  Did not re-place instance tangerineA7_100_i/tangerineSOC_0/inst/vgaInst/pixelGenInst/pgLetterY_reg[5]
INFO: [Physopt 32-662] Processed net tangerineA7_100_i/tangerineSOC_0/inst/vgaInst/pixelGenInst/pgLetterY[7].  Did not re-place instance tangerineA7_100_i/tangerineSOC_0/inst/vgaInst/pixelGenInst/pgLetterY_reg[7]
INFO: [Physopt 32-662] Processed net tangerineA7_100_i/tangerineSOC_0/inst/vgaInst/pixelGenInst/pgLutLetterColor[8].  Did not re-place instance tangerineA7_100_i/tangerineSOC_0/inst/vgaInst/pixelGenInst/pgLutLetterColor_reg[8]
INFO: [Physopt 32-662] Processed net tangerineA7_100_i/tangerineSOC_0/FSM_onehot_pggState[1]_i_1_n_0.  Did not re-place instance tangerineA7_100_i/tangerineSOC_0/FSM_onehot_pggState[1]_i_1
INFO: [Physopt 32-662] Processed net tangerineA7_100_i/tangerineSOC_0/inst/vgaInst/pixelGenInst/pgLutBackgroundColor[8].  Did not re-place instance tangerineA7_100_i/tangerineSOC_0/inst/vgaInst/pixelGenInst/pgLutBackgroundColor_reg[8]
INFO: [Physopt 32-662] Processed net tangerineA7_100_i/tangerineSOC_0/inst/vgaInst/pixelGenInst/p_0_in[6].  Did not re-place instance tangerineA7_100_i/tangerineSOC_0/pgLutBackgroundColor[6]_i_1
INFO: [Physopt 32-662] Processed net tangerineA7_100_i/tangerineSOC_0/inst/vgaInst/pixelGenInst/pgLutBackgroundColor[6].  Did not re-place instance tangerineA7_100_i/tangerineSOC_0/inst/vgaInst/pixelGenInst/pgLutBackgroundColor_reg[6]
INFO: [Physopt 32-662] Processed net tangerineA7_100_i/tangerineSOC_0/inst/vgaInst/pixelGenInst/p_0_in[15].  Did not re-place instance tangerineA7_100_i/tangerineSOC_0/pgLutBackgroundColor[15]_i_1
INFO: [Physopt 32-662] Processed net tangerineA7_100_i/tangerineSOC_0/inst/vgaInst/pixelGenInst/pgLutBackgroundColor[15].  Did not re-place instance tangerineA7_100_i/tangerineSOC_0/inst/vgaInst/pixelGenInst/pgLutBackgroundColor_reg[15]
INFO: [Physopt 32-662] Processed net tangerineA7_100_i/tangerineSOC_0/FSM_onehot_pggState[36]_i_12_n_0.  Did not re-place instance tangerineA7_100_i/tangerineSOC_0/FSM_onehot_pggState[36]_i_12
INFO: [Physopt 32-662] Processed net tangerineA7_100_i/tangerineSOC_0/FSM_onehot_pggState[36]_i_7_n_0.  Did not re-place instance tangerineA7_100_i/tangerineSOC_0/FSM_onehot_pggState[36]_i_7
INFO: [Physopt 32-662] Processed net tangerineA7_100_i/tangerineSOC_0/inst/vgaInst/pixelGenInst/pgLutLetterColor[19].  Did not re-place instance tangerineA7_100_i/tangerineSOC_0/inst/vgaInst/pixelGenInst/pgLutLetterColor_reg[19]
INFO: [Physopt 32-662] Processed net tangerineA7_100_i/tangerineSOC_0/inst/vgaInst/vmMode_reg_n_0_[4]_repN.  Did not re-place instance tangerineA7_100_i/tangerineSOC_0/inst/vgaInst/vmMode_reg[4]_replica
INFO: [Physopt 32-662] Processed net tangerineA7_100_i/tangerineSOC_0/inst/vgaInst/vmMode_reg_n_0_[5]_repN_1.  Did not re-place instance tangerineA7_100_i/tangerineSOC_0/inst/vgaInst/vmMode_reg[5]_replica_1
INFO: [Physopt 32-663] Processed net tangerineA7_100_i/tangerineSOC_0/inst/vgaInst/pgCursorY_reg_n_0_[1]_repN.  Re-placed instance tangerineA7_100_i/tangerineSOC_0/inst/vgaInst/pgCursorY_reg[1]_replica
INFO: [Physopt 32-662] Processed net tangerineA7_100_i/tangerineSOC_0/inst/vgaInst/pixelGenInst/pgLutBackgroundColor[17].  Did not re-place instance tangerineA7_100_i/tangerineSOC_0/inst/vgaInst/pixelGenInst/pgLutBackgroundColor_reg[17]
INFO: [Physopt 32-663] Processed net tangerineA7_100_i/tangerineSOC_0/inst/vgaInst/pgCursorX_reg_n_0_[1]_repN.  Re-placed instance tangerineA7_100_i/tangerineSOC_0/inst/vgaInst/pgCursorX_reg[1]_replica
INFO: [Physopt 32-662] Processed net tangerineA7_100_i/tangerineSOC_0/inst/vgaInst/pixelGenInst/pgLutBackgroundColor[12].  Did not re-place instance tangerineA7_100_i/tangerineSOC_0/inst/vgaInst/pixelGenInst/pgLutBackgroundColor_reg[12]
INFO: [Physopt 32-662] Processed net tangerineA7_100_i/tangerineSOC_0/inst/vgaInst/pixelGenInst/pgLutLetterColor[17].  Did not re-place instance tangerineA7_100_i/tangerineSOC_0/inst/vgaInst/pixelGenInst/pgLutLetterColor_reg[17]
INFO: [Physopt 32-662] Processed net tangerineA7_100_i/tangerineSOC_0/inst/vgaInst/pixelGenInst/pgLutLetterColor[3].  Did not re-place instance tangerineA7_100_i/tangerineSOC_0/inst/vgaInst/pixelGenInst/pgLutLetterColor_reg[3]
INFO: [Physopt 32-662] Processed net tangerineA7_100_i/tangerineSOC_0/inst/vgaInst/pixelGenInst/pgLutBackgroundColor[3].  Did not re-place instance tangerineA7_100_i/tangerineSOC_0/inst/vgaInst/pixelGenInst/pgLutBackgroundColor_reg[3]
INFO: [Physopt 32-663] Processed net tangerineA7_100_i/tangerineSOC_0/pgDisplayPtr[13]_i_6_n_0.  Re-placed instance tangerineA7_100_i/tangerineSOC_0/pgDisplayPtr[13]_i_6
INFO: [Physopt 32-662] Processed net tangerineA7_100_i/tangerineSOC_0/pgDisplayPtr[13]_i_1_n_0.  Did not re-place instance tangerineA7_100_i/tangerineSOC_0/pgDisplayPtr[13]_i_1
INFO: [Physopt 32-662] Processed net tangerineA7_100_i/tangerineSOC_0/inst/vgaInst/pixelGenInst/pgDisplayPtr_reg_n_0_[10].  Did not re-place instance tangerineA7_100_i/tangerineSOC_0/inst/vgaInst/pixelGenInst/pgDisplayPtr_reg[10]
INFO: [Physopt 32-662] Processed net tangerineA7_100_i/tangerineSOC_0/inst/vgaInst/pixelGenInst/pgDisplayPtr_reg_n_0_[11].  Did not re-place instance tangerineA7_100_i/tangerineSOC_0/inst/vgaInst/pixelGenInst/pgDisplayPtr_reg[11]
INFO: [Physopt 32-662] Processed net tangerineA7_100_i/tangerineSOC_0/inst/vgaInst/pixelGenInst/pgDisplayPtr_reg_n_0_[1].  Did not re-place instance tangerineA7_100_i/tangerineSOC_0/inst/vgaInst/pixelGenInst/pgDisplayPtr_reg[1]
INFO: [Physopt 32-662] Processed net tangerineA7_100_i/tangerineSOC_0/inst/vgaInst/pixelGenInst/pgDisplayPtr_reg_n_0_[2].  Did not re-place instance tangerineA7_100_i/tangerineSOC_0/inst/vgaInst/pixelGenInst/pgDisplayPtr_reg[2]
INFO: [Physopt 32-662] Processed net tangerineA7_100_i/tangerineSOC_0/inst/vgaInst/pixelGenInst/pgDisplayPtr_reg_n_0_[7].  Did not re-place instance tangerineA7_100_i/tangerineSOC_0/inst/vgaInst/pixelGenInst/pgDisplayPtr_reg[7]
INFO: [Physopt 32-662] Processed net tangerineA7_100_i/tangerineSOC_0/inst/vgaInst/pixelGenInst/pgDisplayPtr_reg_n_0_[9].  Did not re-place instance tangerineA7_100_i/tangerineSOC_0/inst/vgaInst/pixelGenInst/pgDisplayPtr_reg[9]
INFO: [Physopt 32-662] Processed net tangerineA7_100_i/tangerineSOC_0/inst/vgaInst/pixelGenInst/pgDisplayPtr_reg_n_0_[0].  Did not re-place instance tangerineA7_100_i/tangerineSOC_0/inst/vgaInst/pixelGenInst/pgDisplayPtr_reg[0]
INFO: [Physopt 32-662] Processed net tangerineA7_100_i/tangerineSOC_0/inst/vgaInst/pixelGenInst/pgDisplayPtr_reg_n_0_[12].  Did not re-place instance tangerineA7_100_i/tangerineSOC_0/inst/vgaInst/pixelGenInst/pgDisplayPtr_reg[12]
INFO: [Physopt 32-662] Processed net tangerineA7_100_i/tangerineSOC_0/inst/vgaInst/pixelGenInst/pgDisplayPtr_reg_n_0_[13].  Did not re-place instance tangerineA7_100_i/tangerineSOC_0/inst/vgaInst/pixelGenInst/pgDisplayPtr_reg[13]
INFO: [Physopt 32-662] Processed net tangerineA7_100_i/tangerineSOC_0/inst/vgaInst/pixelGenInst/pgDisplayPtr_reg_n_0_[3].  Did not re-place instance tangerineA7_100_i/tangerineSOC_0/inst/vgaInst/pixelGenInst/pgDisplayPtr_reg[3]
INFO: [Physopt 32-662] Processed net tangerineA7_100_i/tangerineSOC_0/inst/vgaInst/pixelGenInst/pgDisplayPtr_reg_n_0_[4].  Did not re-place instance tangerineA7_100_i/tangerineSOC_0/inst/vgaInst/pixelGenInst/pgDisplayPtr_reg[4]
INFO: [Physopt 32-662] Processed net tangerineA7_100_i/tangerineSOC_0/inst/vgaInst/pixelGenInst/pgDisplayPtr_reg_n_0_[5].  Did not re-place instance tangerineA7_100_i/tangerineSOC_0/inst/vgaInst/pixelGenInst/pgDisplayPtr_reg[5]
INFO: [Physopt 32-662] Processed net tangerineA7_100_i/tangerineSOC_0/inst/vgaInst/pixelGenInst/pgDisplayPtr_reg_n_0_[6].  Did not re-place instance tangerineA7_100_i/tangerineSOC_0/inst/vgaInst/pixelGenInst/pgDisplayPtr_reg[6]
INFO: [Physopt 32-662] Processed net tangerineA7_100_i/tangerineSOC_0/inst/vgaInst/pixelGenInst/pgDisplayPtr_reg_n_0_[8].  Did not re-place instance tangerineA7_100_i/tangerineSOC_0/inst/vgaInst/pixelGenInst/pgDisplayPtr_reg[8]
INFO: [Physopt 32-662] Processed net tangerineA7_100_i/tangerineSOC_0/pgDisplayPtr[5]_i_1_n_0.  Did not re-place instance tangerineA7_100_i/tangerineSOC_0/pgDisplayPtr[5]_i_1
INFO: [Physopt 32-662] Processed net tangerineA7_100_i/tangerineSOC_0/pgDisplayPtr[8]_i_1_n_0.  Did not re-place instance tangerineA7_100_i/tangerineSOC_0/pgDisplayPtr[8]_i_1
INFO: [Physopt 32-662] Processed net tangerineA7_100_i/tangerineSOC_0/pgDisplayPtr[12]_i_1_n_0.  Did not re-place instance tangerineA7_100_i/tangerineSOC_0/pgDisplayPtr[12]_i_1
INFO: [Physopt 32-662] Processed net tangerineA7_100_i/tangerineSOC_0/pgDisplayPtr[1]_i_1_n_0.  Did not re-place instance tangerineA7_100_i/tangerineSOC_0/pgDisplayPtr[1]_i_1
INFO: [Physopt 32-661] Optimized 12 nets.  Re-placed 12 instances.
INFO: [Physopt 32-775] End 1 Pass. Optimized 12 nets or cells. Created 0 new cell, deleted 0 existing cell and moved 12 existing cells
INFO: [Physopt 32-619] Estimated Timing Summary | WNS=-7.193 | TNS=-7192.128 |
Netlist sorting complete. Time (s): cpu = 00:00:00 ; elapsed = 00:00:00.014 . Memory (MB): peak = 3776.652 ; gain = 0.000
Phase 29 Single Cell Placement Optimization | Checksum: 213732db8

Time (s): cpu = 00:01:18 ; elapsed = 00:00:56 . Memory (MB): peak = 3776.652 ; gain = 0.000

Phase 30 Multi Cell Placement Optimization
INFO: [Physopt 32-660] Identified 100 candidate nets for placement-based optimization.
INFO: [Physopt 32-662] Processed net tangerineA7_100_i/tangerineSOC_0/pgLutBackgroundColor[23]_i_13_n_0.  Did not re-place instance tangerineA7_100_i/tangerineSOC_0/pgLutBackgroundColor[23]_i_13/O
INFO: [Physopt 32-662] Processed net tangerineA7_100_i/tangerineSOC_0/inst/vgaInst/pgCursorY_reg_n_0_[0].  Did not re-place instance tangerineA7_100_i/tangerineSOC_0/inst/vgaInst/pgCursorY_reg[0]/Q
INFO: [Physopt 32-662] Processed net tangerineA7_100_i/tangerineSOC_0/inst/vgaInst/pixelGenInst/p_0_in[13].  Did not re-place instance tangerineA7_100_i/tangerineSOC_0/pgLutBackgroundColor[13]_i_1/O
INFO: [Physopt 32-662] Processed net tangerineA7_100_i/tangerineSOC_0/pgLutLetterColor[15]_i_1_n_0.  Did not re-place instance tangerineA7_100_i/tangerineSOC_0/pgLutLetterColor[15]_i_1/O
INFO: [Physopt 32-662] Processed net tangerineA7_100_i/tangerineSOC_0/pgLutBackgroundColor[23]_i_8_n_0.  Did not re-place instance tangerineA7_100_i/tangerineSOC_0/pgLutBackgroundColor[23]_i_8/O
INFO: [Physopt 32-662] Processed net tangerineA7_100_i/tangerineSOC_0/inst/vgaInst/pgCursorX_reg_n_0_[5].  Did not re-place instance tangerineA7_100_i/tangerineSOC_0/inst/vgaInst/pgCursorX_reg[5]/Q
INFO: [Physopt 32-662] Processed net tangerineA7_100_i/tangerineSOC_0/pgLutLetterColor[6]_i_1_n_0.  Did not re-place instance tangerineA7_100_i/tangerineSOC_0/pgLutLetterColor[6]_i_1/O
INFO: [Physopt 32-662] Processed net tangerineA7_100_i/tangerineSOC_0/inst/vgaInst/pixelGenInst/p_0_in[5].  Did not re-place instance tangerineA7_100_i/tangerineSOC_0/pgLutBackgroundColor[5]_i_1/O
INFO: [Physopt 32-662] Processed net tangerineA7_100_i/tangerineSOC_0/inst/vgaInst/pgCursorY_reg_n_0_[4].  Did not re-place instance tangerineA7_100_i/tangerineSOC_0/inst/vgaInst/pgCursorY_reg[4]/Q
INFO: [Physopt 32-662] Processed net tangerineA7_100_i/tangerineSOC_0/inst/vgaInst/pgCursorX_reg_n_0_[3]_repN.  Did not re-place instance tangerineA7_100_i/tangerineSOC_0/inst/vgaInst/pgCursorX_reg[3]_replica/Q
INFO: [Physopt 32-662] Processed net tangerineA7_100_i/tangerineSOC_0/pgLutLetterColor[7]_i_1_n_0.  Did not re-place instance tangerineA7_100_i/tangerineSOC_0/pgLutLetterColor[7]_i_1/O
INFO: [Physopt 32-662] Processed net tangerineA7_100_i/tangerineSOC_0/pgLutLetterColor[14]_i_1_n_0.  Did not re-place instance tangerineA7_100_i/tangerineSOC_0/pgLutLetterColor[14]_i_1/O
INFO: [Physopt 32-662] Processed net tangerineA7_100_i/tangerineSOC_0/pgLutLetterColor[22]_i_1_n_0.  Did not re-place instance tangerineA7_100_i/tangerineSOC_0/pgLutLetterColor[22]_i_1/O
INFO: [Physopt 32-662] Processed net tangerineA7_100_i/tangerineSOC_0/pgLutLetterColor[23]_i_1_n_0.  Did not re-place instance tangerineA7_100_i/tangerineSOC_0/pgLutLetterColor[23]_i_1/O
INFO: [Physopt 32-662] Processed net tangerineA7_100_i/tangerineSOC_0/inst/vgaInst/pgCursorX_reg_n_0_[6]_repN.  Did not re-place instance tangerineA7_100_i/tangerineSOC_0/inst/vgaInst/pgCursorX_reg[6]_replica/Q
INFO: [Physopt 32-662] Processed net tangerineA7_100_i/tangerineSOC_0/pgLutBackgroundColor[23]_i_10_n_0_repN.  Did not re-place instance tangerineA7_100_i/tangerineSOC_0/pgLutBackgroundColor[23]_i_10_replica/O
INFO: [Physopt 32-662] Processed net tangerineA7_100_i/tangerineSOC_0/inst/vgaInst/pgCursorX_reg_n_0_[7].  Did not re-place instance tangerineA7_100_i/tangerineSOC_0/inst/vgaInst/pgCursorX_reg[7]/Q
INFO: [Physopt 32-662] Processed net tangerineA7_100_i/tangerineSOC_0/pgLutBackgroundColor[23]_i_9_n_0.  Did not re-place instance tangerineA7_100_i/tangerineSOC_0/pgLutBackgroundColor[23]_i_9/O
INFO: [Physopt 32-662] Processed net tangerineA7_100_i/tangerineSOC_0/inst/vgaInst/pgCursorX_reg_n_0_[0]_repN.  Did not re-place instance tangerineA7_100_i/tangerineSOC_0/inst/vgaInst/pgCursorX_reg[0]_replica/Q
INFO: [Physopt 32-662] Processed net tangerineA7_100_i/tangerineSOC_0/pgLutLetterColor[13]_i_1_n_0.  Did not re-place instance tangerineA7_100_i/tangerineSOC_0/pgLutLetterColor[13]_i_1/O
INFO: [Physopt 32-662] Processed net tangerineA7_100_i/tangerineSOC_0/inst/vgaInst/pixelGenInst/p_0_in[21].  Did not re-place instance tangerineA7_100_i/tangerineSOC_0/pgLutBackgroundColor[21]_i_1/O
INFO: [Physopt 32-662] Processed net tangerineA7_100_i/tangerineSOC_0/inst/vgaInst/vmMode_reg_n_0_[1]_repN.  Did not re-place instance tangerineA7_100_i/tangerineSOC_0/inst/vgaInst/vmMode_reg[1]_replica/Q
INFO: [Physopt 32-662] Processed net tangerineA7_100_i/tangerineSOC_0/FSM_onehot_pggState[36]_i_3_n_0.  Did not re-place instance tangerineA7_100_i/tangerineSOC_0/FSM_onehot_pggState[36]_i_3/O
INFO: [Physopt 32-662] Processed net tangerineA7_100_i/tangerineSOC_0/FSM_onehot_pggState[36]_i_8_n_0.  Did not re-place instance tangerineA7_100_i/tangerineSOC_0/FSM_onehot_pggState[36]_i_8/O
INFO: [Physopt 32-662] Processed net tangerineA7_100_i/tangerineSOC_0/inst/vgaInst/pixelGenInst/p_0_in[14].  Did not re-place instance tangerineA7_100_i/tangerineSOC_0/pgLutBackgroundColor[14]_i_1/O
INFO: [Physopt 32-663] Processed net tangerineA7_100_i/tangerineSOC_0/pgLutBackgroundColor[23]_i_6_n_0.  Re-placed instance tangerineA7_100_i/tangerineSOC_0/pgLutBackgroundColor[23]_i_6_rewire_rewire_rewire/O
INFO: [Physopt 32-663] Processed net tangerineA7_100_i/tangerineSOC_0/pgLutLetterColor[4]_i_1_n_0.  Re-placed instance tangerineA7_100_i/tangerineSOC_0/pgLutLetterColor[4]_i_1_rewire_rewire_rewire/O
INFO: [Physopt 32-662] Processed net tangerineA7_100_i/tangerineSOC_0/pgLutBackgroundColor[23]_i_12_n_0.  Did not re-place instance tangerineA7_100_i/tangerineSOC_0/pgLutBackgroundColor[23]_i_12/O
INFO: [Physopt 32-662] Processed net tangerineA7_100_i/tangerineSOC_0/inst/vgaInst/pgCursorY_reg_n_0_[3]_repN.  Did not re-place instance tangerineA7_100_i/tangerineSOC_0/inst/vgaInst/pgCursorY_reg[3]_replica/Q
INFO: [Physopt 32-662] Processed net tangerineA7_100_i/tangerineSOC_0/inst/vgaInst/pgCursorX_reg_n_0_[4]_repN.  Did not re-place instance tangerineA7_100_i/tangerineSOC_0/inst/vgaInst/pgCursorX_reg[4]_replica/Q
INFO: [Physopt 32-662] Processed net tangerineA7_100_i/tangerineSOC_0/pgLutLetterColor[20]_i_1_n_0.  Did not re-place instance tangerineA7_100_i/tangerineSOC_0/pgLutLetterColor[20]_i_1_rewire_rewire_rewire/O
INFO: [Physopt 32-662] Processed net tangerineA7_100_i/tangerineSOC_0/inst/vgaInst/pgCursorX_reg_n_0_[2]_repN.  Did not re-place instance tangerineA7_100_i/tangerineSOC_0/inst/vgaInst/pgCursorX_reg[2]_replica/Q
INFO: [Physopt 32-662] Processed net tangerineA7_100_i/tangerineSOC_0/inst/vgaInst/pixelGenInst/p_0_in[0].  Did not re-place instance tangerineA7_100_i/tangerineSOC_0/pgLutBackgroundColor[4]_i_1_rewire_rewire_rewire/O
INFO: [Physopt 32-662] Processed net tangerineA7_100_i/tangerineSOC_0/pgLutLetterColor[12]_i_1_n_0.  Did not re-place instance tangerineA7_100_i/tangerineSOC_0/pgLutLetterColor[12]_i_1_rewire_rewire_rewire/O
INFO: [Physopt 32-662] Processed net tangerineA7_100_i/tangerineSOC_0/inst/vgaInst/pixelGenInst/p_0_in[22].  Did not re-place instance tangerineA7_100_i/tangerineSOC_0/pgLutBackgroundColor[22]_i_1/O
INFO: [Physopt 32-662] Processed net tangerineA7_100_i/tangerineSOC_0/pgLutLetterColor[21]_i_1_n_0.  Did not re-place instance tangerineA7_100_i/tangerineSOC_0/pgLutLetterColor[21]_i_1/O
INFO: [Physopt 32-662] Processed net tangerineA7_100_i/tangerineSOC_0/inst/vgaInst/pixelGenInst/p_0_in[16].  Did not re-place instance tangerineA7_100_i/tangerineSOC_0/pgLutBackgroundColor[20]_i_1_rewire_rewire_rewire/O
INFO: [Physopt 32-662] Processed net tangerineA7_100_i/tangerineSOC_0/inst/vgaInst/pixelGenInst/p_0_in[8].  Did not re-place instance tangerineA7_100_i/tangerineSOC_0/pgLutBackgroundColor[12]_i_1_rewire_rewire_rewire/O
INFO: [Physopt 32-661] Optimized 2 nets.  Re-placed 4 instances.
INFO: [Physopt 32-775] End 1 Pass. Optimized 2 nets or cells. Created 0 new cell, deleted 0 existing cell and moved 4 existing cells
INFO: [Physopt 32-619] Estimated Timing Summary | WNS=-7.193 | TNS=-7191.789 |
Netlist sorting complete. Time (s): cpu = 00:00:00 ; elapsed = 00:00:00.011 . Memory (MB): peak = 3776.652 ; gain = 0.000
Phase 30 Multi Cell Placement Optimization | Checksum: 23881cc64

Time (s): cpu = 00:01:23 ; elapsed = 00:01:00 . Memory (MB): peak = 3776.652 ; gain = 0.000

Phase 31 SLR Crossing Optimization
Phase 31 SLR Crossing Optimization | Checksum: 23881cc64

Time (s): cpu = 00:01:23 ; elapsed = 00:01:00 . Memory (MB): peak = 3776.652 ; gain = 0.000

Phase 32 Critical Path Optimization
INFO: [Physopt 32-619] Estimated Timing Summary | WNS=-7.193 | TNS=-7191.789 |
INFO: [Physopt 32-702] Processed net tangerineA7_100_i/tangerineSOC_0/inst/vgaInst/pixelGenInst/pgLutBackgroundColor[13]. Optimizations did not improve timing on the net.
INFO: [Physopt 32-702] Processed net tangerineA7_100_i/clk_wiz_2/inst/clk162_5_tangerineA7_100_clk_wiz_2_0. Optimizations did not improve timing on the net.
INFO: [Physopt 32-702] Processed net tangerineA7_100_i/tangerineSOC_0/pgLutBackgroundColor[23]_i_6_n_0_repN. Optimizations did not improve timing on the net.
INFO: [Physopt 32-702] Processed net tangerineA7_100_i/tangerineSOC_0/pgLutBackgroundColor[23]_i_13_n_0. Optimizations did not improve timing on the net.
INFO: [Physopt 32-702] Processed net tangerineA7_100_i/tangerineSOC_0/inst/vgaInst/pixelGenInst/p_0_in[13]. Optimizations did not improve timing on the net.
INFO: [Physopt 32-702] Processed net tangerineA7_100_i/tangerineSOC_0/inst/vgaInst/pgCursorY_reg_n_0_[0]. Optimizations did not improve timing on the net.
INFO: [Physopt 32-702] Processed net tangerineA7_100_i/tangerineSOC_0/inst/nekoRvInst/rdVal_reg_n_0_[23]. Optimizations did not improve timing on the net.
INFO: [Physopt 32-710] Processed net tangerineA7_100_i/tangerineSOC_0/rdVal[23]_i_1_n_0. Critical path length was reduced through logic transformation on cell tangerineA7_100_i/tangerineSOC_0/rdVal[23]_i_1_comp.
INFO: [Physopt 32-735] Processed net tangerineA7_100_i/tangerineSOC_0/rdVal[23]_i_7_n_0. Optimization improves timing on the net.
INFO: [Physopt 32-619] Estimated Timing Summary | WNS=-7.193 | TNS=-7190.982 |
INFO: [Physopt 32-702] Processed net tangerineA7_100_i/tangerineSOC_0/inst/nekoRvInst/rdVal_reg_n_0_[24]. Optimizations did not improve timing on the net.
INFO: [Physopt 32-710] Processed net tangerineA7_100_i/tangerineSOC_0/rdVal[24]_i_1_n_0. Critical path length was reduced through logic transformation on cell tangerineA7_100_i/tangerineSOC_0/rdVal[24]_i_1_comp.
INFO: [Physopt 32-735] Processed net tangerineA7_100_i/tangerineSOC_0/rdVal[24]_i_4_n_0. Optimization improves timing on the net.
INFO: [Physopt 32-619] Estimated Timing Summary | WNS=-7.193 | TNS=-7190.136 |
INFO: [Physopt 32-663] Processed net tangerineA7_100_i/tangerineSOC_0/inst/axiDMAInst/FSM_onehot_axiState_reg[20]_rep__2_n_0.  Re-placed instance tangerineA7_100_i/tangerineSOC_0/inst/axiDMAInst/FSM_onehot_axiState_reg[20]_rep__2
INFO: [Physopt 32-735] Processed net tangerineA7_100_i/tangerineSOC_0/inst/axiDMAInst/FSM_onehot_axiState_reg[20]_rep__2_n_0. Optimization improves timing on the net.
INFO: [Physopt 32-619] Estimated Timing Summary | WNS=-7.193 | TNS=-7190.031 |
INFO: [Physopt 32-663] Processed net tangerineA7_100_i/tangerineSOC_0/inst/axiDMAInst/FSM_onehot_axiState_reg[20]_rep__3_n_0.  Re-placed instance tangerineA7_100_i/tangerineSOC_0/inst/axiDMAInst/FSM_onehot_axiState_reg[20]_rep__3
INFO: [Physopt 32-735] Processed net tangerineA7_100_i/tangerineSOC_0/inst/axiDMAInst/FSM_onehot_axiState_reg[20]_rep__3_n_0. Optimization improves timing on the net.
INFO: [Physopt 32-619] Estimated Timing Summary | WNS=-7.193 | TNS=-7189.927 |
INFO: [Physopt 32-663] Processed net tangerineA7_100_i/tangerineSOC_0/inst/axiDMAInst/FSM_onehot_axiState_reg[21]_rep__14_n_0.  Re-placed instance tangerineA7_100_i/tangerineSOC_0/inst/axiDMAInst/FSM_onehot_axiState_reg[21]_rep__14
INFO: [Physopt 32-735] Processed net tangerineA7_100_i/tangerineSOC_0/inst/axiDMAInst/FSM_onehot_axiState_reg[21]_rep__14_n_0. Optimization improves timing on the net.
INFO: [Physopt 32-619] Estimated Timing Summary | WNS=-7.193 | TNS=-7189.971 |
INFO: [Physopt 32-663] Processed net tangerineA7_100_i/tangerineSOC_0/inst/axiDMAInst/FSM_onehot_axiState_reg[20]_rep__26_n_0.  Re-placed instance tangerineA7_100_i/tangerineSOC_0/inst/axiDMAInst/FSM_onehot_axiState_reg[20]_rep__26
INFO: [Physopt 32-735] Processed net tangerineA7_100_i/tangerineSOC_0/inst/axiDMAInst/FSM_onehot_axiState_reg[20]_rep__26_n_0. Optimization improves timing on the net.
INFO: [Physopt 32-619] Estimated Timing Summary | WNS=-7.193 | TNS=-7189.964 |
INFO: [Physopt 32-663] Processed net tangerineA7_100_i/tangerineSOC_0/inst/axiDMAInst/FSM_onehot_axiState_reg[20]_rep__4_n_0.  Re-placed instance tangerineA7_100_i/tangerineSOC_0/inst/axiDMAInst/FSM_onehot_axiState_reg[20]_rep__4
INFO: [Physopt 32-735] Processed net tangerineA7_100_i/tangerineSOC_0/inst/axiDMAInst/FSM_onehot_axiState_reg[20]_rep__4_n_0. Optimization improves timing on the net.
INFO: [Physopt 32-619] Estimated Timing Summary | WNS=-7.193 | TNS=-7189.958 |
INFO: [Physopt 32-663] Processed net tangerineA7_100_i/tangerineSOC_0/inst/axiDMAInst/FSM_onehot_axiState_reg[21]_rep__5_n_0.  Re-placed instance tangerineA7_100_i/tangerineSOC_0/inst/axiDMAInst/FSM_onehot_axiState_reg[21]_rep__5
INFO: [Physopt 32-735] Processed net tangerineA7_100_i/tangerineSOC_0/inst/axiDMAInst/FSM_onehot_axiState_reg[21]_rep__5_n_0. Optimization improves timing on the net.
INFO: [Physopt 32-619] Estimated Timing Summary | WNS=-7.193 | TNS=-7190.573 |
INFO: [Physopt 32-702] Processed net tangerineA7_100_i/tangerineSOC_0/inst/nekoRvInst/rdVal_reg_n_0_[26]. Optimizations did not improve timing on the net.
INFO: [Physopt 32-710] Processed net tangerineA7_100_i/tangerineSOC_0/rdVal[26]_i_1_n_0. Critical path length was reduced through logic transformation on cell tangerineA7_100_i/tangerineSOC_0/rdVal[26]_i_1_comp.
INFO: [Physopt 32-735] Processed net tangerineA7_100_i/tangerineSOC_0/rdVal[26]_i_4_n_0. Optimization improves timing on the net.
INFO: [Physopt 32-619] Estimated Timing Summary | WNS=-7.193 | TNS=-7189.654 |
INFO: [Physopt 32-702] Processed net tangerineA7_100_i/tangerineSOC_0/inst/nekoRvInst/rdVal_reg_n_0_[27]. Optimizations did not improve timing on the net.
INFO: [Physopt 32-663] Processed net tangerineA7_100_i/tangerineSOC_0/rdVal[27]_i_4_n_0.  Re-placed instance tangerineA7_100_i/tangerineSOC_0/rdVal[27]_i_4/O
INFO: [Physopt 32-735] Processed net tangerineA7_100_i/tangerineSOC_0/rdVal[27]_i_4_n_0. Optimization improves timing on the net.
INFO: [Physopt 32-619] Estimated Timing Summary | WNS=-7.193 | TNS=-7189.628 |
INFO: [Physopt 32-663] Processed net tangerineA7_100_i/tangerineSOC_0/inst/axiDMAInst/FSM_onehot_axiState_reg[0]_rep_n_0.  Re-placed instance tangerineA7_100_i/tangerineSOC_0/inst/axiDMAInst/FSM_onehot_axiState_reg[0]_rep
INFO: [Physopt 32-735] Processed net tangerineA7_100_i/tangerineSOC_0/inst/axiDMAInst/FSM_onehot_axiState_reg[0]_rep_n_0. Optimization improves timing on the net.
INFO: [Physopt 32-619] Estimated Timing Summary | WNS=-7.193 | TNS=-7189.505 |
INFO: [Physopt 32-702] Processed net tangerineA7_100_i/tangerineSOC_0/inst/nekoRvInst/rdVal_reg_n_0_[20]. Optimizations did not improve timing on the net.
INFO: [Physopt 32-663] Processed net tangerineA7_100_i/tangerineSOC_0/rdVal[20]_i_7_n_0.  Re-placed instance tangerineA7_100_i/tangerineSOC_0/rdVal[20]_i_7/O
INFO: [Physopt 32-735] Processed net tangerineA7_100_i/tangerineSOC_0/rdVal[20]_i_7_n_0. Optimization improves timing on the net.
INFO: [Physopt 32-619] Estimated Timing Summary | WNS=-7.193 | TNS=-7189.453 |
INFO: [Physopt 32-702] Processed net tangerineA7_100_i/tangerineSOC_0/inst/nekoRvInst/rdVal_reg_n_0_[29]. Optimizations did not improve timing on the net.
INFO: [Physopt 32-663] Processed net tangerineA7_100_i/tangerineSOC_0/rdVal[29]_i_7_n_0.  Re-placed instance tangerineA7_100_i/tangerineSOC_0/rdVal[29]_i_7/O
INFO: [Physopt 32-735] Processed net tangerineA7_100_i/tangerineSOC_0/rdVal[29]_i_7_n_0. Optimization improves timing on the net.
INFO: [Physopt 32-619] Estimated Timing Summary | WNS=-7.193 | TNS=-7189.432 |
INFO: [Physopt 32-702] Processed net tangerineA7_100_i/tangerineSOC_0/inst/nekoRvInst/rdVal_reg_n_0_[28]. Optimizations did not improve timing on the net.
INFO: [Physopt 32-710] Processed net tangerineA7_100_i/tangerineSOC_0/rdVal[28]_i_1_n_0. Critical path length was reduced through logic transformation on cell tangerineA7_100_i/tangerineSOC_0/rdVal[28]_i_1_comp.
INFO: [Physopt 32-735] Processed net tangerineA7_100_i/tangerineSOC_0/rdVal[28]_i_7_n_0. Optimization improves timing on the net.
INFO: [Physopt 32-619] Estimated Timing Summary | WNS=-7.193 | TNS=-7188.682 |
INFO: [Physopt 32-710] Processed net tangerineA7_100_i/tangerineSOC_0/rdVal[27]_i_1_n_0. Critical path length was reduced through logic transformation on cell tangerineA7_100_i/tangerineSOC_0/rdVal[27]_i_1_comp.
INFO: [Physopt 32-735] Processed net tangerineA7_100_i/tangerineSOC_0/rdVal[27]_i_4_n_0. Optimization improves timing on the net.
INFO: [Physopt 32-619] Estimated Timing Summary | WNS=-7.193 | TNS=-7187.983 |
INFO: [Physopt 32-702] Processed net tangerineA7_100_i/tangerineSOC_0/inst/nekoRvInst/rdVal_reg_n_0_[25]. Optimizations did not improve timing on the net.
INFO: [Physopt 32-710] Processed net tangerineA7_100_i/tangerineSOC_0/rdVal[25]_i_1_n_0. Critical path length was reduced through logic transformation on cell tangerineA7_100_i/tangerineSOC_0/rdVal[25]_i_1_comp.
INFO: [Physopt 32-735] Processed net tangerineA7_100_i/tangerineSOC_0/rdVal[25]_i_7_n_0. Optimization improves timing on the net.
INFO: [Physopt 32-619] Estimated Timing Summary | WNS=-7.193 | TNS=-7187.046 |
INFO: [Physopt 32-702] Processed net tangerineA7_100_i/tangerineSOC_0/inst/nekoRvInst/rdVal_reg_n_0_[21]. Optimizations did not improve timing on the net.
INFO: [Physopt 32-710] Processed net tangerineA7_100_i/tangerineSOC_0/rdVal[21]_i_1_n_0. Critical path length was reduced through logic transformation on cell tangerineA7_100_i/tangerineSOC_0/rdVal[21]_i_1_comp.
INFO: [Physopt 32-735] Processed net tangerineA7_100_i/tangerineSOC_0/rdVal[21]_i_7_n_0. Optimization improves timing on the net.
INFO: [Physopt 32-619] Estimated Timing Summary | WNS=-7.193 | TNS=-7186.229 |
INFO: [Physopt 32-710] Processed net tangerineA7_100_i/tangerineSOC_0/rdVal[29]_i_1_n_0. Critical path length was reduced through logic transformation on cell tangerineA7_100_i/tangerineSOC_0/rdVal[29]_i_1_comp.
INFO: [Physopt 32-735] Processed net tangerineA7_100_i/tangerineSOC_0/rdVal[29]_i_7_n_0. Optimization improves timing on the net.
INFO: [Physopt 32-619] Estimated Timing Summary | WNS=-7.193 | TNS=-7185.611 |
INFO: [Physopt 32-710] Processed net tangerineA7_100_i/tangerineSOC_0/rdVal[20]_i_1_n_0. Critical path length was reduced through logic transformation on cell tangerineA7_100_i/tangerineSOC_0/rdVal[20]_i_1_comp.
INFO: [Physopt 32-735] Processed net tangerineA7_100_i/tangerineSOC_0/rdVal[20]_i_7_n_0. Optimization improves timing on the net.
INFO: [Physopt 32-619] Estimated Timing Summary | WNS=-7.193 | TNS=-7184.951 |
INFO: [Physopt 32-702] Processed net tangerineA7_100_i/tangerineSOC_0/inst/nekoRvInst/rdVal_reg_n_0_[30]. Optimizations did not improve timing on the net.
INFO: [Physopt 32-710] Processed net tangerineA7_100_i/tangerineSOC_0/rdVal[30]_i_1_n_0. Critical path length was reduced through logic transformation on cell tangerineA7_100_i/tangerineSOC_0/rdVal[30]_i_1_comp.
INFO: [Physopt 32-735] Processed net tangerineA7_100_i/tangerineSOC_0/rdVal[30]_i_5_n_0. Optimization improves timing on the net.
INFO: [Physopt 32-619] Estimated Timing Summary | WNS=-7.193 | TNS=-7184.204 |
INFO: [Physopt 32-702] Processed net tangerineA7_100_i/tangerineSOC_0/inst/nekoRvInst/rdVal_reg_n_0_[31]. Optimizations did not improve timing on the net.
INFO: [Physopt 32-710] Processed net tangerineA7_100_i/tangerineSOC_0/rdVal[31]_i_2_n_0. Critical path length was reduced through logic transformation on cell tangerineA7_100_i/tangerineSOC_0/rdVal[31]_i_2_comp.
INFO: [Physopt 32-735] Processed net tangerineA7_100_i/tangerineSOC_0/rdVal[31]_i_9_n_0. Optimization improves timing on the net.
INFO: [Physopt 32-619] Estimated Timing Summary | WNS=-7.193 | TNS=-7183.336 |
INFO: [Physopt 32-663] Processed net tangerineA7_100_i/tangerineSOC_0/resultMuluu0_i_9_psdsp_n_4.  Re-placed instance tangerineA7_100_i/tangerineSOC_0/resultMuluu0_i_9_psdsp_4
INFO: [Physopt 32-735] Processed net tangerineA7_100_i/tangerineSOC_0/resultMuluu0_i_9_psdsp_n_4. Optimization improves timing on the net.
INFO: [Physopt 32-619] Estimated Timing Summary | WNS=-7.193 | TNS=-7182.891 |
INFO: [Physopt 32-702] Processed net tangerineA7_100_i/tangerineSOC_0/inst/nekoRvInst/rdVal_reg_n_0_[22]. Optimizations did not improve timing on the net.
INFO: [Physopt 32-710] Processed net tangerineA7_100_i/tangerineSOC_0/rdVal[22]_i_1_n_0. Critical path length was reduced through logic transformation on cell tangerineA7_100_i/tangerineSOC_0/rdVal[22]_i_1_comp.
INFO: [Physopt 32-735] Processed net tangerineA7_100_i/tangerineSOC_0/rdVal[22]_i_7_n_0. Optimization improves timing on the net.
INFO: [Physopt 32-619] Estimated Timing Summary | WNS=-7.193 | TNS=-7182.032 |
INFO: [Physopt 32-702] Processed net tangerineA7_100_i/tangerineSOC_0/inst/nekoRvInst/rdVal_reg_n_0_[18]. Optimizations did not improve timing on the net.
INFO: [Physopt 32-710] Processed net tangerineA7_100_i/tangerineSOC_0/rdVal[18]_i_1_n_0. Critical path length was reduced through logic transformation on cell tangerineA7_100_i/tangerineSOC_0/rdVal[18]_i_1_comp.
INFO: [Physopt 32-735] Processed net tangerineA7_100_i/tangerineSOC_0/rdVal[18]_i_6_n_0. Optimization improves timing on the net.
INFO: [Physopt 32-619] Estimated Timing Summary | WNS=-7.193 | TNS=-7181.226 |
INFO: [Physopt 32-702] Processed net tangerineA7_100_i/tangerineSOC_0/inst/nekoRvInst/rdVal_reg_n_0_[17]. Optimizations did not improve timing on the net.
INFO: [Physopt 32-710] Processed net tangerineA7_100_i/tangerineSOC_0/rdVal[17]_i_1_n_0. Critical path length was reduced through logic transformation on cell tangerineA7_100_i/tangerineSOC_0/rdVal[17]_i_1_comp.
INFO: [Physopt 32-735] Processed net tangerineA7_100_i/tangerineSOC_0/rdVal[17]_i_7_n_0. Optimization improves timing on the net.
INFO: [Physopt 32-619] Estimated Timing Summary | WNS=-7.193 | TNS=-7180.670 |
INFO: [Physopt 32-702] Processed net tangerineA7_100_i/tangerineSOC_0/inst/nekoRvInst/rdVal_reg_n_0_[16]. Optimizations did not improve timing on the net.
INFO: [Physopt 32-710] Processed net tangerineA7_100_i/tangerineSOC_0/rdVal[16]_i_1_n_0. Critical path length was reduced through logic transformation on cell tangerineA7_100_i/tangerineSOC_0/rdVal[16]_i_1_comp.
INFO: [Physopt 32-735] Processed net tangerineA7_100_i/tangerineSOC_0/rdVal[16]_i_6_n_0. Optimization improves timing on the net.
INFO: [Physopt 32-619] Estimated Timing Summary | WNS=-7.193 | TNS=-7179.824 |
INFO: [Physopt 32-663] Processed net tangerineA7_100_i/tangerineSOC_0/resultMuluu0__1_i_8_psdsp_n_2.  Re-placed instance tangerineA7_100_i/tangerineSOC_0/resultMuluu0__1_i_8_psdsp_2
INFO: [Physopt 32-735] Processed net tangerineA7_100_i/tangerineSOC_0/resultMuluu0__1_i_8_psdsp_n_2. Optimization improves timing on the net.
INFO: [Physopt 32-619] Estimated Timing Summary | WNS=-7.193 | TNS=-7179.211 |
INFO: [Physopt 32-702] Processed net tangerineA7_100_i/tangerineSOC_0/resultMuluu0_i_15_psdsp_n_2. Optimizations did not improve timing on the net.
INFO: [Physopt 32-702] Processed net tangerineA7_100_i/tangerineSOC_0/resultMuluu0_i_72_n_0. Optimizations did not improve timing on the net.
INFO: [Physopt 32-702] Processed net tangerineA7_100_i/tangerineSOC_0/resultMuluu0_i_189_n_0. Optimizations did not improve timing on the net.
INFO: [Physopt 32-571] Net tangerineA7_100_i/tangerineSOC_0/resultMuluu0_i_196_n_0 was not replicated.
INFO: [Physopt 32-702] Processed net tangerineA7_100_i/tangerineSOC_0/resultMuluu0_i_196_n_0. Optimizations did not improve timing on the net.
INFO: [Physopt 32-710] Processed net tangerineA7_100_i/tangerineSOC_0/resultMuluu0_i_196_n_0. Critical path length was reduced through logic transformation on cell tangerineA7_100_i/tangerineSOC_0/resultMuluu0_i_196_comp.
INFO: [Physopt 32-735] Processed net tangerineA7_100_i/tangerineSOC_0/jtImm[15]_i_2_n_0. Optimization improves timing on the net.
INFO: [Physopt 32-619] Estimated Timing Summary | WNS=-7.193 | TNS=-7179.271 |
INFO: [Physopt 32-702] Processed net tangerineA7_100_i/tangerineSOC_0/jtImm[15]_i_2_n_0_repN_1. Optimizations did not improve timing on the net.
INFO: [Physopt 32-702] Processed net tangerineA7_100_i/tangerineSOC_0/inst/systemRamInst/U0/inst_blk_mem_gen/gnbram.gnativebmg.native_blk_mem_gen/valid.cstr/has_mux_a.A/douta[15]. Optimizations did not improve timing on the net.
INFO: [Physopt 32-608] Optimized 1 net.  Swapped 18 pins.
INFO: [Physopt 32-735] Processed net tangerineA7_100_i/tangerineSOC_0/resultMuluu0_i_15_n_0. Optimization improves timing on the net.
INFO: [Physopt 32-619] Estimated Timing Summary | WNS=-7.193 | TNS=-7178.655 |
INFO: [Physopt 32-702] Processed net tangerineA7_100_i/tangerineSOC_0/inst/nekoRvInst/rdVal_reg_n_0_[19]. Optimizations did not improve timing on the net.
INFO: [Physopt 32-710] Processed net tangerineA7_100_i/tangerineSOC_0/rdVal[19]_i_1_n_0. Critical path length was reduced through logic transformation on cell tangerineA7_100_i/tangerineSOC_0/rdVal[19]_i_1_comp.
INFO: [Physopt 32-735] Processed net tangerineA7_100_i/tangerineSOC_0/rdVal[19]_i_6_n_0. Optimization improves timing on the net.
INFO: [Physopt 32-619] Estimated Timing Summary | WNS=-7.193 | TNS=-7178.088 |
INFO: [Physopt 32-663] Processed net tangerineA7_100_i/tangerineSOC_0/resultMuluu0_i_8_psdsp_n_4.  Re-placed instance tangerineA7_100_i/tangerineSOC_0/resultMuluu0_i_8_psdsp_4
INFO: [Physopt 32-735] Processed net tangerineA7_100_i/tangerineSOC_0/resultMuluu0_i_8_psdsp_n_4. Optimization improves timing on the net.
INFO: [Physopt 32-619] Estimated Timing Summary | WNS=-7.193 | TNS=-7178.028 |
INFO: [Physopt 32-702] Processed net tangerineA7_100_i/tangerineSOC_0/resultMuluu0_i_15_n_0. Optimizations did not improve timing on the net.
INFO: [Physopt 32-702] Processed net tangerineA7_100_i/tangerineSOC_0/inst/systemRamInst/U0/inst_blk_mem_gen/gnbram.gnativebmg.native_blk_mem_gen/valid.cstr/ramloop[3].ram.r/prim_init.ram/DEVICE_7SERIES.NO_BMM_INFO.TRUE_DP.SIMPLE_PRIM36.ram_0[7]. Optimizations did not improve timing on the net.
INFO: [Physopt 32-702] Processed net tangerineA7_100_i/hdmiOut_0/inst/hdmiEncodedData_2. Optimizations did not improve timing on the net.
INFO: [Physopt 32-702] Processed net tangerineA7_100_i/clk_wiz_0/inst/clk320_tangerineA7_100_clk_wiz_0_0. Optimizations did not improve timing on the net.
INFO: [Physopt 32-702] Processed net tangerineA7_100_i/hdmiOut_0/inst/dvidInst/D1. Optimizations did not improve timing on the net.
INFO: [Physopt 32-702] Processed net tangerineA7_100_i/tangerineSOC_0/inst/vgaInst/pixelGenInst/pgLutBackgroundColor[13]. Optimizations did not improve timing on the net.
INFO: [Physopt 32-702] Processed net tangerineA7_100_i/clk_wiz_2/inst/clk162_5_tangerineA7_100_clk_wiz_2_0. Optimizations did not improve timing on the net.
INFO: [Physopt 32-702] Processed net tangerineA7_100_i/tangerineSOC_0/pgLutBackgroundColor[23]_i_6_n_0_repN. Optimizations did not improve timing on the net.
INFO: [Physopt 32-702] Processed net tangerineA7_100_i/tangerineSOC_0/pgLutBackgroundColor[23]_i_13_n_0. Optimizations did not improve timing on the net.
INFO: [Physopt 32-702] Processed net tangerineA7_100_i/tangerineSOC_0/inst/vgaInst/pixelGenInst/p_0_in[13]. Optimizations did not improve timing on the net.
INFO: [Physopt 32-702] Processed net tangerineA7_100_i/tangerineSOC_0/inst/vgaInst/pgCursorY_reg_n_0_[0]. Optimizations did not improve timing on the net.
INFO: [Physopt 32-663] Processed net tangerineA7_100_i/tangerineSOC_0/inst/axiDMAInst/FSM_onehot_axiState_reg[0]_rep__4_n_0.  Re-placed instance tangerineA7_100_i/tangerineSOC_0/inst/axiDMAInst/FSM_onehot_axiState_reg[0]_rep__4
INFO: [Physopt 32-735] Processed net tangerineA7_100_i/tangerineSOC_0/inst/axiDMAInst/FSM_onehot_axiState_reg[0]_rep__4_n_0. Optimization improves timing on the net.
INFO: [Physopt 32-619] Estimated Timing Summary | WNS=-7.193 | TNS=-7178.011 |
INFO: [Physopt 32-702] Processed net tangerineA7_100_i/tangerineSOC_0/inst/axiDMAInst/FSM_onehot_axiState_reg[20]_rep__5_n_0. Optimizations did not improve timing on the net.
INFO: [Physopt 32-702] Processed net tangerineA7_100_i/tangerineSOC_0/FSM_onehot_axiState[33]_i_7_n_0. Optimizations did not improve timing on the net.
INFO: [Physopt 32-702] Processed net tangerineA7_100_i/tangerineSOC_0/FSM_onehot_axiState[33]_i_11_n_0. Optimizations did not improve timing on the net.
INFO: [Physopt 32-702] Processed net tangerineA7_100_i/tangerineSOC_0/FSM_onehot_axiState[33]_i_15_n_0. Optimizations did not improve timing on the net.
INFO: [Physopt 32-663] Processed net tangerineA7_100_i/tangerineSOC_0/inst/axiDMAInst/axiState.  Re-placed instance tangerineA7_100_i/tangerineSOC_0/FSM_onehot_axiState[33]_i_19
INFO: [Physopt 32-735] Processed net tangerineA7_100_i/tangerineSOC_0/inst/axiDMAInst/axiState. Optimization improves timing on the net.
INFO: [Physopt 32-619] Estimated Timing Summary | WNS=-7.193 | TNS=-7172.980 |
INFO: [Physopt 32-663] Processed net tangerineA7_100_i/tangerineSOC_0/inst/ch0DOut[2].  Re-placed instance tangerineA7_100_i/tangerineSOC_0/inst/axiDMAInst/ch0DOut_reg[2]
INFO: [Physopt 32-735] Processed net tangerineA7_100_i/tangerineSOC_0/inst/ch0DOut[2]. Optimization improves timing on the net.
INFO: [Physopt 32-619] Estimated Timing Summary | WNS=-7.193 | TNS=-7172.885 |
INFO: [Physopt 32-663] Processed net tangerineA7_100_i/tangerineSOC_0/inst/ch0DOut[7].  Re-placed instance tangerineA7_100_i/tangerineSOC_0/inst/axiDMAInst/ch0DOut_reg[7]
INFO: [Physopt 32-735] Processed net tangerineA7_100_i/tangerineSOC_0/inst/ch0DOut[7]. Optimization improves timing on the net.
INFO: [Physopt 32-619] Estimated Timing Summary | WNS=-7.193 | TNS=-7172.737 |
INFO: [Physopt 32-663] Processed net tangerineA7_100_i/tangerineSOC_0/inst/bltDmaDin[7].  Re-placed instance tangerineA7_100_i/tangerineSOC_0/inst/axiDMAInst/ch3DOut_reg[7]
INFO: [Common 17-14] Message 'Physopt 32-663' appears 100 times and further instances of the messages will be disabled. Use the Tcl command set_msg_config to change the current settings.
INFO: [Physopt 32-735] Processed net tangerineA7_100_i/tangerineSOC_0/inst/bltDmaDin[7]. Optimization improves timing on the net.
INFO: [Physopt 32-619] Estimated Timing Summary | WNS=-7.193 | TNS=-7172.827 |
INFO: [Physopt 32-702] Processed net tangerineA7_100_i/tangerineSOC_0/inst/axiDMAInst/axiState. Optimizations did not improve timing on the net.
INFO: [Physopt 32-735] Processed net tangerineA7_100_i/tangerineSOC_0/inst/axiDMAInst/m00_axi_wlast131_out. Optimization improves timing on the net.
INFO: [Physopt 32-619] Estimated Timing Summary | WNS=-7.193 | TNS=-7136.186 |
INFO: [Physopt 32-735] Processed net tangerineA7_100_i/tangerineSOC_0/inst/axiDMAInst/m00_axi_wlast1. Optimization improves timing on the net.
INFO: [Physopt 32-619] Estimated Timing Summary | WNS=-7.193 | TNS=-7122.098 |
INFO: [Physopt 32-735] Processed net tangerineA7_100_i/tangerineSOC_0/inst/axiDMAInst/m00_axi_wlast134_out. Optimization improves timing on the net.
INFO: [Physopt 32-619] Estimated Timing Summary | WNS=-7.193 | TNS=-7110.176 |
INFO: [Physopt 32-735] Processed net tangerineA7_100_i/tangerineSOC_0/inst/axiDMAInst/axiState1. Optimization improves timing on the net.
INFO: [Physopt 32-619] Estimated Timing Summary | WNS=-7.193 | TNS=-7078.455 |
INFO: [Physopt 32-702] Processed net tangerineA7_100_i/tangerineSOC_0/resultMuluu0_i_15_psdsp_n_2. Optimizations did not improve timing on the net.
INFO: [Physopt 32-702] Processed net tangerineA7_100_i/tangerineSOC_0/resultMuluu0_i_72_n_0. Optimizations did not improve timing on the net.
INFO: [Physopt 32-702] Processed net tangerineA7_100_i/tangerineSOC_0/resultMuluu0_i_189_n_0. Optimizations did not improve timing on the net.
INFO: [Physopt 32-735] Processed net tangerineA7_100_i/tangerineSOC_0/resultMuluu0_i_196_n_0. Optimization improves timing on the net.
INFO: [Physopt 32-619] Estimated Timing Summary | WNS=-7.193 | TNS=-7067.472 |
INFO: [Physopt 32-735] Processed net tangerineA7_100_i/tangerineSOC_0/resultMuluu0_i_12_psdsp_n_2. Optimization improves timing on the net.
INFO: [Physopt 32-619] Estimated Timing Summary | WNS=-7.193 | TNS=-7067.513 |
INFO: [Physopt 32-735] Processed net tangerineA7_100_i/tangerineSOC_0/resultMuluu0_i_12_psdsp_n_4. Optimization improves timing on the net.
INFO: [Physopt 32-619] Estimated Timing Summary | WNS=-7.193 | TNS=-7067.274 |
INFO: [Physopt 32-702] Processed net tangerineA7_100_i/tangerineSOC_0/inst/nekoRvInst/rdVal_reg_n_0_[14]. Optimizations did not improve timing on the net.
INFO: [Physopt 32-702] Processed net tangerineA7_100_i/tangerineSOC_0/rdVal[14]_i_6_n_0. Optimizations did not improve timing on the net.
INFO: [Physopt 32-702] Processed net tangerineA7_100_i/tangerineSOC_0/rdVal[14]_i_21_n_0. Optimizations did not improve timing on the net.
INFO: [Physopt 32-702] Processed net tangerineA7_100_i/tangerineSOC_0/rdVal[31]_i_52_n_0. Optimizations did not improve timing on the net.
INFO: [Physopt 32-702] Processed net tangerineA7_100_i/tangerineSOC_0/rdVal[7]_i_20_n_0. Optimizations did not improve timing on the net.
INFO: [Physopt 32-702] Processed net tangerineA7_100_i/tangerineSOC_0/inst/din[7]. Optimizations did not improve timing on the net.
INFO: [Physopt 32-702] Processed net tangerineA7_100_i/tangerineSOC_0/btImm[11]_i_2_n_0. Optimizations did not improve timing on the net.
INFO: [Physopt 32-702] Processed net tangerineA7_100_i/tangerineSOC_0/inst/fastRamInst/U0/inst_blk_mem_gen/gnbram.gnativebmg.native_blk_mem_gen/valid.cstr/has_mux_a.A/douta[7]. Optimizations did not improve timing on the net.
INFO: [Physopt 32-702] Processed net tangerineA7_100_i/tangerineSOC_0/inst/fastRamInst/U0/inst_blk_mem_gen/gnbram.gnativebmg.native_blk_mem_gen/valid.cstr/has_mux_a.A/douta[7]_INST_0_i_2_n_0. Optimizations did not improve timing on the net.
INFO: [Physopt 32-608] Optimized 1 net.  Swapped 24 pins.
INFO: [Physopt 32-735] Processed net tangerineA7_100_i/tangerineSOC_0/inst/fastRamInst/U0/inst_blk_mem_gen/gnbram.gnativebmg.native_blk_mem_gen/valid.cstr/has_mux_a.A/douta[7]_INST_0_i_6_n_0. Optimization improves timing on the net.
INFO: [Physopt 32-619] Estimated Timing Summary | WNS=-7.193 | TNS=-7065.828 |
INFO: [Physopt 32-735] Processed net tangerineA7_100_i/tangerineSOC_0/resultMuluu0_i_12_psdsp_n_5. Optimization improves timing on the net.
INFO: [Physopt 32-619] Estimated Timing Summary | WNS=-7.193 | TNS=-7065.693 |
INFO: [Physopt 32-702] Processed net tangerineA7_100_i/tangerineSOC_0/resultMuluu0_i_12_psdsp_n_3. Optimizations did not improve timing on the net.
INFO: [Physopt 32-702] Processed net tangerineA7_100_i/tangerineSOC_0/resultMuluu0_i_60_n_0. Optimizations did not improve timing on the net.
INFO: [Physopt 32-702] Processed net tangerineA7_100_i/tangerineSOC_0/resultMuluu0_i_165_n_0. Optimizations did not improve timing on the net.
INFO: [Physopt 32-702] Processed net tangerineA7_100_i/tangerineSOC_0/resultMuluu0_i_196_n_0. Optimizations did not improve timing on the net.
INFO: [Physopt 32-735] Processed net tangerineA7_100_i/tangerineSOC_0/jtImm[15]_i_2_n_0_repN_1. Optimization improves timing on the net.
INFO: [Physopt 32-619] Estimated Timing Summary | WNS=-7.193 | TNS=-7089.458 |
INFO: [Physopt 32-735] Processed net tangerineA7_100_i/tangerineSOC_0/resultMuluu0_i_8_psdsp_n. Optimization improves timing on the net.
INFO: [Physopt 32-619] Estimated Timing Summary | WNS=-7.193 | TNS=-7089.419 |
INFO: [Physopt 32-702] Processed net tangerineA7_100_i/tangerineSOC_0/inst/fastRamInst/U0/inst_blk_mem_gen/gnbram.gnativebmg.native_blk_mem_gen/valid.cstr/has_mux_a.A/douta[15]. Optimizations did not improve timing on the net.
INFO: [Physopt 32-702] Processed net tangerineA7_100_i/tangerineSOC_0/inst/fastRamInst/U0/inst_blk_mem_gen/gnbram.gnativebmg.native_blk_mem_gen/valid.cstr/has_mux_a.A/douta[15]_INST_0_i_1_n_0. Optimizations did not improve timing on the net.
INFO: [Physopt 32-608] Optimized 1 net.  Swapped 24 pins.
INFO: [Physopt 32-735] Processed net tangerineA7_100_i/tangerineSOC_0/inst/fastRamInst/U0/inst_blk_mem_gen/gnbram.gnativebmg.native_blk_mem_gen/valid.cstr/has_mux_a.A/douta[15]_INST_0_i_4_n_0. Optimization improves timing on the net.
INFO: [Physopt 32-619] Estimated Timing Summary | WNS=-7.193 | TNS=-7069.290 |
INFO: [Physopt 32-702] Processed net tangerineA7_100_i/tangerineSOC_0/inst/fastRamInst/U0/inst_blk_mem_gen/gnbram.gnativebmg.native_blk_mem_gen/valid.cstr/has_mux_a.A/douta[15]_INST_0_i_2_n_0. Optimizations did not improve timing on the net.
INFO: [Physopt 32-608] Optimized 1 net.  Swapped 24 pins.
INFO: [Physopt 32-735] Processed net tangerineA7_100_i/tangerineSOC_0/inst/fastRamInst/U0/inst_blk_mem_gen/gnbram.gnativebmg.native_blk_mem_gen/valid.cstr/has_mux_a.A/douta[15]_INST_0_i_6_n_0. Optimization improves timing on the net.
INFO: [Physopt 32-619] Estimated Timing Summary | WNS=-7.193 | TNS=-7065.270 |
INFO: [Physopt 32-608] Optimized 1 net.  Swapped 24 pins.
INFO: [Physopt 32-735] Processed net tangerineA7_100_i/tangerineSOC_0/inst/fastRamInst/U0/inst_blk_mem_gen/gnbram.gnativebmg.native_blk_mem_gen/valid.cstr/has_mux_a.A/douta[15]_INST_0_i_3_n_0. Optimization improves timing on the net.
INFO: [Physopt 32-619] Estimated Timing Summary | WNS=-7.193 | TNS=-7060.732 |
INFO: [Physopt 32-735] Processed net tangerineA7_100_i/tangerineSOC_0/inst/bltDmaDin[31]. Optimization improves timing on the net.
INFO: [Physopt 32-619] Estimated Timing Summary | WNS=-7.193 | TNS=-7060.767 |
INFO: [Physopt 32-735] Processed net tangerineA7_100_i/tangerineSOC_0/inst/ch0DOut[16]. Optimization improves timing on the net.
INFO: [Physopt 32-619] Estimated Timing Summary | WNS=-7.193 | TNS=-7060.747 |
INFO: [Physopt 32-735] Processed net tangerineA7_100_i/tangerineSOC_0/inst/ch0DOut[9]. Optimization improves timing on the net.
INFO: [Physopt 32-619] Estimated Timing Summary | WNS=-7.193 | TNS=-7060.313 |
INFO: [Physopt 32-735] Processed net tangerineA7_100_i/tangerineSOC_0/inst/bltDmaDin[16]. Optimization improves timing on the net.
INFO: [Physopt 32-619] Estimated Timing Summary | WNS=-7.193 | TNS=-7060.331 |
INFO: [Physopt 32-702] Processed net tangerineA7_100_i/tangerineSOC_0/inst/axiDMAInst/m00_axi_wlast1. Optimizations did not improve timing on the net.
INFO: [Physopt 32-702] Processed net tangerineA7_100_i/tangerineSOC_0/inst/axiDMAInst/m00_axi_wlast2. Optimizations did not improve timing on the net.
INFO: [Physopt 32-608] Optimized 1 net.  Swapped 26 pins.
INFO: [Physopt 32-735] Processed net tangerineA7_100_i/tangerineSOC_0/FSM_onehot_axiState[21]_i_123_n_0. Optimization improves timing on the net.
INFO: [Physopt 32-619] Estimated Timing Summary | WNS=-7.193 | TNS=-7060.146 |
INFO: [Physopt 32-608] Optimized 1 net.  Swapped 26 pins.
INFO: [Physopt 32-735] Processed net tangerineA7_100_i/tangerineSOC_0/FSM_onehot_axiState[21]_i_124_n_0. Optimization improves timing on the net.
INFO: [Physopt 32-619] Estimated Timing Summary | WNS=-7.193 | TNS=-7056.076 |
INFO: [Physopt 32-702] Processed net tangerineA7_100_i/tangerineSOC_0/inst/ch0DOut[31]. Optimizations did not improve timing on the net.
INFO: [Physopt 32-608] Optimized 1 net.  Swapped 20 pins.
INFO: [Physopt 32-735] Processed net tangerineA7_100_i/tangerineSOC_0/ch0DOut[31]_i_9_n_0. Optimization improves timing on the net.
INFO: [Physopt 32-619] Estimated Timing Summary | WNS=-7.193 | TNS=-7055.938 |
INFO: [Physopt 32-608] Optimized 1 net.  Swapped 26 pins.
INFO: [Physopt 32-735] Processed net tangerineA7_100_i/tangerineSOC_0/FSM_onehot_axiState[21]_i_122_n_0. Optimization improves timing on the net.
INFO: [Physopt 32-619] Estimated Timing Summary | WNS=-7.193 | TNS=-7055.269 |
INFO: [Physopt 32-735] Processed net tangerineA7_100_i/tangerineSOC_0/inst/ch0DOut[30]. Optimization improves timing on the net.
INFO: [Physopt 32-619] Estimated Timing Summary | WNS=-7.193 | TNS=-7055.051 |
INFO: [Physopt 32-608] Optimized 1 net.  Swapped 26 pins.
INFO: [Physopt 32-735] Processed net tangerineA7_100_i/tangerineSOC_0/FSM_onehot_axiState[21]_i_125_n_0. Optimization improves timing on the net.
INFO: [Physopt 32-619] Estimated Timing Summary | WNS=-7.193 | TNS=-7052.017 |
INFO: [Physopt 32-702] Processed net tangerineA7_100_i/tangerineSOC_0/inst/axiDMAInst/m00_axi_wlast131_out. Optimizations did not improve timing on the net.
INFO: [Physopt 32-702] Processed net tangerineA7_100_i/tangerineSOC_0/inst/axiDMAInst/m00_axi_wlast22_out. Optimizations did not improve timing on the net.
INFO: [Physopt 32-608] Optimized 1 net.  Swapped 26 pins.
INFO: [Physopt 32-735] Processed net tangerineA7_100_i/tangerineSOC_0/FSM_onehot_axiState[21]_i_76_n_0. Optimization improves timing on the net.
INFO: [Physopt 32-619] Estimated Timing Summary | WNS=-7.193 | TNS=-7044.705 |
INFO: [Physopt 32-702] Processed net tangerineA7_100_i/tangerineSOC_0/inst/bltDmaDin[16]. Optimizations did not improve timing on the net.
INFO: [Physopt 32-735] Processed net tangerineA7_100_i/tangerineSOC_0/ch0DOut[16]_i_3_n_0. Optimization improves timing on the net.
INFO: [Physopt 32-619] Estimated Timing Summary | WNS=-7.193 | TNS=-7043.891 |
INFO: [Physopt 32-702] Processed net tangerineA7_100_i/tangerineSOC_0/inst/ch0DOut[5]. Optimizations did not improve timing on the net.
INFO: [Physopt 32-735] Processed net tangerineA7_100_i/tangerineSOC_0/ch0DOut[5]_i_3_n_0. Optimization improves timing on the net.
INFO: [Physopt 32-619] Estimated Timing Summary | WNS=-7.193 | TNS=-7043.677 |
INFO: [Physopt 32-608] Optimized 1 net.  Swapped 26 pins.
INFO: [Physopt 32-735] Processed net tangerineA7_100_i/tangerineSOC_0/FSM_onehot_axiState[21]_i_77_n_0. Optimization improves timing on the net.
INFO: [Physopt 32-619] Estimated Timing Summary | WNS=-7.193 | TNS=-7027.223 |
INFO: [Physopt 32-735] Processed net tangerineA7_100_i/tangerineSOC_0/inst/ch0DOut[25]. Optimization improves timing on the net.
INFO: [Physopt 32-619] Estimated Timing Summary | WNS=-7.193 | TNS=-7027.228 |
INFO: [Physopt 32-735] Processed net tangerineA7_100_i/tangerineSOC_0/inst/bltDmaDin[2]. Optimization improves timing on the net.
INFO: [Physopt 32-619] Estimated Timing Summary | WNS=-7.193 | TNS=-7027.206 |
INFO: [Physopt 32-702] Processed net tangerineA7_100_i/tangerineSOC_0/FSM_onehot_axiState[21]_i_125_n_0. Optimizations did not improve timing on the net.
INFO: [Physopt 32-702] Processed net tangerineA7_100_i/tangerineSOC_0/FSM_onehot_axiState[33]_i_1_n_0. Optimizations did not improve timing on the net.
INFO: [Physopt 32-702] Processed net tangerineA7_100_i/tangerineSOC_0/inst/axiDMAInst/cacheTagRamW2Inst/U0/inst_blk_mem_gen/gnbram.gnativebmg.native_blk_mem_gen/valid.cstr/ramloop[0].ram.r/prim_noinit.ram/douta[0]. Optimizations did not improve timing on the net.
INFO: [Physopt 32-702] Processed net tangerineA7_100_i/clk_wiz_0/inst/clk320_tangerineA7_100_clk_wiz_0_0. Optimizations did not improve timing on the net.
INFO: [Physopt 32-702] Processed net tangerineA7_100_i/hdmiOut_0/inst/dvidInst/D1. Optimizations did not improve timing on the net.
INFO: [Physopt 32-619] Estimated Timing Summary | WNS=-7.193 | TNS=-7027.206 |
Phase 32 Critical Path Optimization | Checksum: 1b67b6fe5

Time (s): cpu = 00:01:39 ; elapsed = 00:01:11 . Memory (MB): peak = 3867.664 ; gain = 91.012

Phase 33 Critical Path Optimization
INFO: [Physopt 32-619] Estimated Timing Summary | WNS=-7.193 | TNS=-7027.206 |
INFO: [Physopt 32-702] Processed net tangerineA7_100_i/tangerineSOC_0/inst/vgaInst/pixelGenInst/pgLutBackgroundColor[13]. Optimizations did not improve timing on the net.
INFO: [Physopt 32-702] Processed net tangerineA7_100_i/clk_wiz_2/inst/clk162_5_tangerineA7_100_clk_wiz_2_0. Optimizations did not improve timing on the net.
INFO: [Physopt 32-702] Processed net tangerineA7_100_i/tangerineSOC_0/pgLutBackgroundColor[23]_i_6_n_0_repN. Optimizations did not improve timing on the net.
INFO: [Physopt 32-702] Processed net tangerineA7_100_i/tangerineSOC_0/pgLutBackgroundColor[23]_i_13_n_0. Optimizations did not improve timing on the net.
INFO: [Physopt 32-702] Processed net tangerineA7_100_i/tangerineSOC_0/inst/vgaInst/pixelGenInst/p_0_in[13]. Optimizations did not improve timing on the net.
INFO: [Physopt 32-702] Processed net tangerineA7_100_i/tangerineSOC_0/inst/vgaInst/pgCursorY_reg_n_0_[0]. Optimizations did not improve timing on the net.
INFO: [Physopt 32-702] Processed net tangerineA7_100_i/tangerineSOC_0/resultMuluu0_i_15_psdsp_n_2. Optimizations did not improve timing on the net.
INFO: [Physopt 32-702] Processed net tangerineA7_100_i/tangerineSOC_0/resultMuluu0_i_72_n_0. Optimizations did not improve timing on the net.
INFO: [Physopt 32-702] Processed net tangerineA7_100_i/tangerineSOC_0/resultMuluu0_i_189_n_0. Optimizations did not improve timing on the net.
INFO: [Physopt 32-571] Net tangerineA7_100_i/tangerineSOC_0/resultMuluu0_i_196_n_0 was not replicated.
INFO: [Physopt 32-608] Optimized 1 net.  Swapped 17 pins.
INFO: [Physopt 32-735] Processed net tangerineA7_100_i/tangerineSOC_0/resultMuluu0_i_196_n_0. Optimization improves timing on the net.
INFO: [Physopt 32-619] Estimated Timing Summary | WNS=-7.193 | TNS=-7016.510 |
INFO: [Physopt 32-702] Processed net tangerineA7_100_i/tangerineSOC_0/inst/nekoRvInst/csrDOut[30]. Optimizations did not improve timing on the net.
INFO: [Physopt 32-571] Net tangerineA7_100_i/tangerineSOC_0/csrDOut[31]_i_3_n_0 was not replicated.
INFO: [Physopt 32-710] Processed net tangerineA7_100_i/tangerineSOC_0/csrDOut[30]_i_1_n_0. Critical path length was reduced through logic transformation on cell tangerineA7_100_i/tangerineSOC_0/csrDOut[30]_i_1_comp.
INFO: [Physopt 32-735] Processed net tangerineA7_100_i/tangerineSOC_0/csrDOut[31]_i_3_n_0. Optimization improves timing on the net.
INFO: [Physopt 32-619] Estimated Timing Summary | WNS=-7.193 | TNS=-7016.581 |
INFO: [Physopt 32-702] Processed net tangerineA7_100_i/tangerineSOC_0/inst/nekoRvInst/csrDOut[28]. Optimizations did not improve timing on the net.
INFO: [Physopt 32-571] Net tangerineA7_100_i/tangerineSOC_0/csrDOut[31]_i_3_n_0 was not replicated.
INFO: [Physopt 32-710] Processed net tangerineA7_100_i/tangerineSOC_0/csrDOut[28]_i_1_n_0. Critical path length was reduced through logic transformation on cell tangerineA7_100_i/tangerineSOC_0/csrDOut[28]_i_1_comp.
INFO: [Physopt 32-735] Processed net tangerineA7_100_i/tangerineSOC_0/csrDOut[31]_i_3_n_0. Optimization improves timing on the net.
INFO: [Physopt 32-619] Estimated Timing Summary | WNS=-7.193 | TNS=-7016.581 |
INFO: [Physopt 32-702] Processed net tangerineA7_100_i/tangerineSOC_0/inst/nekoRvInst/rdVal_reg_n_0_[14]. Optimizations did not improve timing on the net.
INFO: [Physopt 32-710] Processed net tangerineA7_100_i/tangerineSOC_0/rdVal[14]_i_1_n_0. Critical path length was reduced through logic transformation on cell tangerineA7_100_i/tangerineSOC_0/rdVal[14]_i_1_comp.
INFO: [Physopt 32-735] Processed net tangerineA7_100_i/tangerineSOC_0/rdVal[14]_i_6_n_0. Optimization improves timing on the net.
INFO: [Physopt 32-619] Estimated Timing Summary | WNS=-7.193 | TNS=-7016.024 |
INFO: [Physopt 32-702] Processed net tangerineA7_100_i/tangerineSOC_0/inst/nekoRvInst/csrDOut[2]. Optimizations did not improve timing on the net.
INFO: [Physopt 32-571] Net tangerineA7_100_i/tangerineSOC_0/csrDOut[31]_i_3_n_0 was not replicated.
INFO: [Physopt 32-710] Processed net tangerineA7_100_i/tangerineSOC_0/csrDOut[2]_i_1_n_0. Critical path length was reduced through logic transformation on cell tangerineA7_100_i/tangerineSOC_0/csrDOut[2]_i_1_comp.
INFO: [Physopt 32-735] Processed net tangerineA7_100_i/tangerineSOC_0/csrDOut[31]_i_3_n_0. Optimization improves timing on the net.
INFO: [Physopt 32-619] Estimated Timing Summary | WNS=-7.193 | TNS=-7015.905 |
INFO: [Physopt 32-702] Processed net tangerineA7_100_i/tangerineSOC_0/rs2Val[8]_i_1_psdsp_n. Optimizations did not improve timing on the net.
INFO: [Physopt 32-702] Processed net tangerineA7_100_i/tangerineSOC_0/rs2Val_reg[8]_i_2_n_0. Optimizations did not improve timing on the net.
INFO: [Physopt 32-571] Net tangerineA7_100_i/tangerineSOC_0/rs2Val[16]_i_6_n_0 was not replicated.
INFO: [Physopt 32-735] Processed net tangerineA7_100_i/tangerineSOC_0/rs2Val[16]_i_6_n_0. Optimization improves timing on the net.
INFO: [Physopt 32-619] Estimated Timing Summary | WNS=-7.193 | TNS=-7018.229 |
INFO: [Physopt 32-702] Processed net tangerineA7_100_i/tangerineSOC_0/inst/nekoRvInst/csrDOut[3]. Optimizations did not improve timing on the net.
INFO: [Physopt 32-571] Net tangerineA7_100_i/tangerineSOC_0/csrDOut[31]_i_3_n_0 was not replicated.
INFO: [Physopt 32-710] Processed net tangerineA7_100_i/tangerineSOC_0/csrDOut[3]_i_1_n_0. Critical path length was reduced through logic transformation on cell tangerineA7_100_i/tangerineSOC_0/csrDOut[3]_i_1_comp.
INFO: [Physopt 32-735] Processed net tangerineA7_100_i/tangerineSOC_0/csrDOut[31]_i_3_n_0. Optimization improves timing on the net.
INFO: [Physopt 32-619] Estimated Timing Summary | WNS=-7.193 | TNS=-7018.345 |
INFO: [Physopt 32-702] Processed net tangerineA7_100_i/tangerineSOC_0/inst/nekoRvInst/rdVal_reg_n_0_[11]. Optimizations did not improve timing on the net.
INFO: [Physopt 32-710] Processed net tangerineA7_100_i/tangerineSOC_0/rdVal[11]_i_1_n_0. Critical path length was reduced through logic transformation on cell tangerineA7_100_i/tangerineSOC_0/rdVal[11]_i_1_comp.
INFO: [Physopt 32-735] Processed net tangerineA7_100_i/tangerineSOC_0/rdVal[11]_i_6_n_0. Optimization improves timing on the net.
INFO: [Physopt 32-619] Estimated Timing Summary | WNS=-7.193 | TNS=-7017.796 |
INFO: [Physopt 32-702] Processed net tangerineA7_100_i/tangerineSOC_0/inst/nekoRvInst/csrDOut[0]. Optimizations did not improve timing on the net.
INFO: [Physopt 32-571] Net tangerineA7_100_i/tangerineSOC_0/csrDOut[31]_i_3_n_0 was not replicated.
INFO: [Physopt 32-710] Processed net tangerineA7_100_i/tangerineSOC_0/csrDOut[0]_i_1_n_0. Critical path length was reduced through logic transformation on cell tangerineA7_100_i/tangerineSOC_0/csrDOut[0]_i_1_comp.
INFO: [Physopt 32-735] Processed net tangerineA7_100_i/tangerineSOC_0/csrDOut[31]_i_3_n_0. Optimization improves timing on the net.
INFO: [Physopt 32-619] Estimated Timing Summary | WNS=-7.193 | TNS=-7017.798 |
INFO: [Physopt 32-702] Processed net tangerineA7_100_i/tangerineSOC_0/inst/nekoRvInst/csrDOut[8]. Optimizations did not improve timing on the net.
INFO: [Physopt 32-571] Net tangerineA7_100_i/tangerineSOC_0/csrDOut[31]_i_3_n_0 was not replicated.
INFO: [Physopt 32-710] Processed net tangerineA7_100_i/tangerineSOC_0/csrDOut[8]_i_1_n_0. Critical path length was reduced through logic transformation on cell tangerineA7_100_i/tangerineSOC_0/csrDOut[8]_i_1_comp.
INFO: [Physopt 32-735] Processed net tangerineA7_100_i/tangerineSOC_0/csrDOut[31]_i_3_n_0. Optimization improves timing on the net.
INFO: [Physopt 32-619] Estimated Timing Summary | WNS=-7.193 | TNS=-7017.847 |
INFO: [Physopt 32-735] Processed net tangerineA7_100_i/tangerineSOC_0/resultMuluu0_i_13_psdsp_n. Optimization improves timing on the net.
INFO: [Physopt 32-619] Estimated Timing Summary | WNS=-7.193 | TNS=-7017.533 |
INFO: [Physopt 32-702] Processed net tangerineA7_100_i/tangerineSOC_0/inst/nekoRvInst/csrDOut[10]. Optimizations did not improve timing on the net.
INFO: [Physopt 32-571] Net tangerineA7_100_i/tangerineSOC_0/csrDOut[31]_i_3_n_0 was not replicated.
INFO: [Physopt 32-710] Processed net tangerineA7_100_i/tangerineSOC_0/csrDOut[10]_i_1_n_0. Critical path length was reduced through logic transformation on cell tangerineA7_100_i/tangerineSOC_0/csrDOut[10]_i_1_comp.
INFO: [Physopt 32-735] Processed net tangerineA7_100_i/tangerineSOC_0/csrDOut[31]_i_3_n_0. Optimization improves timing on the net.
INFO: [Physopt 32-619] Estimated Timing Summary | WNS=-7.193 | TNS=-7017.639 |
INFO: [Physopt 32-702] Processed net tangerineA7_100_i/tangerineSOC_0/inst/nekoRvInst/csrDOut[22]. Optimizations did not improve timing on the net.
INFO: [Physopt 32-571] Net tangerineA7_100_i/tangerineSOC_0/csrDOut[31]_i_3_n_0 was not replicated.
INFO: [Physopt 32-710] Processed net tangerineA7_100_i/tangerineSOC_0/csrDOut[22]_i_1_n_0. Critical path length was reduced through logic transformation on cell tangerineA7_100_i/tangerineSOC_0/csrDOut[22]_i_1_comp.
INFO: [Physopt 32-735] Processed net tangerineA7_100_i/tangerineSOC_0/csrDOut[31]_i_3_n_0. Optimization improves timing on the net.
INFO: [Physopt 32-619] Estimated Timing Summary | WNS=-7.193 | TNS=-7017.689 |
INFO: [Common 17-14] Message 'Physopt 32-619' appears 100 times and further instances of the messages will be disabled. Use the Tcl command set_msg_config to change the current settings.
INFO: [Physopt 32-735] Processed net tangerineA7_100_i/tangerineSOC_0/resultMuluu0_i_10_psdsp_n_4. Optimization improves timing on the net.
INFO: [Physopt 32-702] Processed net tangerineA7_100_i/tangerineSOC_0/inst/nekoRvInst/csrDOut[14]. Optimizations did not improve timing on the net.
INFO: [Physopt 32-571] Net tangerineA7_100_i/tangerineSOC_0/csrDOut[31]_i_3_n_0 was not replicated.
INFO: [Physopt 32-710] Processed net tangerineA7_100_i/tangerineSOC_0/csrDOut[14]_i_1_n_0. Critical path length was reduced through logic transformation on cell tangerineA7_100_i/tangerineSOC_0/csrDOut[14]_i_1_comp.
INFO: [Physopt 32-735] Processed net tangerineA7_100_i/tangerineSOC_0/csrDOut[31]_i_3_n_0. Optimization improves timing on the net.
INFO: [Physopt 32-702] Processed net tangerineA7_100_i/tangerineSOC_0/inst/axiDMAInst/FSM_onehot_axiState_reg[20]_rep__5_n_0. Optimizations did not improve timing on the net.
INFO: [Physopt 32-702] Processed net tangerineA7_100_i/tangerineSOC_0/FSM_onehot_axiState[33]_i_7_n_0. Optimizations did not improve timing on the net.
INFO: [Physopt 32-710] Processed net tangerineA7_100_i/tangerineSOC_0/FSM_onehot_axiState[33]_i_7_n_0. Critical path length was reduced through logic transformation on cell tangerineA7_100_i/tangerineSOC_0/FSM_onehot_axiState[33]_i_7_comp.
INFO: [Physopt 32-735] Processed net tangerineA7_100_i/tangerineSOC_0/FSM_onehot_axiState[33]_i_11_n_0. Optimization improves timing on the net.
INFO: [Physopt 32-735] Processed net tangerineA7_100_i/tangerineSOC_0/inst/bltDmaDin[30]. Optimization improves timing on the net.
INFO: [Physopt 32-735] Processed net tangerineA7_100_i/tangerineSOC_0/inst/ch0DOut[2]. Optimization improves timing on the net.
INFO: [Physopt 32-702] Processed net tangerineA7_100_i/tangerineSOC_0/inst/bltDmaDin[2]. Optimizations did not improve timing on the net.
INFO: [Physopt 32-735] Processed net tangerineA7_100_i/tangerineSOC_0/ch0DOut[2]_i_3_n_0. Optimization improves timing on the net.
INFO: [Physopt 32-735] Processed net tangerineA7_100_i/tangerineSOC_0/inst/bltDmaDin[3]. Optimization improves timing on the net.
INFO: [Physopt 32-735] Processed net tangerineA7_100_i/tangerineSOC_0/inst/ch0DOut[24]. Optimization improves timing on the net.
INFO: [Physopt 32-735] Processed net tangerineA7_100_i/tangerineSOC_0/inst/bltDmaDin[24]. Optimization improves timing on the net.
INFO: [Physopt 32-710] Processed net tangerineA7_100_i/tangerineSOC_0/ch0DOut[31]_i_1_n_0. Critical path length was reduced through logic transformation on cell tangerineA7_100_i/tangerineSOC_0/ch0DOut[31]_i_1_comp.
INFO: [Physopt 32-735] Processed net tangerineA7_100_i/tangerineSOC_0/ch0DOut[31]_i_5_n_0. Optimization improves timing on the net.
INFO: [Physopt 32-735] Processed net tangerineA7_100_i/tangerineSOC_0/inst/ch0DOut[15]. Optimization improves timing on the net.
INFO: [Physopt 32-735] Processed net tangerineA7_100_i/tangerineSOC_0/inst/ch0DOut[5]. Optimization improves timing on the net.
INFO: [Physopt 32-735] Processed net tangerineA7_100_i/tangerineSOC_0/inst/ch0DOut[25]. Optimization improves timing on the net.
INFO: [Physopt 32-735] Processed net tangerineA7_100_i/tangerineSOC_0/inst/bltDmaDin[24]. Optimization improves timing on the net.
INFO: [Physopt 32-702] Processed net tangerineA7_100_i/tangerineSOC_0/inst/ch0DOut[31]. Optimizations did not improve timing on the net.
INFO: [Physopt 32-710] Processed net tangerineA7_100_i/tangerineSOC_0/ch0DOut[31]_i_2_n_0. Critical path length was reduced through logic transformation on cell tangerineA7_100_i/tangerineSOC_0/ch0DOut[31]_i_2_comp.
INFO: [Physopt 32-735] Processed net tangerineA7_100_i/tangerineSOC_0/ch0DOut[31]_i_9_n_0. Optimization improves timing on the net.
INFO: [Physopt 32-735] Processed net tangerineA7_100_i/tangerineSOC_0/inst/ch0DOut[24]. Optimization improves timing on the net.
INFO: [Physopt 32-735] Processed net tangerineA7_100_i/tangerineSOC_0/inst/bltDmaDin[28]. Optimization improves timing on the net.
INFO: [Physopt 32-702] Processed net tangerineA7_100_i/tangerineSOC_0/inst/bltDmaDin[28]. Optimizations did not improve timing on the net.
INFO: [Physopt 32-710] Processed net tangerineA7_100_i/tangerineSOC_0/ch0DOut[31]_i_1_n_0. Critical path length was reduced through logic transformation on cell tangerineA7_100_i/tangerineSOC_0/ch0DOut[31]_i_1_comp_1.
INFO: [Physopt 32-735] Processed net tangerineA7_100_i/tangerineSOC_0/ch0DOut[31]_i_10_n_0. Optimization improves timing on the net.
INFO: [Physopt 32-735] Processed net tangerineA7_100_i/tangerineSOC_0/inst/ch0DOut[2]. Optimization improves timing on the net.
INFO: [Physopt 32-735] Processed net tangerineA7_100_i/tangerineSOC_0/inst/ch0DOut[28]. Optimization improves timing on the net.
INFO: [Physopt 32-710] Processed net tangerineA7_100_i/tangerineSOC_0/FSM_onehot_axiState[33]_i_7_n_0. Critical path length was reduced through logic transformation on cell tangerineA7_100_i/tangerineSOC_0/FSM_onehot_axiState[33]_i_7_comp_1.
INFO: [Physopt 32-735] Processed net tangerineA7_100_i/tangerineSOC_0/FSM_onehot_axiState[33]_i_15_n_0. Optimization improves timing on the net.
INFO: [Common 17-14] Message 'Physopt 32-735' appears 100 times and further instances of the messages will be disabled. Use the Tcl command set_msg_config to change the current settings.
INFO: [Physopt 32-702] Processed net tangerineA7_100_i/tangerineSOC_0/inst/bltDmaDin[25]. Optimizations did not improve timing on the net.
INFO: [Physopt 32-710] Processed net tangerineA7_100_i/tangerineSOC_0/ch0DOut[25]_i_1_n_0. Critical path length was reduced through logic transformation on cell tangerineA7_100_i/tangerineSOC_0/ch0DOut[25]_i_1_comp.
INFO: [Physopt 32-702] Processed net tangerineA7_100_i/tangerineSOC_0/inst/ch0DOut[28]. Optimizations did not improve timing on the net.
INFO: [Physopt 32-710] Processed net tangerineA7_100_i/tangerineSOC_0/ch0DOut[28]_i_1_n_0. Critical path length was reduced through logic transformation on cell tangerineA7_100_i/tangerineSOC_0/ch0DOut[28]_i_1_comp.
INFO: [Physopt 32-702] Processed net tangerineA7_100_i/tangerineSOC_0/inst/ch0DOut[26]. Optimizations did not improve timing on the net.
INFO: [Physopt 32-710] Processed net tangerineA7_100_i/tangerineSOC_0/ch0DOut[26]_i_1_n_0. Critical path length was reduced through logic transformation on cell tangerineA7_100_i/tangerineSOC_0/ch0DOut[26]_i_1_comp.
INFO: [Physopt 32-702] Processed net tangerineA7_100_i/tangerineSOC_0/inst/bltDmaDin[24]. Optimizations did not improve timing on the net.
INFO: [Physopt 32-710] Processed net tangerineA7_100_i/tangerineSOC_0/ch0DOut[24]_i_1_n_0. Critical path length was reduced through logic transformation on cell tangerineA7_100_i/tangerineSOC_0/ch0DOut[24]_i_1_comp.
INFO: [Physopt 32-571] Net tangerineA7_100_i/tangerineSOC_0/inst/axiDMAInst/m00_axi_wlast134_out was not replicated.
INFO: [Physopt 32-571] Net tangerineA7_100_i/tangerineSOC_0/inst/axiDMAInst/m00_axi_wlast131_out was not replicated.
INFO: [Physopt 32-702] Processed net tangerineA7_100_i/tangerineSOC_0/inst/axiDMAInst/m00_axi_wlast131_out. Optimizations did not improve timing on the net.
INFO: [Physopt 32-702] Processed net tangerineA7_100_i/tangerineSOC_0/inst/axiDMAInst/m00_axi_wlast22_out. Optimizations did not improve timing on the net.
INFO: [Physopt 32-702] Processed net tangerineA7_100_i/tangerineSOC_0/FSM_onehot_axiState_reg[21]_i_28_n_0. Optimizations did not improve timing on the net.
INFO: [Physopt 32-608] Optimized 1 net.  Swapped 26 pins.
INFO: [Physopt 32-571] Net tangerineA7_100_i/tangerineSOC_0/inst/axiDMAInst/m00_axi_wlast134_out was not replicated.
INFO: [Physopt 32-702] Processed net tangerineA7_100_i/tangerineSOC_0/inst/axiDMAInst/m00_axi_wlast134_out. Optimizations did not improve timing on the net.
INFO: [Physopt 32-702] Processed net tangerineA7_100_i/tangerineSOC_0/inst/axiDMAInst/m00_axi_wlast24_out. Optimizations did not improve timing on the net.
INFO: [Physopt 32-702] Processed net tangerineA7_100_i/tangerineSOC_0/FSM_onehot_axiState_reg[21]_i_52_n_0. Optimizations did not improve timing on the net.
INFO: [Physopt 32-608] Optimized 1 net.  Swapped 26 pins.
INFO: [Physopt 32-608] Optimized 1 net.  Swapped 26 pins.
INFO: [Physopt 32-571] Net tangerineA7_100_i/tangerineSOC_0/inst/axiDMAInst/axiState1 was not replicated.
INFO: [Physopt 32-702] Processed net tangerineA7_100_i/tangerineSOC_0/inst/axiDMAInst/axiState1. Optimizations did not improve timing on the net.
INFO: [Physopt 32-702] Processed net tangerineA7_100_i/tangerineSOC_0/inst/axiDMAInst/axiState2. Optimizations did not improve timing on the net.
INFO: [Physopt 32-702] Processed net tangerineA7_100_i/tangerineSOC_0/FSM_onehot_axiState_reg[21]_i_36_n_0. Optimizations did not improve timing on the net.
INFO: [Physopt 32-608] Optimized 1 net.  Swapped 26 pins.
INFO: [Physopt 32-702] Processed net tangerineA7_100_i/tangerineSOC_0/inst/ch0DOut[20]. Optimizations did not improve timing on the net.
INFO: [Physopt 32-710] Processed net tangerineA7_100_i/tangerineSOC_0/ch0DOut[20]_i_1_n_0. Critical path length was reduced through logic transformation on cell tangerineA7_100_i/tangerineSOC_0/ch0DOut[20]_i_1_comp.
INFO: [Physopt 32-608] Optimized 1 net.  Swapped 26 pins.
INFO: [Physopt 32-702] Processed net tangerineA7_100_i/tangerineSOC_0/inst/ch0DOut[9]. Optimizations did not improve timing on the net.
INFO: [Physopt 32-710] Processed net tangerineA7_100_i/tangerineSOC_0/ch0DOut[9]_i_1_n_0. Critical path length was reduced through logic transformation on cell tangerineA7_100_i/tangerineSOC_0/ch0DOut[9]_i_1_comp.
INFO: [Physopt 32-702] Processed net tangerineA7_100_i/tangerineSOC_0/inst/bltDmaDin[29]. Optimizations did not improve timing on the net.
INFO: [Physopt 32-710] Processed net tangerineA7_100_i/tangerineSOC_0/ch0DOut[29]_i_1_n_0. Critical path length was reduced through logic transformation on cell tangerineA7_100_i/tangerineSOC_0/ch0DOut[29]_i_1_comp.
INFO: [Physopt 32-608] Optimized 1 net.  Swapped 26 pins.
INFO: [Physopt 32-702] Processed net tangerineA7_100_i/tangerineSOC_0/FSM_onehot_axiState[21]_i_76_n_0. Optimizations did not improve timing on the net.
INFO: [Physopt 32-608] Optimized 1 net.  Swapped 26 pins.
INFO: [Physopt 32-571] Net tangerineA7_100_i/tangerineSOC_0/ch0DOut[31]_i_1_n_0 was not replicated.
INFO: [Physopt 32-608] Optimized 1 net.  Swapped 13 pins.
INFO: [Physopt 32-608] Optimized 1 net.  Swapped 26 pins.
INFO: [Physopt 32-702] Processed net tangerineA7_100_i/tangerineSOC_0/inst/ch0DOut[8]. Optimizations did not improve timing on the net.
INFO: [Physopt 32-710] Processed net tangerineA7_100_i/tangerineSOC_0/ch0DOut[8]_i_1_n_0. Critical path length was reduced through logic transformation on cell tangerineA7_100_i/tangerineSOC_0/ch0DOut[8]_i_1_comp.
INFO: [Physopt 32-710] Processed net tangerineA7_100_i/tangerineSOC_0/FSM_onehot_axiState[33]_i_7_n_0. Critical path length was reduced through logic transformation on cell tangerineA7_100_i/tangerineSOC_0/FSM_onehot_axiState[33]_i_7_comp.
INFO: [Physopt 32-702] Processed net tangerineA7_100_i/tangerineSOC_0/ch0DOut[31]_i_9_n_0. Optimizations did not improve timing on the net.
INFO: [Physopt 32-702] Processed net tangerineA7_100_i/tangerineSOC_0/inst/bltDmaDin[30]. Optimizations did not improve timing on the net.
INFO: [Physopt 32-710] Processed net tangerineA7_100_i/tangerineSOC_0/ch0DOut[30]_i_1_n_0. Critical path length was reduced through logic transformation on cell tangerineA7_100_i/tangerineSOC_0/ch0DOut[30]_i_1_comp.
INFO: [Physopt 32-608] Optimized 1 net.  Swapped 26 pins.
INFO: [Physopt 32-702] Processed net tangerineA7_100_i/tangerineSOC_0/inst/bltDmaDin[10]. Optimizations did not improve timing on the net.
INFO: [Physopt 32-710] Processed net tangerineA7_100_i/tangerineSOC_0/ch0DOut[10]_i_1_n_0. Critical path length was reduced through logic transformation on cell tangerineA7_100_i/tangerineSOC_0/ch0DOut[10]_i_1_comp.
INFO: [Physopt 32-702] Processed net tangerineA7_100_i/tangerineSOC_0/inst/bltDmaDin[15]. Optimizations did not improve timing on the net.
INFO: [Physopt 32-710] Processed net tangerineA7_100_i/tangerineSOC_0/ch0DOut[15]_i_1_n_0. Critical path length was reduced through logic transformation on cell tangerineA7_100_i/tangerineSOC_0/ch0DOut[15]_i_1_comp.
INFO: [Physopt 32-608] Optimized 1 net.  Swapped 26 pins.
INFO: [Physopt 32-702] Processed net tangerineA7_100_i/tangerineSOC_0/ch0DOut[31]_i_2_n_0. Optimizations did not improve timing on the net.
INFO: [Physopt 32-702] Processed net tangerineA7_100_i/tangerineSOC_0/inst/axiDMAInst/cacheTagRamW1Inst/U0/inst_blk_mem_gen/gnbram.gnativebmg.native_blk_mem_gen/valid.cstr/ramloop[0].ram.r/prim_noinit.ram/douta[4]. Optimizations did not improve timing on the net.
INFO: [Physopt 32-702] Processed net tangerineA7_100_i/hdmiOut_0/inst/hdmiEncodedData_2. Optimizations did not improve timing on the net.
INFO: [Physopt 32-702] Processed net tangerineA7_100_i/clk_wiz_0/inst/clk320_tangerineA7_100_clk_wiz_0_0. Optimizations did not improve timing on the net.
INFO: [Physopt 32-702] Processed net tangerineA7_100_i/hdmiOut_0/inst/dvidInst/D1. Optimizations did not improve timing on the net.
INFO: [Physopt 32-702] Processed net tangerineA7_100_i/tangerineSOC_0/inst/vgaInst/pixelGenInst/pgLutBackgroundColor[13]. Optimizations did not improve timing on the net.
INFO: [Physopt 32-702] Processed net tangerineA7_100_i/clk_wiz_2/inst/clk162_5_tangerineA7_100_clk_wiz_2_0. Optimizations did not improve timing on the net.
INFO: [Physopt 32-702] Processed net tangerineA7_100_i/tangerineSOC_0/pgLutBackgroundColor[23]_i_6_n_0_repN. Optimizations did not improve timing on the net.
INFO: [Physopt 32-702] Processed net tangerineA7_100_i/tangerineSOC_0/pgLutBackgroundColor[23]_i_13_n_0. Optimizations did not improve timing on the net.
INFO: [Physopt 32-702] Processed net tangerineA7_100_i/tangerineSOC_0/inst/vgaInst/pixelGenInst/p_0_in[13]. Optimizations did not improve timing on the net.
INFO: [Physopt 32-702] Processed net tangerineA7_100_i/tangerineSOC_0/inst/vgaInst/pgCursorY_reg_n_0_[0]. Optimizations did not improve timing on the net.
INFO: [Physopt 32-702] Processed net tangerineA7_100_i/tangerineSOC_0/inst/nekoRvInst/rdVal_reg_n_0_[2]. Optimizations did not improve timing on the net.
INFO: [Physopt 32-702] Processed net tangerineA7_100_i/tangerineSOC_0/rdVal[2]_i_2_n_0. Optimizations did not improve timing on the net.
INFO: [Physopt 32-702] Processed net tangerineA7_100_i/tangerineSOC_0/rdVal[2]_i_9_n_0. Optimizations did not improve timing on the net.
INFO: [Physopt 32-608] Optimized 1 net.  Swapped 18 pins.
INFO: [Physopt 32-702] Processed net tangerineA7_100_i/tangerineSOC_0/inst/din[2]. Optimizations did not improve timing on the net.
INFO: [Physopt 32-702] Processed net tangerineA7_100_i/tangerineSOC_0/rdVal[2]_i_8_n_0. Optimizations did not improve timing on the net.
INFO: [Physopt 32-608] Optimized 1 net.  Swapped 15 pins.
INFO: [Physopt 32-702] Processed net tangerineA7_100_i/tangerineSOC_0/opcode[2]_i_2_n_0. Optimizations did not improve timing on the net.
INFO: [Physopt 32-702] Processed net tangerineA7_100_i/tangerineSOC_0/inst/fastRamInst/U0/inst_blk_mem_gen/gnbram.gnativebmg.native_blk_mem_gen/valid.cstr/has_mux_a.A/douta[2]. Optimizations did not improve timing on the net.
INFO: [Physopt 32-702] Processed net tangerineA7_100_i/tangerineSOC_0/inst/fastRamInst/U0/inst_blk_mem_gen/gnbram.gnativebmg.native_blk_mem_gen/valid.cstr/has_mux_a.A/douta[2]_INST_0_i_1_n_0. Optimizations did not improve timing on the net.
INFO: [Physopt 32-608] Optimized 1 net.  Swapped 24 pins.
INFO: [Physopt 32-702] Processed net tangerineA7_100_i/tangerineSOC_0/inst/fastRamInst/U0/inst_blk_mem_gen/gnbram.gnativebmg.native_blk_mem_gen/valid.cstr/has_mux_a.A/douta[2]_INST_0_i_2_n_0. Optimizations did not improve timing on the net.
INFO: [Physopt 32-608] Optimized 1 net.  Swapped 24 pins.
INFO: [Physopt 32-702] Processed net tangerineA7_100_i/tangerineSOC_0/inst/fastRamInst/U0/inst_blk_mem_gen/gnbram.gnativebmg.native_blk_mem_gen/valid.cstr/has_mux_a.A/douta[2]_INST_0_i_3_n_0. Optimizations did not improve timing on the net.
INFO: [Physopt 32-608] Optimized 1 net.  Swapped 23 pins.
INFO: [Physopt 32-702] Processed net tangerineA7_100_i/tangerineSOC_0/rdVal[2]_i_1_n_0. Optimizations did not improve timing on the net.
INFO: [Physopt 32-702] Processed net tangerineA7_100_i/tangerineSOC_0/inst/fastRamInst/U0/inst_blk_mem_gen/gnbram.gnativebmg.native_blk_mem_gen/valid.cstr/ramloop[0].ram.r/prim_noinit.ram/DEVICE_7SERIES.NO_BMM_INFO.SP.SIMPLE_PRIM36.ram_0[2]. Optimizations did not improve timing on the net.
INFO: [Physopt 32-702] Processed net tangerineA7_100_i/tangerineSOC_0/inst/ch0DOut[8]. Optimizations did not improve timing on the net.
INFO: [Physopt 32-702] Processed net tangerineA7_100_i/tangerineSOC_0/inst/ch0DOut[7]. Optimizations did not improve timing on the net.
INFO: [Physopt 32-702] Processed net tangerineA7_100_i/tangerineSOC_0/inst/axiDMAInst/axiState1. Optimizations did not improve timing on the net.
INFO: [Physopt 32-702] Processed net tangerineA7_100_i/tangerineSOC_0/inst/axiDMAInst/axiState2. Optimizations did not improve timing on the net.
INFO: [Physopt 32-608] Optimized 1 net.  Swapped 26 pins.
INFO: [Physopt 32-702] Processed net tangerineA7_100_i/tangerineSOC_0/inst/ch0DOut[24]. Optimizations did not improve timing on the net.
INFO: [Physopt 32-608] Optimized 1 net.  Swapped 18 pins.
INFO: [Physopt 32-702] Processed net tangerineA7_100_i/tangerineSOC_0/inst/ch0DOut[12]. Optimizations did not improve timing on the net.
INFO: [Physopt 32-702] Processed net tangerineA7_100_i/tangerineSOC_0/inst/bltDmaDin[27]. Optimizations did not improve timing on the net.
INFO: [Physopt 32-608] Optimized 1 net.  Swapped 22 pins.
INFO: [Physopt 32-608] Optimized 1 net.  Swapped 26 pins.
INFO: [Physopt 32-702] Processed net tangerineA7_100_i/clk_wiz_0/inst/clk320_tangerineA7_100_clk_wiz_0_0. Optimizations did not improve timing on the net.
INFO: [Physopt 32-702] Processed net tangerineA7_100_i/hdmiOut_0/inst/dvidInst/D1. Optimizations did not improve timing on the net.
Phase 33 Critical Path Optimization | Checksum: 16a36fcc6

Time (s): cpu = 00:01:59 ; elapsed = 00:01:24 . Memory (MB): peak = 3960.781 ; gain = 184.129

Phase 34 BRAM Enable Optimization
Phase 34 BRAM Enable Optimization | Checksum: 16a36fcc6

Time (s): cpu = 00:01:59 ; elapsed = 00:01:25 . Memory (MB): peak = 3960.781 ; gain = 184.129
INFO: [Physopt 32-960] Skip hold-fix as initial WHS does not violate hold threshold 250 ps
Netlist sorting complete. Time (s): cpu = 00:00:00 ; elapsed = 00:00:00.108 . Memory (MB): peak = 3960.781 ; gain = 0.000
INFO: [Physopt 32-603] Post Physical Optimization Timing Summary | WNS=-7.193 | TNS=-6800.170 |

Summary of Physical Synthesis Optimizations
============================================


----------------------------------------------------------------------------------------------------------------------------------------------------------------------
|  Optimization            |  WNS Gain (ns)  |  TNS Gain (ns)  |  Added Cells  |  Removed Cells  |  Optimized Cells/Nets  |  Dont Touch  |  Iterations  |  Elapsed   |
----------------------------------------------------------------------------------------------------------------------------------------------------------------------
|  Fanout                  |          0.000  |          0.000  |            0  |              0  |                     0  |           0  |           3  |  00:00:01  |
|  Single Cell Placement   |          0.005  |          7.109  |            0  |              0  |                    63  |           0  |           4  |  00:00:16  |
|  Multi Cell Placement    |          0.154  |         -1.273  |            0  |              0  |                    19  |           0  |           4  |  00:00:19  |
|  Rewire                  |          0.026  |          5.236  |            1  |              0  |                     3  |           0  |           3  |  00:00:00  |
|  Critical Cell           |          0.058  |          0.578  |           19  |              0  |                    20  |           0  |           3  |  00:00:11  |
|  SLR Crossing            |          0.000  |          0.000  |            0  |              0  |                     0  |           0  |           3  |  00:00:00  |
|  DSP Register            |          0.000  |          0.000  |            0  |              0  |                     0  |           0  |           2  |  00:00:00  |
|  BRAM Register           |          0.000  |          0.000  |            0  |              0  |                     0  |           0  |           2  |  00:00:00  |
|  URAM Register           |          0.000  |          0.000  |            0  |              0  |                     0  |           0  |           2  |  00:00:00  |
|  Shift Register          |          0.000  |          0.000  |            0  |              0  |                     0  |           0  |           2  |  00:00:00  |
|  Critical Pin            |          0.038  |         12.068  |            0  |              0  |                     8  |           0  |           1  |  00:00:00  |
|  Very High Fanout        |          0.000  |       -163.202  |            8  |              0  |                     7  |           0  |           1  |  00:00:04  |
|  BRAM Enable             |          0.000  |          0.000  |            0  |              0  |                     0  |           0  |           1  |  00:00:00  |
|  Critical Path           |          0.000  |        391.619  |            0  |              0  |                   210  |           0  |           2  |  00:00:24  |
|  Total                   |          0.281  |        252.135  |           28  |              0  |                   330  |           0  |          33  |  00:01:16  |
----------------------------------------------------------------------------------------------------------------------------------------------------------------------


Netlist sorting complete. Time (s): cpu = 00:00:00 ; elapsed = 00:00:00.009 . Memory (MB): peak = 3960.781 ; gain = 0.000
Ending Physical Synthesis Task | Checksum: 11a91f995

Time (s): cpu = 00:02:00 ; elapsed = 00:01:25 . Memory (MB): peak = 3960.781 ; gain = 184.129
INFO: [Common 17-83] Releasing license: Implementation
1642 Infos, 4 Warnings, 4 Critical Warnings and 0 Errors encountered.
phys_opt_design completed successfully
phys_opt_design: Time (s): cpu = 00:02:07 ; elapsed = 00:01:30 . Memory (MB): peak = 3960.805 ; gain = 188.336
INFO: [Timing 38-480] Writing timing data to binary archive.
Writing XDEF routing.
Writing XDEF routing logical nets.
Writing XDEF routing special nets.
Write XDEF Complete: Time (s): cpu = 00:00:06 ; elapsed = 00:00:02 . Memory (MB): peak = 3971.926 ; gain = 11.121
INFO: [Common 17-1381] The checkpoint 'C:/Users/qubeck/Documents/Development/ProjektyVHDL/WukongBoard/tangerineA7_100/tangerineA7_100.runs/impl_quick/tangerineA7_100_wrapper_physopt.dcp' has been generated.
write_checkpoint: Time (s): cpu = 00:00:09 ; elapsed = 00:00:06 . Memory (MB): peak = 3971.926 ; gain = 11.121
Command: route_design -directive HigherDelayCost -tns_cleanup
Attempting to get a license for feature 'Implementation' and/or device 'xc7a100t'
INFO: [Common 17-349] Got license for feature 'Implementation' and/or device 'xc7a100t'
INFO: [DRC 23-27] Running DRC with 2 threads
INFO: [Vivado_Tcl 4-198] DRC finished with 0 Errors
INFO: [Vivado_Tcl 4-199] Please refer to the DRC report (report_drc) for more information.
Running DRC as a precondition to command route_design
INFO: [DRC 23-27] Running DRC with 2 threads
INFO: [Vivado_Tcl 4-198] DRC finished with 0 Errors
INFO: [Vivado_Tcl 4-199] Please refer to the DRC report (report_drc) for more information.


Starting Routing Task
INFO: [Route 35-270] Using Router directive 'HigherDelayCost'.
INFO: [Route 35-254] Multithreading enabled for route_design using a maximum of 2 CPUs

Phase 1 Build RT Design
Checksum: PlaceDB: 4b7d954e ConstDB: 0 ShapeSum: 49fd024d RouteDB: 0
Post Restoration Checksum: NetGraph: 71e5942c | NumContArr: 4be8cedb | Constraints: 190a55ad | Timing: 0
Phase 1 Build RT Design | Checksum: d6d8b8b4

Time (s): cpu = 00:00:23 ; elapsed = 00:00:18 . Memory (MB): peak = 4095.617 ; gain = 75.879

Phase 2 Router Initialization

Phase 2.1 Fix Topology Constraints
Phase 2.1 Fix Topology Constraints | Checksum: d6d8b8b4

Time (s): cpu = 00:00:24 ; elapsed = 00:00:18 . Memory (MB): peak = 4095.617 ; gain = 75.879

Phase 2.2 Pre Route Cleanup
Phase 2.2 Pre Route Cleanup | Checksum: d6d8b8b4

Time (s): cpu = 00:00:24 ; elapsed = 00:00:18 . Memory (MB): peak = 4095.617 ; gain = 75.879
 Number of Nodes with overlaps = 0

Phase 2.3 Update Timing
Phase 2.3 Update Timing | Checksum: 17f750322

Time (s): cpu = 00:00:34 ; elapsed = 00:00:25 . Memory (MB): peak = 4095.617 ; gain = 75.879
INFO: [Route 35-416] Intermediate Timing Summary | WNS=-7.120 | TNS=-6775.005| WHS=-2.489 | THS=-1083.989|


Phase 2.4 Update Timing for Bus Skew

Phase 2.4.1 Update Timing
Phase 2.4.1 Update Timing | Checksum: 11d44fda0

Time (s): cpu = 00:00:41 ; elapsed = 00:00:30 . Memory (MB): peak = 4095.617 ; gain = 75.879
INFO: [Route 35-416] Intermediate Timing Summary | WNS=-7.120 | TNS=-6705.366| WHS=N/A    | THS=N/A    |

Phase 2.4 Update Timing for Bus Skew | Checksum: 11d44fda0

Time (s): cpu = 00:00:41 ; elapsed = 00:00:30 . Memory (MB): peak = 4095.617 ; gain = 75.879

Router Utilization Summary
  Global Vertical Routing Utilization    = 0.00208905 %
  Global Horizontal Routing Utilization  = 0.000213129 %
  Routable Net Status*
  *Does not include unroutable nets such as driverless and loadless.
  Run report_route_status for detailed report.
  Number of Failed Nets               = 39206
    (Failed Nets is the sum of unrouted and partially routed nets)
  Number of Unrouted Nets             = 39204
  Number of Partially Routed Nets     = 2
  Number of Node Overlaps             = 0

Phase 2 Router Initialization | Checksum: f332258e

Time (s): cpu = 00:00:42 ; elapsed = 00:00:30 . Memory (MB): peak = 4095.617 ; gain = 75.879

Phase 3 Initial Routing

Phase 3.1 Global Routing
Phase 3.1 Global Routing | Checksum: f332258e

Time (s): cpu = 00:00:42 ; elapsed = 00:00:30 . Memory (MB): peak = 4095.617 ; gain = 75.879
Phase 3 Initial Routing | Checksum: c5ddf2ef

Time (s): cpu = 00:01:51 ; elapsed = 00:01:06 . Memory (MB): peak = 4161.531 ; gain = 141.793
INFO: [Route 35-580] Design has 262 pins with tight setup and hold constraints.

The top 5 pins with tight setup and hold constraints:

+======================================+======================================+============================================================================================+
| Launch Setup Clock                   | Launch Hold Clock                    | Pin                                                                                        |
+======================================+======================================+============================================================================================+
| clk64_tangerineA7_100_clk_wiz_0_0    | clk64_tangerineA7_100_clk_wiz_0_0    | tangerineA7_100_i/tangerineSOC_0/inst/inputSyncVSInst/stage1Reg_reg[0]/D                   |
| clk64_tangerineA7_100_clk_wiz_0_0    | clk64_tangerineA7_100_clk_wiz_0_0    | tangerineA7_100_i/tangerineSOC_0/inst/inputSyncDmaRequestInst/stage1Reg_reg[1]/D           |
| clk64_tangerineA7_100_clk_wiz_0_0    | clk64_tangerineA7_100_clk_wiz_0_0    | tangerineA7_100_i/tangerineSOC_0/inst/inputSyncDmaRequestInst/stage1Reg_reg[0]/D           |
| clk64_tangerineA7_100_clk_wiz_0_0    | clk64_tangerineA7_100_clk_wiz_0_0    | tangerineA7_100_i/tangerineSOC_0/inst/vgaInst/inputSyncVSInst/stage1Reg_reg[0]/D           |
| clk162_5_tangerineA7_100_clk_wiz_2_0 | clk162_5_tangerineA7_100_clk_wiz_2_0 | tangerineA7_100_i/tangerineSOC_0/inst/vgaInst/pixelGenGfxInst/FSM_onehot_pggState_reg[1]/D |
+--------------------------------------+--------------------------------------+--------------------------------------------------------------------------------------------+

File with complete list of pins: tight_setup_hold_pins.txt


Phase 4 Rip-up And Reroute

Phase 4.1 Global Iteration 0
 Number of Nodes with overlaps = 15011
 Number of Nodes with overlaps = 2832
 Number of Nodes with overlaps = 731
 Number of Nodes with overlaps = 415
 Number of Nodes with overlaps = 163
 Number of Nodes with overlaps = 48
 Number of Nodes with overlaps = 45
 Number of Nodes with overlaps = 31
 Number of Nodes with overlaps = 14
 Number of Nodes with overlaps = 20
 Number of Nodes with overlaps = 6
 Number of Nodes with overlaps = 11
 Number of Nodes with overlaps = 6
 Number of Nodes with overlaps = 8
 Number of Nodes with overlaps = 9
 Number of Nodes with overlaps = 0
INFO: [Route 35-416] Intermediate Timing Summary | WNS=-8.804 | TNS=-10893.531| WHS=N/A    | THS=N/A    |

Phase 4.1 Global Iteration 0 | Checksum: cd559a03

Time (s): cpu = 00:04:26 ; elapsed = 00:02:56 . Memory (MB): peak = 4257.074 ; gain = 237.336

Phase 4.2 Global Iteration 1
 Number of Nodes with overlaps = 54
 Number of Nodes with overlaps = 14
 Number of Nodes with overlaps = 5
 Number of Nodes with overlaps = 3
 Number of Nodes with overlaps = 0
INFO: [Route 35-416] Intermediate Timing Summary | WNS=-8.934 | TNS=-11182.122| WHS=N/A    | THS=N/A    |

Phase 4.2 Global Iteration 1 | Checksum: 1d2c98c2c

Time (s): cpu = 00:04:29 ; elapsed = 00:02:59 . Memory (MB): peak = 4257.074 ; gain = 237.336
Phase 4 Rip-up And Reroute | Checksum: 1d2c98c2c

Time (s): cpu = 00:04:29 ; elapsed = 00:03:00 . Memory (MB): peak = 4257.074 ; gain = 237.336

Phase 5 Delay and Skew Optimization

Phase 5.1 TNS Cleanup

Phase 5.1.1 Delay CleanUp

Phase 5.1.1.1 Update Timing
Phase 5.1.1.1 Update Timing | Checksum: 187c34d82

Time (s): cpu = 00:04:32 ; elapsed = 00:03:01 . Memory (MB): peak = 4257.074 ; gain = 237.336
INFO: [Route 35-416] Intermediate Timing Summary | WNS=-8.804 | TNS=-10758.560| WHS=N/A    | THS=N/A    |

 Number of Nodes with overlaps = 0

Phase 5.1.1.2 Update Timing
Phase 5.1.1.2 Update Timing | Checksum: 7ced17d4

Time (s): cpu = 00:04:39 ; elapsed = 00:03:05 . Memory (MB): peak = 4257.074 ; gain = 237.336
INFO: [Route 35-416] Intermediate Timing Summary | WNS=-8.804 | TNS=-10287.154| WHS=N/A    | THS=N/A    |

 Number of Nodes with overlaps = 0

Phase 5.1.1.3 Update Timing
Phase 5.1.1.3 Update Timing | Checksum: 1b4275e32

Time (s): cpu = 00:04:51 ; elapsed = 00:03:11 . Memory (MB): peak = 4257.074 ; gain = 237.336
INFO: [Route 35-416] Intermediate Timing Summary | WNS=-8.804 | TNS=-9687.497| WHS=N/A    | THS=N/A    |

 Number of Nodes with overlaps = 0

Phase 5.1.1.4 Update Timing
Phase 5.1.1.4 Update Timing | Checksum: 181681ef2

Time (s): cpu = 00:04:56 ; elapsed = 00:03:14 . Memory (MB): peak = 4257.074 ; gain = 237.336
INFO: [Route 35-416] Intermediate Timing Summary | WNS=-8.804 | TNS=-9423.172| WHS=N/A    | THS=N/A    |

 Number of Nodes with overlaps = 0

Phase 5.1.1.5 Update Timing
Phase 5.1.1.5 Update Timing | Checksum: 1dbef6686

Time (s): cpu = 00:05:01 ; elapsed = 00:03:17 . Memory (MB): peak = 4257.074 ; gain = 237.336
INFO: [Route 35-416] Intermediate Timing Summary | WNS=-8.804 | TNS=-9279.841| WHS=N/A    | THS=N/A    |

 Number of Nodes with overlaps = 0

Phase 5.1.1.6 Update Timing
Phase 5.1.1.6 Update Timing | Checksum: e11de166

Time (s): cpu = 00:05:04 ; elapsed = 00:03:19 . Memory (MB): peak = 4257.074 ; gain = 237.336
INFO: [Route 35-416] Intermediate Timing Summary | WNS=-8.804 | TNS=-9105.115| WHS=N/A    | THS=N/A    |

 Number of Nodes with overlaps = 0

Phase 5.1.1.7 Update Timing
Phase 5.1.1.7 Update Timing | Checksum: 1dad36ff1

Time (s): cpu = 00:05:11 ; elapsed = 00:03:23 . Memory (MB): peak = 4257.074 ; gain = 237.336
INFO: [Route 35-416] Intermediate Timing Summary | WNS=-8.804 | TNS=-8900.925| WHS=N/A    | THS=N/A    |

 Number of Nodes with overlaps = 0

Phase 5.1.1.8 Update Timing
Phase 5.1.1.8 Update Timing | Checksum: b3feb3f2

Time (s): cpu = 00:05:16 ; elapsed = 00:03:26 . Memory (MB): peak = 4257.074 ; gain = 237.336
INFO: [Route 35-416] Intermediate Timing Summary | WNS=-8.804 | TNS=-8791.474| WHS=N/A    | THS=N/A    |

 Number of Nodes with overlaps = 0

Phase 5.1.1.9 Update Timing
Phase 5.1.1.9 Update Timing | Checksum: 275c955a9

Time (s): cpu = 00:05:21 ; elapsed = 00:03:28 . Memory (MB): peak = 4257.074 ; gain = 237.336
INFO: [Route 35-416] Intermediate Timing Summary | WNS=-8.804 | TNS=-8710.012| WHS=N/A    | THS=N/A    |

 Number of Nodes with overlaps = 0

Phase 5.1.1.10 Update Timing
Phase 5.1.1.10 Update Timing | Checksum: 14bb2de69

Time (s): cpu = 00:05:23 ; elapsed = 00:03:29 . Memory (MB): peak = 4257.074 ; gain = 237.336
INFO: [Route 35-416] Intermediate Timing Summary | WNS=-8.804 | TNS=-8681.418| WHS=N/A    | THS=N/A    |

 Number of Nodes with overlaps = 0
Phase 5.1.1 Delay CleanUp | Checksum: 2583a4b6d

Time (s): cpu = 00:05:24 ; elapsed = 00:03:30 . Memory (MB): peak = 4257.074 ; gain = 237.336
Phase 5.1 TNS Cleanup | Checksum: 2583a4b6d

Time (s): cpu = 00:05:24 ; elapsed = 00:03:30 . Memory (MB): peak = 4257.074 ; gain = 237.336

Phase 5.2 Clock Skew Optimization
Phase 5.2 Clock Skew Optimization | Checksum: 2583a4b6d

Time (s): cpu = 00:05:24 ; elapsed = 00:03:30 . Memory (MB): peak = 4257.074 ; gain = 237.336
Phase 5 Delay and Skew Optimization | Checksum: 2583a4b6d

Time (s): cpu = 00:05:24 ; elapsed = 00:03:30 . Memory (MB): peak = 4257.074 ; gain = 237.336

Phase 6 Post Hold Fix

Phase 6.1 Hold Fix Iter

Phase 6.1.1 Update Timing
Phase 6.1.1 Update Timing | Checksum: 278fef2b6

Time (s): cpu = 00:05:27 ; elapsed = 00:03:32 . Memory (MB): peak = 4257.074 ; gain = 237.336
INFO: [Route 35-416] Intermediate Timing Summary | WNS=-8.804 | TNS=-8676.199| WHS=-0.108 | THS=-0.325 |

Phase 6.1 Hold Fix Iter | Checksum: c498cba8

Time (s): cpu = 00:05:28 ; elapsed = 00:03:33 . Memory (MB): peak = 4257.074 ; gain = 237.336
WARNING: [Route 35-468] The router encountered 135 pins that are both setup-critical and hold-critical and tried to fix hold violations at the expense of setup slack. Such pins are:
	tangerineA7_100_i/tangerineSOC_0/cacheValidWay1[174]_i_1/I2
	tangerineA7_100_i/tangerineSOC_0/cacheValidWay1[165]_i_1/I2
	tangerineA7_100_i/tangerineSOC_0/m00_axi_wstrb[15]_i_2/I1
	tangerineA7_100_i/tangerineSOC_0/m00_axi_wstrb[15]_i_3/I4
	tangerineA7_100_i/tangerineSOC_0/inst/inputSyncDmaRequestInst/stage1Reg_reg[1]/D
	tangerineA7_100_i/tangerineSOC_0/inst/inputSyncDmaRequestInst/stage1Reg_reg[0]/D
	tangerineA7_100_i/tangerineSOC_0/inst/inputSyncVSInst/stage1Reg_reg[0]/D
	tangerineA7_100_i/tangerineSOC_0/inst/vgaInst/pixelGenGfxInst/FSM_onehot_pggState_reg[0]/CE
	tangerineA7_100_i/tangerineSOC_0/inst/vgaInst/pixelGenGfxInst/FSM_onehot_pggState_reg[10]/CE
	tangerineA7_100_i/tangerineSOC_0/inst/vgaInst/pixelGenGfxInst/FSM_onehot_pggState_reg[12]/CE
	.. and 125 more pins.

Phase 6 Post Hold Fix | Checksum: e34522aa

Time (s): cpu = 00:05:28 ; elapsed = 00:03:33 . Memory (MB): peak = 4257.074 ; gain = 237.336

Phase 7 Route finalize

Router Utilization Summary
  Global Vertical Routing Utilization    = 16.5829 %
  Global Horizontal Routing Utilization  = 15.7645 %
  Routable Net Status*
  *Does not include unroutable nets such as driverless and loadless.
  Run report_route_status for detailed report.
  Number of Failed Nets               = 0
    (Failed Nets is the sum of unrouted and partially routed nets)
  Number of Unrouted Nets             = 0
  Number of Partially Routed Nets     = 0
  Number of Node Overlaps             = 0


--GLOBAL Congestion:
Utilization threshold used for congestion level computation: 0.85
Congestion Report
North Dir 1x1 Area, Max Cong = 94.5946%, Congestion bounded by tiles (Lower Left Tile -> Upper Right Tile):
   INT_R_X35Y114 -> INT_R_X35Y114
   INT_L_X38Y97 -> INT_L_X38Y97
   INT_R_X23Y96 -> INT_R_X23Y96
   INT_R_X33Y95 -> INT_R_X33Y95
   INT_R_X27Y94 -> INT_R_X27Y94
South Dir 1x1 Area, Max Cong = 83.7838%, No Congested Regions.
East Dir 2x2 Area, Max Cong = 85.2941%, Congestion bounded by tiles (Lower Left Tile -> Upper Right Tile):
   INT_L_X28Y92 -> INT_R_X29Y93
West Dir 1x1 Area, Max Cong = 97.0588%, Congestion bounded by tiles (Lower Left Tile -> Upper Right Tile):
   INT_L_X36Y113 -> INT_L_X36Y113
   INT_R_X39Y108 -> INT_R_X39Y108
   INT_R_X27Y95 -> INT_R_X27Y95
   INT_L_X32Y95 -> INT_L_X32Y95
   INT_R_X35Y94 -> INT_R_X35Y94

------------------------------
Reporting congestion hotspots
------------------------------
Direction: North
----------------
Congested clusters found at Level 0
Effective congestion level: 0 Aspect Ratio: 1 Sparse Ratio: 1
Direction: South
----------------
Congested clusters found at Level 0
Effective congestion level: 0 Aspect Ratio: 1 Sparse Ratio: 0
Direction: East
----------------
Congested clusters found at Level 0
Effective congestion level: 2 Aspect Ratio: 0.5 Sparse Ratio: 0.75
Direction: West
----------------
Congested clusters found at Level 0
Effective congestion level: 1 Aspect Ratio: 0.142857 Sparse Ratio: 1.75

Phase 7 Route finalize | Checksum: b375e845

Time (s): cpu = 00:05:28 ; elapsed = 00:03:33 . Memory (MB): peak = 4257.074 ; gain = 237.336

Phase 8 Verifying routed nets

 Verification completed successfully
Phase 8 Verifying routed nets | Checksum: b375e845

Time (s): cpu = 00:05:28 ; elapsed = 00:03:33 . Memory (MB): peak = 4257.074 ; gain = 237.336

Phase 9 Depositing Routes
Phase 9 Depositing Routes | Checksum: 869f4e6b

Time (s): cpu = 00:05:30 ; elapsed = 00:03:35 . Memory (MB): peak = 4257.074 ; gain = 237.336

Phase 10 Post Router Timing

Phase 10.1 Update Timing
Phase 10.1 Update Timing | Checksum: 9973f924

Time (s): cpu = 00:05:34 ; elapsed = 00:03:37 . Memory (MB): peak = 4257.074 ; gain = 237.336
INFO: [Route 35-57] Estimated Timing Summary | WNS=-8.804 | TNS=-8676.193| WHS=0.050  | THS=0.000  |

WARNING: [Route 35-328] Router estimated timing not met.
Resolution: For a complete and accurate timing signoff, report_timing_summary must be run after route_design. Alternatively, route_design can be run with the -timing_summary option to enable a complete timing signoff at the end of route_design.
Phase 10 Post Router Timing | Checksum: 9973f924

Time (s): cpu = 00:05:34 ; elapsed = 00:03:37 . Memory (MB): peak = 4257.074 ; gain = 237.336
INFO: [Route 35-16] Router Completed Successfully

Phase 11 Post-Route Event Processing
Phase 11 Post-Route Event Processing | Checksum: ef293e45

Time (s): cpu = 00:05:35 ; elapsed = 00:03:38 . Memory (MB): peak = 4257.074 ; gain = 237.336

Time (s): cpu = 00:05:35 ; elapsed = 00:03:38 . Memory (MB): peak = 4257.074 ; gain = 237.336

Routing Is Done.
INFO: [Common 17-83] Releasing license: Implementation
1672 Infos, 6 Warnings, 4 Critical Warnings and 0 Errors encountered.
route_design completed successfully
route_design: Time (s): cpu = 00:05:39 ; elapsed = 00:03:40 . Memory (MB): peak = 4257.074 ; gain = 285.148
INFO: [runtcl-4] Executing : report_drc -file tangerineA7_100_wrapper_drc_routed.rpt -pb tangerineA7_100_wrapper_drc_routed.pb -rpx tangerineA7_100_wrapper_drc_routed.rpx
Command: report_drc -file tangerineA7_100_wrapper_drc_routed.rpt -pb tangerineA7_100_wrapper_drc_routed.pb -rpx tangerineA7_100_wrapper_drc_routed.rpx
INFO: [IP_Flow 19-1839] IP Catalog is up to date.
INFO: [DRC 23-27] Running DRC with 2 threads
INFO: [Vivado_Tcl 2-168] The results of DRC are in file C:/Users/qubeck/Documents/Development/ProjektyVHDL/WukongBoard/tangerineA7_100/tangerineA7_100.runs/impl_quick/tangerineA7_100_wrapper_drc_routed.rpt.
report_drc completed successfully
INFO: [runtcl-4] Executing : report_methodology -file tangerineA7_100_wrapper_methodology_drc_routed.rpt -pb tangerineA7_100_wrapper_methodology_drc_routed.pb -rpx tangerineA7_100_wrapper_methodology_drc_routed.rpx
Command: report_methodology -file tangerineA7_100_wrapper_methodology_drc_routed.rpt -pb tangerineA7_100_wrapper_methodology_drc_routed.pb -rpx tangerineA7_100_wrapper_methodology_drc_routed.rpx
INFO: [Timing 38-35] Done setting XDC timing constraints.
INFO: [DRC 23-133] Running Methodology with 2 threads
INFO: [Vivado_Tcl 2-1520] The results of Report Methodology are in file C:/Users/qubeck/Documents/Development/ProjektyVHDL/WukongBoard/tangerineA7_100/tangerineA7_100.runs/impl_quick/tangerineA7_100_wrapper_methodology_drc_routed.rpt.
report_methodology completed successfully
report_methodology: Time (s): cpu = 00:00:18 ; elapsed = 00:00:10 . Memory (MB): peak = 4257.074 ; gain = 0.000
INFO: [runtcl-4] Executing : report_power -file tangerineA7_100_wrapper_power_routed.rpt -pb tangerineA7_100_wrapper_power_summary_routed.pb -rpx tangerineA7_100_wrapper_power_routed.rpx
Command: report_power -file tangerineA7_100_wrapper_power_routed.rpt -pb tangerineA7_100_wrapper_power_summary_routed.pb -rpx tangerineA7_100_wrapper_power_routed.rpx
INFO: [Timing 38-35] Done setting XDC timing constraints.
Running Vector-less Activity Propagation...

Finished Running Vector-less Activity Propagation
WARNING: [Power 33-332] Found switching activity that implies high-fanout reset nets being asserted for excessive periods of time which may result in inaccurate power analysis.
Resolution: To review and fix problems, please run Power Constraints Advisor in the GUI from Tools > Power Constraints Advisor or run report_power with the -advisory option to generate a text report.
1682 Infos, 7 Warnings, 4 Critical Warnings and 0 Errors encountered.
report_power completed successfully
report_power: Time (s): cpu = 00:00:16 ; elapsed = 00:00:10 . Memory (MB): peak = 4262.824 ; gain = 5.750
INFO: [runtcl-4] Executing : report_route_status -file tangerineA7_100_wrapper_route_status.rpt -pb tangerineA7_100_wrapper_route_status.pb
INFO: [runtcl-4] Executing : report_timing_summary -max_paths 10 -report_unconstrained -file tangerineA7_100_wrapper_timing_summary_routed.rpt -pb tangerineA7_100_wrapper_timing_summary_routed.pb -rpx tangerineA7_100_wrapper_timing_summary_routed.rpx
INFO: [Timing 38-91] UpdateTimingParams: Speed grade: -1, Delay Type: min_max.
INFO: [Timing 38-191] Multithreading enabled for timing update using a maximum of 2 CPUs
WARNING: [Timing 38-436] There are set_bus_skew constraint(s) in this design. Please run report_bus_skew to ensure that bus skew requirements are met.
INFO: [runtcl-4] Executing : report_incremental_reuse -file tangerineA7_100_wrapper_incremental_reuse_routed.rpt
INFO: [Vivado_Tcl 4-1062] Incremental flow is disabled. No incremental reuse Info to report.
INFO: [runtcl-4] Executing : report_clock_utilization -file tangerineA7_100_wrapper_clock_utilization_routed.rpt
INFO: [runtcl-4] Executing : report_bus_skew -warn_on_violation -file tangerineA7_100_wrapper_bus_skew_routed.rpt -pb tangerineA7_100_wrapper_bus_skew_routed.pb -rpx tangerineA7_100_wrapper_bus_skew_routed.rpx
INFO: [Timing 38-91] UpdateTimingParams: Speed grade: -1, Delay Type: min_max.
INFO: [Timing 38-191] Multithreading enabled for timing update using a maximum of 2 CPUs
INFO: [Timing 38-480] Writing timing data to binary archive.
Writing XDEF routing.
Writing XDEF routing logical nets.
Writing XDEF routing special nets.
Write XDEF Complete: Time (s): cpu = 00:00:07 ; elapsed = 00:00:03 . Memory (MB): peak = 4312.742 ; gain = 32.992
INFO: [Common 17-1381] The checkpoint 'C:/Users/qubeck/Documents/Development/ProjektyVHDL/WukongBoard/tangerineA7_100/tangerineA7_100.runs/impl_quick/tangerineA7_100_wrapper_routed.dcp' has been generated.
Command: phys_opt_design -directive Explore
Attempting to get a license for feature 'Implementation' and/or device 'xc7a100t'
INFO: [Common 17-349] Got license for feature 'Implementation' and/or device 'xc7a100t'
INFO: [Vivado_Tcl 4-241] Physical synthesis in post route mode 
INFO: [Vivado_Tcl 4-137] Directive used for phys_opt_design is: Explore

Starting Initial Update Timing Task

Time (s): cpu = 00:00:10 ; elapsed = 00:00:06 . Memory (MB): peak = 4312.742 ; gain = 0.000
INFO: [Vivado_Tcl 4-1435] PhysOpt_Tcl_Interface Runtime Before Starting Physical Synthesis Task | CPU: 11.00s |  WALL: 6.50s
INFO: [DRC 23-27] Running DRC with 2 threads
INFO: [Vivado_Tcl 4-198] DRC finished with 0 Errors
INFO: [Vivado_Tcl 4-199] Please refer to the DRC report (report_drc) for more information.
Netlist sorting complete. Time (s): cpu = 00:00:00 ; elapsed = 00:00:00.008 . Memory (MB): peak = 4312.742 ; gain = 0.000

Starting Physical Synthesis Task

Phase 1 Physical Synthesis Initialization
INFO: [Physopt 32-721] Multithreading enabled for phys_opt_design using a maximum of 2 CPUs
INFO: [Physopt 32-668] Current Timing Summary | WNS=-8.805 | TNS=-8679.122 | WHS=0.049 | THS=0.000 |
Phase 1 Physical Synthesis Initialization | Checksum: 29e7a25b6

Time (s): cpu = 00:00:07 ; elapsed = 00:00:03 . Memory (MB): peak = 4315.496 ; gain = 2.754
WARNING: [Physopt 32-745] Physical Optimization has determined that the magnitude of the negative slack is too large and it is highly unlikely that slack will be improved. Post-Route Physical Optimization is most effective when WNS is above -0.5ns

Phase 2 Critical Path Optimization
INFO: [Physopt 32-668] Current Timing Summary | WNS=-8.805 | TNS=-8679.122 | WHS=0.049 | THS=0.000 |
INFO: [Physopt 32-953] Path group WNS did not improve. Path group: clk64_tangerineA7_100_clk_wiz_0_0. Processed net: tangerineA7_100_i/tangerineSOC_0/inst/vgaInst/pixelGenInst/pgLutBackgroundColor[10].
INFO: [Physopt 32-953] Path group WNS did not improve. Path group: clk64_tangerineA7_100_clk_wiz_0_0. Processed net: tangerineA7_100_i/clk_wiz_2/inst/clk162_5_tangerineA7_100_clk_wiz_2_0.
INFO: [Physopt 32-952] Improved path group WNS = -8.670. Path group: clk64_tangerineA7_100_clk_wiz_0_0. Processed net: tangerineA7_100_i/tangerineSOC_0/pgLutBackgroundColor[23]_i_6_n_0.
INFO: [Physopt 32-953] Path group WNS did not improve. Path group: clk64_tangerineA7_100_clk_wiz_0_0. Processed net: tangerineA7_100_i/tangerineSOC_0/pgLutBackgroundColor[23]_i_6_n_0.
INFO: [Physopt 32-953] Path group WNS did not improve. Path group: clk64_tangerineA7_100_clk_wiz_0_0. Processed net: tangerineA7_100_i/tangerineSOC_0/pgLutBackgroundColor[23]_i_13_n_0.
INFO: [Physopt 32-952] Improved path group WNS = -8.478. Path group: clk64_tangerineA7_100_clk_wiz_0_0. Processed net: tangerineA7_100_i/tangerineSOC_0/inst/vgaInst/pixelGenInst/p_0_in[8].
INFO: [Physopt 32-953] Path group WNS did not improve. Path group: clk64_tangerineA7_100_clk_wiz_0_0. Processed net: tangerineA7_100_i/tangerineSOC_0/inst/vgaInst/pixelGenInst/pgLutBackgroundColor[0].
INFO: [Physopt 32-953] Path group WNS did not improve. Path group: clk64_tangerineA7_100_clk_wiz_0_0. Processed net: tangerineA7_100_i/tangerineSOC_0/pgLutBackgroundColor[23]_i_10_n_0.
INFO: [Physopt 32-663] Processed net tangerineA7_100_i/tangerineSOC_0/inst/vgaInst/pixelGenInst/p_0_in[0].  Re-placed instance tangerineA7_100_i/tangerineSOC_0/pgLutBackgroundColor[4]_i_1_rewire_rewire_rewire
INFO: [Physopt 32-952] Improved path group WNS = -8.428. Path group: clk64_tangerineA7_100_clk_wiz_0_0. Processed net: tangerineA7_100_i/tangerineSOC_0/inst/vgaInst/pixelGenInst/p_0_in[0].
INFO: [Physopt 32-953] Path group WNS did not improve. Path group: clk64_tangerineA7_100_clk_wiz_0_0. Processed net: tangerineA7_100_i/tangerineSOC_0/inst/vgaInst/pixelGenInst/pgLutBackgroundColor[11].
INFO: [Physopt 32-952] Improved path group WNS = -8.409. Path group: clk64_tangerineA7_100_clk_wiz_0_0. Processed net: tangerineA7_100_i/tangerineSOC_0/inst/vgaInst/pixelGenInst/p_0_in[8].
INFO: [Physopt 32-953] Path group WNS did not improve. Path group: clk64_tangerineA7_100_clk_wiz_0_0. Processed net: tangerineA7_100_i/tangerineSOC_0/inst/vgaInst/pixelGenInst/p_0_in[0].
INFO: [Physopt 32-953] Path group WNS did not improve. Path group: clk64_tangerineA7_100_clk_wiz_0_0. Processed net: tangerineA7_100_i/tangerineSOC_0/inst/vgaInst/pgCursorY_reg_n_0_[4].
INFO: [Physopt 32-953] Path group WNS did not improve. Path group: clk162_5_tangerineA7_100_clk_wiz_2_0. Processed net: tangerineA7_100_i/tangerineSOC_0/inst/vgaInst/stage1Reg.
INFO: [Physopt 32-953] Path group WNS did not improve. Path group: clk162_5_tangerineA7_100_clk_wiz_2_0. Processed net: tangerineA7_100_i/clk_wiz_0/inst/clk64_tangerineA7_100_clk_wiz_0_0.
INFO: [Physopt 32-953] Path group WNS did not improve. Path group: clk162_5_tangerineA7_100_clk_wiz_2_0. Processed net: tangerineA7_100_i/tangerineSOC_0/inst/vgaInst/signalInput.
INFO: [Physopt 32-953] Path group WNS did not improve. Path group: clk_pll_i. Processed net: tangerineA7_100_i/tangerineSOC_0/inst/ch0DOut[16].
INFO: [Physopt 32-710] Processed net tangerineA7_100_i/tangerineSOC_0/ch0DOut[16]_i_1_n_0. Critical path length was reduced through logic transformation on cell tangerineA7_100_i/tangerineSOC_0/ch0DOut[16]_i_1_comp.
INFO: [Physopt 32-952] Improved path group WNS = -3.422. Path group: clk_pll_i. Processed net: tangerineA7_100_i/tangerineSOC_0/ch0DOut[16]_i_3_n_0.
INFO: [Physopt 32-953] Path group WNS did not improve. Path group: clk_pll_i. Processed net: tangerineA7_100_i/tangerineSOC_0/inst/ch0DOut[26].
INFO: [Physopt 32-663] Processed net tangerineA7_100_i/tangerineSOC_0/ch0DOut[26]_i_3_n_0.  Re-placed instance tangerineA7_100_i/tangerineSOC_0/ch0DOut[26]_i_3_comp
INFO: [Physopt 32-952] Improved path group WNS = -3.382. Path group: clk_pll_i. Processed net: tangerineA7_100_i/tangerineSOC_0/ch0DOut[26]_i_3_n_0.
INFO: [Physopt 32-953] Path group WNS did not improve. Path group: clk_pll_i. Processed net: tangerineA7_100_i/tangerineSOC_0/inst/ch0DOut[24].
INFO: [Physopt 32-663] Processed net tangerineA7_100_i/tangerineSOC_0/ch0DOut[24]_i_3_n_0.  Re-placed instance tangerineA7_100_i/tangerineSOC_0/ch0DOut[24]_i_3_comp
INFO: [Physopt 32-952] Improved path group WNS = -3.365. Path group: clk_pll_i. Processed net: tangerineA7_100_i/tangerineSOC_0/ch0DOut[24]_i_3_n_0.
INFO: [Physopt 32-663] Processed net tangerineA7_100_i/tangerineSOC_0/inst/axiDMAInst/FSM_onehot_axiState_reg[0]_rep__4_n_0.  Re-placed instance tangerineA7_100_i/tangerineSOC_0/inst/axiDMAInst/FSM_onehot_axiState_reg[0]_rep__4
INFO: [Physopt 32-952] Improved path group WNS = -3.363. Path group: clk_pll_i. Processed net: tangerineA7_100_i/tangerineSOC_0/inst/axiDMAInst/FSM_onehot_axiState_reg[0]_rep__4_n_0.
INFO: [Physopt 32-953] Path group WNS did not improve. Path group: clk_pll_i. Processed net: tangerineA7_100_i/tangerineSOC_0/inst/ch0DOut[5].
INFO: [Physopt 32-953] Path group WNS did not improve. Path group: clk_pll_i. Processed net: tangerineA7_100_i/tangerineSOC_0/inst/axiDMAInst/m00_axi_wlast1.
INFO: [Physopt 32-953] Path group WNS did not improve. Path group: clk_pll_i. Processed net: tangerineA7_100_i/tangerineSOC_0/inst/axiDMAInst/m00_axi_wlast2.
INFO: [Physopt 32-953] Path group WNS did not improve. Path group: clk_pll_i. Processed net: tangerineA7_100_i/tangerineSOC_0/FSM_onehot_axiState[21]_i_125_n_0.
INFO: [Physopt 32-953] Path group WNS did not improve. Path group: clk_pll_i. Processed net: tangerineA7_100_i/tangerineSOC_0/ch0DOut[31]_i_1_n_0.
INFO: [Physopt 32-953] Path group WNS did not improve. Path group: clk_pll_i. Processed net: tangerineA7_100_i/tangerineSOC_0/inst/axiDMAInst/cacheTagRamW2Inst/U0/inst_blk_mem_gen/gnbram.gnativebmg.native_blk_mem_gen/valid.cstr/ramloop[0].ram.r/prim_noinit.ram/douta[0].
INFO: [Physopt 32-953] Path group WNS did not improve. Path group: clk320_tangerineA7_100_clk_wiz_0_0. Processed net: tangerineA7_100_i/hdmiOut_0/inst/hdmiEncodedData_2.
INFO: [Physopt 32-953] Path group WNS did not improve. Path group: clk320_tangerineA7_100_clk_wiz_0_0. Processed net: tangerineA7_100_i/clk_wiz_0/inst/clk320_tangerineA7_100_clk_wiz_0_0.
INFO: [Physopt 32-953] Path group WNS did not improve. Path group: clk320_tangerineA7_100_clk_wiz_0_0. Processed net: tangerineA7_100_i/hdmiOut_0/inst/dvidInst/D1.
INFO: [Physopt 32-953] Path group WNS did not improve. Path group: **async_default**. Processed net: tangerineA7_100_i/tangerineSOC_0/inst/nekoRvInst/resultMul_reg_n_0_[0].
INFO: [Physopt 32-663] Processed net tangerineA7_100_i/tangerineSOC_0/inst/cpuReset.  Re-placed instance tangerineA7_100_i/tangerineSOC_0/inst/cpuReset_reg
INFO: [Physopt 32-735] Processed net tangerineA7_100_i/tangerineSOC_0/inst/cpuReset. Optimization improves timing on the net.
INFO: [Physopt 32-668] Current Timing Summary | WNS=-8.409 | TNS=-8671.289 | WHS=0.026 | THS=0.000 |
INFO: [Physopt 32-953] Path group WNS did not improve. Path group: clk64_tangerineA7_100_clk_wiz_0_0. Processed net: tangerineA7_100_i/tangerineSOC_0/inst/vgaInst/pixelGenInst/pgLutBackgroundColor[0].
INFO: [Physopt 32-953] Path group WNS did not improve. Path group: clk64_tangerineA7_100_clk_wiz_0_0. Processed net: tangerineA7_100_i/clk_wiz_2/inst/clk162_5_tangerineA7_100_clk_wiz_2_0.
INFO: [Physopt 32-953] Path group WNS did not improve. Path group: clk64_tangerineA7_100_clk_wiz_0_0. Processed net: tangerineA7_100_i/tangerineSOC_0/pgLutBackgroundColor[23]_i_6_n_0.
INFO: [Physopt 32-608] Optimized 1 net.  Swapped 18 pins.
INFO: [Physopt 32-952] Improved path group WNS = -8.364. Path group: clk64_tangerineA7_100_clk_wiz_0_0. Processed net: tangerineA7_100_i/tangerineSOC_0/pgLutBackgroundColor[23]_i_13_n_0.
INFO: [Physopt 32-953] Path group WNS did not improve. Path group: clk64_tangerineA7_100_clk_wiz_0_0. Processed net: tangerineA7_100_i/tangerineSOC_0/pgLutBackgroundColor[23]_i_13_n_0.
INFO: [Physopt 32-953] Path group WNS did not improve. Path group: clk64_tangerineA7_100_clk_wiz_0_0. Processed net: tangerineA7_100_i/tangerineSOC_0/inst/vgaInst/pixelGenInst/p_0_in[0].
INFO: [Physopt 32-953] Path group WNS did not improve. Path group: clk64_tangerineA7_100_clk_wiz_0_0. Processed net: tangerineA7_100_i/tangerineSOC_0/inst/vgaInst/pgCursorY_reg_n_0_[0].
INFO: [Physopt 32-953] Path group WNS did not improve. Path group: clk162_5_tangerineA7_100_clk_wiz_2_0. Processed net: tangerineA7_100_i/tangerineSOC_0/inst/vgaInst/stage1Reg.
INFO: [Physopt 32-953] Path group WNS did not improve. Path group: clk162_5_tangerineA7_100_clk_wiz_2_0. Processed net: tangerineA7_100_i/clk_wiz_0/inst/clk64_tangerineA7_100_clk_wiz_0_0.
INFO: [Physopt 32-953] Path group WNS did not improve. Path group: clk162_5_tangerineA7_100_clk_wiz_2_0. Processed net: tangerineA7_100_i/tangerineSOC_0/inst/vgaInst/signalInput.
INFO: [Physopt 32-953] Path group WNS did not improve. Path group: clk_pll_i. Processed net: tangerineA7_100_i/tangerineSOC_0/inst/ch0DOut[5].
INFO: [Physopt 32-953] Path group WNS did not improve. Path group: clk_pll_i. Processed net: tangerineA7_100_i/tangerineSOC_0/inst/axiDMAInst/m00_axi_wlast1.
INFO: [Physopt 32-953] Path group WNS did not improve. Path group: clk_pll_i. Processed net: tangerineA7_100_i/tangerineSOC_0/inst/axiDMAInst/m00_axi_wlast2.
INFO: [Physopt 32-953] Path group WNS did not improve. Path group: clk_pll_i. Processed net: tangerineA7_100_i/tangerineSOC_0/FSM_onehot_axiState[21]_i_125_n_0.
INFO: [Physopt 32-953] Path group WNS did not improve. Path group: clk_pll_i. Processed net: tangerineA7_100_i/tangerineSOC_0/ch0DOut[31]_i_1_n_0.
INFO: [Physopt 32-953] Path group WNS did not improve. Path group: clk_pll_i. Processed net: tangerineA7_100_i/tangerineSOC_0/inst/axiDMAInst/cacheTagRamW2Inst/U0/inst_blk_mem_gen/gnbram.gnativebmg.native_blk_mem_gen/valid.cstr/ramloop[0].ram.r/prim_noinit.ram/douta[0].
INFO: [Physopt 32-953] Path group WNS did not improve. Path group: clk320_tangerineA7_100_clk_wiz_0_0. Processed net: tangerineA7_100_i/hdmiOut_0/inst/hdmiEncodedData_2.
INFO: [Physopt 32-953] Path group WNS did not improve. Path group: clk320_tangerineA7_100_clk_wiz_0_0. Processed net: tangerineA7_100_i/clk_wiz_0/inst/clk320_tangerineA7_100_clk_wiz_0_0.
INFO: [Physopt 32-953] Path group WNS did not improve. Path group: clk320_tangerineA7_100_clk_wiz_0_0. Processed net: tangerineA7_100_i/hdmiOut_0/inst/dvidInst/D1.
INFO: [Physopt 32-668] Current Timing Summary | WNS=-8.364 | TNS=-8670.328 | WHS=0.005 | THS=0.000 |
Phase 2 Critical Path Optimization | Checksum: 3352c5351

Time (s): cpu = 00:02:00 ; elapsed = 00:01:36 . Memory (MB): peak = 4415.109 ; gain = 102.367
Netlist sorting complete. Time (s): cpu = 00:00:00 ; elapsed = 00:00:00.050 . Memory (MB): peak = 4415.109 ; gain = 0.000
INFO: [Physopt 32-669] Post Physical Optimization Timing Summary | WNS=-8.364 | TNS=-8670.328 | WHS=0.005 | THS=0.000 |

Summary of Physical Synthesis Optimizations
============================================


-------------------------------------------------------------------------------------------------------------------------------------------------------------
|  Optimization   |  WNS Gain (ns)  |  TNS Gain (ns)  |  Added Cells  |  Removed Cells  |  Optimized Cells/Nets  |  Dont Touch  |  Iterations  |  Elapsed   |
-------------------------------------------------------------------------------------------------------------------------------------------------------------
|  Critical Path  |          0.440  |          8.795  |            0  |              0  |                    10  |           0  |           1  |  00:01:32  |
-------------------------------------------------------------------------------------------------------------------------------------------------------------


Netlist sorting complete. Time (s): cpu = 00:00:00 ; elapsed = 00:00:00.009 . Memory (MB): peak = 4415.109 ; gain = 0.000
Ending Physical Synthesis Task | Checksum: 334e7b01e

Time (s): cpu = 00:02:01 ; elapsed = 00:01:37 . Memory (MB): peak = 4415.109 ; gain = 102.367
INFO: [Common 17-83] Releasing license: Implementation
79 Infos, 1 Warnings, 0 Critical Warnings and 0 Errors encountered.
phys_opt_design completed successfully
phys_opt_design: Time (s): cpu = 00:02:12 ; elapsed = 00:01:44 . Memory (MB): peak = 4415.109 ; gain = 102.367
INFO: [runtcl-4] Executing : report_timing_summary -max_paths 10 -report_unconstrained -warn_on_violation -file tangerineA7_100_wrapper_timing_summary_postroute_physopted.rpt -pb tangerineA7_100_wrapper_timing_summary_postroute_physopted.pb -rpx tangerineA7_100_wrapper_timing_summary_postroute_physopted.rpx
INFO: [Timing 38-91] UpdateTimingParams: Speed grade: -1, Delay Type: min_max.
INFO: [Timing 38-191] Multithreading enabled for timing update using a maximum of 2 CPUs
CRITICAL WARNING: [Timing 38-282] The design failed to meet the timing requirements. Please see the timing summary report for details on the timing violations.
WARNING: [Timing 38-436] There are set_bus_skew constraint(s) in this design. Please run report_bus_skew to ensure that bus skew requirements are met.
report_timing_summary: Time (s): cpu = 00:00:12 ; elapsed = 00:00:07 . Memory (MB): peak = 4415.109 ; gain = 0.000
INFO: [runtcl-4] Executing : report_bus_skew -warn_on_violation -file tangerineA7_100_wrapper_bus_skew_postroute_physopted.rpt -pb tangerineA7_100_wrapper_bus_skew_postroute_physopted.pb -rpx tangerineA7_100_wrapper_bus_skew_postroute_physopted.rpx
INFO: [Timing 38-91] UpdateTimingParams: Speed grade: -1, Delay Type: min_max.
INFO: [Timing 38-191] Multithreading enabled for timing update using a maximum of 2 CPUs
INFO: [Timing 38-480] Writing timing data to binary archive.
Writing XDEF routing.
Writing XDEF routing logical nets.
Writing XDEF routing special nets.
Write XDEF Complete: Time (s): cpu = 00:00:06 ; elapsed = 00:00:03 . Memory (MB): peak = 4415.109 ; gain = 0.000
INFO: [Common 17-1381] The checkpoint 'C:/Users/qubeck/Documents/Development/ProjektyVHDL/WukongBoard/tangerineA7_100/tangerineA7_100.runs/impl_quick/tangerineA7_100_wrapper_postroute_physopt.dcp' has been generated.
write_checkpoint: Time (s): cpu = 00:00:11 ; elapsed = 00:00:07 . Memory (MB): peak = 4415.109 ; gain = 0.000
INFO: [Common 17-206] Exiting Vivado at Sun Mar  2 12:07:33 2025...

*** Running vivado
    with args -log tangerineA7_100_wrapper.vdi -applog -m64 -product Vivado -messageDb vivado.pb -mode batch -source tangerineA7_100_wrapper.tcl -notrace



****** Vivado v2023.1 (64-bit)
  **** SW Build 3865809 on Sun May  7 15:05:29 MDT 2023
  **** IP Build 3864474 on Sun May  7 20:36:21 MDT 2023
  **** SharedData Build 3865790 on Sun May 07 13:33:03 MDT 2023
    ** Copyright 1986-2022 Xilinx, Inc. All Rights Reserved.
    ** Copyright 2022-2023 Advanced Micro Devices, Inc. All Rights Reserved.

source tangerineA7_100_wrapper.tcl -notrace
Command: open_checkpoint tangerineA7_100_wrapper_postroute_physopt.dcp
INFO: [Device 21-403] Loading part xc7a100tfgg676-1
Netlist sorting complete. Time (s): cpu = 00:00:00 ; elapsed = 00:00:00.300 . Memory (MB): peak = 1979.566 ; gain = 0.000
INFO: [Netlist 29-17] Analyzing 2243 Unisim elements for replacement
INFO: [Netlist 29-28] Unisim Transformation completed in 1 CPU seconds
INFO: [Project 1-479] Netlist was created with Vivado 2023.1
INFO: [Project 1-570] Preparing netlist for logic optimization
INFO: [Timing 38-478] Restoring timing data from binary archive.
INFO: [Timing 38-479] Binary timing data restore complete.
INFO: [Project 1-856] Restoring constraints from binary archive.
INFO: [Project 1-853] Binary constraint restore complete.
Reading XDEF placement.
Reading placer database...
Reading XDEF routing.
Read XDEF Files: Time (s): cpu = 00:00:03 ; elapsed = 00:00:02 . Memory (MB): peak = 2841.664 ; gain = 50.812
Restored from archive | CPU: 3.000000 secs | Memory: 0.000000 MB |
Finished XDEF File Restore: Time (s): cpu = 00:00:03 ; elapsed = 00:00:02 . Memory (MB): peak = 2841.664 ; gain = 50.812
Netlist sorting complete. Time (s): cpu = 00:00:00 ; elapsed = 00:00:00.010 . Memory (MB): peak = 2841.664 ; gain = 0.000
INFO: [Project 1-111] Unisim Transformation Summary:
  A total of 133 instances were transformed.
  IOBUF => IOBUF (IBUF, OBUFT): 4 instances
  IOBUFDS_INTERMDISABLE => IOBUFDS_INTERMDISABLE (IBUFDS_INTERMDISABLE_INT(x2), INV, OBUFTDS(x2)): 2 instances
  IOBUF_INTERMDISABLE => IOBUF_INTERMDISABLE (IBUF_INTERMDISABLE, OBUFT): 16 instances
  LUT6_2 => LUT6_2 (LUT5, LUT6): 15 instances
  OBUFDS => OBUFDS_DUAL_BUF (INV, OBUFDS(x2)): 1 instance 
  RAM256X1S => RAM256X1S (MUXF7(x2), MUXF8, RAMS64E(x4)): 4 instances
  RAM32M => RAM32M (RAMD32(x6), RAMS32(x2)): 88 instances
  RAM32X1D => RAM32X1D (RAMD32(x2)): 2 instances
  SRLC32E => SRL16E: 1 instance 

INFO: [Project 1-604] Checkpoint was created with Vivado v2023.1 (64-bit) build 3865809
WARNING: [Vivado 12-23575] Critical violations of the methodology design rules detected. Critical violations may contribute to timing failures or cause functional issues in hardware. Run report_methodology for more information.
open_checkpoint: Time (s): cpu = 00:00:16 ; elapsed = 00:00:17 . Memory (MB): peak = 2841.664 ; gain = 1522.980
Command: write_bitstream -force tangerineA7_100_wrapper.bit
Attempting to get a license for feature 'Implementation' and/or device 'xc7a100t'
INFO: [Common 17-349] Got license for feature 'Implementation' and/or device 'xc7a100t'
Running DRC as a precondition to command write_bitstream
INFO: [IP_Flow 19-234] Refreshing IP repositories
INFO: [IP_Flow 19-1704] No user IP repositories specified
INFO: [IP_Flow 19-2313] Loaded Vivado IP repository 'D:/Xilinx2023.1/Vivado/2023.1/data/ip'.
INFO: [DRC 23-27] Running DRC with 2 threads
WARNING: [DRC CHECK-3] Report rule limit reached: REQP-1839 rule limit reached: 20 violations have been found.
WARNING: [DRC DPIP-1] Input pipelining: DSP tangerineA7_100_i/tangerineSOC_0/inst/blitterInst/dpSa0 input tangerineA7_100_i/tangerineSOC_0/inst/blitterInst/dpSa0/A[29:0] is not pipelined. Pipelining DSP48 input will improve performance.
WARNING: [DRC DPIP-1] Input pipelining: DSP tangerineA7_100_i/tangerineSOC_0/inst/blitterInst/dpSa0 input tangerineA7_100_i/tangerineSOC_0/inst/blitterInst/dpSa0/C[47:0] is not pipelined. Pipelining DSP48 input will improve performance.
WARNING: [DRC DPIP-1] Input pipelining: DSP tangerineA7_100_i/tangerineSOC_0/inst/blitterInst/gouraudIterator0Inst/mul3_reg input tangerineA7_100_i/tangerineSOC_0/inst/blitterInst/gouraudIterator0Inst/mul3_reg/A[29:0] is not pipelined. Pipelining DSP48 input will improve performance.
WARNING: [DRC DPIP-1] Input pipelining: DSP tangerineA7_100_i/tangerineSOC_0/inst/blitterInst/gouraudIterator0Inst/mul3_reg input tangerineA7_100_i/tangerineSOC_0/inst/blitterInst/gouraudIterator0Inst/mul3_reg/B[17:0] is not pipelined. Pipelining DSP48 input will improve performance.
WARNING: [DRC DPIP-1] Input pipelining: DSP tangerineA7_100_i/tangerineSOC_0/inst/blitterInst/gouraudIterator0Inst/plusOp input tangerineA7_100_i/tangerineSOC_0/inst/blitterInst/gouraudIterator0Inst/plusOp/A[29:0] is not pipelined. Pipelining DSP48 input will improve performance.
WARNING: [DRC DPIP-1] Input pipelining: DSP tangerineA7_100_i/tangerineSOC_0/inst/blitterInst/gouraudIterator0Inst/plusOp input tangerineA7_100_i/tangerineSOC_0/inst/blitterInst/gouraudIterator0Inst/plusOp/B[17:0] is not pipelined. Pipelining DSP48 input will improve performance.
WARNING: [DRC DPIP-1] Input pipelining: DSP tangerineA7_100_i/tangerineSOC_0/inst/blitterInst/gouraudIterator0Inst/plusOp__0 input tangerineA7_100_i/tangerineSOC_0/inst/blitterInst/gouraudIterator0Inst/plusOp__0/A[29:0] is not pipelined. Pipelining DSP48 input will improve performance.
WARNING: [DRC DPIP-1] Input pipelining: DSP tangerineA7_100_i/tangerineSOC_0/inst/blitterInst/gouraudIterator0Inst/plusOp__0 input tangerineA7_100_i/tangerineSOC_0/inst/blitterInst/gouraudIterator0Inst/plusOp__0/B[17:0] is not pipelined. Pipelining DSP48 input will improve performance.
WARNING: [DRC DPIP-1] Input pipelining: DSP tangerineA7_100_i/tangerineSOC_0/inst/blitterInst/gouraudIterator1Inst/mul3_reg input tangerineA7_100_i/tangerineSOC_0/inst/blitterInst/gouraudIterator1Inst/mul3_reg/A[29:0] is not pipelined. Pipelining DSP48 input will improve performance.
WARNING: [DRC DPIP-1] Input pipelining: DSP tangerineA7_100_i/tangerineSOC_0/inst/blitterInst/gouraudIterator1Inst/mul3_reg input tangerineA7_100_i/tangerineSOC_0/inst/blitterInst/gouraudIterator1Inst/mul3_reg/B[17:0] is not pipelined. Pipelining DSP48 input will improve performance.
WARNING: [DRC DPIP-1] Input pipelining: DSP tangerineA7_100_i/tangerineSOC_0/inst/blitterInst/gouraudIterator1Inst/plusOp input tangerineA7_100_i/tangerineSOC_0/inst/blitterInst/gouraudIterator1Inst/plusOp/A[29:0] is not pipelined. Pipelining DSP48 input will improve performance.
WARNING: [DRC DPIP-1] Input pipelining: DSP tangerineA7_100_i/tangerineSOC_0/inst/blitterInst/gouraudIterator1Inst/plusOp input tangerineA7_100_i/tangerineSOC_0/inst/blitterInst/gouraudIterator1Inst/plusOp/B[17:0] is not pipelined. Pipelining DSP48 input will improve performance.
WARNING: [DRC DPIP-1] Input pipelining: DSP tangerineA7_100_i/tangerineSOC_0/inst/blitterInst/gouraudIterator1Inst/plusOp__0 input tangerineA7_100_i/tangerineSOC_0/inst/blitterInst/gouraudIterator1Inst/plusOp__0/A[29:0] is not pipelined. Pipelining DSP48 input will improve performance.
WARNING: [DRC DPIP-1] Input pipelining: DSP tangerineA7_100_i/tangerineSOC_0/inst/blitterInst/gouraudIterator1Inst/plusOp__0 input tangerineA7_100_i/tangerineSOC_0/inst/blitterInst/gouraudIterator1Inst/plusOp__0/B[17:0] is not pipelined. Pipelining DSP48 input will improve performance.
WARNING: [DRC DPIP-1] Input pipelining: DSP tangerineA7_100_i/tangerineSOC_0/inst/blitterInst/gouraudIterator2Inst/mul3_reg input tangerineA7_100_i/tangerineSOC_0/inst/blitterInst/gouraudIterator2Inst/mul3_reg/A[29:0] is not pipelined. Pipelining DSP48 input will improve performance.
WARNING: [DRC DPIP-1] Input pipelining: DSP tangerineA7_100_i/tangerineSOC_0/inst/blitterInst/gouraudIterator2Inst/mul3_reg input tangerineA7_100_i/tangerineSOC_0/inst/blitterInst/gouraudIterator2Inst/mul3_reg/B[17:0] is not pipelined. Pipelining DSP48 input will improve performance.
WARNING: [DRC DPIP-1] Input pipelining: DSP tangerineA7_100_i/tangerineSOC_0/inst/blitterInst/gouraudIterator2Inst/plusOp input tangerineA7_100_i/tangerineSOC_0/inst/blitterInst/gouraudIterator2Inst/plusOp/A[29:0] is not pipelined. Pipelining DSP48 input will improve performance.
WARNING: [DRC DPIP-1] Input pipelining: DSP tangerineA7_100_i/tangerineSOC_0/inst/blitterInst/gouraudIterator2Inst/plusOp input tangerineA7_100_i/tangerineSOC_0/inst/blitterInst/gouraudIterator2Inst/plusOp/B[17:0] is not pipelined. Pipelining DSP48 input will improve performance.
WARNING: [DRC DPIP-1] Input pipelining: DSP tangerineA7_100_i/tangerineSOC_0/inst/blitterInst/gouraudIterator2Inst/plusOp__0 input tangerineA7_100_i/tangerineSOC_0/inst/blitterInst/gouraudIterator2Inst/plusOp__0/A[29:0] is not pipelined. Pipelining DSP48 input will improve performance.
WARNING: [DRC DPIP-1] Input pipelining: DSP tangerineA7_100_i/tangerineSOC_0/inst/blitterInst/gouraudIterator2Inst/plusOp__0 input tangerineA7_100_i/tangerineSOC_0/inst/blitterInst/gouraudIterator2Inst/plusOp__0/B[17:0] is not pipelined. Pipelining DSP48 input will improve performance.
WARNING: [DRC DPIP-1] Input pipelining: DSP tangerineA7_100_i/tangerineSOC_0/inst/blitterInst/gouraudIterator3Inst/mul3_reg input tangerineA7_100_i/tangerineSOC_0/inst/blitterInst/gouraudIterator3Inst/mul3_reg/A[29:0] is not pipelined. Pipelining DSP48 input will improve performance.
WARNING: [DRC DPIP-1] Input pipelining: DSP tangerineA7_100_i/tangerineSOC_0/inst/blitterInst/gouraudIterator3Inst/mul3_reg input tangerineA7_100_i/tangerineSOC_0/inst/blitterInst/gouraudIterator3Inst/mul3_reg/B[17:0] is not pipelined. Pipelining DSP48 input will improve performance.
WARNING: [DRC DPIP-1] Input pipelining: DSP tangerineA7_100_i/tangerineSOC_0/inst/blitterInst/gouraudIterator3Inst/plusOp input tangerineA7_100_i/tangerineSOC_0/inst/blitterInst/gouraudIterator3Inst/plusOp/A[29:0] is not pipelined. Pipelining DSP48 input will improve performance.
WARNING: [DRC DPIP-1] Input pipelining: DSP tangerineA7_100_i/tangerineSOC_0/inst/blitterInst/gouraudIterator3Inst/plusOp input tangerineA7_100_i/tangerineSOC_0/inst/blitterInst/gouraudIterator3Inst/plusOp/B[17:0] is not pipelined. Pipelining DSP48 input will improve performance.
WARNING: [DRC DPIP-1] Input pipelining: DSP tangerineA7_100_i/tangerineSOC_0/inst/blitterInst/gouraudIterator3Inst/plusOp__0 input tangerineA7_100_i/tangerineSOC_0/inst/blitterInst/gouraudIterator3Inst/plusOp__0/A[29:0] is not pipelined. Pipelining DSP48 input will improve performance.
WARNING: [DRC DPIP-1] Input pipelining: DSP tangerineA7_100_i/tangerineSOC_0/inst/blitterInst/gouraudIterator3Inst/plusOp__0 input tangerineA7_100_i/tangerineSOC_0/inst/blitterInst/gouraudIterator3Inst/plusOp__0/B[17:0] is not pipelined. Pipelining DSP48 input will improve performance.
WARNING: [DRC DPIP-1] Input pipelining: DSP tangerineA7_100_i/tangerineSOC_0/inst/blitterInst/gouraudWeightACInst/weight0 input tangerineA7_100_i/tangerineSOC_0/inst/blitterInst/gouraudWeightACInst/weight0/B[17:0] is not pipelined. Pipelining DSP48 input will improve performance.
WARNING: [DRC DPIP-1] Input pipelining: DSP tangerineA7_100_i/tangerineSOC_0/inst/blitterInst/gouraudWeightACInst/weight0__0 input tangerineA7_100_i/tangerineSOC_0/inst/blitterInst/gouraudWeightACInst/weight0__0/A[29:0] is not pipelined. Pipelining DSP48 input will improve performance.
WARNING: [DRC DPIP-1] Input pipelining: DSP tangerineA7_100_i/tangerineSOC_0/inst/blitterInst/gouraudWeightBAInst/weight0 input tangerineA7_100_i/tangerineSOC_0/inst/blitterInst/gouraudWeightBAInst/weight0/B[17:0] is not pipelined. Pipelining DSP48 input will improve performance.
WARNING: [DRC DPIP-1] Input pipelining: DSP tangerineA7_100_i/tangerineSOC_0/inst/blitterInst/gouraudWeightBAInst/weight0__0 input tangerineA7_100_i/tangerineSOC_0/inst/blitterInst/gouraudWeightBAInst/weight0__0/A[29:0] is not pipelined. Pipelining DSP48 input will improve performance.
WARNING: [DRC DPIP-1] Input pipelining: DSP tangerineA7_100_i/tangerineSOC_0/inst/blitterInst/gouraudWeightCBInst/weight0 input tangerineA7_100_i/tangerineSOC_0/inst/blitterInst/gouraudWeightCBInst/weight0/B[17:0] is not pipelined. Pipelining DSP48 input will improve performance.
WARNING: [DRC DPIP-1] Input pipelining: DSP tangerineA7_100_i/tangerineSOC_0/inst/blitterInst/gouraudWeightCBInst/weight0__0 input tangerineA7_100_i/tangerineSOC_0/inst/blitterInst/gouraudWeightCBInst/weight0__0/A[29:0] is not pipelined. Pipelining DSP48 input will improve performance.
WARNING: [DRC DPIP-1] Input pipelining: DSP tangerineA7_100_i/tangerineSOC_0/inst/nekoRvInst/resultMul0 input tangerineA7_100_i/tangerineSOC_0/inst/nekoRvInst/resultMul0/A[29:0] is not pipelined. Pipelining DSP48 input will improve performance.
WARNING: [DRC DPIP-1] Input pipelining: DSP tangerineA7_100_i/tangerineSOC_0/inst/nekoRvInst/resultMul0 input tangerineA7_100_i/tangerineSOC_0/inst/nekoRvInst/resultMul0/B[17:0] is not pipelined. Pipelining DSP48 input will improve performance.
WARNING: [DRC DPIP-1] Input pipelining: DSP tangerineA7_100_i/tangerineSOC_0/inst/nekoRvInst/resultMul0__0 input tangerineA7_100_i/tangerineSOC_0/inst/nekoRvInst/resultMul0__0/A[29:0] is not pipelined. Pipelining DSP48 input will improve performance.
WARNING: [DRC DPIP-1] Input pipelining: DSP tangerineA7_100_i/tangerineSOC_0/inst/nekoRvInst/resultMul0__0 input tangerineA7_100_i/tangerineSOC_0/inst/nekoRvInst/resultMul0__0/B[17:0] is not pipelined. Pipelining DSP48 input will improve performance.
WARNING: [DRC DPIP-1] Input pipelining: DSP tangerineA7_100_i/tangerineSOC_0/inst/nekoRvInst/resultMul0__1 input tangerineA7_100_i/tangerineSOC_0/inst/nekoRvInst/resultMul0__1/A[29:0] is not pipelined. Pipelining DSP48 input will improve performance.
WARNING: [DRC DPIP-1] Input pipelining: DSP tangerineA7_100_i/tangerineSOC_0/inst/nekoRvInst/resultMul0__1 input tangerineA7_100_i/tangerineSOC_0/inst/nekoRvInst/resultMul0__1/B[17:0] is not pipelined. Pipelining DSP48 input will improve performance.
WARNING: [DRC DPIP-1] Input pipelining: DSP tangerineA7_100_i/tangerineSOC_0/inst/nekoRvInst/resultMul0__2 input tangerineA7_100_i/tangerineSOC_0/inst/nekoRvInst/resultMul0__2/A[29:0] is not pipelined. Pipelining DSP48 input will improve performance.
WARNING: [DRC DPIP-1] Input pipelining: DSP tangerineA7_100_i/tangerineSOC_0/inst/nekoRvInst/resultMul0__2 input tangerineA7_100_i/tangerineSOC_0/inst/nekoRvInst/resultMul0__2/B[17:0] is not pipelined. Pipelining DSP48 input will improve performance.
WARNING: [DRC DPIP-1] Input pipelining: DSP tangerineA7_100_i/tangerineSOC_0/inst/nekoRvInst/resultMulsu0 input tangerineA7_100_i/tangerineSOC_0/inst/nekoRvInst/resultMulsu0/A[29:0] is not pipelined. Pipelining DSP48 input will improve performance.
WARNING: [DRC DPIP-1] Input pipelining: DSP tangerineA7_100_i/tangerineSOC_0/inst/nekoRvInst/resultMulsu0 input tangerineA7_100_i/tangerineSOC_0/inst/nekoRvInst/resultMulsu0/B[17:0] is not pipelined. Pipelining DSP48 input will improve performance.
WARNING: [DRC DPIP-1] Input pipelining: DSP tangerineA7_100_i/tangerineSOC_0/inst/nekoRvInst/resultMulsu0__0 input tangerineA7_100_i/tangerineSOC_0/inst/nekoRvInst/resultMulsu0__0/A[29:0] is not pipelined. Pipelining DSP48 input will improve performance.
WARNING: [DRC DPIP-1] Input pipelining: DSP tangerineA7_100_i/tangerineSOC_0/inst/nekoRvInst/resultMulsu0__0 input tangerineA7_100_i/tangerineSOC_0/inst/nekoRvInst/resultMulsu0__0/B[17:0] is not pipelined. Pipelining DSP48 input will improve performance.
WARNING: [DRC DPIP-1] Input pipelining: DSP tangerineA7_100_i/tangerineSOC_0/inst/nekoRvInst/resultMulsu0__1 input tangerineA7_100_i/tangerineSOC_0/inst/nekoRvInst/resultMulsu0__1/A[29:0] is not pipelined. Pipelining DSP48 input will improve performance.
WARNING: [DRC DPIP-1] Input pipelining: DSP tangerineA7_100_i/tangerineSOC_0/inst/nekoRvInst/resultMulsu0__1 input tangerineA7_100_i/tangerineSOC_0/inst/nekoRvInst/resultMulsu0__1/B[17:0] is not pipelined. Pipelining DSP48 input will improve performance.
WARNING: [DRC DPIP-1] Input pipelining: DSP tangerineA7_100_i/tangerineSOC_0/inst/nekoRvInst/resultMulsu0__2 input tangerineA7_100_i/tangerineSOC_0/inst/nekoRvInst/resultMulsu0__2/A[29:0] is not pipelined. Pipelining DSP48 input will improve performance.
WARNING: [DRC DPIP-1] Input pipelining: DSP tangerineA7_100_i/tangerineSOC_0/inst/nekoRvInst/resultMulsu0__2 input tangerineA7_100_i/tangerineSOC_0/inst/nekoRvInst/resultMulsu0__2/B[17:0] is not pipelined. Pipelining DSP48 input will improve performance.
WARNING: [DRC DPIP-1] Input pipelining: DSP tangerineA7_100_i/tangerineSOC_0/inst/nekoRvInst/resultMuluu0 input tangerineA7_100_i/tangerineSOC_0/inst/nekoRvInst/resultMuluu0/A[29:0] is not pipelined. Pipelining DSP48 input will improve performance.
WARNING: [DRC DPIP-1] Input pipelining: DSP tangerineA7_100_i/tangerineSOC_0/inst/nekoRvInst/resultMuluu0 input tangerineA7_100_i/tangerineSOC_0/inst/nekoRvInst/resultMuluu0/B[17:0] is not pipelined. Pipelining DSP48 input will improve performance.
WARNING: [DRC DPIP-1] Input pipelining: DSP tangerineA7_100_i/tangerineSOC_0/inst/nekoRvInst/resultMuluu0__0 input tangerineA7_100_i/tangerineSOC_0/inst/nekoRvInst/resultMuluu0__0/A[29:0] is not pipelined. Pipelining DSP48 input will improve performance.
WARNING: [DRC DPIP-1] Input pipelining: DSP tangerineA7_100_i/tangerineSOC_0/inst/nekoRvInst/resultMuluu0__0 input tangerineA7_100_i/tangerineSOC_0/inst/nekoRvInst/resultMuluu0__0/B[17:0] is not pipelined. Pipelining DSP48 input will improve performance.
WARNING: [DRC DPIP-1] Input pipelining: DSP tangerineA7_100_i/tangerineSOC_0/inst/nekoRvInst/resultMuluu0__1 input tangerineA7_100_i/tangerineSOC_0/inst/nekoRvInst/resultMuluu0__1/A[29:0] is not pipelined. Pipelining DSP48 input will improve performance.
WARNING: [DRC DPIP-1] Input pipelining: DSP tangerineA7_100_i/tangerineSOC_0/inst/nekoRvInst/resultMuluu0__1 input tangerineA7_100_i/tangerineSOC_0/inst/nekoRvInst/resultMuluu0__1/B[17:0] is not pipelined. Pipelining DSP48 input will improve performance.
WARNING: [DRC DPIP-1] Input pipelining: DSP tangerineA7_100_i/tangerineSOC_0/inst/nekoRvInst/resultMuluu0__2 input tangerineA7_100_i/tangerineSOC_0/inst/nekoRvInst/resultMuluu0__2/A[29:0] is not pipelined. Pipelining DSP48 input will improve performance.
WARNING: [DRC DPIP-1] Input pipelining: DSP tangerineA7_100_i/tangerineSOC_0/inst/nekoRvInst/resultMuluu0__2 input tangerineA7_100_i/tangerineSOC_0/inst/nekoRvInst/resultMuluu0__2/B[17:0] is not pipelined. Pipelining DSP48 input will improve performance.
WARNING: [DRC DPOP-1] PREG Output pipelining: DSP tangerineA7_100_i/tangerineSOC_0/inst/blitterInst/dpSa0 output tangerineA7_100_i/tangerineSOC_0/inst/blitterInst/dpSa0/P[47:0] is not pipelined (PREG=0). Pipelining the DSP48 output will improve performance and often saves power so it is suggested whenever possible to fully pipeline this function.  If this DSP48 function was inferred, it is suggested to describe an additional register stage after this function.  If the DSP48 was instantiated in the design, it is suggested to set the PREG attribute to 1.
WARNING: [DRC DPOP-1] PREG Output pipelining: DSP tangerineA7_100_i/tangerineSOC_0/inst/blitterInst/gouraudWeightACInst/weight0__0 output tangerineA7_100_i/tangerineSOC_0/inst/blitterInst/gouraudWeightACInst/weight0__0/P[47:0] is not pipelined (PREG=0). Pipelining the DSP48 output will improve performance and often saves power so it is suggested whenever possible to fully pipeline this function.  If this DSP48 function was inferred, it is suggested to describe an additional register stage after this function.  If the DSP48 was instantiated in the design, it is suggested to set the PREG attribute to 1.
WARNING: [DRC DPOP-1] PREG Output pipelining: DSP tangerineA7_100_i/tangerineSOC_0/inst/blitterInst/gouraudWeightBAInst/weight0__0 output tangerineA7_100_i/tangerineSOC_0/inst/blitterInst/gouraudWeightBAInst/weight0__0/P[47:0] is not pipelined (PREG=0). Pipelining the DSP48 output will improve performance and often saves power so it is suggested whenever possible to fully pipeline this function.  If this DSP48 function was inferred, it is suggested to describe an additional register stage after this function.  If the DSP48 was instantiated in the design, it is suggested to set the PREG attribute to 1.
WARNING: [DRC DPOP-1] PREG Output pipelining: DSP tangerineA7_100_i/tangerineSOC_0/inst/blitterInst/gouraudWeightCBInst/weight0__0 output tangerineA7_100_i/tangerineSOC_0/inst/blitterInst/gouraudWeightCBInst/weight0__0/P[47:0] is not pipelined (PREG=0). Pipelining the DSP48 output will improve performance and often saves power so it is suggested whenever possible to fully pipeline this function.  If this DSP48 function was inferred, it is suggested to describe an additional register stage after this function.  If the DSP48 was instantiated in the design, it is suggested to set the PREG attribute to 1.
WARNING: [DRC DPOP-1] PREG Output pipelining: DSP tangerineA7_100_i/tangerineSOC_0/inst/nekoRvInst/resultMul0 output tangerineA7_100_i/tangerineSOC_0/inst/nekoRvInst/resultMul0/P[47:0] is not pipelined (PREG=0). Pipelining the DSP48 output will improve performance and often saves power so it is suggested whenever possible to fully pipeline this function.  If this DSP48 function was inferred, it is suggested to describe an additional register stage after this function.  If the DSP48 was instantiated in the design, it is suggested to set the PREG attribute to 1.
WARNING: [DRC DPOP-1] PREG Output pipelining: DSP tangerineA7_100_i/tangerineSOC_0/inst/nekoRvInst/resultMul0__1 output tangerineA7_100_i/tangerineSOC_0/inst/nekoRvInst/resultMul0__1/P[47:0] is not pipelined (PREG=0). Pipelining the DSP48 output will improve performance and often saves power so it is suggested whenever possible to fully pipeline this function.  If this DSP48 function was inferred, it is suggested to describe an additional register stage after this function.  If the DSP48 was instantiated in the design, it is suggested to set the PREG attribute to 1.
WARNING: [DRC DPOP-1] PREG Output pipelining: DSP tangerineA7_100_i/tangerineSOC_0/inst/nekoRvInst/resultMulsu0 output tangerineA7_100_i/tangerineSOC_0/inst/nekoRvInst/resultMulsu0/P[47:0] is not pipelined (PREG=0). Pipelining the DSP48 output will improve performance and often saves power so it is suggested whenever possible to fully pipeline this function.  If this DSP48 function was inferred, it is suggested to describe an additional register stage after this function.  If the DSP48 was instantiated in the design, it is suggested to set the PREG attribute to 1.
WARNING: [DRC DPOP-1] PREG Output pipelining: DSP tangerineA7_100_i/tangerineSOC_0/inst/nekoRvInst/resultMulsu0__1 output tangerineA7_100_i/tangerineSOC_0/inst/nekoRvInst/resultMulsu0__1/P[47:0] is not pipelined (PREG=0). Pipelining the DSP48 output will improve performance and often saves power so it is suggested whenever possible to fully pipeline this function.  If this DSP48 function was inferred, it is suggested to describe an additional register stage after this function.  If the DSP48 was instantiated in the design, it is suggested to set the PREG attribute to 1.
WARNING: [DRC DPOP-1] PREG Output pipelining: DSP tangerineA7_100_i/tangerineSOC_0/inst/nekoRvInst/resultMuluu0 output tangerineA7_100_i/tangerineSOC_0/inst/nekoRvInst/resultMuluu0/P[47:0] is not pipelined (PREG=0). Pipelining the DSP48 output will improve performance and often saves power so it is suggested whenever possible to fully pipeline this function.  If this DSP48 function was inferred, it is suggested to describe an additional register stage after this function.  If the DSP48 was instantiated in the design, it is suggested to set the PREG attribute to 1.
WARNING: [DRC DPOP-1] PREG Output pipelining: DSP tangerineA7_100_i/tangerineSOC_0/inst/nekoRvInst/resultMuluu0__1 output tangerineA7_100_i/tangerineSOC_0/inst/nekoRvInst/resultMuluu0__1/P[47:0] is not pipelined (PREG=0). Pipelining the DSP48 output will improve performance and often saves power so it is suggested whenever possible to fully pipeline this function.  If this DSP48 function was inferred, it is suggested to describe an additional register stage after this function.  If the DSP48 was instantiated in the design, it is suggested to set the PREG attribute to 1.
WARNING: [DRC DPOP-2] MREG Output pipelining: DSP tangerineA7_100_i/tangerineSOC_0/inst/blitterInst/dpSa0 multiplier stage tangerineA7_100_i/tangerineSOC_0/inst/blitterInst/dpSa0/P[47:0] is not pipelined (MREG=0). Pipelining the multiplier function will improve performance and will save significant power so it is suggested whenever possible to fully pipeline this function.  If this multiplier was inferred, it is suggested to describe an additional register stage after this function.  If there is no registered adder/accumulator following the multiply function, two pipeline stages are suggested to allow both the MREG and PREG registers to be used.  If the DSP48 was instantiated in the design, it is suggested to set both the MREG and PREG attributes to 1 when performing multiply functions.
WARNING: [DRC DPOP-2] MREG Output pipelining: DSP tangerineA7_100_i/tangerineSOC_0/inst/blitterInst/gouraudWeightACInst/weight0 multiplier stage tangerineA7_100_i/tangerineSOC_0/inst/blitterInst/gouraudWeightACInst/weight0/P[47:0] is not pipelined (MREG=0). Pipelining the multiplier function will improve performance and will save significant power so it is suggested whenever possible to fully pipeline this function.  If this multiplier was inferred, it is suggested to describe an additional register stage after this function.  If there is no registered adder/accumulator following the multiply function, two pipeline stages are suggested to allow both the MREG and PREG registers to be used.  If the DSP48 was instantiated in the design, it is suggested to set both the MREG and PREG attributes to 1 when performing multiply functions.
WARNING: [DRC DPOP-2] MREG Output pipelining: DSP tangerineA7_100_i/tangerineSOC_0/inst/blitterInst/gouraudWeightACInst/weight0__0 multiplier stage tangerineA7_100_i/tangerineSOC_0/inst/blitterInst/gouraudWeightACInst/weight0__0/P[47:0] is not pipelined (MREG=0). Pipelining the multiplier function will improve performance and will save significant power so it is suggested whenever possible to fully pipeline this function.  If this multiplier was inferred, it is suggested to describe an additional register stage after this function.  If there is no registered adder/accumulator following the multiply function, two pipeline stages are suggested to allow both the MREG and PREG registers to be used.  If the DSP48 was instantiated in the design, it is suggested to set both the MREG and PREG attributes to 1 when performing multiply functions.
WARNING: [DRC DPOP-2] MREG Output pipelining: DSP tangerineA7_100_i/tangerineSOC_0/inst/blitterInst/gouraudWeightACInst/weight_reg multiplier stage tangerineA7_100_i/tangerineSOC_0/inst/blitterInst/gouraudWeightACInst/weight_reg/P[47:0] is not pipelined (MREG=0). Pipelining the multiplier function will improve performance and will save significant power so it is suggested whenever possible to fully pipeline this function.  If this multiplier was inferred, it is suggested to describe an additional register stage after this function.  If there is no registered adder/accumulator following the multiply function, two pipeline stages are suggested to allow both the MREG and PREG registers to be used.  If the DSP48 was instantiated in the design, it is suggested to set both the MREG and PREG attributes to 1 when performing multiply functions.
WARNING: [DRC DPOP-2] MREG Output pipelining: DSP tangerineA7_100_i/tangerineSOC_0/inst/blitterInst/gouraudWeightBAInst/weight0 multiplier stage tangerineA7_100_i/tangerineSOC_0/inst/blitterInst/gouraudWeightBAInst/weight0/P[47:0] is not pipelined (MREG=0). Pipelining the multiplier function will improve performance and will save significant power so it is suggested whenever possible to fully pipeline this function.  If this multiplier was inferred, it is suggested to describe an additional register stage after this function.  If there is no registered adder/accumulator following the multiply function, two pipeline stages are suggested to allow both the MREG and PREG registers to be used.  If the DSP48 was instantiated in the design, it is suggested to set both the MREG and PREG attributes to 1 when performing multiply functions.
WARNING: [DRC DPOP-2] MREG Output pipelining: DSP tangerineA7_100_i/tangerineSOC_0/inst/blitterInst/gouraudWeightBAInst/weight0__0 multiplier stage tangerineA7_100_i/tangerineSOC_0/inst/blitterInst/gouraudWeightBAInst/weight0__0/P[47:0] is not pipelined (MREG=0). Pipelining the multiplier function will improve performance and will save significant power so it is suggested whenever possible to fully pipeline this function.  If this multiplier was inferred, it is suggested to describe an additional register stage after this function.  If there is no registered adder/accumulator following the multiply function, two pipeline stages are suggested to allow both the MREG and PREG registers to be used.  If the DSP48 was instantiated in the design, it is suggested to set both the MREG and PREG attributes to 1 when performing multiply functions.
WARNING: [DRC DPOP-2] MREG Output pipelining: DSP tangerineA7_100_i/tangerineSOC_0/inst/blitterInst/gouraudWeightBAInst/weight_reg multiplier stage tangerineA7_100_i/tangerineSOC_0/inst/blitterInst/gouraudWeightBAInst/weight_reg/P[47:0] is not pipelined (MREG=0). Pipelining the multiplier function will improve performance and will save significant power so it is suggested whenever possible to fully pipeline this function.  If this multiplier was inferred, it is suggested to describe an additional register stage after this function.  If there is no registered adder/accumulator following the multiply function, two pipeline stages are suggested to allow both the MREG and PREG registers to be used.  If the DSP48 was instantiated in the design, it is suggested to set both the MREG and PREG attributes to 1 when performing multiply functions.
WARNING: [DRC DPOP-2] MREG Output pipelining: DSP tangerineA7_100_i/tangerineSOC_0/inst/blitterInst/gouraudWeightCBInst/weight0 multiplier stage tangerineA7_100_i/tangerineSOC_0/inst/blitterInst/gouraudWeightCBInst/weight0/P[47:0] is not pipelined (MREG=0). Pipelining the multiplier function will improve performance and will save significant power so it is suggested whenever possible to fully pipeline this function.  If this multiplier was inferred, it is suggested to describe an additional register stage after this function.  If there is no registered adder/accumulator following the multiply function, two pipeline stages are suggested to allow both the MREG and PREG registers to be used.  If the DSP48 was instantiated in the design, it is suggested to set both the MREG and PREG attributes to 1 when performing multiply functions.
WARNING: [DRC DPOP-2] MREG Output pipelining: DSP tangerineA7_100_i/tangerineSOC_0/inst/blitterInst/gouraudWeightCBInst/weight0__0 multiplier stage tangerineA7_100_i/tangerineSOC_0/inst/blitterInst/gouraudWeightCBInst/weight0__0/P[47:0] is not pipelined (MREG=0). Pipelining the multiplier function will improve performance and will save significant power so it is suggested whenever possible to fully pipeline this function.  If this multiplier was inferred, it is suggested to describe an additional register stage after this function.  If there is no registered adder/accumulator following the multiply function, two pipeline stages are suggested to allow both the MREG and PREG registers to be used.  If the DSP48 was instantiated in the design, it is suggested to set both the MREG and PREG attributes to 1 when performing multiply functions.
WARNING: [DRC DPOP-2] MREG Output pipelining: DSP tangerineA7_100_i/tangerineSOC_0/inst/blitterInst/gouraudWeightCBInst/weight_reg multiplier stage tangerineA7_100_i/tangerineSOC_0/inst/blitterInst/gouraudWeightCBInst/weight_reg/P[47:0] is not pipelined (MREG=0). Pipelining the multiplier function will improve performance and will save significant power so it is suggested whenever possible to fully pipeline this function.  If this multiplier was inferred, it is suggested to describe an additional register stage after this function.  If there is no registered adder/accumulator following the multiply function, two pipeline stages are suggested to allow both the MREG and PREG registers to be used.  If the DSP48 was instantiated in the design, it is suggested to set both the MREG and PREG attributes to 1 when performing multiply functions.
WARNING: [DRC DPOP-2] MREG Output pipelining: DSP tangerineA7_100_i/tangerineSOC_0/inst/nekoRvInst/resultMul0 multiplier stage tangerineA7_100_i/tangerineSOC_0/inst/nekoRvInst/resultMul0/P[47:0] is not pipelined (MREG=0). Pipelining the multiplier function will improve performance and will save significant power so it is suggested whenever possible to fully pipeline this function.  If this multiplier was inferred, it is suggested to describe an additional register stage after this function.  If there is no registered adder/accumulator following the multiply function, two pipeline stages are suggested to allow both the MREG and PREG registers to be used.  If the DSP48 was instantiated in the design, it is suggested to set both the MREG and PREG attributes to 1 when performing multiply functions.
WARNING: [DRC DPOP-2] MREG Output pipelining: DSP tangerineA7_100_i/tangerineSOC_0/inst/nekoRvInst/resultMul0__0 multiplier stage tangerineA7_100_i/tangerineSOC_0/inst/nekoRvInst/resultMul0__0/P[47:0] is not pipelined (MREG=0). Pipelining the multiplier function will improve performance and will save significant power so it is suggested whenever possible to fully pipeline this function.  If this multiplier was inferred, it is suggested to describe an additional register stage after this function.  If there is no registered adder/accumulator following the multiply function, two pipeline stages are suggested to allow both the MREG and PREG registers to be used.  If the DSP48 was instantiated in the design, it is suggested to set both the MREG and PREG attributes to 1 when performing multiply functions.
WARNING: [DRC DPOP-2] MREG Output pipelining: DSP tangerineA7_100_i/tangerineSOC_0/inst/nekoRvInst/resultMul0__1 multiplier stage tangerineA7_100_i/tangerineSOC_0/inst/nekoRvInst/resultMul0__1/P[47:0] is not pipelined (MREG=0). Pipelining the multiplier function will improve performance and will save significant power so it is suggested whenever possible to fully pipeline this function.  If this multiplier was inferred, it is suggested to describe an additional register stage after this function.  If there is no registered adder/accumulator following the multiply function, two pipeline stages are suggested to allow both the MREG and PREG registers to be used.  If the DSP48 was instantiated in the design, it is suggested to set both the MREG and PREG attributes to 1 when performing multiply functions.
WARNING: [DRC DPOP-2] MREG Output pipelining: DSP tangerineA7_100_i/tangerineSOC_0/inst/nekoRvInst/resultMul0__2 multiplier stage tangerineA7_100_i/tangerineSOC_0/inst/nekoRvInst/resultMul0__2/P[47:0] is not pipelined (MREG=0). Pipelining the multiplier function will improve performance and will save significant power so it is suggested whenever possible to fully pipeline this function.  If this multiplier was inferred, it is suggested to describe an additional register stage after this function.  If there is no registered adder/accumulator following the multiply function, two pipeline stages are suggested to allow both the MREG and PREG registers to be used.  If the DSP48 was instantiated in the design, it is suggested to set both the MREG and PREG attributes to 1 when performing multiply functions.
WARNING: [DRC DPOP-2] MREG Output pipelining: DSP tangerineA7_100_i/tangerineSOC_0/inst/nekoRvInst/resultMulsu0 multiplier stage tangerineA7_100_i/tangerineSOC_0/inst/nekoRvInst/resultMulsu0/P[47:0] is not pipelined (MREG=0). Pipelining the multiplier function will improve performance and will save significant power so it is suggested whenever possible to fully pipeline this function.  If this multiplier was inferred, it is suggested to describe an additional register stage after this function.  If there is no registered adder/accumulator following the multiply function, two pipeline stages are suggested to allow both the MREG and PREG registers to be used.  If the DSP48 was instantiated in the design, it is suggested to set both the MREG and PREG attributes to 1 when performing multiply functions.
WARNING: [DRC DPOP-2] MREG Output pipelining: DSP tangerineA7_100_i/tangerineSOC_0/inst/nekoRvInst/resultMulsu0__0 multiplier stage tangerineA7_100_i/tangerineSOC_0/inst/nekoRvInst/resultMulsu0__0/P[47:0] is not pipelined (MREG=0). Pipelining the multiplier function will improve performance and will save significant power so it is suggested whenever possible to fully pipeline this function.  If this multiplier was inferred, it is suggested to describe an additional register stage after this function.  If there is no registered adder/accumulator following the multiply function, two pipeline stages are suggested to allow both the MREG and PREG registers to be used.  If the DSP48 was instantiated in the design, it is suggested to set both the MREG and PREG attributes to 1 when performing multiply functions.
WARNING: [DRC DPOP-2] MREG Output pipelining: DSP tangerineA7_100_i/tangerineSOC_0/inst/nekoRvInst/resultMulsu0__1 multiplier stage tangerineA7_100_i/tangerineSOC_0/inst/nekoRvInst/resultMulsu0__1/P[47:0] is not pipelined (MREG=0). Pipelining the multiplier function will improve performance and will save significant power so it is suggested whenever possible to fully pipeline this function.  If this multiplier was inferred, it is suggested to describe an additional register stage after this function.  If there is no registered adder/accumulator following the multiply function, two pipeline stages are suggested to allow both the MREG and PREG registers to be used.  If the DSP48 was instantiated in the design, it is suggested to set both the MREG and PREG attributes to 1 when performing multiply functions.
WARNING: [DRC DPOP-2] MREG Output pipelining: DSP tangerineA7_100_i/tangerineSOC_0/inst/nekoRvInst/resultMulsu0__2 multiplier stage tangerineA7_100_i/tangerineSOC_0/inst/nekoRvInst/resultMulsu0__2/P[47:0] is not pipelined (MREG=0). Pipelining the multiplier function will improve performance and will save significant power so it is suggested whenever possible to fully pipeline this function.  If this multiplier was inferred, it is suggested to describe an additional register stage after this function.  If there is no registered adder/accumulator following the multiply function, two pipeline stages are suggested to allow both the MREG and PREG registers to be used.  If the DSP48 was instantiated in the design, it is suggested to set both the MREG and PREG attributes to 1 when performing multiply functions.
WARNING: [DRC DPOP-2] MREG Output pipelining: DSP tangerineA7_100_i/tangerineSOC_0/inst/nekoRvInst/resultMuluu0 multiplier stage tangerineA7_100_i/tangerineSOC_0/inst/nekoRvInst/resultMuluu0/P[47:0] is not pipelined (MREG=0). Pipelining the multiplier function will improve performance and will save significant power so it is suggested whenever possible to fully pipeline this function.  If this multiplier was inferred, it is suggested to describe an additional register stage after this function.  If there is no registered adder/accumulator following the multiply function, two pipeline stages are suggested to allow both the MREG and PREG registers to be used.  If the DSP48 was instantiated in the design, it is suggested to set both the MREG and PREG attributes to 1 when performing multiply functions.
WARNING: [DRC DPOP-2] MREG Output pipelining: DSP tangerineA7_100_i/tangerineSOC_0/inst/nekoRvInst/resultMuluu0__0 multiplier stage tangerineA7_100_i/tangerineSOC_0/inst/nekoRvInst/resultMuluu0__0/P[47:0] is not pipelined (MREG=0). Pipelining the multiplier function will improve performance and will save significant power so it is suggested whenever possible to fully pipeline this function.  If this multiplier was inferred, it is suggested to describe an additional register stage after this function.  If there is no registered adder/accumulator following the multiply function, two pipeline stages are suggested to allow both the MREG and PREG registers to be used.  If the DSP48 was instantiated in the design, it is suggested to set both the MREG and PREG attributes to 1 when performing multiply functions.
WARNING: [DRC DPOP-2] MREG Output pipelining: DSP tangerineA7_100_i/tangerineSOC_0/inst/nekoRvInst/resultMuluu0__1 multiplier stage tangerineA7_100_i/tangerineSOC_0/inst/nekoRvInst/resultMuluu0__1/P[47:0] is not pipelined (MREG=0). Pipelining the multiplier function will improve performance and will save significant power so it is suggested whenever possible to fully pipeline this function.  If this multiplier was inferred, it is suggested to describe an additional register stage after this function.  If there is no registered adder/accumulator following the multiply function, two pipeline stages are suggested to allow both the MREG and PREG registers to be used.  If the DSP48 was instantiated in the design, it is suggested to set both the MREG and PREG attributes to 1 when performing multiply functions.
WARNING: [DRC DPOP-2] MREG Output pipelining: DSP tangerineA7_100_i/tangerineSOC_0/inst/nekoRvInst/resultMuluu0__2 multiplier stage tangerineA7_100_i/tangerineSOC_0/inst/nekoRvInst/resultMuluu0__2/P[47:0] is not pipelined (MREG=0). Pipelining the multiplier function will improve performance and will save significant power so it is suggested whenever possible to fully pipeline this function.  If this multiplier was inferred, it is suggested to describe an additional register stage after this function.  If there is no registered adder/accumulator following the multiply function, two pipeline stages are suggested to allow both the MREG and PREG registers to be used.  If the DSP48 was instantiated in the design, it is suggested to set both the MREG and PREG attributes to 1 when performing multiply functions.
WARNING: [DRC DPOR-1] Asynchronous load check: DSP tangerineA7_100_i/tangerineSOC_0/inst/nekoRvInst/resultMul0 output is connected to registers with an asynchronous reset (tangerineA7_100_i/tangerineSOC_0/inst/nekoRvInst/resultMul_reg[0]). This is preventing the possibility of merging these registers in to the DSP Block since the DSP block registers only possess synchronous reset capability.  It is suggested to recode or change these registers to remove the reset or use a synchronous reset to get the best optimization for performance, power and area.
WARNING: [DRC DPOR-1] Asynchronous load check: DSP tangerineA7_100_i/tangerineSOC_0/inst/nekoRvInst/resultMul0 output is connected to registers with an asynchronous reset (tangerineA7_100_i/tangerineSOC_0/inst/nekoRvInst/resultMul_reg[10]). This is preventing the possibility of merging these registers in to the DSP Block since the DSP block registers only possess synchronous reset capability.  It is suggested to recode or change these registers to remove the reset or use a synchronous reset to get the best optimization for performance, power and area.
WARNING: [DRC DPOR-1] Asynchronous load check: DSP tangerineA7_100_i/tangerineSOC_0/inst/nekoRvInst/resultMul0 output is connected to registers with an asynchronous reset (tangerineA7_100_i/tangerineSOC_0/inst/nekoRvInst/resultMul_reg[11]). This is preventing the possibility of merging these registers in to the DSP Block since the DSP block registers only possess synchronous reset capability.  It is suggested to recode or change these registers to remove the reset or use a synchronous reset to get the best optimization for performance, power and area.
WARNING: [DRC DPOR-1] Asynchronous load check: DSP tangerineA7_100_i/tangerineSOC_0/inst/nekoRvInst/resultMul0 output is connected to registers with an asynchronous reset (tangerineA7_100_i/tangerineSOC_0/inst/nekoRvInst/resultMul_reg[12]). This is preventing the possibility of merging these registers in to the DSP Block since the DSP block registers only possess synchronous reset capability.  It is suggested to recode or change these registers to remove the reset or use a synchronous reset to get the best optimization for performance, power and area.
WARNING: [DRC DPOR-1] Asynchronous load check: DSP tangerineA7_100_i/tangerineSOC_0/inst/nekoRvInst/resultMul0 output is connected to registers with an asynchronous reset (tangerineA7_100_i/tangerineSOC_0/inst/nekoRvInst/resultMul_reg[13]). This is preventing the possibility of merging these registers in to the DSP Block since the DSP block registers only possess synchronous reset capability.  It is suggested to recode or change these registers to remove the reset or use a synchronous reset to get the best optimization for performance, power and area.
WARNING: [DRC DPOR-1] Asynchronous load check: DSP tangerineA7_100_i/tangerineSOC_0/inst/nekoRvInst/resultMul0 output is connected to registers with an asynchronous reset (tangerineA7_100_i/tangerineSOC_0/inst/nekoRvInst/resultMul_reg[14]). This is preventing the possibility of merging these registers in to the DSP Block since the DSP block registers only possess synchronous reset capability.  It is suggested to recode or change these registers to remove the reset or use a synchronous reset to get the best optimization for performance, power and area.
WARNING: [DRC DPOR-1] Asynchronous load check: DSP tangerineA7_100_i/tangerineSOC_0/inst/nekoRvInst/resultMul0 output is connected to registers with an asynchronous reset (tangerineA7_100_i/tangerineSOC_0/inst/nekoRvInst/resultMul_reg[15]). This is preventing the possibility of merging these registers in to the DSP Block since the DSP block registers only possess synchronous reset capability.  It is suggested to recode or change these registers to remove the reset or use a synchronous reset to get the best optimization for performance, power and area.
WARNING: [DRC DPOR-1] Asynchronous load check: DSP tangerineA7_100_i/tangerineSOC_0/inst/nekoRvInst/resultMul0 output is connected to registers with an asynchronous reset (tangerineA7_100_i/tangerineSOC_0/inst/nekoRvInst/resultMul_reg[16]). This is preventing the possibility of merging these registers in to the DSP Block since the DSP block registers only possess synchronous reset capability.  It is suggested to recode or change these registers to remove the reset or use a synchronous reset to get the best optimization for performance, power and area.
WARNING: [DRC DPOR-1] Asynchronous load check: DSP tangerineA7_100_i/tangerineSOC_0/inst/nekoRvInst/resultMul0 output is connected to registers with an asynchronous reset (tangerineA7_100_i/tangerineSOC_0/inst/nekoRvInst/resultMul_reg[1]). This is preventing the possibility of merging these registers in to the DSP Block since the DSP block registers only possess synchronous reset capability.  It is suggested to recode or change these registers to remove the reset or use a synchronous reset to get the best optimization for performance, power and area.
WARNING: [DRC DPOR-1] Asynchronous load check: DSP tangerineA7_100_i/tangerineSOC_0/inst/nekoRvInst/resultMul0 output is connected to registers with an asynchronous reset (tangerineA7_100_i/tangerineSOC_0/inst/nekoRvInst/resultMul_reg[2]). This is preventing the possibility of merging these registers in to the DSP Block since the DSP block registers only possess synchronous reset capability.  It is suggested to recode or change these registers to remove the reset or use a synchronous reset to get the best optimization for performance, power and area.
WARNING: [DRC DPOR-1] Asynchronous load check: DSP tangerineA7_100_i/tangerineSOC_0/inst/nekoRvInst/resultMul0 output is connected to registers with an asynchronous reset (tangerineA7_100_i/tangerineSOC_0/inst/nekoRvInst/resultMul_reg[3]). This is preventing the possibility of merging these registers in to the DSP Block since the DSP block registers only possess synchronous reset capability.  It is suggested to recode or change these registers to remove the reset or use a synchronous reset to get the best optimization for performance, power and area.
WARNING: [DRC DPOR-1] Asynchronous load check: DSP tangerineA7_100_i/tangerineSOC_0/inst/nekoRvInst/resultMul0 output is connected to registers with an asynchronous reset (tangerineA7_100_i/tangerineSOC_0/inst/nekoRvInst/resultMul_reg[4]). This is preventing the possibility of merging these registers in to the DSP Block since the DSP block registers only possess synchronous reset capability.  It is suggested to recode or change these registers to remove the reset or use a synchronous reset to get the best optimization for performance, power and area.
WARNING: [DRC DPOR-1] Asynchronous load check: DSP tangerineA7_100_i/tangerineSOC_0/inst/nekoRvInst/resultMul0 output is connected to registers with an asynchronous reset (tangerineA7_100_i/tangerineSOC_0/inst/nekoRvInst/resultMul_reg[5]). This is preventing the possibility of merging these registers in to the DSP Block since the DSP block registers only possess synchronous reset capability.  It is suggested to recode or change these registers to remove the reset or use a synchronous reset to get the best optimization for performance, power and area.
WARNING: [DRC DPOR-1] Asynchronous load check: DSP tangerineA7_100_i/tangerineSOC_0/inst/nekoRvInst/resultMul0 output is connected to registers with an asynchronous reset (tangerineA7_100_i/tangerineSOC_0/inst/nekoRvInst/resultMul_reg[6]). This is preventing the possibility of merging these registers in to the DSP Block since the DSP block registers only possess synchronous reset capability.  It is suggested to recode or change these registers to remove the reset or use a synchronous reset to get the best optimization for performance, power and area.
WARNING: [DRC DPOR-1] Asynchronous load check: DSP tangerineA7_100_i/tangerineSOC_0/inst/nekoRvInst/resultMul0 output is connected to registers with an asynchronous reset (tangerineA7_100_i/tangerineSOC_0/inst/nekoRvInst/resultMul_reg[7]). This is preventing the possibility of merging these registers in to the DSP Block since the DSP block registers only possess synchronous reset capability.  It is suggested to recode or change these registers to remove the reset or use a synchronous reset to get the best optimization for performance, power and area.
WARNING: [DRC DPOR-1] Asynchronous load check: DSP tangerineA7_100_i/tangerineSOC_0/inst/nekoRvInst/resultMul0 output is connected to registers with an asynchronous reset (tangerineA7_100_i/tangerineSOC_0/inst/nekoRvInst/resultMul_reg[8]). This is preventing the possibility of merging these registers in to the DSP Block since the DSP block registers only possess synchronous reset capability.  It is suggested to recode or change these registers to remove the reset or use a synchronous reset to get the best optimization for performance, power and area.
WARNING: [DRC DPOR-1] Asynchronous load check: DSP tangerineA7_100_i/tangerineSOC_0/inst/nekoRvInst/resultMul0 output is connected to registers with an asynchronous reset (tangerineA7_100_i/tangerineSOC_0/inst/nekoRvInst/resultMul_reg[9]). This is preventing the possibility of merging these registers in to the DSP Block since the DSP block registers only possess synchronous reset capability.  It is suggested to recode or change these registers to remove the reset or use a synchronous reset to get the best optimization for performance, power and area.
WARNING: [DRC DPOR-1] Asynchronous load check: DSP tangerineA7_100_i/tangerineSOC_0/inst/nekoRvInst/resultMul0__1 output is connected to registers with an asynchronous reset (tangerineA7_100_i/tangerineSOC_0/inst/nekoRvInst/resultMul_reg[0]__1). This is preventing the possibility of merging these registers in to the DSP Block since the DSP block registers only possess synchronous reset capability.  It is suggested to recode or change these registers to remove the reset or use a synchronous reset to get the best optimization for performance, power and area.
WARNING: [DRC DPOR-1] Asynchronous load check: DSP tangerineA7_100_i/tangerineSOC_0/inst/nekoRvInst/resultMul0__1 output is connected to registers with an asynchronous reset (tangerineA7_100_i/tangerineSOC_0/inst/nekoRvInst/resultMul_reg[10]__1). This is preventing the possibility of merging these registers in to the DSP Block since the DSP block registers only possess synchronous reset capability.  It is suggested to recode or change these registers to remove the reset or use a synchronous reset to get the best optimization for performance, power and area.
WARNING: [DRC DPOR-1] Asynchronous load check: DSP tangerineA7_100_i/tangerineSOC_0/inst/nekoRvInst/resultMul0__1 output is connected to registers with an asynchronous reset (tangerineA7_100_i/tangerineSOC_0/inst/nekoRvInst/resultMul_reg[11]__1). This is preventing the possibility of merging these registers in to the DSP Block since the DSP block registers only possess synchronous reset capability.  It is suggested to recode or change these registers to remove the reset or use a synchronous reset to get the best optimization for performance, power and area.
WARNING: [DRC DPOR-1] Asynchronous load check: DSP tangerineA7_100_i/tangerineSOC_0/inst/nekoRvInst/resultMul0__1 output is connected to registers with an asynchronous reset (tangerineA7_100_i/tangerineSOC_0/inst/nekoRvInst/resultMul_reg[12]__1). This is preventing the possibility of merging these registers in to the DSP Block since the DSP block registers only possess synchronous reset capability.  It is suggested to recode or change these registers to remove the reset or use a synchronous reset to get the best optimization for performance, power and area.
WARNING: [DRC DPOR-1] Asynchronous load check: DSP tangerineA7_100_i/tangerineSOC_0/inst/nekoRvInst/resultMul0__1 output is connected to registers with an asynchronous reset (tangerineA7_100_i/tangerineSOC_0/inst/nekoRvInst/resultMul_reg[13]__1). This is preventing the possibility of merging these registers in to the DSP Block since the DSP block registers only possess synchronous reset capability.  It is suggested to recode or change these registers to remove the reset or use a synchronous reset to get the best optimization for performance, power and area.
WARNING: [DRC DPOR-1] Asynchronous load check: DSP tangerineA7_100_i/tangerineSOC_0/inst/nekoRvInst/resultMul0__1 output is connected to registers with an asynchronous reset (tangerineA7_100_i/tangerineSOC_0/inst/nekoRvInst/resultMul_reg[14]__1). This is preventing the possibility of merging these registers in to the DSP Block since the DSP block registers only possess synchronous reset capability.  It is suggested to recode or change these registers to remove the reset or use a synchronous reset to get the best optimization for performance, power and area.
WARNING: [DRC DPOR-1] Asynchronous load check: DSP tangerineA7_100_i/tangerineSOC_0/inst/nekoRvInst/resultMul0__1 output is connected to registers with an asynchronous reset (tangerineA7_100_i/tangerineSOC_0/inst/nekoRvInst/resultMul_reg[15]__1). This is preventing the possibility of merging these registers in to the DSP Block since the DSP block registers only possess synchronous reset capability.  It is suggested to recode or change these registers to remove the reset or use a synchronous reset to get the best optimization for performance, power and area.
WARNING: [DRC DPOR-1] Asynchronous load check: DSP tangerineA7_100_i/tangerineSOC_0/inst/nekoRvInst/resultMul0__1 output is connected to registers with an asynchronous reset (tangerineA7_100_i/tangerineSOC_0/inst/nekoRvInst/resultMul_reg[16]__1). This is preventing the possibility of merging these registers in to the DSP Block since the DSP block registers only possess synchronous reset capability.  It is suggested to recode or change these registers to remove the reset or use a synchronous reset to get the best optimization for performance, power and area.
WARNING: [DRC DPOR-1] Asynchronous load check: DSP tangerineA7_100_i/tangerineSOC_0/inst/nekoRvInst/resultMul0__1 output is connected to registers with an asynchronous reset (tangerineA7_100_i/tangerineSOC_0/inst/nekoRvInst/resultMul_reg[1]__1). This is preventing the possibility of merging these registers in to the DSP Block since the DSP block registers only possess synchronous reset capability.  It is suggested to recode or change these registers to remove the reset or use a synchronous reset to get the best optimization for performance, power and area.
WARNING: [DRC DPOR-1] Asynchronous load check: DSP tangerineA7_100_i/tangerineSOC_0/inst/nekoRvInst/resultMul0__1 output is connected to registers with an asynchronous reset (tangerineA7_100_i/tangerineSOC_0/inst/nekoRvInst/resultMul_reg[2]__1). This is preventing the possibility of merging these registers in to the DSP Block since the DSP block registers only possess synchronous reset capability.  It is suggested to recode or change these registers to remove the reset or use a synchronous reset to get the best optimization for performance, power and area.
WARNING: [DRC DPOR-1] Asynchronous load check: DSP tangerineA7_100_i/tangerineSOC_0/inst/nekoRvInst/resultMul0__1 output is connected to registers with an asynchronous reset (tangerineA7_100_i/tangerineSOC_0/inst/nekoRvInst/resultMul_reg[3]__1). This is preventing the possibility of merging these registers in to the DSP Block since the DSP block registers only possess synchronous reset capability.  It is suggested to recode or change these registers to remove the reset or use a synchronous reset to get the best optimization for performance, power and area.
WARNING: [DRC DPOR-1] Asynchronous load check: DSP tangerineA7_100_i/tangerineSOC_0/inst/nekoRvInst/resultMul0__1 output is connected to registers with an asynchronous reset (tangerineA7_100_i/tangerineSOC_0/inst/nekoRvInst/resultMul_reg[4]__1). This is preventing the possibility of merging these registers in to the DSP Block since the DSP block registers only possess synchronous reset capability.  It is suggested to recode or change these registers to remove the reset or use a synchronous reset to get the best optimization for performance, power and area.
WARNING: [DRC DPOR-1] Asynchronous load check: DSP tangerineA7_100_i/tangerineSOC_0/inst/nekoRvInst/resultMul0__1 output is connected to registers with an asynchronous reset (tangerineA7_100_i/tangerineSOC_0/inst/nekoRvInst/resultMul_reg[5]__1). This is preventing the possibility of merging these registers in to the DSP Block since the DSP block registers only possess synchronous reset capability.  It is suggested to recode or change these registers to remove the reset or use a synchronous reset to get the best optimization for performance, power and area.
WARNING: [DRC DPOR-1] Asynchronous load check: DSP tangerineA7_100_i/tangerineSOC_0/inst/nekoRvInst/resultMul0__1 output is connected to registers with an asynchronous reset (tangerineA7_100_i/tangerineSOC_0/inst/nekoRvInst/resultMul_reg[6]__1). This is preventing the possibility of merging these registers in to the DSP Block since the DSP block registers only possess synchronous reset capability.  It is suggested to recode or change these registers to remove the reset or use a synchronous reset to get the best optimization for performance, power and area.
WARNING: [DRC DPOR-1] Asynchronous load check: DSP tangerineA7_100_i/tangerineSOC_0/inst/nekoRvInst/resultMul0__1 output is connected to registers with an asynchronous reset (tangerineA7_100_i/tangerineSOC_0/inst/nekoRvInst/resultMul_reg[7]__1). This is preventing the possibility of merging these registers in to the DSP Block since the DSP block registers only possess synchronous reset capability.  It is suggested to recode or change these registers to remove the reset or use a synchronous reset to get the best optimization for performance, power and area.
WARNING: [DRC DPOR-1] Asynchronous load check: DSP tangerineA7_100_i/tangerineSOC_0/inst/nekoRvInst/resultMul0__1 output is connected to registers with an asynchronous reset (tangerineA7_100_i/tangerineSOC_0/inst/nekoRvInst/resultMul_reg[8]__1). This is preventing the possibility of merging these registers in to the DSP Block since the DSP block registers only possess synchronous reset capability.  It is suggested to recode or change these registers to remove the reset or use a synchronous reset to get the best optimization for performance, power and area.
WARNING: [DRC DPOR-1] Asynchronous load check: DSP tangerineA7_100_i/tangerineSOC_0/inst/nekoRvInst/resultMul0__1 output is connected to registers with an asynchronous reset (tangerineA7_100_i/tangerineSOC_0/inst/nekoRvInst/resultMul_reg[9]__1). This is preventing the possibility of merging these registers in to the DSP Block since the DSP block registers only possess synchronous reset capability.  It is suggested to recode or change these registers to remove the reset or use a synchronous reset to get the best optimization for performance, power and area.
WARNING: [DRC DPOR-1] Asynchronous load check: DSP tangerineA7_100_i/tangerineSOC_0/inst/nekoRvInst/resultMulsu0 output is connected to registers with an asynchronous reset (tangerineA7_100_i/tangerineSOC_0/inst/nekoRvInst/resultMulsu_reg[0]). This is preventing the possibility of merging these registers in to the DSP Block since the DSP block registers only possess synchronous reset capability.  It is suggested to recode or change these registers to remove the reset or use a synchronous reset to get the best optimization for performance, power and area.
WARNING: [DRC DPOR-1] Asynchronous load check: DSP tangerineA7_100_i/tangerineSOC_0/inst/nekoRvInst/resultMulsu0 output is connected to registers with an asynchronous reset (tangerineA7_100_i/tangerineSOC_0/inst/nekoRvInst/resultMulsu_reg[10]). This is preventing the possibility of merging these registers in to the DSP Block since the DSP block registers only possess synchronous reset capability.  It is suggested to recode or change these registers to remove the reset or use a synchronous reset to get the best optimization for performance, power and area.
WARNING: [DRC DPOR-1] Asynchronous load check: DSP tangerineA7_100_i/tangerineSOC_0/inst/nekoRvInst/resultMulsu0 output is connected to registers with an asynchronous reset (tangerineA7_100_i/tangerineSOC_0/inst/nekoRvInst/resultMulsu_reg[11]). This is preventing the possibility of merging these registers in to the DSP Block since the DSP block registers only possess synchronous reset capability.  It is suggested to recode or change these registers to remove the reset or use a synchronous reset to get the best optimization for performance, power and area.
WARNING: [DRC DPOR-1] Asynchronous load check: DSP tangerineA7_100_i/tangerineSOC_0/inst/nekoRvInst/resultMulsu0 output is connected to registers with an asynchronous reset (tangerineA7_100_i/tangerineSOC_0/inst/nekoRvInst/resultMulsu_reg[12]). This is preventing the possibility of merging these registers in to the DSP Block since the DSP block registers only possess synchronous reset capability.  It is suggested to recode or change these registers to remove the reset or use a synchronous reset to get the best optimization for performance, power and area.
WARNING: [DRC DPOR-1] Asynchronous load check: DSP tangerineA7_100_i/tangerineSOC_0/inst/nekoRvInst/resultMulsu0 output is connected to registers with an asynchronous reset (tangerineA7_100_i/tangerineSOC_0/inst/nekoRvInst/resultMulsu_reg[13]). This is preventing the possibility of merging these registers in to the DSP Block since the DSP block registers only possess synchronous reset capability.  It is suggested to recode or change these registers to remove the reset or use a synchronous reset to get the best optimization for performance, power and area.
WARNING: [DRC DPOR-1] Asynchronous load check: DSP tangerineA7_100_i/tangerineSOC_0/inst/nekoRvInst/resultMulsu0 output is connected to registers with an asynchronous reset (tangerineA7_100_i/tangerineSOC_0/inst/nekoRvInst/resultMulsu_reg[14]). This is preventing the possibility of merging these registers in to the DSP Block since the DSP block registers only possess synchronous reset capability.  It is suggested to recode or change these registers to remove the reset or use a synchronous reset to get the best optimization for performance, power and area.
WARNING: [DRC DPOR-1] Asynchronous load check: DSP tangerineA7_100_i/tangerineSOC_0/inst/nekoRvInst/resultMulsu0 output is connected to registers with an asynchronous reset (tangerineA7_100_i/tangerineSOC_0/inst/nekoRvInst/resultMulsu_reg[15]). This is preventing the possibility of merging these registers in to the DSP Block since the DSP block registers only possess synchronous reset capability.  It is suggested to recode or change these registers to remove the reset or use a synchronous reset to get the best optimization for performance, power and area.
WARNING: [DRC DPOR-1] Asynchronous load check: DSP tangerineA7_100_i/tangerineSOC_0/inst/nekoRvInst/resultMulsu0 output is connected to registers with an asynchronous reset (tangerineA7_100_i/tangerineSOC_0/inst/nekoRvInst/resultMulsu_reg[16]). This is preventing the possibility of merging these registers in to the DSP Block since the DSP block registers only possess synchronous reset capability.  It is suggested to recode or change these registers to remove the reset or use a synchronous reset to get the best optimization for performance, power and area.
WARNING: [DRC DPOR-1] Asynchronous load check: DSP tangerineA7_100_i/tangerineSOC_0/inst/nekoRvInst/resultMulsu0 output is connected to registers with an asynchronous reset (tangerineA7_100_i/tangerineSOC_0/inst/nekoRvInst/resultMulsu_reg[1]). This is preventing the possibility of merging these registers in to the DSP Block since the DSP block registers only possess synchronous reset capability.  It is suggested to recode or change these registers to remove the reset or use a synchronous reset to get the best optimization for performance, power and area.
WARNING: [DRC DPOR-1] Asynchronous load check: DSP tangerineA7_100_i/tangerineSOC_0/inst/nekoRvInst/resultMulsu0 output is connected to registers with an asynchronous reset (tangerineA7_100_i/tangerineSOC_0/inst/nekoRvInst/resultMulsu_reg[2]). This is preventing the possibility of merging these registers in to the DSP Block since the DSP block registers only possess synchronous reset capability.  It is suggested to recode or change these registers to remove the reset or use a synchronous reset to get the best optimization for performance, power and area.
WARNING: [DRC DPOR-1] Asynchronous load check: DSP tangerineA7_100_i/tangerineSOC_0/inst/nekoRvInst/resultMulsu0 output is connected to registers with an asynchronous reset (tangerineA7_100_i/tangerineSOC_0/inst/nekoRvInst/resultMulsu_reg[3]). This is preventing the possibility of merging these registers in to the DSP Block since the DSP block registers only possess synchronous reset capability.  It is suggested to recode or change these registers to remove the reset or use a synchronous reset to get the best optimization for performance, power and area.
WARNING: [DRC DPOR-1] Asynchronous load check: DSP tangerineA7_100_i/tangerineSOC_0/inst/nekoRvInst/resultMulsu0 output is connected to registers with an asynchronous reset (tangerineA7_100_i/tangerineSOC_0/inst/nekoRvInst/resultMulsu_reg[4]). This is preventing the possibility of merging these registers in to the DSP Block since the DSP block registers only possess synchronous reset capability.  It is suggested to recode or change these registers to remove the reset or use a synchronous reset to get the best optimization for performance, power and area.
WARNING: [DRC DPOR-1] Asynchronous load check: DSP tangerineA7_100_i/tangerineSOC_0/inst/nekoRvInst/resultMulsu0 output is connected to registers with an asynchronous reset (tangerineA7_100_i/tangerineSOC_0/inst/nekoRvInst/resultMulsu_reg[5]). This is preventing the possibility of merging these registers in to the DSP Block since the DSP block registers only possess synchronous reset capability.  It is suggested to recode or change these registers to remove the reset or use a synchronous reset to get the best optimization for performance, power and area.
WARNING: [DRC DPOR-1] Asynchronous load check: DSP tangerineA7_100_i/tangerineSOC_0/inst/nekoRvInst/resultMulsu0 output is connected to registers with an asynchronous reset (tangerineA7_100_i/tangerineSOC_0/inst/nekoRvInst/resultMulsu_reg[6]). This is preventing the possibility of merging these registers in to the DSP Block since the DSP block registers only possess synchronous reset capability.  It is suggested to recode or change these registers to remove the reset or use a synchronous reset to get the best optimization for performance, power and area.
WARNING: [DRC DPOR-1] Asynchronous load check: DSP tangerineA7_100_i/tangerineSOC_0/inst/nekoRvInst/resultMulsu0 output is connected to registers with an asynchronous reset (tangerineA7_100_i/tangerineSOC_0/inst/nekoRvInst/resultMulsu_reg[7]). This is preventing the possibility of merging these registers in to the DSP Block since the DSP block registers only possess synchronous reset capability.  It is suggested to recode or change these registers to remove the reset or use a synchronous reset to get the best optimization for performance, power and area.
WARNING: [DRC DPOR-1] Asynchronous load check: DSP tangerineA7_100_i/tangerineSOC_0/inst/nekoRvInst/resultMulsu0 output is connected to registers with an asynchronous reset (tangerineA7_100_i/tangerineSOC_0/inst/nekoRvInst/resultMulsu_reg[8]). This is preventing the possibility of merging these registers in to the DSP Block since the DSP block registers only possess synchronous reset capability.  It is suggested to recode or change these registers to remove the reset or use a synchronous reset to get the best optimization for performance, power and area.
WARNING: [DRC DPOR-1] Asynchronous load check: DSP tangerineA7_100_i/tangerineSOC_0/inst/nekoRvInst/resultMulsu0 output is connected to registers with an asynchronous reset (tangerineA7_100_i/tangerineSOC_0/inst/nekoRvInst/resultMulsu_reg[9]). This is preventing the possibility of merging these registers in to the DSP Block since the DSP block registers only possess synchronous reset capability.  It is suggested to recode or change these registers to remove the reset or use a synchronous reset to get the best optimization for performance, power and area.
WARNING: [DRC DPOR-1] Asynchronous load check: DSP tangerineA7_100_i/tangerineSOC_0/inst/nekoRvInst/resultMulsu0__1 output is connected to registers with an asynchronous reset (tangerineA7_100_i/tangerineSOC_0/inst/nekoRvInst/resultMulsu_reg[16]__1). This is preventing the possibility of merging these registers in to the DSP Block since the DSP block registers only possess synchronous reset capability.  It is suggested to recode or change these registers to remove the reset or use a synchronous reset to get the best optimization for performance, power and area.
WARNING: [DRC DPOR-1] Asynchronous load check: DSP tangerineA7_100_i/tangerineSOC_0/inst/nekoRvInst/resultMuluu0 output is connected to registers with an asynchronous reset (tangerineA7_100_i/tangerineSOC_0/inst/nekoRvInst/resultMuluu_reg[0]). This is preventing the possibility of merging these registers in to the DSP Block since the DSP block registers only possess synchronous reset capability.  It is suggested to recode or change these registers to remove the reset or use a synchronous reset to get the best optimization for performance, power and area.
WARNING: [DRC DPOR-1] Asynchronous load check: DSP tangerineA7_100_i/tangerineSOC_0/inst/nekoRvInst/resultMuluu0 output is connected to registers with an asynchronous reset (tangerineA7_100_i/tangerineSOC_0/inst/nekoRvInst/resultMuluu_reg[10]). This is preventing the possibility of merging these registers in to the DSP Block since the DSP block registers only possess synchronous reset capability.  It is suggested to recode or change these registers to remove the reset or use a synchronous reset to get the best optimization for performance, power and area.
WARNING: [DRC DPOR-1] Asynchronous load check: DSP tangerineA7_100_i/tangerineSOC_0/inst/nekoRvInst/resultMuluu0 output is connected to registers with an asynchronous reset (tangerineA7_100_i/tangerineSOC_0/inst/nekoRvInst/resultMuluu_reg[11]). This is preventing the possibility of merging these registers in to the DSP Block since the DSP block registers only possess synchronous reset capability.  It is suggested to recode or change these registers to remove the reset or use a synchronous reset to get the best optimization for performance, power and area.
WARNING: [DRC DPOR-1] Asynchronous load check: DSP tangerineA7_100_i/tangerineSOC_0/inst/nekoRvInst/resultMuluu0 output is connected to registers with an asynchronous reset (tangerineA7_100_i/tangerineSOC_0/inst/nekoRvInst/resultMuluu_reg[12]). This is preventing the possibility of merging these registers in to the DSP Block since the DSP block registers only possess synchronous reset capability.  It is suggested to recode or change these registers to remove the reset or use a synchronous reset to get the best optimization for performance, power and area.
WARNING: [DRC DPOR-1] Asynchronous load check: DSP tangerineA7_100_i/tangerineSOC_0/inst/nekoRvInst/resultMuluu0 output is connected to registers with an asynchronous reset (tangerineA7_100_i/tangerineSOC_0/inst/nekoRvInst/resultMuluu_reg[13]). This is preventing the possibility of merging these registers in to the DSP Block since the DSP block registers only possess synchronous reset capability.  It is suggested to recode or change these registers to remove the reset or use a synchronous reset to get the best optimization for performance, power and area.
WARNING: [DRC DPOR-1] Asynchronous load check: DSP tangerineA7_100_i/tangerineSOC_0/inst/nekoRvInst/resultMuluu0 output is connected to registers with an asynchronous reset (tangerineA7_100_i/tangerineSOC_0/inst/nekoRvInst/resultMuluu_reg[14]). This is preventing the possibility of merging these registers in to the DSP Block since the DSP block registers only possess synchronous reset capability.  It is suggested to recode or change these registers to remove the reset or use a synchronous reset to get the best optimization for performance, power and area.
WARNING: [DRC DPOR-1] Asynchronous load check: DSP tangerineA7_100_i/tangerineSOC_0/inst/nekoRvInst/resultMuluu0 output is connected to registers with an asynchronous reset (tangerineA7_100_i/tangerineSOC_0/inst/nekoRvInst/resultMuluu_reg[15]). This is preventing the possibility of merging these registers in to the DSP Block since the DSP block registers only possess synchronous reset capability.  It is suggested to recode or change these registers to remove the reset or use a synchronous reset to get the best optimization for performance, power and area.
WARNING: [DRC DPOR-1] Asynchronous load check: DSP tangerineA7_100_i/tangerineSOC_0/inst/nekoRvInst/resultMuluu0 output is connected to registers with an asynchronous reset (tangerineA7_100_i/tangerineSOC_0/inst/nekoRvInst/resultMuluu_reg[16]). This is preventing the possibility of merging these registers in to the DSP Block since the DSP block registers only possess synchronous reset capability.  It is suggested to recode or change these registers to remove the reset or use a synchronous reset to get the best optimization for performance, power and area.
WARNING: [DRC DPOR-1] Asynchronous load check: DSP tangerineA7_100_i/tangerineSOC_0/inst/nekoRvInst/resultMuluu0 output is connected to registers with an asynchronous reset (tangerineA7_100_i/tangerineSOC_0/inst/nekoRvInst/resultMuluu_reg[1]). This is preventing the possibility of merging these registers in to the DSP Block since the DSP block registers only possess synchronous reset capability.  It is suggested to recode or change these registers to remove the reset or use a synchronous reset to get the best optimization for performance, power and area.
WARNING: [DRC DPOR-1] Asynchronous load check: DSP tangerineA7_100_i/tangerineSOC_0/inst/nekoRvInst/resultMuluu0 output is connected to registers with an asynchronous reset (tangerineA7_100_i/tangerineSOC_0/inst/nekoRvInst/resultMuluu_reg[2]). This is preventing the possibility of merging these registers in to the DSP Block since the DSP block registers only possess synchronous reset capability.  It is suggested to recode or change these registers to remove the reset or use a synchronous reset to get the best optimization for performance, power and area.
WARNING: [DRC DPOR-1] Asynchronous load check: DSP tangerineA7_100_i/tangerineSOC_0/inst/nekoRvInst/resultMuluu0 output is connected to registers with an asynchronous reset (tangerineA7_100_i/tangerineSOC_0/inst/nekoRvInst/resultMuluu_reg[3]). This is preventing the possibility of merging these registers in to the DSP Block since the DSP block registers only possess synchronous reset capability.  It is suggested to recode or change these registers to remove the reset or use a synchronous reset to get the best optimization for performance, power and area.
WARNING: [DRC DPOR-1] Asynchronous load check: DSP tangerineA7_100_i/tangerineSOC_0/inst/nekoRvInst/resultMuluu0 output is connected to registers with an asynchronous reset (tangerineA7_100_i/tangerineSOC_0/inst/nekoRvInst/resultMuluu_reg[4]). This is preventing the possibility of merging these registers in to the DSP Block since the DSP block registers only possess synchronous reset capability.  It is suggested to recode or change these registers to remove the reset or use a synchronous reset to get the best optimization for performance, power and area.
WARNING: [DRC DPOR-1] Asynchronous load check: DSP tangerineA7_100_i/tangerineSOC_0/inst/nekoRvInst/resultMuluu0 output is connected to registers with an asynchronous reset (tangerineA7_100_i/tangerineSOC_0/inst/nekoRvInst/resultMuluu_reg[5]). This is preventing the possibility of merging these registers in to the DSP Block since the DSP block registers only possess synchronous reset capability.  It is suggested to recode or change these registers to remove the reset or use a synchronous reset to get the best optimization for performance, power and area.
WARNING: [DRC DPOR-1] Asynchronous load check: DSP tangerineA7_100_i/tangerineSOC_0/inst/nekoRvInst/resultMuluu0 output is connected to registers with an asynchronous reset (tangerineA7_100_i/tangerineSOC_0/inst/nekoRvInst/resultMuluu_reg[6]). This is preventing the possibility of merging these registers in to the DSP Block since the DSP block registers only possess synchronous reset capability.  It is suggested to recode or change these registers to remove the reset or use a synchronous reset to get the best optimization for performance, power and area.
WARNING: [DRC DPOR-1] Asynchronous load check: DSP tangerineA7_100_i/tangerineSOC_0/inst/nekoRvInst/resultMuluu0 output is connected to registers with an asynchronous reset (tangerineA7_100_i/tangerineSOC_0/inst/nekoRvInst/resultMuluu_reg[7]). This is preventing the possibility of merging these registers in to the DSP Block since the DSP block registers only possess synchronous reset capability.  It is suggested to recode or change these registers to remove the reset or use a synchronous reset to get the best optimization for performance, power and area.
WARNING: [DRC DPOR-1] Asynchronous load check: DSP tangerineA7_100_i/tangerineSOC_0/inst/nekoRvInst/resultMuluu0 output is connected to registers with an asynchronous reset (tangerineA7_100_i/tangerineSOC_0/inst/nekoRvInst/resultMuluu_reg[8]). This is preventing the possibility of merging these registers in to the DSP Block since the DSP block registers only possess synchronous reset capability.  It is suggested to recode or change these registers to remove the reset or use a synchronous reset to get the best optimization for performance, power and area.
WARNING: [DRC DPOR-1] Asynchronous load check: DSP tangerineA7_100_i/tangerineSOC_0/inst/nekoRvInst/resultMuluu0 output is connected to registers with an asynchronous reset (tangerineA7_100_i/tangerineSOC_0/inst/nekoRvInst/resultMuluu_reg[9]). This is preventing the possibility of merging these registers in to the DSP Block since the DSP block registers only possess synchronous reset capability.  It is suggested to recode or change these registers to remove the reset or use a synchronous reset to get the best optimization for performance, power and area.
WARNING: [DRC DPOR-1] Asynchronous load check: DSP tangerineA7_100_i/tangerineSOC_0/inst/nekoRvInst/resultMuluu0__1 output is connected to registers with an asynchronous reset (tangerineA7_100_i/tangerineSOC_0/inst/nekoRvInst/resultMuluu_reg[16]__1). This is preventing the possibility of merging these registers in to the DSP Block since the DSP block registers only possess synchronous reset capability.  It is suggested to recode or change these registers to remove the reset or use a synchronous reset to get the best optimization for performance, power and area.
WARNING: [DRC PDCN-1569] LUT equation term check: Used physical LUT pin 'A2' of cell tangerineA7_100_i/tangerineSOC_0/inst/is2ControllerInst/i2sControllerFifoInst/U0/inst_fifo_gen/gconvfifo.rf/grf.rf/gntv_or_sync_fifo.gl0.rd/gr1.gr1_int.rfwft/gpregsm1.user_valid_i_1 (pin tangerineA7_100_i/tangerineSOC_0/inst/is2ControllerInst/i2sControllerFifoInst/U0/inst_fifo_gen/gconvfifo.rf/grf.rf/gntv_or_sync_fifo.gl0.rd/gr1.gr1_int.rfwft/gpregsm1.user_valid_i_1/I1) is not included in the LUT equation: 'O6=(A6)+((~A6)*(~A5)*A3)'. If this cell is a user instantiated LUT in the design, please remove connectivity to the pin or change the equation and/or INIT string of the LUT to prevent this issue. If the cell is inferred or IP created LUT, please regenerate the IP and/or resynthesize the design to attempt to correct the issue.
WARNING: [DRC PDCN-1569] LUT equation term check: Used physical LUT pin 'A3' of cell tangerineA7_100_i/tangerineSOC_0/inst/ps2HostInst/ps2bFifoInst/U0/inst_fifo_gen/gconvfifo.rf/grf.rf/gntv_or_sync_fifo.gl0.rd/gr1.gr1_int.rfwft/gpregsm1.user_valid_i_1 (pin tangerineA7_100_i/tangerineSOC_0/inst/ps2HostInst/ps2bFifoInst/U0/inst_fifo_gen/gconvfifo.rf/grf.rf/gntv_or_sync_fifo.gl0.rd/gr1.gr1_int.rfwft/gpregsm1.user_valid_i_1/I1) is not included in the LUT equation: 'O6=(A2)+((~A2)*(~A5)*A4)'. If this cell is a user instantiated LUT in the design, please remove connectivity to the pin or change the equation and/or INIT string of the LUT to prevent this issue. If the cell is inferred or IP created LUT, please regenerate the IP and/or resynthesize the design to attempt to correct the issue.
WARNING: [DRC PDCN-1569] LUT equation term check: Used physical LUT pin 'A4' of cell tangerineA7_100_i/tangerineSOC_0/inst/UARTInst/rxFiFoInst/U0/inst_fifo_gen/gconvfifo.rf/grf.rf/gntv_or_sync_fifo.gl0.rd/gr1.gr1_int.rfwft/gpregsm1.user_valid_i_1 (pin tangerineA7_100_i/tangerineSOC_0/inst/UARTInst/rxFiFoInst/U0/inst_fifo_gen/gconvfifo.rf/grf.rf/gntv_or_sync_fifo.gl0.rd/gr1.gr1_int.rfwft/gpregsm1.user_valid_i_1/I1) is not included in the LUT equation: 'O6=(A3)+((~A3)*(~A1)*A5)'. If this cell is a user instantiated LUT in the design, please remove connectivity to the pin or change the equation and/or INIT string of the LUT to prevent this issue. If the cell is inferred or IP created LUT, please regenerate the IP and/or resynthesize the design to attempt to correct the issue.
WARNING: [DRC PDCN-1569] LUT equation term check: Used physical LUT pin 'A4' of cell tangerineA7_100_i/tangerineSOC_0/inst/ps2HostInst/ps2aFifoInst/U0/inst_fifo_gen/gconvfifo.rf/grf.rf/gntv_or_sync_fifo.gl0.rd/gr1.gr1_int.rfwft/gpregsm1.user_valid_i_1 (pin tangerineA7_100_i/tangerineSOC_0/inst/ps2HostInst/ps2aFifoInst/U0/inst_fifo_gen/gconvfifo.rf/grf.rf/gntv_or_sync_fifo.gl0.rd/gr1.gr1_int.rfwft/gpregsm1.user_valid_i_1/I1) is not included in the LUT equation: 'O6=(A6)+((~A6)*(~A5)*A3)'. If this cell is a user instantiated LUT in the design, please remove connectivity to the pin or change the equation and/or INIT string of the LUT to prevent this issue. If the cell is inferred or IP created LUT, please regenerate the IP and/or resynthesize the design to attempt to correct the issue.
WARNING: [DRC REQP-1709] Clock output buffering: PLLE2_ADV connectivity violation. The signal tangerineA7_100_i/tangerineMIGWrapper_0/inst/tangerineMIGInst/u_mig_7series_tangerine_mig/u_ddr3_infrastructure/pll_clk3_out on the tangerineA7_100_i/tangerineMIGWrapper_0/inst/tangerineMIGInst/u_mig_7series_tangerine_mig/u_ddr3_infrastructure/plle2_i/CLKOUT3 pin of tangerineA7_100_i/tangerineMIGWrapper_0/inst/tangerineMIGInst/u_mig_7series_tangerine_mig/u_ddr3_infrastructure/plle2_i does not drive the same kind of BUFFER load as the other CLKOUT pins. Routing from the different buffer types will not be phase aligned.
WARNING: [DRC REQP-1839] RAMB36 async control check: The RAMB36E1 tangerineA7_100_i/tangerineSOC_0/inst/dmaCh2BufRamInst/U0/inst_blk_mem_gen/gnbram.gnativebmg.native_blk_mem_gen/valid.cstr/ramloop[0].ram.r/prim_noinit.ram/DEVICE_7SERIES.NO_BMM_INFO.TRUE_DP.SIMPLE_PRIM36.ram has an input control pin tangerineA7_100_i/tangerineSOC_0/inst/dmaCh2BufRamInst/U0/inst_blk_mem_gen/gnbram.gnativebmg.native_blk_mem_gen/valid.cstr/ramloop[0].ram.r/prim_noinit.ram/DEVICE_7SERIES.NO_BMM_INFO.TRUE_DP.SIMPLE_PRIM36.ram/WEA[0] (net: tangerineA7_100_i/tangerineSOC_0/inst/dmaCh2BufRamInst/U0/inst_blk_mem_gen/gnbram.gnativebmg.native_blk_mem_gen/valid.cstr/ramloop[0].ram.r/prim_noinit.ram/wea[0]) which is driven by a register (tangerineA7_100_i/tangerineSOC_0/inst/nekoRvInst/be_reg) that has an active asychronous set or reset. This may cause corruption of the memory contents and/or read values when the set/reset is asserted and is not analyzed by the default static timing analysis. It is suggested to eliminate the use of a set/reset to registers driving this RAMB pin or else use a synchronous reset in which the assertion of the reset is timed by default.
WARNING: [DRC REQP-1839] RAMB36 async control check: The RAMB36E1 tangerineA7_100_i/tangerineSOC_0/inst/dmaCh2BufRamInst/U0/inst_blk_mem_gen/gnbram.gnativebmg.native_blk_mem_gen/valid.cstr/ramloop[0].ram.r/prim_noinit.ram/DEVICE_7SERIES.NO_BMM_INFO.TRUE_DP.SIMPLE_PRIM36.ram has an input control pin tangerineA7_100_i/tangerineSOC_0/inst/dmaCh2BufRamInst/U0/inst_blk_mem_gen/gnbram.gnativebmg.native_blk_mem_gen/valid.cstr/ramloop[0].ram.r/prim_noinit.ram/DEVICE_7SERIES.NO_BMM_INFO.TRUE_DP.SIMPLE_PRIM36.ram/WEA[0] (net: tangerineA7_100_i/tangerineSOC_0/inst/dmaCh2BufRamInst/U0/inst_blk_mem_gen/gnbram.gnativebmg.native_blk_mem_gen/valid.cstr/ramloop[0].ram.r/prim_noinit.ram/wea[0]) which is driven by a register (tangerineA7_100_i/tangerineSOC_0/inst/nekoRvInst/wr_reg) that has an active asychronous set or reset. This may cause corruption of the memory contents and/or read values when the set/reset is asserted and is not analyzed by the default static timing analysis. It is suggested to eliminate the use of a set/reset to registers driving this RAMB pin or else use a synchronous reset in which the assertion of the reset is timed by default.
WARNING: [DRC REQP-1839] RAMB36 async control check: The RAMB36E1 tangerineA7_100_i/tangerineSOC_0/inst/dmaCh2BufRamInst/U0/inst_blk_mem_gen/gnbram.gnativebmg.native_blk_mem_gen/valid.cstr/ramloop[1].ram.r/prim_noinit.ram/DEVICE_7SERIES.NO_BMM_INFO.TRUE_DP.SIMPLE_PRIM36.ram has an input control pin tangerineA7_100_i/tangerineSOC_0/inst/dmaCh2BufRamInst/U0/inst_blk_mem_gen/gnbram.gnativebmg.native_blk_mem_gen/valid.cstr/ramloop[1].ram.r/prim_noinit.ram/DEVICE_7SERIES.NO_BMM_INFO.TRUE_DP.SIMPLE_PRIM36.ram/WEA[0] (net: tangerineA7_100_i/tangerineSOC_0/inst/dmaCh2BufRamInst/U0/inst_blk_mem_gen/gnbram.gnativebmg.native_blk_mem_gen/valid.cstr/ramloop[1].ram.r/prim_noinit.ram/wea[0]) which is driven by a register (tangerineA7_100_i/tangerineSOC_0/inst/nekoRvInst/be_reg) that has an active asychronous set or reset. This may cause corruption of the memory contents and/or read values when the set/reset is asserted and is not analyzed by the default static timing analysis. It is suggested to eliminate the use of a set/reset to registers driving this RAMB pin or else use a synchronous reset in which the assertion of the reset is timed by default.
WARNING: [DRC REQP-1839] RAMB36 async control check: The RAMB36E1 tangerineA7_100_i/tangerineSOC_0/inst/dmaCh2BufRamInst/U0/inst_blk_mem_gen/gnbram.gnativebmg.native_blk_mem_gen/valid.cstr/ramloop[1].ram.r/prim_noinit.ram/DEVICE_7SERIES.NO_BMM_INFO.TRUE_DP.SIMPLE_PRIM36.ram has an input control pin tangerineA7_100_i/tangerineSOC_0/inst/dmaCh2BufRamInst/U0/inst_blk_mem_gen/gnbram.gnativebmg.native_blk_mem_gen/valid.cstr/ramloop[1].ram.r/prim_noinit.ram/DEVICE_7SERIES.NO_BMM_INFO.TRUE_DP.SIMPLE_PRIM36.ram/WEA[0] (net: tangerineA7_100_i/tangerineSOC_0/inst/dmaCh2BufRamInst/U0/inst_blk_mem_gen/gnbram.gnativebmg.native_blk_mem_gen/valid.cstr/ramloop[1].ram.r/prim_noinit.ram/wea[0]) which is driven by a register (tangerineA7_100_i/tangerineSOC_0/inst/nekoRvInst/wr_reg) that has an active asychronous set or reset. This may cause corruption of the memory contents and/or read values when the set/reset is asserted and is not analyzed by the default static timing analysis. It is suggested to eliminate the use of a set/reset to registers driving this RAMB pin or else use a synchronous reset in which the assertion of the reset is timed by default.
WARNING: [DRC REQP-1839] RAMB36 async control check: The RAMB36E1 tangerineA7_100_i/tangerineSOC_0/inst/dmaCh2BufRamInst/U0/inst_blk_mem_gen/gnbram.gnativebmg.native_blk_mem_gen/valid.cstr/ramloop[2].ram.r/prim_noinit.ram/DEVICE_7SERIES.NO_BMM_INFO.TRUE_DP.SIMPLE_PRIM36.ram has an input control pin tangerineA7_100_i/tangerineSOC_0/inst/dmaCh2BufRamInst/U0/inst_blk_mem_gen/gnbram.gnativebmg.native_blk_mem_gen/valid.cstr/ramloop[2].ram.r/prim_noinit.ram/DEVICE_7SERIES.NO_BMM_INFO.TRUE_DP.SIMPLE_PRIM36.ram/WEA[0] (net: tangerineA7_100_i/tangerineSOC_0/inst/dmaCh2BufRamInst/U0/inst_blk_mem_gen/gnbram.gnativebmg.native_blk_mem_gen/valid.cstr/ramloop[2].ram.r/prim_noinit.ram/wea[0]) which is driven by a register (tangerineA7_100_i/tangerineSOC_0/inst/nekoRvInst/be_reg) that has an active asychronous set or reset. This may cause corruption of the memory contents and/or read values when the set/reset is asserted and is not analyzed by the default static timing analysis. It is suggested to eliminate the use of a set/reset to registers driving this RAMB pin or else use a synchronous reset in which the assertion of the reset is timed by default.
WARNING: [DRC REQP-1839] RAMB36 async control check: The RAMB36E1 tangerineA7_100_i/tangerineSOC_0/inst/dmaCh2BufRamInst/U0/inst_blk_mem_gen/gnbram.gnativebmg.native_blk_mem_gen/valid.cstr/ramloop[2].ram.r/prim_noinit.ram/DEVICE_7SERIES.NO_BMM_INFO.TRUE_DP.SIMPLE_PRIM36.ram has an input control pin tangerineA7_100_i/tangerineSOC_0/inst/dmaCh2BufRamInst/U0/inst_blk_mem_gen/gnbram.gnativebmg.native_blk_mem_gen/valid.cstr/ramloop[2].ram.r/prim_noinit.ram/DEVICE_7SERIES.NO_BMM_INFO.TRUE_DP.SIMPLE_PRIM36.ram/WEA[0] (net: tangerineA7_100_i/tangerineSOC_0/inst/dmaCh2BufRamInst/U0/inst_blk_mem_gen/gnbram.gnativebmg.native_blk_mem_gen/valid.cstr/ramloop[2].ram.r/prim_noinit.ram/wea[0]) which is driven by a register (tangerineA7_100_i/tangerineSOC_0/inst/nekoRvInst/wr_reg) that has an active asychronous set or reset. This may cause corruption of the memory contents and/or read values when the set/reset is asserted and is not analyzed by the default static timing analysis. It is suggested to eliminate the use of a set/reset to registers driving this RAMB pin or else use a synchronous reset in which the assertion of the reset is timed by default.
WARNING: [DRC REQP-1839] RAMB36 async control check: The RAMB36E1 tangerineA7_100_i/tangerineSOC_0/inst/dmaCh2BufRamInst/U0/inst_blk_mem_gen/gnbram.gnativebmg.native_blk_mem_gen/valid.cstr/ramloop[3].ram.r/prim_noinit.ram/DEVICE_7SERIES.NO_BMM_INFO.TRUE_DP.SIMPLE_PRIM36.ram has an input control pin tangerineA7_100_i/tangerineSOC_0/inst/dmaCh2BufRamInst/U0/inst_blk_mem_gen/gnbram.gnativebmg.native_blk_mem_gen/valid.cstr/ramloop[3].ram.r/prim_noinit.ram/DEVICE_7SERIES.NO_BMM_INFO.TRUE_DP.SIMPLE_PRIM36.ram/WEA[0] (net: tangerineA7_100_i/tangerineSOC_0/inst/dmaCh2BufRamInst/U0/inst_blk_mem_gen/gnbram.gnativebmg.native_blk_mem_gen/valid.cstr/ramloop[3].ram.r/prim_noinit.ram/wea[0]) which is driven by a register (tangerineA7_100_i/tangerineSOC_0/inst/nekoRvInst/be_reg) that has an active asychronous set or reset. This may cause corruption of the memory contents and/or read values when the set/reset is asserted and is not analyzed by the default static timing analysis. It is suggested to eliminate the use of a set/reset to registers driving this RAMB pin or else use a synchronous reset in which the assertion of the reset is timed by default.
WARNING: [DRC REQP-1839] RAMB36 async control check: The RAMB36E1 tangerineA7_100_i/tangerineSOC_0/inst/dmaCh2BufRamInst/U0/inst_blk_mem_gen/gnbram.gnativebmg.native_blk_mem_gen/valid.cstr/ramloop[3].ram.r/prim_noinit.ram/DEVICE_7SERIES.NO_BMM_INFO.TRUE_DP.SIMPLE_PRIM36.ram has an input control pin tangerineA7_100_i/tangerineSOC_0/inst/dmaCh2BufRamInst/U0/inst_blk_mem_gen/gnbram.gnativebmg.native_blk_mem_gen/valid.cstr/ramloop[3].ram.r/prim_noinit.ram/DEVICE_7SERIES.NO_BMM_INFO.TRUE_DP.SIMPLE_PRIM36.ram/WEA[0] (net: tangerineA7_100_i/tangerineSOC_0/inst/dmaCh2BufRamInst/U0/inst_blk_mem_gen/gnbram.gnativebmg.native_blk_mem_gen/valid.cstr/ramloop[3].ram.r/prim_noinit.ram/wea[0]) which is driven by a register (tangerineA7_100_i/tangerineSOC_0/inst/nekoRvInst/wr_reg) that has an active asychronous set or reset. This may cause corruption of the memory contents and/or read values when the set/reset is asserted and is not analyzed by the default static timing analysis. It is suggested to eliminate the use of a set/reset to registers driving this RAMB pin or else use a synchronous reset in which the assertion of the reset is timed by default.
WARNING: [DRC REQP-1839] RAMB36 async control check: The RAMB36E1 tangerineA7_100_i/tangerineSOC_0/inst/fastRamInst/U0/inst_blk_mem_gen/gnbram.gnativebmg.native_blk_mem_gen/valid.cstr/ramloop[0].ram.r/prim_noinit.ram/DEVICE_7SERIES.NO_BMM_INFO.SP.SIMPLE_PRIM36.ram has an input control pin tangerineA7_100_i/tangerineSOC_0/inst/fastRamInst/U0/inst_blk_mem_gen/gnbram.gnativebmg.native_blk_mem_gen/valid.cstr/ramloop[0].ram.r/prim_noinit.ram/DEVICE_7SERIES.NO_BMM_INFO.SP.SIMPLE_PRIM36.ram/WEA[0] (net: tangerineA7_100_i/tangerineSOC_0/inst/fastRamInst/U0/inst_blk_mem_gen/gnbram.gnativebmg.native_blk_mem_gen/valid.cstr/ramloop[0].ram.r/prim_noinit.ram/wea[0]) which is driven by a register (tangerineA7_100_i/tangerineSOC_0/inst/nekoRvInst/be_reg) that has an active asychronous set or reset. This may cause corruption of the memory contents and/or read values when the set/reset is asserted and is not analyzed by the default static timing analysis. It is suggested to eliminate the use of a set/reset to registers driving this RAMB pin or else use a synchronous reset in which the assertion of the reset is timed by default.
WARNING: [DRC REQP-1839] RAMB36 async control check: The RAMB36E1 tangerineA7_100_i/tangerineSOC_0/inst/fastRamInst/U0/inst_blk_mem_gen/gnbram.gnativebmg.native_blk_mem_gen/valid.cstr/ramloop[0].ram.r/prim_noinit.ram/DEVICE_7SERIES.NO_BMM_INFO.SP.SIMPLE_PRIM36.ram has an input control pin tangerineA7_100_i/tangerineSOC_0/inst/fastRamInst/U0/inst_blk_mem_gen/gnbram.gnativebmg.native_blk_mem_gen/valid.cstr/ramloop[0].ram.r/prim_noinit.ram/DEVICE_7SERIES.NO_BMM_INFO.SP.SIMPLE_PRIM36.ram/WEA[0] (net: tangerineA7_100_i/tangerineSOC_0/inst/fastRamInst/U0/inst_blk_mem_gen/gnbram.gnativebmg.native_blk_mem_gen/valid.cstr/ramloop[0].ram.r/prim_noinit.ram/wea[0]) which is driven by a register (tangerineA7_100_i/tangerineSOC_0/inst/nekoRvInst/wr_reg) that has an active asychronous set or reset. This may cause corruption of the memory contents and/or read values when the set/reset is asserted and is not analyzed by the default static timing analysis. It is suggested to eliminate the use of a set/reset to registers driving this RAMB pin or else use a synchronous reset in which the assertion of the reset is timed by default.
WARNING: [DRC REQP-1839] RAMB36 async control check: The RAMB36E1 tangerineA7_100_i/tangerineSOC_0/inst/fastRamInst/U0/inst_blk_mem_gen/gnbram.gnativebmg.native_blk_mem_gen/valid.cstr/ramloop[10].ram.r/prim_noinit.ram/DEVICE_7SERIES.NO_BMM_INFO.SP.SIMPLE_PRIM36.ram has an input control pin tangerineA7_100_i/tangerineSOC_0/inst/fastRamInst/U0/inst_blk_mem_gen/gnbram.gnativebmg.native_blk_mem_gen/valid.cstr/ramloop[10].ram.r/prim_noinit.ram/DEVICE_7SERIES.NO_BMM_INFO.SP.SIMPLE_PRIM36.ram/WEA[0] (net: tangerineA7_100_i/tangerineSOC_0/inst/fastRamInst/U0/inst_blk_mem_gen/gnbram.gnativebmg.native_blk_mem_gen/valid.cstr/ramloop[10].ram.r/prim_noinit.ram/wea[0]) which is driven by a register (tangerineA7_100_i/tangerineSOC_0/inst/nekoRvInst/be_reg) that has an active asychronous set or reset. This may cause corruption of the memory contents and/or read values when the set/reset is asserted and is not analyzed by the default static timing analysis. It is suggested to eliminate the use of a set/reset to registers driving this RAMB pin or else use a synchronous reset in which the assertion of the reset is timed by default.
WARNING: [DRC REQP-1839] RAMB36 async control check: The RAMB36E1 tangerineA7_100_i/tangerineSOC_0/inst/fastRamInst/U0/inst_blk_mem_gen/gnbram.gnativebmg.native_blk_mem_gen/valid.cstr/ramloop[10].ram.r/prim_noinit.ram/DEVICE_7SERIES.NO_BMM_INFO.SP.SIMPLE_PRIM36.ram has an input control pin tangerineA7_100_i/tangerineSOC_0/inst/fastRamInst/U0/inst_blk_mem_gen/gnbram.gnativebmg.native_blk_mem_gen/valid.cstr/ramloop[10].ram.r/prim_noinit.ram/DEVICE_7SERIES.NO_BMM_INFO.SP.SIMPLE_PRIM36.ram/WEA[0] (net: tangerineA7_100_i/tangerineSOC_0/inst/fastRamInst/U0/inst_blk_mem_gen/gnbram.gnativebmg.native_blk_mem_gen/valid.cstr/ramloop[10].ram.r/prim_noinit.ram/wea[0]) which is driven by a register (tangerineA7_100_i/tangerineSOC_0/inst/nekoRvInst/wr_reg) that has an active asychronous set or reset. This may cause corruption of the memory contents and/or read values when the set/reset is asserted and is not analyzed by the default static timing analysis. It is suggested to eliminate the use of a set/reset to registers driving this RAMB pin or else use a synchronous reset in which the assertion of the reset is timed by default.
WARNING: [DRC REQP-1839] RAMB36 async control check: The RAMB36E1 tangerineA7_100_i/tangerineSOC_0/inst/fastRamInst/U0/inst_blk_mem_gen/gnbram.gnativebmg.native_blk_mem_gen/valid.cstr/ramloop[11].ram.r/prim_noinit.ram/DEVICE_7SERIES.NO_BMM_INFO.SP.SIMPLE_PRIM36.ram has an input control pin tangerineA7_100_i/tangerineSOC_0/inst/fastRamInst/U0/inst_blk_mem_gen/gnbram.gnativebmg.native_blk_mem_gen/valid.cstr/ramloop[11].ram.r/prim_noinit.ram/DEVICE_7SERIES.NO_BMM_INFO.SP.SIMPLE_PRIM36.ram/WEA[0] (net: tangerineA7_100_i/tangerineSOC_0/inst/fastRamInst/U0/inst_blk_mem_gen/gnbram.gnativebmg.native_blk_mem_gen/valid.cstr/ramloop[11].ram.r/prim_noinit.ram/wea[0]) which is driven by a register (tangerineA7_100_i/tangerineSOC_0/inst/nekoRvInst/be_reg) that has an active asychronous set or reset. This may cause corruption of the memory contents and/or read values when the set/reset is asserted and is not analyzed by the default static timing analysis. It is suggested to eliminate the use of a set/reset to registers driving this RAMB pin or else use a synchronous reset in which the assertion of the reset is timed by default.
WARNING: [DRC REQP-1839] RAMB36 async control check: The RAMB36E1 tangerineA7_100_i/tangerineSOC_0/inst/fastRamInst/U0/inst_blk_mem_gen/gnbram.gnativebmg.native_blk_mem_gen/valid.cstr/ramloop[11].ram.r/prim_noinit.ram/DEVICE_7SERIES.NO_BMM_INFO.SP.SIMPLE_PRIM36.ram has an input control pin tangerineA7_100_i/tangerineSOC_0/inst/fastRamInst/U0/inst_blk_mem_gen/gnbram.gnativebmg.native_blk_mem_gen/valid.cstr/ramloop[11].ram.r/prim_noinit.ram/DEVICE_7SERIES.NO_BMM_INFO.SP.SIMPLE_PRIM36.ram/WEA[0] (net: tangerineA7_100_i/tangerineSOC_0/inst/fastRamInst/U0/inst_blk_mem_gen/gnbram.gnativebmg.native_blk_mem_gen/valid.cstr/ramloop[11].ram.r/prim_noinit.ram/wea[0]) which is driven by a register (tangerineA7_100_i/tangerineSOC_0/inst/nekoRvInst/wr_reg) that has an active asychronous set or reset. This may cause corruption of the memory contents and/or read values when the set/reset is asserted and is not analyzed by the default static timing analysis. It is suggested to eliminate the use of a set/reset to registers driving this RAMB pin or else use a synchronous reset in which the assertion of the reset is timed by default.
WARNING: [DRC REQP-1839] RAMB36 async control check: The RAMB36E1 tangerineA7_100_i/tangerineSOC_0/inst/fastRamInst/U0/inst_blk_mem_gen/gnbram.gnativebmg.native_blk_mem_gen/valid.cstr/ramloop[12].ram.r/prim_noinit.ram/DEVICE_7SERIES.NO_BMM_INFO.SP.SIMPLE_PRIM36.ram has an input control pin tangerineA7_100_i/tangerineSOC_0/inst/fastRamInst/U0/inst_blk_mem_gen/gnbram.gnativebmg.native_blk_mem_gen/valid.cstr/ramloop[12].ram.r/prim_noinit.ram/DEVICE_7SERIES.NO_BMM_INFO.SP.SIMPLE_PRIM36.ram/WEA[0] (net: tangerineA7_100_i/tangerineSOC_0/inst/fastRamInst/U0/inst_blk_mem_gen/gnbram.gnativebmg.native_blk_mem_gen/valid.cstr/ramloop[12].ram.r/prim_noinit.ram/wea[0]) which is driven by a register (tangerineA7_100_i/tangerineSOC_0/inst/nekoRvInst/be_reg) that has an active asychronous set or reset. This may cause corruption of the memory contents and/or read values when the set/reset is asserted and is not analyzed by the default static timing analysis. It is suggested to eliminate the use of a set/reset to registers driving this RAMB pin or else use a synchronous reset in which the assertion of the reset is timed by default.
WARNING: [DRC REQP-1839] RAMB36 async control check: The RAMB36E1 tangerineA7_100_i/tangerineSOC_0/inst/fastRamInst/U0/inst_blk_mem_gen/gnbram.gnativebmg.native_blk_mem_gen/valid.cstr/ramloop[12].ram.r/prim_noinit.ram/DEVICE_7SERIES.NO_BMM_INFO.SP.SIMPLE_PRIM36.ram has an input control pin tangerineA7_100_i/tangerineSOC_0/inst/fastRamInst/U0/inst_blk_mem_gen/gnbram.gnativebmg.native_blk_mem_gen/valid.cstr/ramloop[12].ram.r/prim_noinit.ram/DEVICE_7SERIES.NO_BMM_INFO.SP.SIMPLE_PRIM36.ram/WEA[0] (net: tangerineA7_100_i/tangerineSOC_0/inst/fastRamInst/U0/inst_blk_mem_gen/gnbram.gnativebmg.native_blk_mem_gen/valid.cstr/ramloop[12].ram.r/prim_noinit.ram/wea[0]) which is driven by a register (tangerineA7_100_i/tangerineSOC_0/inst/nekoRvInst/wr_reg) that has an active asychronous set or reset. This may cause corruption of the memory contents and/or read values when the set/reset is asserted and is not analyzed by the default static timing analysis. It is suggested to eliminate the use of a set/reset to registers driving this RAMB pin or else use a synchronous reset in which the assertion of the reset is timed by default.
WARNING: [DRC REQP-1839] RAMB36 async control check: The RAMB36E1 tangerineA7_100_i/tangerineSOC_0/inst/fastRamInst/U0/inst_blk_mem_gen/gnbram.gnativebmg.native_blk_mem_gen/valid.cstr/ramloop[13].ram.r/prim_noinit.ram/DEVICE_7SERIES.NO_BMM_INFO.SP.SIMPLE_PRIM36.ram has an input control pin tangerineA7_100_i/tangerineSOC_0/inst/fastRamInst/U0/inst_blk_mem_gen/gnbram.gnativebmg.native_blk_mem_gen/valid.cstr/ramloop[13].ram.r/prim_noinit.ram/DEVICE_7SERIES.NO_BMM_INFO.SP.SIMPLE_PRIM36.ram/WEA[0] (net: tangerineA7_100_i/tangerineSOC_0/inst/fastRamInst/U0/inst_blk_mem_gen/gnbram.gnativebmg.native_blk_mem_gen/valid.cstr/ramloop[13].ram.r/prim_noinit.ram/wea[0]) which is driven by a register (tangerineA7_100_i/tangerineSOC_0/inst/nekoRvInst/be_reg) that has an active asychronous set or reset. This may cause corruption of the memory contents and/or read values when the set/reset is asserted and is not analyzed by the default static timing analysis. It is suggested to eliminate the use of a set/reset to registers driving this RAMB pin or else use a synchronous reset in which the assertion of the reset is timed by default.
WARNING: [DRC REQP-1839] RAMB36 async control check: The RAMB36E1 tangerineA7_100_i/tangerineSOC_0/inst/fastRamInst/U0/inst_blk_mem_gen/gnbram.gnativebmg.native_blk_mem_gen/valid.cstr/ramloop[13].ram.r/prim_noinit.ram/DEVICE_7SERIES.NO_BMM_INFO.SP.SIMPLE_PRIM36.ram has an input control pin tangerineA7_100_i/tangerineSOC_0/inst/fastRamInst/U0/inst_blk_mem_gen/gnbram.gnativebmg.native_blk_mem_gen/valid.cstr/ramloop[13].ram.r/prim_noinit.ram/DEVICE_7SERIES.NO_BMM_INFO.SP.SIMPLE_PRIM36.ram/WEA[0] (net: tangerineA7_100_i/tangerineSOC_0/inst/fastRamInst/U0/inst_blk_mem_gen/gnbram.gnativebmg.native_blk_mem_gen/valid.cstr/ramloop[13].ram.r/prim_noinit.ram/wea[0]) which is driven by a register (tangerineA7_100_i/tangerineSOC_0/inst/nekoRvInst/wr_reg) that has an active asychronous set or reset. This may cause corruption of the memory contents and/or read values when the set/reset is asserted and is not analyzed by the default static timing analysis. It is suggested to eliminate the use of a set/reset to registers driving this RAMB pin or else use a synchronous reset in which the assertion of the reset is timed by default.
WARNING: [DRC REQP-1839] RAMB36 async control check: The RAMB36E1 tangerineA7_100_i/tangerineSOC_0/inst/fastRamInst/U0/inst_blk_mem_gen/gnbram.gnativebmg.native_blk_mem_gen/valid.cstr/ramloop[14].ram.r/prim_noinit.ram/DEVICE_7SERIES.NO_BMM_INFO.SP.SIMPLE_PRIM36.ram has an input control pin tangerineA7_100_i/tangerineSOC_0/inst/fastRamInst/U0/inst_blk_mem_gen/gnbram.gnativebmg.native_blk_mem_gen/valid.cstr/ramloop[14].ram.r/prim_noinit.ram/DEVICE_7SERIES.NO_BMM_INFO.SP.SIMPLE_PRIM36.ram/WEA[0] (net: tangerineA7_100_i/tangerineSOC_0/inst/fastRamInst/U0/inst_blk_mem_gen/gnbram.gnativebmg.native_blk_mem_gen/valid.cstr/ramloop[14].ram.r/prim_noinit.ram/wea[0]) which is driven by a register (tangerineA7_100_i/tangerineSOC_0/inst/nekoRvInst/be_reg) that has an active asychronous set or reset. This may cause corruption of the memory contents and/or read values when the set/reset is asserted and is not analyzed by the default static timing analysis. It is suggested to eliminate the use of a set/reset to registers driving this RAMB pin or else use a synchronous reset in which the assertion of the reset is timed by default.
WARNING: [DRC REQP-1839] RAMB36 async control check: The RAMB36E1 tangerineA7_100_i/tangerineSOC_0/inst/fastRamInst/U0/inst_blk_mem_gen/gnbram.gnativebmg.native_blk_mem_gen/valid.cstr/ramloop[14].ram.r/prim_noinit.ram/DEVICE_7SERIES.NO_BMM_INFO.SP.SIMPLE_PRIM36.ram has an input control pin tangerineA7_100_i/tangerineSOC_0/inst/fastRamInst/U0/inst_blk_mem_gen/gnbram.gnativebmg.native_blk_mem_gen/valid.cstr/ramloop[14].ram.r/prim_noinit.ram/DEVICE_7SERIES.NO_BMM_INFO.SP.SIMPLE_PRIM36.ram/WEA[0] (net: tangerineA7_100_i/tangerineSOC_0/inst/fastRamInst/U0/inst_blk_mem_gen/gnbram.gnativebmg.native_blk_mem_gen/valid.cstr/ramloop[14].ram.r/prim_noinit.ram/wea[0]) which is driven by a register (tangerineA7_100_i/tangerineSOC_0/inst/nekoRvInst/wr_reg) that has an active asychronous set or reset. This may cause corruption of the memory contents and/or read values when the set/reset is asserted and is not analyzed by the default static timing analysis. It is suggested to eliminate the use of a set/reset to registers driving this RAMB pin or else use a synchronous reset in which the assertion of the reset is timed by default.
WARNING: [DRC RTSTAT-10] No routable loads: 43 net(s) have no routable loads. The problem bus(es) and/or net(s) are tangerineA7_100_i/tangerineSOC_0/inst/UARTInst/rxFiFoInst/U0/inst_fifo_gen/gconvfifo.rf/grf.rf/gntv_or_sync_fifo.gl0.rd/gr1.gr1_int.rfwft/aempty_fwft_i, tangerineA7_100_i/tangerineSOC_0/inst/is2ControllerInst/i2sControllerFifoInst/U0/inst_fifo_gen/gconvfifo.rf/grf.rf/gntv_or_sync_fifo.gl0.rd/gr1.gr1_int.rfwft/aempty_fwft_i, tangerineA7_100_i/tangerineSOC_0/inst/ps2HostInst/ps2aFifoInst/U0/inst_fifo_gen/gconvfifo.rf/grf.rf/gntv_or_sync_fifo.gl0.rd/gr1.gr1_int.rfwft/aempty_fwft_i, tangerineA7_100_i/tangerineSOC_0/inst/ps2HostInst/ps2bFifoInst/U0/inst_fifo_gen/gconvfifo.rf/grf.rf/gntv_or_sync_fifo.gl0.rd/gr1.gr1_int.rfwft/aempty_fwft_i, tangerineA7_100_i/tangerineSOC_0/inst/UARTInst/rxFiFoInst/U0/inst_fifo_gen/gconvfifo.rf/grf.rf/rstblk/ngwrdrst.grst.rd_rst_reg[2:0], tangerineA7_100_i/tangerineSOC_0/inst/ps2HostInst/ps2aFifoInst/U0/inst_fifo_gen/gconvfifo.rf/grf.rf/rstblk/ngwrdrst.grst.rd_rst_reg[2:0], tangerineA7_100_i/tangerineSOC_0/inst/ps2HostInst/ps2bFifoInst/U0/inst_fifo_gen/gconvfifo.rf/grf.rf/rstblk/ngwrdrst.grst.rd_rst_reg[2:0], tangerineA7_100_i/tangerineSOC_0/inst/is2ControllerInst/i2sControllerFifoInst/U0/inst_fifo_gen/gconvfifo.rf/grf.rf/rstblk/ngwrdrst.grst.rd_rst_reg[2:0], tangerineA7_100_i/tangerineSOC_0/inst/is2ControllerInst/i2sControllerFifoInst/U0/inst_fifo_gen/gconvfifo.rf/grf.rf/rstblk/ngwrdrst.grst.wr_rst_reg[2:0], tangerineA7_100_i/tangerineSOC_0/inst/ps2HostInst/ps2bFifoInst/U0/inst_fifo_gen/gconvfifo.rf/grf.rf/rstblk/ngwrdrst.grst.wr_rst_reg[2:0], tangerineA7_100_i/tangerineSOC_0/inst/ps2HostInst/ps2aFifoInst/U0/inst_fifo_gen/gconvfifo.rf/grf.rf/rstblk/ngwrdrst.grst.wr_rst_reg[2:0], tangerineA7_100_i/tangerineSOC_0/inst/UARTInst/rxFiFoInst/U0/inst_fifo_gen/gconvfifo.rf/grf.rf/rstblk/ngwrdrst.grst.wr_rst_reg[2:0], tangerineA7_100_i/tangerineSOC_0/inst/ps2HostInst/ps2aFifoInst/U0/inst_fifo_gen/gconvfifo.rf/grf.rf/gntv_or_sync_fifo.gl0.wr/gwss.wsts/ram_afull_fb, tangerineA7_100_i/tangerineSOC_0/inst/ps2HostInst/ps2bFifoInst/U0/inst_fifo_gen/gconvfifo.rf/grf.rf/gntv_or_sync_fifo.gl0.wr/gwss.wsts/ram_afull_fb, tangerineA7_100_i/tangerineSOC_0/inst/UARTInst/rxFiFoInst/U0/inst_fifo_gen/gconvfifo.rf/grf.rf/gntv_or_sync_fifo.gl0.wr/gwss.wsts/ram_afull_fb... and (the first 15 of 27 listed).
INFO: [DRC AVAL-4] enum_USE_DPORT_FALSE_enum_DREG_ADREG_0_connects_CED_CEAD_RSTD_GND: tangerineA7_100_i/tangerineSOC_0/inst/fpAluInst/fpAddSubInst/inst/i_synth/ADDSUB_OP.ADDSUB/DSP.OP/DSP48E1_BODY.NORM_RND/FULL_USAGE_DSP.SHIFT_RND/i_no_versal_es1_workaround.DSP: DSP48E1 is not using the D port (USE_DPORT = FALSE). For improved power characteristics, set DREG and ADREG to '1', tie CED, CEAD, and RSTD to logic '0'.
INFO: [DRC AVAL-4] enum_USE_DPORT_FALSE_enum_DREG_ADREG_0_connects_CED_CEAD_RSTD_GND: tangerineA7_100_i/tangerineSOC_0/inst/fpAluInst/fpMulinst/inst/i_synth/MULT.OP/i_non_prim.MULT/DSP48E1_SPD_SGL_VARIANT.FIX_MULT/DSP1/i_no_versal_es1_workaround.DSP: DSP48E1 is not using the D port (USE_DPORT = FALSE). For improved power characteristics, set DREG and ADREG to '1', tie CED, CEAD, and RSTD to logic '0'.
INFO: [DRC AVAL-4] enum_USE_DPORT_FALSE_enum_DREG_ADREG_0_connects_CED_CEAD_RSTD_GND: tangerineA7_100_i/tangerineSOC_0/inst/fpAluInst/fpMulinst/inst/i_synth/MULT.OP/i_non_prim.MULT/DSP48E1_SPD_SGL_VARIANT.FIX_MULT/DSP2/i_no_versal_es1_workaround.DSP: DSP48E1 is not using the D port (USE_DPORT = FALSE). For improved power characteristics, set DREG and ADREG to '1', tie CED, CEAD, and RSTD to logic '0'.
INFO: [DRC AVAL-4] enum_USE_DPORT_FALSE_enum_DREG_ADREG_0_connects_CED_CEAD_RSTD_GND: tangerineA7_100_i/tangerineSOC_0/inst/fpAluInst/fpMulinst/inst/i_synth/MULT.OP/i_non_prim.R_AND_R/LAT_OPT.FULL.R_AND_R/DSP48E1_SGL_EXP_IP.OLD_ADD.ADD/i_no_versal_es1_workaround.DSP: DSP48E1 is not using the D port (USE_DPORT = FALSE). For improved power characteristics, set DREG and ADREG to '1', tie CED, CEAD, and RSTD to logic '0'.
INFO: [DRC AVAL-5] enum_USE_MULT_NONE_enum_DREG_ADREG_0_connects_CED_CEAD_RSTD_GND: tangerineA7_100_i/tangerineSOC_0/inst/fpAluInst/fpMulinst/inst/i_synth/MULT.OP/i_non_prim.R_AND_R/LAT_OPT.FULL.R_AND_R/DSP48E1_SGL_EXP_IP.OLD_ADD.ADD/i_no_versal_es1_workaround.DSP: DSP48E1 is not using the Multiplier (USE_MULT = NONE). For improved power characteristics, set DREG and ADREG to '1', tie CED, CEAD, and RSTD to logic '0'.
INFO: [DRC REQP-1725] DSP_Abus_sign_bit_alert: tangerineA7_100_i/tangerineSOC_0/inst/fpAluInst/fpAddSubInst/inst/i_synth/ADDSUB_OP.ADDSUB/DSP.OP/DSP48E1_BODY.ALIGN_ADD/DSP2/i_no_versal_es1_workaround.DSP: When using the PreAdder and USE_DPORT is TRUE, the A operand should be restricted to 24 bit two's complement (and sign extended) to avoid over/underflow in the pre-add stage.
INFO: [Vivado 12-3199] DRC finished with 0 Errors, 185 Warnings, 6 Advisories
INFO: [Vivado 12-3200] Please refer to the DRC report (report_drc) for more information.
INFO: [Designutils 20-2272] Running write_bitstream with 2 threads.
Loading data files...
Loading site data...
Loading route data...
Processing options...
Creating bitmap...
Creating bitstream...
Writing bitstream ./tangerineA7_100_wrapper.bit...
INFO: [Vivado 12-1842] Bitgen Completed Successfully.
INFO: [Project 1-1876] WebTalk data collection is mandatory when using a ULT device. To see the specific WebTalk data collected for your design, open the usage_statistics_webtalk.html or usage_statistics_webtalk.xml file in the implementation directory.
INFO: [Common 17-83] Releasing license: Implementation
28 Infos, 186 Warnings, 0 Critical Warnings and 0 Errors encountered.
write_bitstream completed successfully
write_bitstream: Time (s): cpu = 00:00:27 ; elapsed = 00:00:17 . Memory (MB): peak = 3600.738 ; gain = 759.074
INFO: [Common 17-206] Exiting Vivado at Sun Mar  2 12:10:30 2025...
