# Blender 4.3.2
# www.blender.org
mtllib mountainsTri.mtl
o mountains
v -43.592037 7.219296 -21.717901
v -41.717117 7.750916 -20.780441
v -42.342102 5.160594 -23.592819
v -44.217018 9.241994 -21.092922
v -72.028442 5.974183 -68.903564
v -73.278381 7.996264 -68.278580
v -71.090981 6.918384 -66.091179
v -72.340919 4.623482 -72.965897
v -74.528343 6.804863 -72.028442
v -68.591080 4.523384 -68.591080
v -68.903564 3.463803 -72.965897
v -73.590881 7.987104 -67.028641
v -4.218580 10.193540 -2.343663
v -3.906100 9.939019 -3.281123
v -6.406000 8.828799 -2.968643
v -4.843560 6.084661 -0.156241
v -2.343660 12.701460 -2.656143
v -6.093520 9.363459 -5.156043
v -7.343460 10.057420 -2.343663
v 8.905900 0.877184 15.780640
v 13.905701 1.795743 12.655760
v 7.655960 1.314802 9.530880
v 12.343260 1.345925 21.405420
v 17.343081 2.610564 16.093121
v -9.530880 1.044403 11.405801
v -11.718301 1.406963 12.968240
v -6.093520 0.700783 13.280740
v -7.343460 1.823221 7.030980
v -12.030781 3.174521 6.718480
v -13.593220 1.449683 8.905900
v -17.968040 0.566504 15.468140
v -5.156040 1.385602 8.593420
v 33.592442 8.749448 33.904919
v 34.842381 8.469309 35.467361
v 35.154881 7.396307 32.967461
v 32.029999 11.430709 32.654980
v 31.717520 11.993449 35.779858
v -60.778881 2.869343 10.155860
v -62.028816 4.524003 9.530879
v -65.153702 2.476284 16.405600
v -57.966480 1.941623 11.405801
v -60.466381 3.129962 9.218379
v -63.903763 6.527781 6.405999
v -55.779079 14.997567 -49.841805
v -54.841599 12.433489 -48.904343
v -55.154099 11.735268 -51.716740
v -57.341499 16.631470 -47.966885
v 17.030581 18.012096 -16.093126
v 16.405600 18.414917 -16.405605
v 16.093121 15.788598 -14.218204
v 18.593021 21.878036 -15.468145
v 17.968040 18.273937 -16.718105
v 19.530479 22.064795 -17.655565
v 17.030581 17.594616 -17.030586
v 18.593021 20.779413 -17.655565
v 17.343081 18.992315 -17.968046
v 18.905521 20.914295 -14.843186
v 20.155460 25.721395 -15.780645
v 19.530479 6.872036 70.153519
v 16.405600 6.930016 68.278580
v 16.405600 5.008038 73.278381
v 20.780439 5.459076 66.091179
v -66.403664 17.698997 64.841217
v -65.466202 19.049095 64.216240
v -67.341118 15.830715 62.966274
v -67.653595 18.986238 65.778679
v -67.028641 19.922499 67.028641
v -64.216240 17.682516 65.153702
v -64.528740 13.321575 62.341312
v -68.278580 18.541895 63.278774
v -65.778679 17.654453 62.341312
v -62.028816 15.018355 65.466202
v -61.091362 12.651416 62.966274
v 35.467361 7.717348 30.467558
v 38.904739 5.250328 30.467560
v 34.529900 10.136766 28.592638
v 33.279961 10.330866 30.155077
v 12.030781 18.377073 -18.905527
v 12.655760 22.685534 -18.905527
v 12.655760 24.728354 -19.842985
v 11.405801 16.412374 -18.280544
v 12.968240 17.966314 -18.280546
v 12.655760 15.385756 -16.405603
v 14.530680 18.734734 -17.968046
v 12.343260 24.668554 -20.155466
v 59.216442 8.501022 -70.153519
v 58.278980 10.758083 -68.903564
v 60.466381 10.145905 -68.591080
v 59.216442 7.038002 -72.653419
v 56.716541 9.945103 -71.090981
v 20.467960 6.322690 -36.717319
v 21.092920 8.413752 -37.342300
v 20.155460 6.730411 -39.217220
v 21.405420 5.674512 -33.279961
v 23.280338 7.782651 -35.779861
v 18.905521 5.764231 -39.217220
v 22.655361 9.045450 -38.279758
v -17.030581 13.816575 60.778877
v -18.593021 12.312675 62.966274
v -16.093121 15.372955 62.653797
v -18.593021 12.164354 59.841415
v 66.716141 8.482102 -75.465797
v 67.028641 8.554724 -72.028442
v 68.903564 9.040562 -73.903358
v 65.466202 6.336101 -76.090782
v 63.591263 6.982463 -72.028442
v 9.218380 7.417678 75.153320
v 10.468340 4.138278 77.028244
v 11.718301 5.040377 72.340919
v 8.280920 6.615077 73.903358
v 8.280920 9.280478 75.465797
v 39.842201 9.461132 52.966682
v 40.779663 12.272393 54.841595
v 42.967079 7.984693 52.341698
v 38.592239 11.705993 53.279182
v -78.590683 15.604867 -50.466785
v -78.590683 15.278328 -52.654202
v -79.528137 16.494148 -49.216824
v -77.028244 17.339489 -50.466785
v -41.717117 10.386396 -15.155663
v -42.029602 13.994177 -12.343263
v -39.217220 9.993336 -14.843183
v -41.717117 7.994436 -18.280542
v -45.779461 9.309136 -17.968042
v 42.654579 10.520682 9.218377
v 43.279564 13.113442 7.968437
v 41.404640 13.817183 7.655956
v 42.654579 7.778383 11.718299
v 45.154480 6.359323 9.843358
v 43.904537 11.718182 7.343457
v 41.092140 14.035684 8.905897
v 40.779663 11.514943 11.093317
v -78.903160 9.183390 -42.029602
v -74.215858 11.482572 -43.279564
v -77.653221 11.314129 -45.154480
v -79.840637 8.479671 -39.842201
v -73.903358 10.220370 -38.279758
v 1.718680 4.506933 56.404041
v 2.968640 4.825533 54.216644
v -1.406200 4.593593 56.091560
v 0.156240 6.091994 59.841419
v 3.906100 4.851174 59.528919
v -61.091362 11.665695 -18.593023
v -62.653801 11.849396 -17.343082
v -59.528919 13.122597 -17.030584
v -63.278778 10.545095 -20.155462
v -20.467960 2.636809 40.154682
v -18.905521 3.925270 40.467182
v -18.280540 1.597389 34.842381
v -20.155460 4.284750 44.217018
v -16.718100 3.454690 39.842201
v -17.030581 5.504230 43.592037
v 77.028244 9.475766 27.655159
v 79.215660 8.433907 30.155077
v 79.528137 12.050826 25.780237
v 75.465797 7.164386 27.030199
v 77.028244 8.752506 30.467558
v -21.092920 12.119193 56.404037
v -22.655361 15.489532 55.466576
v -22.655361 14.562414 56.716537
v -21.717899 9.918272 52.341698
v -22.967861 12.523852 54.216640
v -72.028442 12.550699 -1.406203
v -71.715958 16.973280 -2.968644
v -73.278381 15.647599 -3.281124
v -72.028442 9.946340 0.468737
v -69.216042 11.165200 -0.156243
v -40.467182 0.292466 24.530300
v -40.154682 0.489007 30.780039
v -32.654980 0.408426 26.717701
v -49.841801 0.393786 24.530300
v -46.091961 0.575667 32.342480
v 2.031180 3.637144 -66.403664
v 4.218580 5.840504 -67.028641
v 3.906100 5.487724 -68.903564
v 1.406200 3.736024 -65.466202
v 4.843560 3.941104 -66.091179
v -0.156240 2.641064 -65.778679
v -4.218580 2.169884 -66.403664
v 0.468740 2.264484 -63.903763
v 2.343660 1.220167 -55.779079
v 4.843560 2.782665 -63.591263
v 0.781220 3.949644 -69.216042
v -3.906100 3.189163 -69.528542
v -78.590683 11.596702 -74.215858
v -78.590683 10.324741 -73.903358
v -76.403259 9.301183 -73.590881
v -78.903160 6.604662 -75.465797
v -78.903160 11.970243 -74.215858
v -25.780239 17.374914 58.591457
v -26.405220 13.718314 60.466377
v -22.967861 14.039354 61.403858
v -26.717701 17.066673 58.278976
v -23.592819 15.753814 57.966476
v -21.717899 15.050094 58.278976
v 17.343081 5.401691 45.779461
v 15.468140 5.347370 46.404438
v 17.968040 5.174652 48.591862
v 21.717899 7.566610 44.217018
v 18.280540 5.947351 42.029602
v 15.468140 4.885350 42.654579
v 15.155660 5.759370 40.154682
v 11.718301 3.733011 47.029419
v 12.030781 3.998513 55.466579
v 11.093320 3.336890 42.029602
v 5.781020 2.985332 47.966881
v -7.655960 0.360191 -39.217220
v -7.343460 0.712372 -33.904919
v -0.156240 0.479211 -39.842201
v -8.593420 0.477988 -50.779263
v -20.467960 0.496910 -42.342102
v -7.030980 1.775593 -27.655161
v -7.343460 3.554774 -22.655361
v -2.031180 2.564774 -26.405220
v -15.780640 0.896093 -31.405020
v 0.468740 1.364833 -31.092539
v -15.155660 0.516451 -36.092342
v 28.592640 20.960678 -5.781025
v 27.655161 19.381720 -5.156045
v 28.280140 19.276741 -3.906104
v 28.280140 24.053938 -7.343465
v 27.655161 27.377279 -7.030986
v 57.966480 15.252084 -67.966095
v 58.278980 12.750265 -66.716141
v 59.841419 14.639904 -67.653595
v 57.029018 17.440783 -67.966095
v -75.153320 9.173625 -66.716141
v -74.840820 9.166903 -67.966095
v -76.715759 12.365144 -67.341118
v -74.528343 10.196565 -64.841217
v -75.153320 9.649705 -63.591263
v -77.340744 10.533484 -65.466202
v -76.715759 12.352925 -60.153904
v -72.965897 10.417505 -58.591461
v -70.778481 7.550705 -62.966278
v 27.655161 17.446926 25.780235
v 26.092739 12.785086 24.842775
v 26.405220 13.947188 28.280136
v 28.592640 23.253767 26.092733
v 28.905121 26.212126 24.842773
v 29.217621 24.425646 27.030195
v 30.155079 31.552065 25.467752
v -64.216240 18.429577 -13.905704
v -65.153702 13.386256 -15.780643
v -66.716141 16.926897 -14.843184
v -63.591263 18.576656 -12.968244
v -62.028816 14.967676 -14.843184
v -62.966278 20.025019 -11.093325
v -60.153900 17.860718 -11.718305
v 32.654980 11.511278 -7.030983
v 35.154881 8.746397 -8.905902
v 32.029999 11.583898 -9.218383
v 31.092539 16.179821 -5.468544
v 33.592442 11.193899 -3.593603
v 30.780039 15.104999 -4.531084
v 29.842579 17.533579 -6.406004
v 44.529499 14.671674 61.091358
v 43.592037 14.399456 62.653797
v 45.154480 17.404814 62.966274
v 42.654579 14.303014 60.153896
v 77.028244 9.135196 66.716141
v 76.403259 10.243596 67.653595
v 79.528137 8.205636 68.278580
v 77.965698 10.110536 65.153702
v 74.528343 8.087235 66.716141
v 43.279564 5.751404 -68.903564
v 43.592037 7.511024 -66.716141
v 48.279362 5.408384 -68.903564
v 42.342102 4.276802 -74.528343
v 39.842201 6.200004 -67.966095
v 45.779461 8.067665 -64.216240
v 42.029602 9.137005 -62.028816
v 50.779263 15.336308 -51.091766
v 51.716736 14.375008 -51.716740
v 49.529320 17.740469 -52.654202
v 52.654198 10.756868 -48.904339
v 53.591660 11.793245 -63.903767
v 53.904144 14.259045 -64.528740
v 52.341698 9.935945 -64.216240
v 53.904144 13.385024 -62.653805
v 55.154099 18.601065 -63.591267
v 8.280920 1.303807 27.967661
v 10.155860 2.186987 30.467560
v 14.530680 3.302707 28.280140
v 5.156040 0.692846 23.905319
v 5.781020 1.267187 29.842579
v -59.216442 16.986689 -49.216824
v -58.591461 16.724869 -51.716740
v -61.403862 14.082667 -51.716740
v -59.216442 20.266109 -48.591866
v -57.966480 18.179928 -48.904343
v -61.091362 16.091928 -49.216824
v -59.528919 20.107409 -47.341904
v -57.341499 18.654789 -50.466785
v -39.217220 9.685134 58.903961
v -37.654778 9.489813 56.091560
v -40.154682 7.838813 55.779079
v -39.842201 11.240896 60.153900
v -36.404819 11.304995 60.778881
v -39.842201 12.194276 62.341312
v -40.467182 15.583535 64.841217
v -37.654778 15.006756 63.903759
v -42.967079 11.537535 62.341316
v -34.842381 9.706494 57.341499
v -41.717117 13.167776 64.528740
v -67.028641 7.408512 -31.092541
v -64.528740 7.367613 -28.592642
v -64.216240 8.447312 -32.029999
v -71.090981 7.398733 -31.092541
v -70.153519 7.038634 -25.780241
v -46.404438 10.272255 -20.155462
v -47.341900 8.581595 -20.467962
v -48.279362 12.420695 -19.218002
v 19.218000 6.339170 -44.217018
v 19.530479 8.181810 -42.967079
v 21.405420 6.087709 -44.841999
v 17.343081 4.892650 -43.592037
v 23.905319 9.056447 -56.716541
v 25.155260 7.972467 -53.904144
v 27.030201 11.294586 -55.779079
v 20.467960 5.849667 -56.716541
v 20.467960 5.612247 -53.904144
v 17.655560 4.949406 -58.278980
v 18.280540 4.708927 -55.154099
v 76.403259 8.015815 59.216442
v 75.465797 8.505315 57.653999
v 71.403458 5.561613 59.528919
v 79.215660 9.561215 62.966278
v 79.215660 9.929275 57.653999
v -23.592819 17.117954 55.466576
v 13.905701 4.732750 40.154682
v 20.467960 7.685009 39.529701
v 17.343081 6.783529 37.654778
v 18.905521 9.513608 35.779861
v 15.468140 7.235189 35.154881
v 20.780439 10.828909 36.717319
v -42.654579 7.238825 -61.403862
v -42.654579 9.610026 -60.153900
v -41.404640 6.924486 -59.841419
v -44.529499 5.880185 -64.216240
v -44.217018 9.165086 -60.153900
v -42.654579 10.426066 -59.528919
v -41.717117 8.107346 -58.903961
v -42.342102 4.417185 -65.153702
v -38.592239 5.133726 -59.841419
v -37.342300 12.326715 66.716141
v -35.779861 14.638095 66.716141
v -36.092342 13.681695 65.778679
v -37.967258 9.736396 68.903564
v -34.842381 11.491157 68.903564
v -72.653419 10.199658 73.278381
v -74.528343 12.541557 72.028442
v -73.278381 9.138858 74.215858
v -71.403458 13.668878 72.340919
v 32.029999 8.912389 -47.654400
v 32.967461 7.559870 -42.967079
v 37.654778 10.871609 -47.341900
v 29.530102 7.300470 -44.841999
v -15.780640 12.874194 59.841415
v -16.718100 11.807914 59.216438
v -14.218201 10.387635 60.778881
v -14.843180 9.004594 57.966480
v 22.655361 8.949625 -66.091179
v 22.655361 9.046064 -62.653801
v 26.092739 8.988085 -64.216240
v 22.342880 9.861484 -68.903564
v 20.155460 8.854404 -66.716141
v -60.466381 20.878897 -8.905906
v -60.153900 23.482637 -10.155866
v -60.778881 22.566519 -9.843366
v -60.466381 23.118877 -8.280926
v -58.278980 19.826059 -8.280925
v 8.280920 3.565762 5.156040
v 7.655960 2.550741 6.718480
v 12.968240 3.972241 4.843558
v 5.781020 4.899981 2.656138
v 17.343081 5.818545 -60.466381
v 17.030581 8.568165 -62.341316
v 14.530680 5.705004 -63.278778
v 18.593021 7.872965 -61.716343
v 19.218000 11.044945 -62.653801
v 11.405801 3.407045 -61.403862
v -14.530680 12.717337 70.778481
v -13.280740 13.316097 71.715958
v -12.030781 10.005556 68.903564
v -16.405600 14.721717 69.528542
v -17.030581 13.315476 71.403458
v 27.655161 11.035182 -78.590683
v 27.342680 12.077042 -76.403259
v 30.467560 9.257842 -75.778297
v 22.967861 17.020262 -79.528137
v 25.155260 14.803482 -76.715759
v -31.092539 5.502984 -69.216042
v -31.405020 5.808163 -71.715958
v -33.279961 4.650324 -70.465996
v -29.217621 4.039364 -67.028641
v -27.342680 5.737964 -68.278580
v 29.530102 8.375291 -41.404640
v 30.780039 7.457930 -41.092140
v 27.967661 7.137510 -40.467182
v 29.842579 9.171790 -40.154682
v 25.155260 6.734070 -40.467182
v 27.967661 7.211351 -38.592239
v 18.593021 6.376407 -52.029221
v 11.093320 2.440267 -56.404041
v 20.155460 5.877128 -50.154301
v 16.405600 4.265807 -51.716736
v 18.905521 6.899468 -49.529320
v 22.967861 6.989808 -51.091763
v 20.780439 5.742248 -47.966881
v -31.405020 10.322932 50.466782
v -30.467560 11.002253 51.716736
v -30.780039 7.970052 49.216820
v -33.279961 9.120552 52.654198
v -53.904144 5.948579 77.965698
v -56.716541 9.657658 76.715759
v -57.966480 7.762539 77.653221
v -51.716736 4.699798 77.340744
v -56.091560 8.193439 75.465797
v -58.591461 9.911578 75.153320
v -57.341499 9.780956 72.653419
v -60.153900 12.866258 75.465797
v -60.153900 10.602478 77.028244
v -60.153900 8.387519 79.215660
v -51.091763 5.747158 74.215858
v -54.216644 10.115417 71.090981
v -60.153900 9.155958 77.965698
v -77.965698 9.763834 -24.530302
v -73.903358 8.284974 -23.592821
v -77.653221 9.142513 -27.655163
v -79.528137 11.398954 -23.280340
v -77.653221 12.153355 -20.467962
v 28.592640 13.139675 -16.405603
v 29.217621 16.149916 -13.905704
v 31.405020 10.865518 -14.218204
v 27.967661 12.766136 -17.968044
v 26.405220 16.767595 -16.093124
v 27.030201 6.215272 -34.217419
v 28.905121 7.020312 -35.467361
v 25.467760 8.787891 -36.404819
v 28.280140 5.820992 -31.405020
v 44.529499 13.845845 -59.841423
v 45.154480 12.094145 -62.028820
v 45.779461 12.773466 -60.153904
v -0.156240 6.471602 -72.653419
v 18.905521 8.344189 34.217419
v 19.842979 11.142029 34.529900
v 20.155460 9.050968 33.592442
v 16.093121 6.467369 33.904919
v 20.780439 13.727448 35.467358
v 18.593021 6.283648 31.717518
v 77.340744 8.082355 57.341499
v 76.403259 7.236413 55.154099
v 4.218580 13.917876 -16.405603
v 3.593600 15.769676 -17.968044
v 2.343660 15.466335 -15.468144
v 5.468540 13.578517 -14.218204
v 5.781020 13.220236 -17.655563
v 4.843560 4.939677 68.903564
v 9.218380 4.902436 70.778481
v 11.093320 4.691256 66.091179
v 3.281120 5.732517 71.715958
v 79.215660 8.988087 -60.153900
v 79.215660 13.883065 -62.966282
v 78.590683 9.967686 -60.778881
v 79.528137 5.850286 -56.404041
v 79.528137 15.219125 -66.091179
v 77.340744 8.867846 -59.528919
v 78.278198 15.047625 -62.966282
v -2.343660 12.951698 -3.593603
v -2.656140 13.770780 -6.093524
v 28.280140 24.132059 -10.780826
v 27.655161 21.652218 -10.468346
v 28.280140 26.330538 -10.155866
v 28.592640 24.611177 -12.343266
v 27.655161 20.483995 -12.655765
v -10.780820 12.827197 75.778297
v -12.655760 15.020799 76.090782
v -11.093320 12.819879 76.715759
v -11.718301 12.221738 73.278381
v 48.904339 3.875199 -3.593601
v 41.404640 6.200019 -2.968642
v 42.342102 6.423400 0.468739
v 48.904339 4.830997 -7.655962
v 41.717117 6.531438 -6.718482
v 51.091763 5.044638 -7.968441
v -46.716919 8.111624 -64.216240
v -45.466980 5.912524 -64.841217
v -48.591862 7.343804 -66.403664
v -47.654400 6.919605 -63.278778
v -46.091961 8.434484 -63.591263
v -51.091763 6.134704 -64.216240
v -49.216820 6.706585 -60.466381
v -72.340919 11.110871 -37.967258
v -69.841019 10.758710 -38.279758
v -71.403458 14.175430 -40.467186
v -71.403458 8.444271 -33.904919
v 79.215660 7.639847 33.592442
v 78.590683 7.091748 35.154881
v 79.528137 9.898129 36.717319
v 77.340744 6.298287 33.279961
v 68.903564 2.612990 -44.217018
v 67.966095 4.443428 -47.966881
v 65.153702 3.122630 -44.529499
v 70.465996 2.064290 -41.092140
v 74.528343 1.655970 -42.342102
v 65.153702 4.752868 -48.279362
v 62.028816 6.785948 -49.529320
v 67.028641 5.389468 -50.154301
v 64.528740 10.513348 -56.404041
v 70.778481 5.246028 -52.341698
v 67.028641 1.785370 -40.467182
v -69.528542 9.371400 2.343657
v -72.965897 9.048521 2.968638
v -77.028244 8.913640 -0.781222
v -76.090782 11.988560 -2.031183
v -76.715759 13.576078 -4.531084
v -76.715759 7.440240 1.406198
v -75.465797 9.231620 -0.468743
v -79.840637 8.336860 0.156238
v -74.840820 16.898821 -3.281124
v -41.717117 14.829739 -8.593424
v -41.092140 16.416037 -9.530884
v -41.717117 15.814837 -10.780824
v -42.654579 15.757459 -7.030983
v -38.904739 14.153479 -7.968443
v -37.967258 13.473537 -9.530883
v 42.967079 7.319397 -10.468342
v 43.279564 9.123577 -11.718304
v 40.779663 7.877857 -11.718303
v 47.341900 5.199657 -10.780821
v 44.529499 7.147277 -12.343262
v 42.029602 9.410475 66.403664
v 43.279564 12.760055 65.466202
v 41.717117 13.776295 62.653797
v 45.466980 9.069898 69.841019
v 45.779461 10.738597 67.341118
v 45.466980 10.387037 70.778481
v 46.404438 9.646677 71.090981
v 40.154682 7.488476 67.341118
v 44.841999 7.695396 71.403458
v 43.279564 5.393158 73.278381
v 47.341900 6.215918 74.215858
v -75.778297 12.500024 -69.216042
v -1.718680 18.760378 -7.343463
v -1.718680 22.921120 -7.968446
v -3.281120 16.817038 -8.593424
v -1.406200 15.136739 -5.781024
v -0.156240 15.706800 -6.718483
v -52.966682 24.631315 -13.905705
v -53.279182 28.569296 -13.280746
v -52.341698 25.590176 -13.280746
v -53.904144 18.328856 -14.843184
v -71.090981 19.677120 -5.468545
v -71.715958 22.911980 -4.531086
v -71.403458 19.544060 -3.906104
v -70.465996 19.414679 -6.718484
v -71.715958 20.588980 -5.781025
v -69.528542 20.386959 -6.718484
v -68.903564 17.718519 -7.030984
v -69.528542 22.268057 -7.343465
v -72.340919 19.006958 -7.343463
v 55.466579 10.149594 65.778679
v 56.404041 12.299255 66.716141
v 57.341499 10.129456 66.091179
v 53.591660 11.823175 67.653595
v 33.279961 12.420087 28.280138
v 32.967461 16.145645 26.405216
v -21.717899 6.258631 46.404438
v -26.092739 5.686731 46.404438
v -24.217800 7.513512 49.216820
v -26.717701 3.425390 43.279564
v 25.780239 16.951296 -16.718103
v 26.405220 17.321175 -17.655563
v 24.530300 20.330194 -18.905527
v 24.842779 19.374996 -15.155664
v -24.217800 4.877399 -2.968642
v -22.967861 3.377780 0.781219
v -19.530479 5.251539 -4.531082
v -25.467760 7.340158 -6.093523
v -29.217621 5.204538 -3.593601
v -24.217800 7.005679 -7.030982
v -21.092920 9.231617 -10.468343
v -26.092739 8.569397 -8.905902
v -28.905121 7.365778 -6.406003
v -73.590881 18.239140 -4.531085
v -75.465797 14.855979 -3.593603
v -77.028244 11.596703 -72.965897
v -78.590683 10.847803 -70.153519
v -36.717319 4.570381 -78.278198
v -33.904919 4.482481 -79.528137
v -40.154682 5.369921 -79.840637
v -34.217419 5.169121 -76.403259
v -42.967079 3.327703 -72.028442
v -41.404640 3.573682 -76.403259
v -44.841999 3.338081 -77.653221
v -38.592239 3.872144 -67.341118
v 17.030581 9.968904 -65.778679
v 16.718100 9.605743 -67.653595
v 17.343081 12.895525 -63.591267
v 20.467960 8.879445 -64.216240
v 15.468140 10.464505 -65.778679
v 27.342680 17.966326 22.967855
v 28.280140 24.077745 21.717894
v 27.030201 20.870966 22.030375
v 27.655161 17.275406 24.530296
v 28.905121 23.849466 24.217794
v -9.530880 2.020344 -66.403664
v -9.843360 1.110305 -61.091362
v -9.530880 3.395463 -70.465996
v -13.905701 3.737863 -72.028442
v -73.590881 2.501281 -79.528137
v -72.965897 3.172682 -77.965698
v -64.841217 2.206501 -79.528137
v -79.840637 3.750061 -79.840637
v -77.965698 4.526421 -77.028244
v 26.092739 18.790276 -14.843184
v 27.030201 20.122677 -13.905705
v 27.967661 20.135496 -14.218205
v 25.780239 22.582376 -14.218205
v -79.528137 3.911227 31.092539
v -78.903160 4.181607 32.654980
v -77.340744 2.929787 29.530102
v -79.840637 7.465890 40.154682
v -60.153900 15.155654 -22.342884
v -58.278980 15.815454 -22.655365
v -59.216442 13.685935 -23.592823
v -58.903961 13.439975 -20.155464
v 29.530102 27.829546 27.655155
v 28.280140 22.138666 28.905115
v 30.155079 26.934786 27.967655
v 30.155079 28.404507 27.030195
v -53.279182 8.933153 -27.030203
v -54.529118 7.822313 -28.905123
v -54.216644 10.469393 -26.405222
v -52.029221 6.629094 -25.467762
v -49.841801 4.980534 -27.030201
v 43.592037 21.860949 -52.341702
v 44.217018 28.248850 -52.029228
v 44.529499 26.598467 -53.279190
v 42.654579 17.225948 -50.779266
v 19.842979 18.444834 -18.280546
v 19.218000 21.818834 -18.280546
v 21.717899 20.324095 -17.343086
v 16.718100 4.840768 -47.966881
v 17.655560 6.396548 -48.591862
v 12.655760 2.254710 -45.154480
v -72.965897 29.915110 -48.279369
v -72.653419 26.174889 -48.904346
v -74.215858 27.018990 -48.904346
v -72.965897 24.003868 -47.654404
v -72.340919 34.482330 -48.279369
v -73.278381 17.615969 -46.716923
v -71.403458 18.423449 -46.091965
v 10.468340 7.036199 -7.343462
v 7.655960 7.290099 -8.593422
v 5.156040 6.444159 -4.843562
v 12.343260 8.526058 -6.718482
v 12.655760 8.073176 -8.905902
v -13.905701 3.612140 1.093699
v -14.530680 5.665958 -3.593601
v -10.780820 4.774860 0.156239
v -10.780820 6.710879 -2.031182
v -78.903160 21.868877 -11.405807
v -78.278198 18.641977 -9.218384
v -77.653221 23.494238 -9.530886
v -79.528137 14.177279 -7.655963
v -52.654198 29.219316 -12.968246
v -52.341698 25.795858 -12.030787
v -52.341698 26.663176 -14.530686
v -51.091763 19.564217 -13.905705
v -52.966682 32.327194 -12.030790
v -6.406000 14.492803 -77.653221
v -7.968440 8.436322 -75.153320
v -5.781020 14.740602 -76.090782
v -9.218380 11.244542 -78.903160
v 72.965897 1.156711 -37.967258
v 79.528137 0.442593 -29.530102
v 79.840637 1.107271 -39.842201
v 78.278198 3.396068 -50.154301
v 65.466202 1.191491 -35.154881
v 53.904144 15.574346 -61.091366
v 54.529118 18.103626 -62.028820
v 54.841599 21.437366 -60.153904
v 55.779079 20.798326 -61.403866
v 56.404041 23.674887 -62.028820
v 52.341698 10.894804 -62.341316
v -30.155079 6.895210 47.341900
v -31.405020 9.733952 48.591862
v -29.217621 8.936233 51.716736
v -27.655161 8.574292 51.716736
v -2.031180 9.809603 -75.153320
v -2.656140 13.136621 -76.090782
v -4.843560 10.250882 -75.465797
v 0.781220 10.991841 -75.153320
v -1.406200 13.591941 -77.028244
v -3.906100 4.718083 -72.028442
v 22.030380 15.768457 -10.780824
v 23.280338 16.959238 -9.530884
v 24.217800 17.996216 -13.905704
v 20.467960 16.806038 -12.030785
v 21.092920 14.829117 -9.843364
v 22.655361 16.997078 -8.280924
v 25.780239 22.305899 -9.218386
v 26.405220 19.551998 -11.405806
v -47.966881 13.599877 -14.530683
v -49.529320 17.471937 -14.218204
v -47.966881 15.735497 -12.030785
v -46.091961 11.410556 -15.155663
v -48.904339 12.646517 -16.718103
v -51.091763 20.346678 -10.780825
v -50.466782 16.321415 -16.718103
v 2.031180 7.150940 -0.781222
v 1.093700 9.285939 -3.593602
v -1.406200 9.085140 -2.343662
v 2.968640 7.387760 1.406198
v 5.468540 5.468820 -0.156241
v -27.342680 7.353562 -75.778297
v -27.655161 5.673881 -77.965698
v -28.592640 7.704502 -75.465797
v -25.155260 7.404221 -75.778297
v 17.655560 15.318615 -20.780443
v 17.343081 11.051674 -23.905321
v 15.780640 14.951795 -20.780443
v 18.593021 17.890013 -20.467966
v 20.467960 13.275794 -22.967865
v 13.905701 4.981769 37.342300
v 14.843180 6.760947 33.279961
v -1.406200 12.566579 75.465797
v -1.093700 8.816598 74.215858
v -2.968640 14.193158 75.465797
v -0.156240 9.652778 77.653221
v 0.468740 8.960038 75.153320
v -0.156240 7.268159 79.840637
v 2.343660 7.980418 76.715759
v -4.531080 12.535438 -7.343463
v -8.593420 11.833537 -11.093323
v -3.593600 16.438618 -10.155864
v 12.343260 4.304873 -27.967661
v 13.593220 3.494953 -31.092539
v 5.781020 2.031333 -30.467560
v 15.155660 6.095034 -27.342682
v -61.403862 19.744249 -46.091965
v -60.153900 18.746948 -44.842003
v -59.841419 23.378267 -46.716923
v -62.028816 18.097528 -45.466984
v -30.780039 14.660696 67.028641
v -32.967461 14.133956 67.653595
v -30.467560 12.963917 68.278580
v -29.842579 17.213778 66.403664
v -32.654980 15.805695 65.466202
v -60.466381 14.343887 -53.279186
v -58.278980 14.577648 -52.654202
v -57.341499 14.082047 -54.529121
v -60.778881 10.330227 -54.841599
v -56.091560 15.469988 -52.341702
v -72.340919 22.585440 -5.468546
v -69.528542 15.661639 -3.593604
v -73.278381 27.708700 -5.468546
v -72.653419 29.211979 -5.156047
v -28.592640 10.864917 -10.468343
v -30.467560 13.671897 -11.093323
v -28.592640 10.684858 -8.593423
v -26.717701 10.037277 -10.780823
v -29.530102 10.234418 -12.343263
v -12.968240 9.126622 -78.903160
v -16.093121 8.432662 -78.590683
v -12.968240 7.089283 -77.028244
v -9.218380 12.412121 -79.528137
v -17.655560 7.820481 -79.215660
v -14.218201 0.839927 -57.653999
v 22.342880 18.746960 -4.531085
v 19.842979 12.763099 -4.218583
v 21.717899 16.286640 -2.343664
v 22.030380 21.019897 -6.093525
v 20.155460 13.774440 -5.781024
v -79.215660 12.254696 65.778679
v -78.278198 13.433895 65.466202
v -79.528137 17.568396 63.591259
v -79.528137 9.559396 68.278580
v -78.590683 10.562197 67.341118
v 28.905121 23.605938 -9.530886
v 28.905121 20.695799 -10.780826
v 29.842579 16.887218 -9.218384
v -16.405600 6.459418 -6.406002
v -10.780820 7.856499 -6.093523
v -25.155260 4.785224 -71.090981
v -27.342680 8.183022 -71.403458
v -22.967861 3.842222 -71.090981
v -25.467760 6.017502 -73.278381
v -27.342680 10.195962 -74.528343
v -24.217800 3.156204 -67.341118
v 65.466202 9.013703 -70.465996
v 62.966278 9.758944 -68.903564
v 40.779663 16.953747 -54.529121
v 42.967079 19.543446 -52.966686
v 43.592037 22.028166 -54.529121
v 40.154682 13.469867 -52.654202
v 27.342680 4.919519 77.653221
v 22.342880 2.256579 79.215660
v 32.029999 4.852999 79.528137
v 27.030201 4.907938 75.153320
v -54.841599 5.625080 1.406199
v -55.779079 4.046102 4.531079
v -49.216820 4.799280 1.406199
v -55.779079 7.904720 -0.468742
v -57.966480 5.526801 2.656138
v -50.154301 1.560763 9.843360
v -58.591461 3.935021 5.781020
v 50.154301 2.274256 -20.155460
v 54.529118 1.561374 -23.905319
v 46.716919 2.802214 -23.905319
v 52.966682 2.030117 -14.218201
v 27.342680 14.765049 38.592236
v 26.717701 14.311569 37.967255
v 25.155260 14.816929 40.154678
v 28.905121 11.005909 39.842201
v 28.592640 13.983809 37.967255
v 29.842579 9.119929 42.342102
v 30.467560 9.743110 38.904739
v -54.216644 24.249857 -12.030787
v -56.716541 22.561640 -10.468346
v -56.404041 24.722258 -11.093326
v -57.029018 19.567257 -12.030786
v -56.091560 26.042458 -9.218386
v -55.779079 23.543678 -10.468346
v -58.591461 19.326178 -9.530885
v -55.779079 24.401217 -11.718307
v -54.529118 23.410017 -10.780826
v -75.153320 18.981319 -4.218585
v -75.778297 16.444719 -4.843565
v 36.717319 9.626526 23.905317
v 39.217220 6.853706 23.280336
v 36.092342 10.708066 21.717897
v 35.154881 12.852826 25.780235
v 36.717319 8.393006 27.655159
v 19.842979 10.758714 -25.467762
v 21.405420 12.648353 -24.530304
v 23.592819 9.550214 -25.155262
v 18.593021 10.824015 -26.092741
v 23.280338 7.607472 -29.842581
v 36.717319 17.244282 7.030975
v 37.967258 16.540543 7.343456
v 37.029800 14.344522 6.093517
v 36.404819 22.164902 7.655954
v 37.654778 21.942122 8.280914
v 57.653999 3.659773 55.779079
v 58.903961 1.747532 49.216820
v 52.654198 3.168432 52.966682
v 58.278980 5.044653 58.591461
v 62.653801 3.143413 54.529118
v 3.593600 14.646002 -76.403259
v 4.218580 13.104882 -76.090782
v 5.468540 7.910201 -79.528137
v 2.656140 11.990982 -76.715759
v 3.593600 15.139782 -76.090782
v 35.467361 5.938171 -35.154881
v 34.842381 7.692311 -36.717319
v 32.967461 6.622372 -36.404819
v 38.279758 4.575872 -32.342480
v 38.279758 5.719671 -37.342300
v 58.278980 2.185760 -0.781220
v 55.466579 4.533781 2.343659
v 57.966480 3.058562 5.468540
v 57.029018 2.166839 -4.531081
v 53.279182 3.329560 0.156239
v 54.529118 3.560259 -5.468542
v 52.029221 3.258140 -3.281121
v 54.841599 1.954437 -10.468340
v 51.716736 3.127517 -9.843361
v 62.028816 0.857637 -12.030781
v -67.966095 10.704397 -18.593023
v -71.403458 12.017256 -18.280542
v -69.841019 18.335575 -15.468144
v -67.341118 8.756774 -21.092922
v -70.465996 8.228814 -22.030382
v -67.966095 14.351836 -16.093124
v -66.403664 12.095976 -17.030582
v -67.966095 22.117897 -13.593225
v -33.904919 3.385686 -58.278980
v -36.404819 4.296947 -54.216644
v -30.155079 2.838827 -52.966682
v -39.842201 6.114567 -56.716541
v 12.655760 8.854401 -79.215660
v 15.468140 12.632462 -78.903160
v 19.530479 13.378301 -79.215660
v 11.718301 9.762602 -76.715759
v 13.280740 11.583882 -76.090782
v 31.717520 7.194271 -38.904739
v 33.279961 5.310733 -32.967461
v -68.278580 15.014695 69.216042
v -68.903564 20.660418 65.466202
v -64.216240 12.507998 71.715958
v -63.278778 15.455977 70.153519
v 45.154480 12.672174 65.466202
v 74.840820 7.633742 11.405799
v 75.153320 10.413863 10.468337
v 74.215858 8.820243 9.843357
v 77.028244 9.241383 14.530677
v 77.653221 11.381263 11.405798
v 76.715759 8.090281 7.655958
v 72.965897 5.958323 12.655759
v 74.528343 7.055123 15.155658
v 4.531080 7.206464 -71.090981
v 2.031180 6.272023 -71.715958
v 6.093520 8.890423 -69.528542
v 7.343460 12.019682 -73.903358
v 9.530880 10.808143 -74.840820
v 7.343460 10.425443 -75.465797
v 7.968440 12.553722 -71.715958
v 11.093320 13.093282 -74.528343
v 10.468340 9.794962 -75.778297
v -11.093320 8.648755 66.403664
v -14.218201 10.545717 68.278580
v -66.091179 22.960796 -12.655766
v -67.028641 25.330776 -13.280746
v -66.716141 26.137657 -12.030787
v -64.528740 22.934559 -12.030787
v 34.529900 7.871144 -67.966095
v 32.342480 9.057044 -69.216042
v 30.155079 12.478664 -67.028641
v 36.717319 6.024843 -71.715958
v -70.465996 26.733976 -12.968246
v -70.778481 27.240559 -11.405807
v -69.528542 30.029858 -11.405807
v -71.403458 25.696997 -13.280746
v 57.029018 7.923022 -73.903358
v -78.278198 22.252176 -12.968246
v -78.903160 20.910639 -12.343266
v -77.965698 20.533436 -13.905705
v -79.528137 22.750835 -13.593225
v -31.092539 5.781922 -77.028244
v -29.842579 8.230021 -76.090782
v -29.842579 8.526042 -73.903358
v 78.278198 10.802666 23.280336
v 78.903160 10.193545 21.405418
v 77.028244 12.513466 21.717897
v 78.903160 12.149086 24.217798
v 56.716541 16.401983 -64.841217
v 56.091560 13.537625 -66.091179
v 54.841599 12.528105 -65.153702
v 57.653999 14.334724 -64.216240
v -74.215858 18.849501 -4.843565
v -73.903358 24.008760 -5.468546
v -75.465797 22.853376 -6.093526
v -63.903763 17.119177 67.341118
v -60.778881 14.695476 67.341118
v -65.466202 19.884657 66.716141
v 61.403862 7.864424 -70.153519
v -35.779861 5.289996 -20.155460
v -45.154480 5.820374 -22.655361
v 41.717117 12.036166 -58.278984
v 39.842201 13.249527 -55.779083
v 42.342102 17.308348 -56.404045
v 41.404640 10.396765 -59.841419
v 37.342300 11.067547 -56.404041
v -72.653419 18.938017 65.466202
v -71.090981 16.665077 66.716141
v -70.778481 21.163958 65.153702
v -73.590881 18.433857 65.778679
v -72.965897 14.646036 67.341118
v 0.156240 7.193078 73.278381
v -2.656140 8.482738 72.965897
v -2.343660 6.652296 70.153519
v -13.905701 5.163651 46.716919
v -15.468140 7.450630 46.091961
v -14.530680 5.946732 47.966881
v -14.218201 3.714690 41.092140
v 27.342680 13.308143 13.905698
v 26.717701 11.623585 15.155657
v 29.842579 17.561043 14.843176
v 27.655161 11.157283 11.718298
v 24.530300 7.143623 11.718299
v 29.842579 5.338837 70.153519
v 25.780239 6.668777 71.403458
v 26.717701 6.308676 65.778679
v 24.530300 6.320876 68.591080
v 22.342880 7.919996 71.090981
v 34.217419 5.526817 68.903564
v 33.279961 3.759259 77.340744
v 21.405420 3.319798 75.465797
v -46.716919 7.202805 -60.466381
v -46.404438 7.467087 -57.966480
v 29.842579 27.178305 24.217794
v 29.217621 26.124846 22.342875
v -51.404236 15.438258 -6.406004
v -52.966682 18.609018 -7.655963
v -53.591660 19.202278 -6.718484
v -50.154301 17.975479 -6.718484
v -51.091763 17.944338 -8.280924
v -52.654198 20.800777 -9.530886
v -54.529118 19.526358 -7.968444
v 72.965897 9.696105 19.217999
v 71.403458 10.289965 19.842978
v 72.965897 9.370185 20.467958
v 70.778481 10.178284 18.593019
v -62.028816 1.228746 25.155260
v -65.466202 3.040246 23.905319
v -65.153702 1.979467 29.217621
v -58.278980 0.731306 26.405220
v -61.091362 1.129246 21.717899
v -58.591461 1.063947 32.342480
v 27.967661 9.830964 -62.966278
v 29.217621 12.269305 -62.653805
v 29.530102 11.294584 -63.591263
v 26.717701 9.604526 -60.778881
v 29.530102 10.998567 -60.778881
v 47.029419 6.726762 7.343459
v 47.029419 5.286942 8.905899
v 49.841801 5.044641 7.343459
v 46.404438 9.683902 6.405998
v 46.091961 7.191842 7.655959
v 33.279961 12.594054 58.591457
v 31.092539 11.387994 58.903961
v 31.717520 9.246295 61.403862
v 32.029999 11.669972 55.154099
v 44.529499 31.481869 -52.029228
v 44.529499 23.231169 -51.091766
v 3.281120 13.860496 -19.530483
v 5.468540 12.394435 -20.467962
v 4.843560 13.022494 -21.092924
v 2.343660 13.981356 -19.218004
v 1.406200 15.772116 -17.968044
v 2.968640 14.711936 -20.467964
v 1.093700 11.364175 -19.842981
v 12.655760 9.452559 -11.093323
v 13.905701 12.506758 -13.280743
v 11.093320 11.981857 -13.280743
v 15.468140 10.413857 -10.468343
v -7.968440 11.164618 78.903160
v -10.155860 12.786320 79.528137
v -5.156040 11.546698 76.403259
v -6.093520 13.122619 74.840820
v 2.968640 10.956454 -21.092922
v 2.656140 7.431694 -22.342882
v -68.591080 25.806850 -48.904346
v -68.903564 23.610809 -48.279366
v -67.966095 25.807447 -47.654408
v -69.528542 24.207127 -50.154305
v -70.153519 24.416470 -48.279366
v -67.028641 23.746908 -48.904343
v 24.530300 10.132506 24.217798
v 23.592819 9.491647 28.592638
v 29.217621 20.985718 -8.905906
v 28.905121 27.628736 -8.593427
v 29.217621 20.769636 -7.655964
v 28.592640 30.994200 -9.218387
v 12.968240 7.931580 0.156238
v 11.718301 6.561960 0.468738
v 13.905701 7.542180 -0.468742
v 12.343260 8.541920 -0.156242
v 50.154301 6.570484 -67.653595
v 47.029419 4.392763 -71.715958
v -58.903961 9.674733 -28.592642
v -58.591461 11.275674 -31.405022
v -60.466381 8.746993 -28.905123
v -58.903961 10.487713 -26.405222
v -76.715759 2.695404 15.468140
v -70.778481 2.342624 17.968040
v -76.403259 3.250202 10.780819
v -79.528137 2.909646 23.905319
v -35.779861 4.751670 44.841999
v -34.529900 7.289511 47.029419
v -30.780039 5.875331 45.466980
v -40.467182 3.428430 43.904537
v -41.092140 7.146072 48.279362
v -38.592239 7.461012 50.154301
v -35.154881 10.831973 52.966682
v 54.841599 4.396441 5.156039
v 53.591660 6.625442 5.156039
v 52.341698 4.216383 7.343459
v 53.904144 5.339420 3.281119
v 53.279182 3.055503 10.468339
v 52.654198 4.630820 2.656139
v -1.406200 14.021019 -4.218584
v 0.156240 12.586099 -5.781023
v -1.093700 11.314739 -3.593603
v -0.468740 16.517958 -7.968444
v -3.281120 8.258717 -18.280542
v -1.718680 7.108215 -20.780441
v -4.531080 5.114816 -21.092920
v -2.656140 12.937037 -16.718103
v -0.781220 10.443777 -18.905523
v -2.343660 15.651256 -14.843184
v -0.156240 17.927258 -16.093126
v 72.028442 16.043106 -62.966282
v 71.090981 14.219986 -61.403866
v 73.278381 14.201064 -61.716347
v 72.340919 14.879765 -64.841217
v 70.153519 16.403803 -64.528740
v 72.340919 13.051166 -59.841423
v 69.841019 16.398327 -61.403866
v 69.528542 11.942765 -59.841423
v 3.906100 8.405803 -72.340919
v 4.843560 11.578403 -73.590881
v 2.968640 11.293962 -73.278381
v 5.468540 10.019563 -72.653419
v 48.591862 18.488768 -54.841602
v 48.279362 16.077288 -56.404045
v 47.029419 17.859486 -55.154102
v 51.091763 15.477906 -56.091564
v 45.466980 20.720205 -53.904148
v 44.529499 18.242186 -55.466583
v 47.029419 20.676247 -52.966686
v 47.341900 19.164427 -56.404045
v 45.779461 16.534428 -57.341503
v 47.341900 12.880265 -59.216446
v 50.154301 12.169206 -60.153904
v 68.903564 2.107027 28.592640
v 70.778481 3.861787 29.217621
v 71.715958 4.734586 25.780239
v 66.403664 1.600447 27.967661
v 69.841019 2.136947 30.467560
v -58.591461 13.864150 -41.404644
v -60.153900 15.678110 -39.529705
v -56.404041 11.900672 -37.654781
v -58.591461 15.500509 -44.529503
v -61.091362 18.485708 -42.654583
v 79.528137 3.888628 -52.029221
v 78.903160 5.672047 -56.091560
v -73.278381 4.748631 45.466980
v -76.715759 5.554291 45.779461
v -74.840820 5.027552 49.216820
v -72.028442 5.839310 42.654579
v -75.465797 5.817950 42.342102
v -70.778481 4.734591 43.279564
v -64.841217 3.861170 45.779461
v -68.903564 3.932590 40.779663
v -71.403458 4.869470 40.467182
v -71.090981 6.870189 37.967258
v -74.215858 7.216869 38.279758
v -52.341698 4.426943 -72.340919
v -47.654400 3.591383 -71.715958
v -52.341698 4.065002 -75.778297
v -55.154099 3.494942 -72.653419
v -53.591660 4.506284 -67.341118
v 46.716919 8.812322 4.531078
v 44.841999 9.842581 6.093518
v 49.529320 8.958800 4.843557
v 45.466980 6.807920 3.281119
v 49.216820 5.410841 2.968638
v 41.717117 8.002381 3.281118
v 49.216820 4.318920 1.093699
v -41.092140 9.819987 -52.029221
v -42.654579 8.078050 -48.591862
v -39.217220 7.807667 -51.716736
v -41.717117 12.532367 -52.341702
v -43.904537 9.645429 -50.466782
v 27.967661 6.893374 -27.030203
v 24.842779 6.514353 -30.155081
v 35.467361 4.773013 -28.280140
v -50.154301 1.171369 37.654778
v -47.966881 1.843370 41.404640
v -57.341499 2.469590 41.717117
v -33.904919 0.442004 16.718100
v -34.842381 1.035263 9.530880
v -40.467182 0.476783 15.155660
v 56.716541 22.019028 -60.466385
v 57.966480 16.580807 -61.716347
v 56.716541 24.642305 -59.841423
v 32.029999 9.365909 37.029800
v 33.592442 7.642289 37.342300
v 30.780039 13.696328 36.717316
v -48.279362 7.824747 -52.341698
v -46.404438 8.351488 -47.966881
v -51.404236 8.736009 -50.779263
v 77.653221 9.722345 20.780437
v 79.528137 10.137982 14.530677
v 76.715759 9.917664 17.655558
v 12.968240 8.103701 -2.031182
v 15.468140 8.922779 -4.218583
v 11.093320 6.321478 -4.843562
v 8.593420 5.058060 0.156239
v -28.592640 18.541897 64.528740
v -30.780039 17.991356 63.903759
v -27.030201 16.055338 67.341118
v -29.530102 20.855116 63.591259
v -27.967661 15.864296 63.591259
v -29.217621 19.122936 63.278774
v -31.092539 14.445835 62.653797
v -27.967661 21.287857 65.466202
v 11.093320 15.700094 -21.092924
v 11.093320 21.047356 -20.155466
v 13.593220 17.430435 -21.092924
v 13.280740 11.782874 -22.342882
v -54.529118 18.194578 -6.718484
v -53.591660 21.511839 -7.343464
v -55.779079 21.407459 -6.406004
v -55.154099 16.170059 -5.156044
v 58.278980 0.644029 37.342300
v 52.029221 1.004749 34.529900
v 50.466782 1.229350 40.779663
v 59.216442 0.924787 30.780039
v 73.278381 4.709567 28.280140
v 75.153320 5.007407 31.717520
v 67.341118 1.118269 34.842381
v 71.715958 2.312729 34.529900
v 68.903564 3.695166 23.592819
v -42.967079 14.397617 -11.093323
v 4.218580 6.286719 77.653221
v 3.593600 9.328078 76.715759
v 6.406000 3.903899 79.528137
v 6.093520 5.673318 77.028244
v 3.906100 11.206119 75.153320
v 5.156040 8.854438 74.840820
v -37.654778 5.936948 -49.841801
v -42.029602 7.046570 -45.154480
v -34.217419 4.362869 -46.716919
v -33.904919 2.451250 -42.654579
v -33.592442 1.962371 -38.904739
v -32.342480 2.409750 -45.154480
v -25.467760 1.305628 -46.716919
v -40.154682 4.553290 -39.842201
v -32.654980 3.140949 -48.279362
v -67.966095 8.656051 -34.842381
v -75.465797 9.959751 -33.904919
v -59.841419 14.703415 65.466202
v -58.903961 11.960495 62.966274
v -61.716343 13.794595 62.028812
v -60.153900 10.809394 61.403862
v -56.404041 14.741255 65.466202
v -56.716541 14.431815 63.591259
v -44.841999 4.572851 46.716919
v -49.216820 4.470912 47.654400
v -46.716919 7.442713 51.716736
v -43.279564 8.181831 49.216820
v -43.904537 9.466013 51.716736
v -42.029602 7.246773 52.966682
v -74.840820 22.973610 -51.404240
v -76.090782 17.541508 -52.966686
v -78.278198 17.821049 -48.904343
v -73.590881 22.968109 -51.404240
v -73.278381 15.255748 -54.216648
v -74.528343 21.914049 -49.841805
v 48.904339 17.266228 -49.841805
v 47.966881 22.575668 -50.154305
v 47.654400 16.094368 -49.216824
v 48.591862 25.484589 -50.779270
v 28.280140 23.912334 -13.280746
v -55.154099 10.551200 -2.031183
v -58.278980 8.951480 -1.718682
v -21.405420 7.791197 -12.655762
v -17.030581 7.828437 -12.655762
v -18.280540 4.724795 -17.343081
v -65.778679 4.875563 8.593419
v -62.341316 6.001040 4.218578
v -49.216820 20.258179 -8.280925
v -48.904339 17.855837 -9.530884
v -47.966881 16.599737 -7.968444
v -47.654400 20.242918 -8.905905
v -70.778481 3.440028 32.967461
v -68.903564 2.835187 28.905121
v -74.215858 2.359106 26.405220
v -67.653595 4.909748 33.279961
v 39.529701 4.325050 42.967079
v 34.529900 6.071249 41.404640
v 36.717319 5.797211 46.716919
v 41.092140 4.981771 43.279564
v 39.842201 4.126670 40.154682
v 43.592037 2.755230 40.779663
v 47.966881 2.387792 46.404438
v 46.716919 1.812229 37.342300
v 40.154682 4.059529 37.029800
v 40.154682 4.511811 46.091961
v 21.405420 8.440007 31.717518
v 19.218000 4.807206 25.780239
v -32.029999 8.037798 76.715759
v -26.092739 7.335899 78.278198
v -26.717701 8.519979 75.778297
v -40.154682 3.917339 79.840637
v 11.405801 2.231529 -48.591862
v 7.343460 1.626668 -51.091763
v 8.593420 2.051468 -46.716919
v 4.843560 1.276947 -52.029221
v 6.718480 1.232990 -45.154480
v 6.406000 2.668527 -54.841599
v -41.092140 13.314875 66.403664
v -43.592037 14.246255 63.903759
v 35.154881 3.820298 74.528343
v -60.153900 10.532272 -31.717522
v -56.716541 9.468433 -31.405022
v -58.591461 14.329252 -33.279964
v -63.591263 6.757899 79.215660
v -70.465996 6.396579 79.528137
v -66.403664 6.943439 77.965698
v 19.530479 7.495789 -45.779461
v 25.155260 6.325748 -48.279362
v 26.717701 7.805827 -51.404236
v -52.341698 7.325485 -63.278778
v -49.216820 6.994684 -65.778679
v 24.217800 6.270812 -32.029999
v -35.779861 2.957840 2.968640
v -30.780039 2.518400 2.968640
v -41.717117 1.862881 5.781020
v -36.092342 5.212480 -0.468741
v -32.967461 3.958220 -0.781221
v -36.404819 8.100039 -5.156043
v -40.154682 4.432460 0.156239
v -75.465797 5.122141 6.093519
v -74.840820 7.142402 4.218578
v -73.278381 3.738482 8.280919
v -79.528137 3.821502 10.155859
v 73.278381 3.511451 48.279362
v 72.965897 2.758890 42.029602
v 69.841019 2.949312 49.841801
v 76.403259 5.058692 47.029419
v 17.030581 3.476658 75.153320
v 19.218000 6.028537 72.340919
v 13.905701 5.356536 68.591080
v -48.279362 6.422800 -1.718681
v -47.966881 6.005920 0.156239
v -46.091961 6.210999 -2.343662
v -52.029221 8.581600 -1.718682
v -45.779461 3.958220 1.406199
v -47.966881 8.986259 -4.218583
v -56.091560 13.123196 -17.343084
v -56.404041 13.963656 -18.905525
v -55.466579 14.996977 -15.468144
v -53.904144 15.838636 -15.780644
v -54.216644 12.133216 -20.155462
v -53.591660 13.387475 -19.842983
v -53.904144 10.568274 -22.030382
v -55.466579 12.563516 -18.593023
v 63.903763 12.325463 -68.278580
v 64.216240 12.171663 -67.653595
v 66.091179 15.719604 -67.341118
v 62.653801 12.847923 -67.966095
v 66.716141 13.845223 -67.653595
v 62.653801 10.880164 -67.028641
v 65.466202 13.380145 -66.091179
v 67.653595 12.238182 -69.528542
v 66.403664 16.425783 -66.716141
v 46.091961 11.400165 -61.716343
v 48.591862 13.944726 -60.778885
v 48.904339 8.806185 -63.278778
v -11.093320 7.608099 -3.906101
v -11.093320 9.548399 -2.968643
v 39.842201 7.369440 0.156238
v 26.405220 10.596346 -58.903961
v 26.717701 9.672286 -57.029018
v 27.655161 12.442646 -57.966484
v 22.967861 9.304246 -60.153900
v -35.154881 7.360296 -16.718102
v -34.529900 9.881037 -14.218204
v -1.093700 22.132557 -10.468346
v -0.468740 21.882317 -12.655766
v -2.656140 19.923698 -11.093325
v 0.468740 14.503198 -9.530883
v -74.840820 16.355614 62.653797
v -75.778297 11.622375 61.403862
v -76.403259 19.559956 63.591259
v -72.340919 15.537755 62.653797
v -72.653419 9.336614 60.153900
v 13.593220 7.099045 -65.466202
v 11.405801 5.423645 -65.153702
v 13.905701 11.261024 -68.903564
v 47.654400 4.097383 11.718300
v 36.404819 7.925492 50.779263
v 36.404819 10.459053 52.341698
v 37.967258 7.877873 51.404236
v 28.905121 10.249091 49.529320
v -67.341118 13.867219 -4.218584
v -64.216240 12.977340 -5.156043
v -67.653595 15.267360 -6.093524
v -63.903763 9.436700 -1.093703
v -58.591461 16.821918 -6.718484
v -57.341499 17.161879 -6.093524
v -59.841419 12.941319 -4.843563
v -57.341499 17.298599 -5.156044
v -63.278778 19.312729 -47.654404
v -66.403664 18.484488 -46.091965
v -63.591263 18.161009 -48.279366
v -66.091179 21.388529 -47.654404
v -65.778679 9.571594 59.841419
v -64.841217 6.722493 57.341499
v -67.966095 9.146794 59.528919
v -66.091179 13.513235 60.778877
v -64.528740 11.662034 61.091362
v -66.716141 12.518974 61.403858
v -15.155660 15.025678 77.653221
v -17.030581 12.051459 79.215660
v -13.593220 17.228418 79.528137
v -14.843180 17.355379 76.715759
v -17.343081 11.997138 77.965698
v -20.780439 8.951499 79.528137
v -56.404041 14.169328 -50.779266
v 22.342880 13.407629 36.717316
v 23.905319 12.633108 33.904915
v 23.592819 11.786549 38.592236
v -5.156040 4.428192 53.904144
v -6.406000 5.390713 57.029018
v -2.656140 3.933191 47.341900
v -7.655960 3.191010 46.091961
v 37.342300 4.921356 71.403458
v 27.655161 23.682838 -9.218386
v 25.155260 26.201139 -7.968446
v 26.717701 28.945879 -7.968447
v -13.280740 10.222817 -10.780823
v -14.218201 8.511417 -12.343262
v -17.030581 9.362237 -10.780823
v -10.780820 6.536936 -16.093122
v -69.216042 8.241005 -64.841217
v -65.466202 10.451091 -36.717319
v -66.716141 10.701331 -38.279758
v -63.903763 12.514670 -35.154884
v -62.966278 12.499410 -38.592243
v -67.966095 13.396630 -42.029606
v -70.153519 16.237188 -43.904541
v -64.841217 14.046650 -42.654583
v -0.781220 22.022076 -13.593225
v -4.218580 14.888937 -12.968244
v 74.528343 6.535702 -76.403259
v 77.028244 8.934362 -72.965897
v 79.840637 5.919862 -79.840637
v 70.778481 5.058661 -79.215660
v 70.465996 5.759341 -77.653221
v 39.842201 11.517982 12.968237
v 40.779663 10.284483 13.593217
v 39.842201 12.767982 12.030778
v 38.279758 10.383964 15.780637
v 41.717117 7.160724 15.468138
v 44.841999 3.764124 20.467960
v 41.404640 5.646444 19.842979
v -78.278198 12.710584 -68.591080
v -77.340744 10.157502 -70.465996
v -79.528137 11.168842 -74.528343
v -79.215660 12.919325 -65.153702
v 51.091763 4.402522 -72.965897
v 52.966682 5.578664 -70.778481
v 55.154099 5.800222 -74.840820
v 47.341900 3.601742 -76.715759
v 23.592819 7.589785 19.217999
v 21.717899 6.176826 23.592817
v 25.467760 10.893005 20.155458
v 20.780439 4.693084 17.655560
v -0.468740 3.927081 4.531079
v 3.281120 2.285241 5.781020
v -1.718680 3.346041 3.906100
v -4.531080 3.873381 5.156040
v 1.718680 4.751660 3.281119
v -0.156240 5.394360 0.156239
v -3.906100 3.576141 2.968640
v 6.406000 14.811402 -73.590881
v -52.341698 23.941639 -10.468346
v -52.341698 13.583400 -5.156044
v -49.529320 13.632236 -18.280544
v -49.841801 9.750415 -19.842981
v -51.716736 10.021415 -20.155462
v -52.654198 12.622716 -18.593023
v -48.591862 6.873236 -21.717901
v -51.404236 7.306574 -22.655363
v -35.154881 9.657652 54.216644
v -61.716343 20.981440 -8.905906
v 20.155460 17.538454 -19.530483
v 21.717899 25.654877 -16.405605
v 22.342880 24.432957 -16.405605
v 21.717899 5.037303 14.843179
v 23.592819 7.401804 17.343079
v 19.218000 3.480923 12.030780
v -69.841019 18.566914 62.966274
v -69.528542 11.771294 61.403858
v -69.216042 18.157375 64.216240
v 30.467560 7.887631 -38.592239
v 29.530102 11.010171 -37.029800
v 30.467560 7.208311 -36.092342
v -68.278580 6.541185 -63.591263
v -64.841217 5.478565 -63.903763
v -67.028641 6.295224 -66.716141
v -69.216042 8.074386 -59.841419
v -52.966682 7.051445 -62.028816
v -54.529118 9.917645 -58.278980
v -57.341499 6.912885 -62.028816
v -56.404041 11.403846 -57.966480
v -58.591461 9.127846 -57.029018
v -55.466579 13.364887 -56.404045
v -53.904144 9.431185 -57.341499
v 79.528137 6.992878 74.215858
v 75.153320 8.613957 72.965897
v 73.590881 10.240539 77.340744
v 25.155260 12.149087 29.530100
v 27.342680 19.415287 30.467554
v 26.092739 14.932288 32.654976
v 22.967861 18.931276 -14.843184
v 21.717899 21.691875 -15.780645
v 22.030380 17.280897 -13.593224
v 23.592819 22.325417 -15.155664
v 23.280338 19.263916 -16.093126
v 42.654579 12.258945 -58.903965
v 37.967258 5.620188 35.779861
v 37.967258 6.768269 37.342300
v 31.092539 12.148468 -55.466583
v 30.780039 10.186808 -54.529118
v 33.279961 12.489048 -55.154102
v 30.155079 9.945107 -56.716541
v 30.155079 13.423487 -55.154102
v -73.278381 7.515934 -27.655163
v 22.967861 13.959982 -74.528343
v 25.780239 13.125623 -74.215858
v 21.405420 16.911621 -76.403259
v 19.218000 16.658323 -74.215858
v -71.090981 20.040916 63.591259
v -72.340919 23.468018 64.528732
v 49.841801 3.162917 -12.655761
v 45.154480 5.124577 -15.155661
v 46.716919 3.573696 -17.655560
v -24.530300 6.997722 -75.465797
v 29.217621 20.963747 18.593016
v 28.592640 18.485725 19.217995
v 29.217621 21.970205 19.217995
v 27.967661 16.334244 17.030577
v 30.155079 19.656986 17.968035
v 26.717701 10.171562 7.030978
v 23.592819 7.204041 7.030979
v 25.780239 8.183043 9.530878
v 27.967661 13.569362 6.405997
v 27.030201 11.374561 3.281117
v 30.467560 14.246242 7.030977
v 30.155079 16.406879 5.468535
v 30.780039 14.484902 8.280917
v 28.905121 12.887001 4.531077
v -9.218380 6.072442 -72.965897
v -11.093320 5.175842 -73.590881
v -14.843180 1.718824 -64.841217
v 33.904919 22.139282 11.093314
v 31.405020 16.970242 10.468336
v 32.029999 21.330561 12.343254
v 35.154881 20.007940 11.093315
v 34.217419 20.073862 8.280915
v 31.092539 21.549065 13.280734
v -55.154099 12.367595 -22.967863
v -57.966480 14.499536 -24.530304
v -1.718680 2.897430 45.154480
v 0.468740 3.707372 51.091763
v -0.156240 2.208349 40.154682
v -10.468340 2.302349 40.154682
v -11.093320 4.242032 47.966881
v 5.781020 3.882533 54.841599
v 7.968440 4.264615 61.403862
v 28.905121 12.789340 2.656137
v 30.467560 14.196200 2.343656
v 11.093320 1.811610 -42.342102
v 8.593420 13.309976 -14.843183
v 9.530880 8.906297 -11.093323
v 12.030781 14.898097 -14.218204
v -0.468740 9.234055 -20.780441
v -4.843560 8.250176 -17.030582
v -0.468740 11.165182 -78.590683
v 1.093700 13.927022 -75.778297
v -41.092140 8.817187 -53.904144
v -51.716736 6.469793 -32.967461
v -53.279182 9.660071 -33.592442
v -54.529118 7.683773 -31.717522
v -51.716736 6.929371 -36.717319
v -55.466579 10.516392 -34.529900
v -65.466202 26.217619 -10.155866
v -66.716141 26.953077 -10.468347
v -66.091179 24.560518 -8.905906
v -64.528740 22.084959 -10.780826
v -65.778679 25.083597 -11.405807
v -77.965698 7.368230 43.592037
v -79.528137 5.475552 47.654400
v -70.778481 14.950580 -2.656143
v 44.217018 3.801355 -22.342880
v 42.029602 3.897173 -29.842579
v 43.904537 5.040955 -21.092920
v -39.217220 3.211131 -35.779861
v -37.967258 3.100673 -29.842579
v -29.217621 1.392913 -32.967461
v -40.467182 10.108096 68.591080
v -39.529701 7.468957 71.715958
v -72.653419 21.248158 -9.843366
v -71.715958 27.741659 -9.218387
v -72.340919 23.561378 -10.468346
v -73.903358 20.126339 -10.468345
v -73.903358 19.299938 -7.030984
v -71.715958 21.041258 -8.280926
v -70.465996 22.282698 -8.593426
v -54.841599 13.114039 -3.281123
v -54.216644 15.980239 -2.968644
v -54.216644 16.491720 -3.906104
v -57.029018 12.394439 -3.593603
v -66.091179 8.603566 -57.029018
v -64.841217 10.751368 -54.529118
v -62.341316 7.894946 -57.341499
v -70.778481 10.346705 -57.029018
v -20.155460 11.793875 57.029015
v -23.905319 15.679974 56.404037
v -72.965897 24.899260 -11.718307
v -72.965897 21.459337 -13.593225
v -73.590881 24.222399 -11.718307
v -71.715958 32.249081 -11.405809
v 13.593220 18.298334 -19.842985
v 45.154480 16.568634 61.091358
v 31.092539 26.709564 25.155254
v 31.405020 29.204067 24.217794
v 31.092539 28.275106 26.092733
v 32.029999 25.592627 24.842773
v -72.653419 5.175249 37.029800
v -76.403259 4.696129 35.467361
v -75.778297 7.569050 40.467182
v 38.279758 21.433104 9.843354
v 37.029800 18.899542 10.780816
v 38.592239 21.441643 10.780814
v 38.592239 17.624521 9.218376
v 74.215858 3.198320 2.031179
v 75.153320 5.253982 4.843558
v 77.340744 4.940260 1.718679
v 70.465996 3.523041 5.781020
v -73.590881 5.051961 5.781019
v -68.278580 3.444303 10.468339
v -69.528542 4.862741 6.718479
v 71.715958 8.817806 21.405418
v 70.465996 6.046825 22.030378
v 72.028442 10.878345 22.342878
v 30.780039 21.947025 27.967655
v 31.092539 18.685926 28.592634
v 31.405020 24.397566 27.655155
v -78.278198 9.988453 -31.405022
v -13.593220 1.974574 -25.780239
v -51.716736 10.371129 -46.716919
v -51.716736 11.853668 -45.779465
v -50.154301 9.416549 -46.716919
v -54.529118 13.543108 -46.716923
v 54.216644 9.065584 -67.653595
v 27.030201 15.401649 34.842377
v 7.655960 7.147894 -23.280340
v -27.030201 2.922448 -48.279362
v -23.905319 1.400228 -48.591862
v -25.780239 4.011308 -52.029221
v 71.403458 11.519837 75.465797
v 67.653595 12.040457 72.653419
v 69.528542 14.317059 77.653221
v 72.653419 11.751779 75.153320
v 69.841019 8.689036 69.216042
v -13.905701 0.733746 24.217800
v -18.280540 0.565286 27.030201
v -12.968240 1.496066 26.092739
v -23.905319 9.690012 50.466782
v -22.030380 7.064892 48.279362
v -47.966881 7.965156 69.528542
v -45.779461 5.029998 74.840820
v -47.029419 11.239076 66.091179
v 36.404819 10.926546 -60.153900
v 35.467361 10.720246 -57.966480
v 33.592442 10.903344 -62.966278
v 32.967461 13.092066 -59.528923
v 38.279758 8.965505 -62.341316
v 65.153702 1.562611 45.779461
v -79.215660 10.762994 61.403862
v -79.528137 7.537314 58.903961
v -78.278198 11.115174 61.403862
v -31.717520 4.988476 -19.530479
v -34.217419 3.491894 -24.217800
v -29.842579 5.916816 -19.218002
v -32.029999 6.507016 -17.030582
v -32.967461 14.744278 -11.405805
v -25.780239 3.424755 -21.092920
v -43.592037 8.142774 57.653999
v -30.780039 9.085153 55.154099
v 14.530680 17.064837 -14.843184
v 73.903358 0.437116 -16.405600
v 65.153702 0.576274 -22.030380
v 79.528137 0.788677 -12.655760
v 20.467960 12.335239 -1.718683
v 17.655560 8.843440 -0.156242
v 18.593021 9.641780 0.781217
v 30.155079 27.802088 22.030375
v 31.092539 23.931868 21.405415
v 29.530102 21.668707 20.467955
v 31.405020 27.868006 22.655355
v -75.153320 17.343748 -47.341904
v -75.778297 13.964869 -46.404442
v -74.215858 13.432029 -45.466984
v -73.278381 20.057381 -4.843565
v -77.028244 19.067377 -15.155664
v -75.153320 21.245115 -15.780645
v -76.403259 14.616116 -17.968044
v -75.778297 20.620115 -13.593225
v 3.593600 7.175378 73.590881
v 42.654579 8.579792 55.154099
v 38.279758 12.191213 55.154095
v 40.779663 16.704132 57.653996
v -69.841019 24.671598 -9.530886
v -69.528542 23.700539 -8.593426
v -68.278580 21.923199 -9.218386
v -48.904339 4.667423 -68.903564
v -44.217018 3.722604 -68.903564
v -73.590881 12.525667 -56.404045
v -32.654980 12.824739 -10.780823
v -33.904919 16.051039 -11.405805
v -32.654980 11.158497 -9.530883
v -33.904919 13.352077 -10.468343
v 74.528343 10.241758 79.528137
v 79.840637 6.951978 79.840637
v -68.278580 2.526946 26.092739
v -69.216042 2.616666 23.592819
v -65.153702 5.264372 53.904144
v -61.403862 5.858233 55.154099
v -71.090981 5.869233 56.091560
v -59.528919 5.333332 52.654198
v -61.716343 7.468333 57.966480
v -57.653999 7.015453 57.029018
v -46.404438 12.082575 63.903759
v -47.654400 12.674615 64.216240
v -46.716919 8.901435 60.153900
v 7.655960 5.194144 -66.716141
v 18.280540 12.539082 -78.278198
v 10.780820 7.740521 -79.528137
v 20.155460 15.093383 -76.403259
v 67.028641 10.366277 71.403458
v 65.153702 13.147017 72.965897
v 57.653999 12.374936 67.966095
v 60.153900 9.592957 67.653595
v 54.529118 8.860536 63.591263
v 62.028816 6.572356 63.903763
v 32.029999 10.722084 -61.716343
v 72.028442 6.831124 16.405598
v -46.716919 1.917202 6.718480
v -45.154480 1.035263 10.155860
v -28.905121 9.221842 -72.965897
v -35.154881 4.511785 -64.528740
v -65.778679 2.556246 21.717899
v -67.028641 3.598104 17.655560
v -69.841019 3.454066 25.467760
v -19.842979 6.489330 46.091961
v -20.780439 8.030472 46.716919
v -19.842979 7.463451 47.341900
v -53.591660 9.193767 -55.779079
v -56.404041 12.437768 -53.591663
v 27.030201 12.896155 -19.842983
v 31.405020 8.930717 -17.655561
v 28.905121 9.359795 -21.092922
v -73.903358 19.931635 -15.468145
v -72.340919 23.020617 -14.843186
v -71.715958 19.647816 -15.468145
v -74.528343 20.809315 -13.905705
v 31.717520 21.433107 26.717695
v 15.155660 3.696370 -41.092140
v 17.655560 6.450250 -40.467182
v 14.218201 2.760691 -37.654778
v 19.218000 8.914230 -40.154682
v 22.342880 13.684714 -22.967865
v 22.030380 18.563854 -22.030386
v 23.592819 14.221834 -22.655365
v -20.780439 12.742975 58.903957
v -20.780439 14.364675 60.778877
v -67.341118 20.828238 -8.905906
v -67.653595 28.786579 -9.843367
v -65.778679 20.430288 -49.529324
v -21.092920 13.229415 63.278774
v -24.530300 14.885296 65.466202
v 33.904919 15.263085 23.280334
v -62.028816 12.874817 72.340919
v -66.716141 9.927438 73.590881
v -64.841217 7.847978 76.403259
v 2.656140 11.454517 -10.468343
v -75.465797 13.488195 -18.905525
v -74.840820 16.054094 -18.593025
v 17.655560 16.165798 -12.343264
v 18.280540 19.297480 -11.405806
v 18.593021 18.004776 -13.280744
v -72.028442 7.292554 58.591461
v -35.467361 15.524918 -10.468344
v -36.717319 11.453298 -7.655963
v -34.529900 11.859778 -7.655963
v -36.717319 13.977077 -11.405804
v 44.841999 3.512669 34.217419
v -65.778679 8.269094 -24.842781
v -63.278778 11.702314 -24.217802
v -62.341316 9.432414 -25.467762
v -64.216240 9.435474 -22.342882
v -62.341316 12.366975 -23.905321
v -60.466381 10.242353 -25.155262
v -17.343081 12.181457 68.591080
v -19.842979 12.900435 65.778679
v -20.780439 12.280936 68.278580
v -15.780640 11.231134 67.028641
v -16.093121 11.727955 64.216240
v 13.593220 4.718115 62.653801
v 15.155660 4.498374 58.903961
v 10.468340 4.969573 59.841419
v 15.780640 6.290375 65.153702
v 16.718100 5.909515 60.153900
v 2.656140 4.910975 62.653801
v -63.903763 16.643078 -7.343463
v -66.091179 16.907978 -7.343463
v -61.403862 9.381760 -2.031182
v -65.466202 21.080318 -8.280926
v -63.591263 24.255959 -9.530886
v -66.403664 18.009659 -7.968444
v -51.091763 0.701404 16.093121
v 18.280540 6.532660 2.968638
v 18.280540 4.062582 7.655959
v 21.717899 8.216002 3.593598
v 21.092920 11.369680 0.156237
v -0.468740 6.124935 -22.030382
v -0.156240 3.778754 -24.530300
v 25.780239 13.340487 23.280334
v 26.405220 17.171646 22.655357
v 41.092140 14.122327 -49.841805
v 37.029800 10.770908 -52.654198
v 27.655161 10.494426 -57.029018
v 29.530102 10.808148 -55.466579
v 29.217621 9.732708 -54.216644
v 29.842579 7.975508 -49.216820
v 32.654980 8.501027 -49.841801
v 32.029999 9.042407 -52.966682
v 27.967661 9.422647 -51.716736
v 32.967461 17.578146 20.780434
v 31.717520 24.177845 21.717894
v 34.842381 14.995144 18.905518
v 31.717520 20.141006 18.905516
v 30.780039 24.857765 19.842974
v 33.904919 3.621919 79.528137
v 39.842201 3.015239 79.840637
v 2.343660 15.885637 -13.593224
v 0.156240 20.225817 -13.905705
v 55.779079 11.820103 -69.528542
v 54.841599 7.536063 -70.465996
v 56.716541 11.860984 -69.216042
v 56.091560 11.638204 -70.778481
v 65.778679 6.308041 -78.590683
v 60.466381 5.340021 -79.528137
v -71.090981 17.968128 -52.341702
v -71.403458 22.466410 -51.404240
v -69.216042 18.804928 -51.404240
v 67.653595 7.401162 -75.465797
v 66.403664 8.308763 -76.715759
v 74.528343 4.119968 33.904919
v 76.090782 7.185128 33.904919
v 75.153320 4.665009 35.779861
v 32.654980 7.243110 44.841999
v -60.153900 3.075022 -71.090981
v -55.779079 4.444022 -75.153320
v -57.341499 3.163522 -75.153320
v 27.967661 19.197407 31.717514
v 64.841217 12.985246 -62.653805
v 63.591263 13.589485 -63.903767
v 61.716343 13.439965 -61.091366
v 65.778679 14.954226 -62.028820
v 64.841217 12.785065 -63.591267
v 77.653221 7.503131 48.279362
v 77.028244 7.527532 50.154301
v 79.528137 8.678652 47.341900
v 79.215660 7.835772 46.404438
v -71.090981 29.918158 -9.530887
v -46.091961 3.183079 79.528137
v -50.466782 3.601179 79.528137
v -50.466782 3.922839 78.903160
v 64.528740 14.653945 -64.528740
v 62.966278 13.674326 -58.278984
v -75.465797 20.017078 -9.843365
v -76.403259 19.526978 -11.405806
v -18.280540 9.138250 46.091961
v -18.593021 10.040353 49.841801
v -17.030581 9.674752 50.466782
v 31.717520 11.248206 -59.841419
v 29.217621 12.240005 -59.528923
v 28.905121 14.559360 -0.156243
v 28.280140 17.261360 -3.281124
v 26.405220 14.520901 -0.156243
v 29.217621 15.343660 1.093697
v 30.780039 15.493179 -0.781223
v 14.843180 4.862147 31.717520
v -6.718480 3.222741 4.843558
v -74.528343 3.358847 32.967461
v -78.590683 7.640449 37.654778
v -13.280740 7.108853 56.091560
v -9.530880 7.702713 59.841419
v -14.843180 9.306092 54.841599
v -17.030581 9.090033 55.154099
v -16.718100 11.835995 57.341496
v 19.842979 25.288055 -14.530686
v 27.030201 17.332787 21.405416
v -74.528343 21.072996 -12.968246
v 18.593021 5.413269 -47.029419
v -70.153519 13.246488 -54.216648
v -67.653595 14.652727 -52.654202
v -36.717319 6.395959 74.840820
v -33.279961 7.205899 76.090782
v -35.467361 8.418037 71.715958
v 33.592442 7.332817 -16.718102
v 33.592442 8.670717 -13.905703
v 37.029800 6.772517 -15.468142
v 62.653801 5.868581 -75.153320
v 71.403458 7.996862 -73.590881
v 61.091362 5.210021 -78.278198
v -15.155660 13.875178 75.153320
v -9.843360 13.641398 75.778297
v -51.716736 18.944696 -17.030586
v -53.279182 14.859635 -17.030584
v -54.841599 13.258695 -22.655365
v 70.153519 10.587803 -69.528542
v -25.467760 2.806481 4.531080
v -22.655361 1.346522 8.593420
v 76.403259 10.686086 20.467958
v 74.528343 9.330505 21.405418
v 75.465797 9.771786 22.342878
v -27.655161 10.813659 73.278381
v -26.405220 13.953897 71.090981
v -27.342680 12.918757 70.153519
v -24.530300 11.668157 71.403458
v -30.155079 10.274717 72.653419
v -26.092739 16.223177 69.528542
v 56.716541 15.291768 -54.216648
v 54.529118 17.191767 -56.091564
v 55.154099 13.551647 -52.966686
v 56.716541 16.364748 -57.029022
v -72.028442 31.873089 -48.279369
v -56.091560 21.281118 -7.968444
v -59.528919 12.014199 -2.656143
v -60.153900 20.184937 -7.655964
v -62.028816 13.427758 -5.781024
v 36.717319 8.988700 -0.781222
v 34.529900 12.440220 2.031177
v 38.904739 9.200501 2.968638
v 18.905521 14.248662 -73.278381
v 17.343081 13.190942 -75.778297
v -27.342680 3.543180 0.156239
v 1.406200 10.321683 -74.528343
v 39.842201 12.587935 62.028812
v 37.967258 14.484295 60.153896
v 36.404819 9.186475 63.903763
v 31.405020 14.392126 30.155075
v 29.530102 17.888208 32.029995
v 29.530102 20.787966 29.217615
v 29.842579 14.972569 33.279957
v 18.905521 5.154514 58.278980
v 18.593021 5.264374 61.091362
v 25.467760 6.229935 62.341316
v 77.965698 6.936109 36.717319
v 76.403259 7.540969 36.404819
v 77.340744 5.681229 38.592239
v 51.404236 2.743003 14.530680
v 55.779079 2.353004 17.343081
v 54.529118 2.352386 21.717899
v 57.029018 3.399146 23.592819
v -10.468340 7.642879 -3.593601
v -70.153519 7.433541 3.906099
v 23.905319 7.612351 -37.967258
v -46.091961 15.701318 -8.905904
v -47.341900 16.099258 -9.530884
v -47.341900 21.162718 -8.593426
v -44.217018 14.478777 -9.218383
v -30.155079 12.299855 60.153896
v -28.592640 12.151534 58.591457
v -31.092539 10.585394 58.903961
v -29.842579 16.481974 61.403858
v -28.280140 13.895915 61.091358
v 39.842201 19.472042 7.343454
v -23.905319 11.179252 52.966682
v -33.592442 8.097599 -6.093523
v 27.655161 33.002258 -7.655967
v 29.217621 18.385620 -3.593604
v 30.155079 19.900520 -5.468545
v 58.903961 4.987250 -44.529499
v 57.029018 6.071830 -44.217018
v 59.528919 3.436970 -41.404640
v 57.029018 9.835249 -48.591862
v -25.780239 15.687897 67.966095
v -23.280338 13.560235 67.028641
v 37.029800 7.778984 -65.466202
v 25.780239 16.384893 -21.092924
v 26.092739 12.594635 -21.717901
v 56.404041 12.519577 69.528542
v 55.779079 9.834057 72.965897
v 60.778881 12.471377 70.778481
v 51.404236 10.568297 71.715958
v 50.154301 6.893399 75.465797
v 72.340919 5.253983 8.280919
v 72.028442 7.060002 10.468338
v 68.591080 4.182203 11.405800
v 68.903564 4.922564 16.093121
v 65.153702 3.644503 12.030780
v 66.091179 4.359823 16.093121
v 63.591263 3.076862 8.593419
v -68.591080 12.534237 72.653419
v -70.778481 9.082098 74.528343
v -58.278980 12.484176 68.591080
v -69.216042 13.204396 70.465996
v 40.467182 6.338571 -35.154881
v 39.842201 6.055350 -39.842201
v -52.341698 3.146450 45.154480
v -60.778881 4.135204 -67.653595
v -61.403862 6.444765 -65.153702
v -60.778881 5.828305 -62.653801
v -64.528740 4.912164 -66.091179
v -5.781020 14.601441 -78.278198
v -3.281120 13.486342 -77.965698
v -5.468540 15.071421 -79.528137
v -54.216644 11.839056 64.528740
v -51.716736 9.292054 61.403862
v -55.466579 9.524594 61.403862
v -53.904144 11.214655 66.403664
v -54.216644 7.743613 58.591461
v -54.529118 6.482012 53.591660
v -48.904339 7.204673 55.466579
v 16.405600 14.703382 -74.215858
v 15.468140 12.584241 -73.278381
v 52.341698 1.806752 47.654400
v 56.716541 0.966290 43.592037
v -8.280920 7.467115 61.403862
v -11.093320 11.225034 61.091362
v 57.029018 6.388602 -77.653221
v 56.716541 7.390801 -79.528137
v 55.154099 5.327201 -78.903160
v 22.342880 15.339380 0.156236
v 22.655361 15.612201 -2.031184
v 23.905319 14.522739 -1.718683
v 22.655361 19.482420 -3.593604
v -18.280540 2.889483 -69.841019
v -18.905521 5.007382 -74.528343
v -71.403458 29.501289 -47.966888
v -62.028816 14.939590 -41.404644
v 26.405220 15.869159 -3.281124
v -46.404438 4.362873 -25.780239
v -48.904339 4.658893 -31.717520
v 46.091961 13.103075 62.028812
v 46.404438 13.449154 60.778877
v 47.654400 15.348556 64.216240
v 48.904339 11.539356 62.653801
v 51.091763 10.872255 62.028816
v 49.841801 7.387153 58.903961
v 46.091961 11.226254 60.153900
v -54.841599 13.331358 69.841019
v 53.279182 7.723450 -46.716919
v 53.279182 5.994930 -44.217018
v -48.904339 13.502239 -6.093524
v -46.716919 11.951940 -5.781023
v -45.779461 17.243658 -7.030984
v -44.529499 8.670719 -4.531083
v -57.029018 14.674695 -21.717903
v 11.093320 9.634444 -68.903564
v 67.341118 12.701478 77.965698
v 64.216240 8.822697 68.591080
v -12.030781 3.391194 -21.717899
v 68.903564 9.595985 -57.966480
v 71.715958 7.925467 -56.716541
v 19.842979 8.278246 -60.778881
v 23.280338 10.860649 40.154682
v 26.092739 11.132250 42.967079
v 65.153702 5.761184 17.030581
v 67.341118 4.979324 17.968040
v 9.218380 6.665714 -23.905321
v 13.593220 8.374694 -24.217802
v 8.905900 4.881054 -25.467760
v 9.530880 10.785554 -22.030382
v -67.653595 18.408218 -8.280924
v -68.903564 27.492018 -10.468347
v -69.841019 29.889479 -10.155867
v 75.778297 12.414584 18.593019
v 78.590683 9.997003 14.218198
v 74.528343 9.967704 17.968039
v 73.903358 12.002004 18.905519
v 66.403664 3.408285 21.405420
v -58.278980 10.066594 59.841419
v 52.029221 10.673275 65.153702
v 52.341698 10.363834 61.716343
v 52.029221 7.634355 60.153900
v 52.029221 5.160613 57.029018
v 46.091961 4.891452 52.341698
v 27.342680 9.217567 -53.904144
v 27.342680 10.734908 -52.341698
v -44.529499 3.590161 -79.528137
v -55.779079 4.714421 -78.590683
v -52.029221 4.069881 -77.965698
v 17.655560 10.443764 -69.528542
v 8.280920 2.126547 -57.341499
v -3.906100 0.829547 -57.029018
v 65.153702 5.623875 62.341316
v 12.655760 5.431609 37.654778
v -46.091961 8.101848 -53.591660
v -14.843180 11.727356 62.653797
v -16.093121 17.105734 61.091358
v 70.153519 7.511664 19.217999
v 41.717117 4.661946 27.655161
v -55.154099 13.818388 -47.341904
v -55.154099 17.951670 -46.404442
v -57.653999 20.355827 -47.029423
v -54.841599 14.118669 -45.154484
v -53.591660 14.772348 -44.217022
v -7.968440 9.404377 71.715958
v -44.217018 10.007366 -58.903961
v -43.592037 14.340225 -58.903965
v 6.718480 9.852338 -11.718304
v 8.280920 13.407617 -17.343084
v 4.843560 8.309377 -8.905902
v -27.655161 11.400193 56.404041
v -24.530300 17.939474 57.341496
v 20.155460 17.152714 -20.780443
v -1.718680 21.172480 -8.905906
v 42.029602 3.817858 76.715759
v 48.591862 4.699199 79.528137
v 38.279758 5.048309 38.279758
v -61.403862 1.514387 32.654980
v -65.778679 3.090310 39.217220
v -45.779461 3.451001 -78.903160
v -55.466579 6.231122 -77.340744
v -0.156240 11.499661 -79.840637
v -39.529701 12.246756 66.091179
v 38.592239 7.720390 -43.592037
v -68.278580 28.400837 -12.655766
v 13.905701 11.242083 -71.715958
v 14.218201 14.346322 -73.590881
v 12.343260 11.751123 -72.965897
v 9.843360 8.410682 -77.028244
v 12.030781 14.313981 -75.465797
v 15.155660 16.129164 -74.215858
v -73.903358 12.933375 -18.593025
v -73.903358 16.156017 -16.718103
v -73.903358 10.398595 -20.467962
v 35.154881 5.728201 -78.278198
v 32.342480 8.507722 -75.465797
v 32.967461 7.742362 -72.965897
v 30.780039 7.859541 -79.528137
v -78.903160 17.933977 -16.093126
v 10.155860 1.745071 -36.092342
v 78.278198 9.986021 6.093518
v 79.215660 9.928023 9.218377
v 79.528137 9.773621 4.843557
v -13.905701 1.352027 30.467560
v -14.843180 2.519009 35.779861
v -10.155860 0.653786 21.405420
v -4.218580 0.570786 23.905319
v 25.155260 7.037412 -34.842381
v 25.155260 12.548855 -22.342882
v 21.092920 6.315973 -30.155081
v 27.030201 8.396654 -24.530302
v -66.716141 32.933281 -11.093328
v 20.467960 21.089476 -13.280746
v 49.216820 13.750655 67.028641
v 48.591862 9.820618 69.528542
v 49.841801 12.520815 65.466202
v 51.716736 13.799496 66.716141
v 42.029602 11.618714 57.341499
v 44.217018 8.743354 57.029018
v 40.467182 6.542432 50.779263
v -33.904919 14.009435 63.591259
v -33.279961 17.955357 66.403664
v 5.468540 2.141209 38.592239
v 10.468340 3.180629 37.967258
v 10.468340 3.209929 37.029800
v 51.404236 7.235782 5.156039
v 47.029419 2.880333 -29.530102
v 44.217018 4.246291 -35.467361
v 45.154480 8.522388 -45.466980
v 51.091763 8.497369 -47.029419
v 45.779461 11.629068 -47.966881
v 43.592037 6.169490 -41.404640
v 54.529118 3.162311 -36.717319
v 42.967079 9.115648 -45.779461
v 27.967661 8.855655 58.903961
v 29.842579 8.550494 60.778881
v 27.342680 8.402172 54.216644
v 22.967861 6.331873 55.154099
v 25.467760 8.379592 49.841801
v -55.466579 12.553756 67.653595
v 75.153320 4.151089 38.279758
v 76.090782 4.126670 42.654579
v -2.656140 11.917741 -79.215660
v 75.778297 6.925132 52.029221
v 73.590881 4.238992 50.466782
v 74.840820 8.862372 53.591660
v 77.028244 7.372512 53.904144
v 15.155660 13.328262 -75.465797
v 15.155660 13.188501 -77.340744
v 53.591660 15.496225 -58.903965
v 8.905900 6.354441 3.906099
v 34.529900 14.533114 58.591457
v 37.654778 17.302275 57.966476
v 39.529701 14.813274 58.278976
v 46.091961 16.433727 -49.841805
v 49.841801 12.672148 -48.904343
v 54.216644 3.173926 26.092739
v 49.529320 2.595306 21.717899
v 54.529118 1.539407 28.905121
v -16.718100 2.246181 4.531080
v 76.403259 15.864864 -62.028820
v -17.343081 8.136642 -78.278198
v 78.903160 13.885531 49.841797
v -62.341316 9.713819 75.465797
v 23.280338 10.853921 3.593597
v 32.967461 16.339739 5.468535
v -63.903763 14.078987 -52.029224
v -65.466202 15.928967 -52.341702
v -64.216240 16.074228 -50.154305
v -39.529701 6.967218 -3.593601
v 73.590881 6.262892 53.904144
v 16.093121 17.036755 -18.593025
v -12.343260 8.583454 59.841419
v -10.780820 3.191001 3.906100
v 62.341316 11.287865 -64.841217
v 59.528919 11.555804 -64.841217
v 67.028641 17.459103 -65.153702
v 59.841419 11.730985 -66.716141
v 26.717701 25.424780 -7.343466
v 24.217800 20.767818 -6.093525
v 67.341118 15.302124 -63.903767
v -33.592442 1.140849 35.154881
v -32.029999 2.652069 39.529701
v -27.030201 1.292829 34.842381
v -40.154682 1.876329 40.154682
v -24.842779 1.970929 39.217220
v 45.779461 2.929167 27.967661
v -60.778881 17.427994 -22.967865
v -61.403862 13.439354 -22.342884
v 40.154682 11.308641 5.468537
v -52.029221 22.739237 -16.093126
v 73.590881 10.576225 22.967859
v -65.778679 8.853821 5.468539
v 9.843360 20.986935 -20.467966
v 23.592819 19.635614 -18.905527
v 23.592819 22.228373 -20.467966
v 22.030380 18.485115 -18.280546
v -20.467960 9.810258 76.090782
v 59.528919 15.481586 -58.278984
v 58.591461 15.944827 -54.529121
v -60.466381 15.955213 -35.154884
v 79.528137 13.798863 11.093317
v 79.840637 4.584420 0.156239
v 78.903160 9.367122 3.593598
v -70.465996 19.378649 -45.779465
v -71.715958 14.104031 -43.904541
v 18.593021 23.836655 -18.280546
v 15.780640 23.427715 -17.343086
v 39.842201 4.015561 -79.840637
v 43.904537 17.885746 -56.404045
v 44.217018 19.222406 -57.654003
v 45.466980 34.381027 -51.404243
v 33.904919 23.066402 13.280734
v 34.529900 23.834822 12.343254
v 33.592442 21.639404 12.655754
v 34.217419 23.786003 15.780634
v 36.404819 16.810925 13.280736
v 79.528137 9.814483 -72.653419
v -62.653801 16.325689 -51.404240
v -74.215858 5.519462 -74.840820
v -79.528137 6.539362 -75.778297
v 16.718100 10.805718 -6.406003
v 8.905900 15.144674 -20.780443
v 2.031180 3.406454 -25.780239
v 17.655560 3.007285 21.092920
v 32.342480 15.084860 2.031177
v 32.342480 17.196060 3.906096
v 5.468540 14.127822 -74.215858
v 15.780640 18.150621 -74.528343
v -71.403458 30.317936 -14.530686
v 16.093121 8.864185 -64.216240
v -77.965698 18.354498 -8.593424
v -52.029221 9.411077 68.591080
v 45.466980 22.233868 -50.779266
v 44.529499 14.013088 -49.216824
v 35.154881 17.272362 6.718475
v -67.341118 19.383530 -50.154305
v -67.653595 20.620108 -51.091766
v -70.778481 23.158548 -49.841805
v -71.403458 28.858589 -48.904346
v -69.528542 23.385590 -47.029423
v 28.905121 21.156618 -12.343266
v -25.155260 5.573195 -16.405600
v -27.967661 7.832696 -14.218203
v 19.530479 15.206317 -10.780824
v 18.905521 14.708278 -10.155864
v 17.343081 13.801917 -10.468343
v 17.968040 16.174337 -9.530884
v -59.216442 20.100689 -46.716923
v -58.278980 23.922089 -47.654404
v 30.467560 14.376237 -11.718304
v 28.592640 26.693075 -12.655766
v 44.529499 4.917692 50.466782
v 61.403862 2.301726 23.905319
v 30.155079 12.866842 -69.841019
v 27.342680 11.859162 -71.403458
v 29.530102 11.003442 -72.653419
v 21.405420 20.666494 -20.780445
v -43.592037 7.192453 53.591660
v -7.030980 5.473700 1.093699
v -7.343460 5.482862 3.593599
v -1.406200 25.210539 -9.843366
v 2.031180 9.736998 -7.030983
v -27.655161 12.455493 53.904140
v 28.280140 26.141317 -8.905906
v -74.840820 7.379239 79.215660
v -76.090782 9.788278 74.215858
v -79.840637 9.467238 79.840637
v -24.217800 2.058194 -25.467760
v -17.343081 2.400594 -23.280338
v -48.279362 8.579148 -44.529499
v -52.341698 10.905788 -44.217018
v 23.592819 16.655300 -3.593604
v -78.278198 21.859135 63.278774
v -75.153320 14.543495 66.091179
v 13.905701 2.283439 79.528137
v 37.967258 9.055244 19.217999
v 37.029800 8.020079 -4.843562
v -2.031180 15.693998 -3.281124
v -13.280740 9.991515 62.028816
v 55.466579 19.942007 -57.654003
v 57.653999 16.403807 -53.279186
v 53.591660 15.129405 -57.029022
v 55.466579 17.973627 -59.216446
v 33.279961 10.897866 -56.716541
v -32.967461 11.978817 70.153519
v 57.653999 11.531407 -51.404236
v 49.841801 19.152828 -51.091766
v -17.968040 14.835258 73.278381
v -17.030581 13.178158 74.840820
v 41.717117 8.653017 -13.593222
v 43.592037 5.497516 -16.405600
v -53.904144 6.697472 50.154301
v -51.091763 8.945373 51.404236
v -57.653999 6.491772 48.279362
v -72.340919 23.640108 -49.529324
v -26.092739 2.459787 -54.529118
v -21.092920 1.567465 -61.091362
v -29.530102 2.595285 -59.841419
v -20.467960 1.140827 -53.279182
v 79.215660 9.067452 53.591660
v 79.528137 13.378952 50.154297
v 78.590683 8.288652 55.154099
v -59.841419 4.502651 45.779461
v -61.403862 4.825531 43.904537
v -57.341499 4.120571 45.779461
v 70.153519 0.654397 -9.843360
v 39.217220 14.022254 59.841415
v 79.840637 7.363970 40.154682
v 19.530479 7.169850 -40.779663
v 24.217800 11.339151 -35.779861
v -73.903358 23.217157 65.153702
v 31.717520 22.434685 16.093115
v 4.531080 0.727643 13.593220
v 30.467560 11.840841 -73.903358
v -74.215858 24.709454 63.903759
v -42.654579 7.034970 -43.279564
v -43.592037 10.971708 -44.529499
v 66.716141 1.903780 2.031180
v -73.590881 20.679918 -6.093525
v -75.465797 25.523039 -7.030986
v 55.779079 2.057573 -32.029999
v -79.528137 17.100227 -59.528923
v 36.092342 12.877853 56.404037
v -70.465996 26.642416 -14.530686
v -69.841019 23.166477 -13.593225
v 39.217220 17.297382 11.718297
v 38.592239 15.607943 12.030777
v -50.466782 7.467087 -56.716541
v -16.093121 5.919890 41.404640
v 23.280338 23.585176 -7.030986
v -32.342480 7.498852 47.966881
v 40.467182 18.027363 9.530876
v -44.529499 3.650593 -32.654980
v -47.029419 5.272890 -38.904739
v 51.091763 3.810481 -78.278198
v 6.406000 10.517637 74.840820
v 58.591461 18.918446 -58.591465
v 40.779663 17.856474 58.591457
v 24.842779 16.843279 0.156236
v -26.405220 16.904337 65.778679
v -25.155260 18.762238 66.091179
v -26.717701 14.028975 62.653797
v -21.405420 15.022615 65.153702
v -44.529499 9.946328 -45.779461
v -45.154480 7.705750 -43.904537
v -1.093700 5.742275 64.841217
v 67.653595 14.776625 -66.091179
v -44.529499 16.122458 -7.343463
v -41.404640 7.174139 -3.593601
v -79.528137 10.358309 -44.841999
v 61.091362 1.435640 -3.281120
v -61.403862 13.949611 -36.717323
v -73.590881 12.022757 69.841019
v -75.778297 10.872257 68.591080
v -9.530880 11.923278 77.965698
v -50.779263 7.995049 -42.029602
v 73.278381 1.543059 -3.281120
v 20.780439 13.011484 -61.716347
v 67.966095 16.373320 79.528137
v 32.654980 22.449324 14.843174
v 36.092342 13.722565 16.718096
v 34.217419 20.729366 17.655554
v 32.967461 28.552824 13.905694
v 31.717520 22.039783 14.218195
v -4.531080 9.792558 73.590881
v -59.216442 20.259392 -35.467365
v -57.029018 15.797751 -35.154884
v -59.528919 18.383793 -36.404823
v 32.029999 17.558605 27.655157
v 68.591080 4.325653 56.091560
v 55.779079 18.980087 -60.153904
v -78.903160 17.536009 -49.529324
v 8.280920 14.771754 -19.218004
v 62.653801 3.776325 18.905521
v 60.466381 3.061603 15.155659
v -67.653595 8.510801 3.906098
v -68.903564 10.949141 2.968637
v -77.340744 24.241320 -8.905906
v -54.529118 11.553371 -42.967079
v 58.903961 3.446743 11.405800
v -74.840820 23.324558 -13.593225
v 61.716343 10.495679 74.840820
v 32.342480 28.280603 13.280733
v 79.528137 13.284355 64.841217
v 16.093121 11.403239 -5.156043
v -76.090782 11.670563 -71.715958
v 79.528137 2.451259 -3.281121
v 23.592819 12.656280 1.093697
v 17.655560 4.381791 -35.154881
v -42.342102 10.631147 -53.904144
v -44.217018 9.450106 -57.341499
v -69.841019 6.665739 78.903160
v -76.403259 18.236698 -7.030984
v -77.653221 16.540539 -7.655963
v -75.778297 21.612537 -7.655964
v 32.967461 6.423396 -21.405422
v -79.215660 5.951013 55.779079
v -43.279564 11.576567 -57.653999
v -6.093520 16.708382 -78.903160
v 9.843360 18.503414 -18.593027
v -20.780439 11.347717 72.340919
v -55.466579 10.761751 -40.779663
v 27.342680 11.351992 46.404438
v 4.218580 9.576458 -6.718483
v 63.278778 0.839950 39.842201
v -61.716343 23.092628 -46.716923
v -70.465996 4.517909 36.092342
v -70.465996 25.890469 -46.716927
v -28.592640 11.295238 74.528343
v 50.779263 4.047301 -79.528137
v 43.592037 10.226477 -12.968243
v 40.154682 4.604556 -20.467960
v 47.341900 23.754250 -51.091766
v 61.716343 6.143263 11.718300
v 65.153702 11.439280 79.528137
v 78.590683 15.463283 11.718297
v -29.217621 8.496171 46.091961
v -78.590683 7.388993 58.591461
v -75.778297 6.478954 57.341499
v -78.903160 18.748196 63.278774
v -76.090782 21.032089 -48.591866
vn 0.1726 0.5158 -0.8392
vn 0.3991 0.7987 -0.4503
vn 0.1059 0.8663 -0.4882
vn 0.2591 0.7949 -0.5486
vn 0.5505 0.7463 -0.3743
vn 0.7194 0.6788 -0.1474
vn 0.2893 0.8479 -0.4442
vn 0.4665 0.8314 -0.3019
vn 0.7696 0.5600 -0.3068
vn 0.2314 0.8731 -0.4291
vn 0.1864 0.9568 -0.2230
vn 0.5195 0.8411 -0.1506
vn -0.6654 0.6897 0.2856
vn -0.6780 0.7346 0.0277
vn 0.3709 0.8551 0.3624
vn 0.1148 0.6621 0.7406
vn -0.4119 0.4081 0.8147
vn -0.4275 0.8518 0.3029
vn 0.0352 0.9660 0.2561
vn -0.1104 0.9934 0.0319
vn -0.2095 0.9703 0.1209
vn -0.0874 0.9676 0.2367
vn -0.2165 0.9738 -0.0694
vn -0.3601 0.9328 -0.0103
vn 0.0899 0.9900 0.1088
vn 0.0215 0.9991 0.0355
vn 0.0340 0.9966 0.0745
vn -0.0116 0.9280 0.3723
vn -0.0666 0.9690 0.2381
vn -0.1388 0.9548 0.2630
vn -0.0329 0.9974 0.0638
vn -0.0168 0.9460 0.3237
vn 0.7321 0.6799 -0.0433
vn 0.6042 0.7940 0.0669
vn 0.6502 0.7594 0.0223
vn 0.8552 0.4973 0.1464
vn 0.8654 0.4669 0.1821
vn 0.4051 0.8425 0.3551
vn 0.4427 0.8358 0.3247
vn 0.3020 0.9487 0.0937
vn 0.1381 0.9662 0.2176
vn 0.3941 0.8616 0.3198
vn 0.4712 0.7454 0.4714
vn 0.8970 0.4115 -0.1616
vn 0.7857 0.5708 -0.2385
vn 0.7831 0.5697 -0.2496
vn 0.8552 0.4036 -0.3251
vn -0.4766 0.8779 -0.0461
vn 0.6185 0.4442 0.6482
vn -0.4318 0.5178 0.7385
vn -0.8908 0.3902 0.2329
vn -0.7946 0.6022 -0.0771
vn -0.2579 0.5695 -0.7805
vn 0.1740 0.9268 0.3328
vn -0.5039 0.3428 0.7928
vn -0.5718 0.8062 -0.1521
vn -0.7893 0.3123 0.5286
vn -0.1272 0.9858 -0.1098
vn -0.1900 0.9817 0.0133
vn -0.2058 0.9784 0.0201
vn -0.1425 0.8537 0.5008
vn 0.0066 0.9850 -0.1722
vn -0.0412 0.9083 -0.4163
vn 0.0675 0.9977 0.0090
vn -0.1405 0.3744 -0.9166
vn 0.4579 0.6443 -0.6125
vn 0.0363 0.9274 0.3722
vn 0.6957 0.6458 -0.3145
vn 0.5388 0.5481 -0.6398
vn 0.2550 0.7797 -0.5719
vn 0.0746 0.6623 -0.7455
vn 0.5554 0.7831 -0.2798
vn 0.4967 0.7668 -0.4065
vn 0.6427 0.7048 0.3005
vn 0.4500 0.8696 0.2031
vn 0.6750 0.5150 0.5284
vn 0.7801 0.5323 0.3289
vn -0.3938 0.2721 0.8780
vn -0.0007 0.3758 0.9267
vn 0.2831 0.9165 0.2827
vn -0.2247 0.5249 0.8210
vn -0.2987 0.5882 0.7516
vn -0.5237 0.7711 0.3622
vn -0.5711 0.7440 -0.3467
vn -0.3668 0.8595 -0.3561
vn 0.3774 0.6935 -0.6137
vn 0.3793 0.4235 -0.8227
vn 0.1418 0.4747 -0.8687
vn 0.3369 0.8758 -0.3457
vn 0.7532 0.5304 -0.3892
vn -0.6137 0.7209 0.3220
vn -0.6063 0.7449 0.2785
vn -0.5587 0.6914 0.4581
vn -0.3206 0.9449 0.0658
vn -0.4598 0.7221 0.5169
vn -0.4862 0.6995 0.5238
vn 0.1294 0.9876 -0.0890
vn -0.6682 0.5593 -0.4906
vn 0.0338 0.9798 0.1973
vn 0.0375 0.7074 0.7059
vn 0.1100 0.9357 -0.3353
vn -0.1374 0.9219 -0.3624
vn -0.3561 0.8656 -0.3521
vn 0.0524 0.9103 -0.4106
vn -0.5979 0.7795 -0.1867
vn -0.2324 0.8739 -0.4269
vn 0.7783 0.5899 -0.2150
vn 0.3357 0.8156 0.4713
vn 0.1654 0.9851 0.0477
vn 0.2549 0.6983 -0.6689
vn 0.6055 0.7639 0.2234
vn 0.2518 0.4900 -0.8346
vn 0.5020 0.5812 -0.6405
vn 0.5028 0.6869 -0.5248
vn 0.0611 0.7551 -0.6528
vn -0.1313 0.9108 -0.3913
vn 0.0628 0.9966 0.0541
vn -0.8872 0.4517 0.0944
vn -0.7428 0.5411 -0.3942
vn 0.1861 0.7077 -0.6815
vn -0.0508 0.7117 -0.7006
vn 0.1682 0.6935 -0.7006
vn 0.3064 0.8877 -0.3435
vn 0.4807 0.8563 -0.1890
vn 0.5682 0.4249 0.7047
vn 0.5547 0.8189 0.1473
vn 0.8480 0.4592 -0.2645
vn 0.7184 0.5947 0.3607
vn 0.6499 0.6576 0.3811
vn 0.7630 0.5650 -0.3140
vn 0.9376 0.2584 0.2327
vn 0.8314 0.3808 0.4047
vn -0.1437 0.9337 0.3279
vn -0.5218 0.7634 0.3808
vn -0.2398 0.6776 0.6952
vn -0.4052 0.9108 0.0786
vn -0.4724 0.8736 0.1170
vn 0.1133 0.9898 -0.0860
vn 0.1131 0.9932 -0.0290
vn 0.0360 0.9640 -0.2633
vn 0.2016 0.9704 -0.1333
vn 0.2020 0.9759 -0.0823
vn -0.4525 0.8869 -0.0929
vn -0.1225 0.8049 -0.5806
vn -0.2617 0.8522 -0.4530
vn -0.4715 0.8611 -0.1903
vn -0.2936 0.8988 -0.3255
vn -0.3812 0.8377 -0.3911
vn -0.1141 0.9698 -0.2156
vn -0.2748 0.7935 -0.5430
vn 0.0430 0.8385 -0.5431
vn -0.1333 0.8519 -0.5064
vn -0.6381 0.7275 0.2520
vn -0.6389 0.6870 0.3462
vn 0.4360 0.8639 0.2521
vn -0.6704 0.6824 0.2914
vn -0.3298 0.8412 0.4284
vn 0.6347 0.5932 -0.4953
vn 0.8449 0.4441 -0.2984
vn 0.7496 0.6606 -0.0408
vn 0.2236 0.8663 -0.4466
vn 0.6053 0.4126 -0.6807
vn -0.1630 0.4899 0.8564
vn -0.0773 0.3459 0.9351
vn -0.1103 0.3693 0.9227
vn -0.2027 0.7998 0.5650
vn 0.1279 0.7592 0.6382
vn 0.0009 1.0000 -0.0058
vn -0.0111 0.9964 -0.0838
vn -0.0165 0.9990 -0.0416
vn 0.0319 0.9995 -0.0016
vn 0.0035 0.9963 -0.0855
vn -0.3441 0.9320 0.1143
vn -0.4314 0.6810 0.5917
vn -0.6496 0.7204 0.2428
vn -0.3319 0.9332 0.1380
vn -0.1301 0.7506 0.6479
vn -0.3017 0.9219 0.2429
vn -0.0814 0.9687 0.2344
vn -0.1915 0.9394 0.2843
vn -0.1345 0.9881 0.0741
vn -0.1445 0.9318 0.3329
vn -0.2907 0.8518 0.4359
vn -0.1198 0.8981 0.4231
vn 0.7618 0.6474 -0.0210
vn 0.2011 0.8936 0.4012
vn 0.6107 0.3994 -0.6837
vn 0.2339 0.4784 -0.8464
vn -0.0702 0.9949 0.0718
vn -0.0779 0.8167 0.5718
vn -0.3461 0.9018 0.2590
vn 0.0964 0.9629 0.2521
vn -0.7443 0.6678 -0.0130
vn 0.6599 0.7466 0.0852
vn 0.5955 0.7932 -0.1272
vn -0.2389 0.9699 0.0471
vn -0.2428 0.9640 0.1087
vn -0.2841 0.9524 0.1104
vn -0.5272 0.8271 0.1949
vn -0.3780 0.9121 0.1590
vn -0.3411 0.9334 0.1114
vn -0.4462 0.8738 0.1932
vn -0.2215 0.9751 -0.0152
vn -0.0769 0.9923 -0.0972
vn -0.2707 0.9626 -0.0112
vn -0.0289 0.9928 -0.1162
vn -0.0073 0.9996 -0.0262
vn -0.0227 0.9934 -0.1124
vn -0.0643 0.9975 -0.0305
vn -0.0059 0.9994 0.0330
vn 0.0664 0.9977 0.0161
vn -0.0477 0.9663 -0.2531
vn -0.1388 0.8882 -0.4380
vn -0.1138 0.9115 -0.3953
vn 0.0113 0.9918 -0.1275
vn -0.0843 0.9769 -0.1964
vn 0.0209 0.9984 -0.0527
vn 0.6048 0.4597 0.6503
vn -0.4113 0.5112 0.7547
vn -0.2241 0.6269 0.7461
vn 0.8779 0.1804 0.4436
vn 0.1569 0.1322 0.9787
vn 0.8248 0.4950 -0.2732
vn 0.5756 0.6649 0.4760
vn 0.5417 0.8406 -0.0057
vn 0.0109 0.9969 -0.0782
vn 0.6441 0.7590 -0.0956
vn 0.6754 0.5774 0.4588
vn 0.2961 0.7936 0.5315
vn 0.3395 0.9402 -0.0259
vn 0.4243 0.9055 0.0060
vn 0.6047 0.7911 0.0920
vn 0.6639 0.6352 -0.3947
vn 0.4643 0.7660 -0.4446
vn 0.3464 0.9289 -0.1310
vn -0.9708 0.2126 -0.1108
vn -0.8979 0.4280 0.1030
vn -0.9078 0.3670 -0.2029
vn -0.9595 0.2085 0.1896
vn -0.9340 0.2197 -0.2817
vn -0.9788 0.2023 0.0316
vn -0.0137 0.9971 -0.0748
vn 0.4237 0.4013 -0.8121
vn 0.1496 0.5182 -0.8421
vn 0.2338 0.3149 -0.9199
vn 0.6255 0.4808 -0.6145
vn 0.0584 0.6059 -0.7934
vn 0.4939 0.5352 -0.6853
vn 0.0122 0.6667 -0.7452
vn 0.7909 0.5777 -0.2019
vn 0.4859 0.8643 -0.1297
vn 0.8234 0.5478 -0.1483
vn 0.9206 0.3899 0.0194
vn 0.7454 0.6499 -0.1484
vn 0.7767 0.4998 0.3832
vn 0.9142 0.2969 -0.2757
vn -0.3745 0.5545 -0.7432
vn -0.6248 0.7753 0.0927
vn -0.0374 0.9987 0.0360
vn 0.3247 0.9283 -0.1813
vn -0.0331 0.9969 -0.0711
vn -0.0695 0.9732 -0.2193
vn -0.5363 0.7864 0.3065
vn -0.6284 0.7726 0.0908
vn -0.3266 0.9256 -0.1911
vn 0.0434 0.8916 -0.4507
vn 0.0121 0.8865 -0.4626
vn -0.0620 0.8963 -0.4391
vn 0.1486 0.9749 -0.1659
vn 0.0967 0.9325 -0.3481
vn 0.0250 0.8100 -0.5859
vn -0.2203 0.7998 -0.5584
vn 0.8029 0.4257 0.4172
vn 0.6376 0.6822 0.3580
vn 0.8405 0.4793 -0.2527
vn 0.2459 0.6074 0.7554
vn -0.8746 0.4283 0.2270
vn -0.8066 0.3795 -0.4532
vn -0.6253 0.6588 -0.4183
vn -0.8946 0.3200 -0.3119
vn -0.5097 0.3619 -0.7805
vn -0.1763 0.9753 -0.1329
vn -0.3249 0.9262 -0.1913
vn -0.3561 0.9009 -0.2483
vn -0.0514 0.9976 -0.0470
vn -0.0894 0.9891 -0.1174
vn -0.4333 0.5608 -0.7055
vn -0.3536 0.6597 -0.6631
vn -0.1089 0.9039 -0.4136
vn -0.5089 0.3650 -0.7796
vn 0.5814 0.6372 -0.5059
vn -0.0311 0.6920 -0.7212
vn -0.4561 0.5755 -0.6788
vn 0.2433 0.9512 -0.1899
vn -0.1076 0.8135 -0.5715
vn -0.3069 0.9435 -0.1246
vn -0.2836 0.9189 -0.2743
vn -0.0547 0.8043 -0.5917
vn -0.0612 0.7885 -0.6119
vn -0.1979 0.7687 -0.6083
vn -0.2774 0.9536 0.1167
vn 0.0313 0.9918 -0.1240
vn -0.1570 0.7538 -0.6381
vn -0.0329 0.9676 -0.2502
vn -0.0905 0.8438 -0.5289
vn -0.1046 0.9694 0.2223
vn -0.2470 0.9683 -0.0378
vn -0.3618 0.7898 0.4953
vn 0.1637 0.9644 0.2076
vn 0.0098 0.9878 -0.1555
vn 0.2800 0.7582 -0.5888
vn -0.0153 0.4219 -0.9065
vn 0.3621 0.7316 -0.5776
vn -0.4124 0.9006 -0.1369
vn -0.2231 0.9416 -0.2523
vn 0.1881 0.9621 -0.1972
vn -0.6344 0.7638 -0.1192
vn -0.5177 0.8132 0.2659
vn -0.4988 0.7991 0.3356
vn -0.2488 0.9671 0.0539
vn -0.5335 0.8120 0.2368
vn -0.3288 0.9425 -0.0603
vn -0.4263 0.8561 0.2920
vn -0.3738 0.9264 -0.0445
vn -0.3862 0.9214 0.0425
vn -0.2023 0.9793 -0.0113
vn -0.3086 0.9377 -0.1596
vn -0.7241 0.6489 -0.2339
vn -0.9050 0.4192 -0.0729
vn 0.1043 0.9921 -0.0702
vn -0.4722 0.8607 0.1902
vn -0.5882 0.7203 0.3678
vn -0.4667 0.8027 0.3713
vn -0.7759 0.6202 0.1157
vn -0.5217 0.8531 0.0061
vn -0.6668 0.4502 0.5939
vn 0.4836 0.6492 -0.5871
vn 0.3826 0.5151 -0.7670
vn 0.6062 0.6412 -0.4705
vn 0.4164 0.7090 -0.5692
vn -0.2947 0.7065 -0.6434
vn 0.6353 0.3533 -0.6867
vn 0.8526 0.4839 -0.1973
vn 0.2307 0.9143 -0.3328
vn 0.3886 0.9095 -0.1475
vn -0.5064 0.6597 0.5552
vn -0.6921 0.6320 0.3487
vn -0.5264 0.8462 0.0825
vn -0.1923 0.7223 0.6644
vn -0.3978 0.5960 0.6975
vn -0.0924 0.5158 0.8517
vn -0.4643 0.8326 0.3019
vn 0.0953 0.7861 0.6107
vn -0.1194 0.9184 0.3771
vn -0.3308 0.9430 0.0359
vn -0.0582 0.9736 0.2208
vn -0.2607 0.8700 0.4184
vn -0.2233 0.9734 0.0514
vn 0.3414 0.4440 -0.8284
vn 0.2216 0.7973 -0.5614
vn 0.7512 0.5833 -0.3091
vn 0.7003 0.6663 -0.2561
vn -0.1007 0.9809 0.1664
vn 0.2989 0.9129 -0.2778
vn -0.2752 0.9573 0.0887
vn -0.0479 0.8828 0.4673
vn 0.0929 0.9804 0.1738
vn 0.5982 0.7907 -0.1299
vn 0.0882 0.9873 -0.1325
vn -0.6897 0.7113 0.1355
vn 0.0065 0.9993 0.0355
vn -0.2295 0.7210 0.6538
vn -0.1217 0.7283 0.6744
vn -0.1120 0.8820 0.4578
vn -0.0936 0.8581 0.5048
vn -0.0053 0.8978 0.4404
vn -0.5174 0.7005 0.4914
vn -0.5334 0.3980 0.7464
vn -0.5204 0.6766 0.5209
vn -0.4074 0.5120 0.7562
vn -0.1907 0.9293 0.3162
vn -0.2733 0.9110 0.3087
vn 0.3646 0.8611 -0.3542
vn 0.3163 0.8902 -0.3279
vn 0.3864 0.8183 -0.4255
vn -0.0982 0.9815 -0.1644
vn -0.1393 0.9856 -0.0955
vn 0.7433 0.6681 0.0329
vn 0.6654 0.7338 -0.1370
vn 0.5151 0.6967 -0.4992
vn 0.1113 0.8215 -0.5593
vn 0.6389 0.7380 0.2172
vn -0.2440 0.9212 0.3032
vn -0.5343 0.8057 0.2556
vn -0.3008 0.9523 0.0508
vn 0.1043 0.8783 0.4666
vn 0.2248 0.7306 0.6447
vn -0.1021 0.9080 -0.4064
vn 0.3946 0.9055 -0.1559
vn -0.4212 0.9037 -0.0768
vn 0.0481 0.9984 -0.0308
vn 0.0526 0.9793 -0.1953
vn -0.2966 0.9432 -0.1500
vn -0.2362 0.9485 -0.2111
vn -0.2001 0.9761 0.0846
vn 0.1460 0.9870 -0.0671
vn -0.5133 0.8528 -0.0962
vn 0.0254 0.9997 0.0040
vn -0.2873 0.9483 0.1347
vn 0.0182 0.9998 -0.0028
vn -0.1556 0.8506 -0.5023
vn 0.2890 0.9558 -0.0537
vn 0.6868 0.6602 -0.3040
vn 0.0553 0.9952 -0.0808
vn 0.4778 0.8162 0.3250
vn 0.3084 0.8950 0.3224
vn 0.3061 0.7711 0.5583
vn 0.3796 0.8937 0.2392
vn 0.6082 0.7875 0.1000
vn 0.5998 0.7684 0.2233
vn 0.3162 0.8321 0.4557
vn 0.2244 0.9203 0.3205
vn 0.0354 0.6163 0.7867
vn 0.0474 0.6338 0.7720
vn 0.2887 0.8563 0.4283
vn 0.5422 0.5942 0.5941
vn 0.0085 0.7355 0.6774
vn 0.5170 0.8176 -0.2536
vn 0.2992 0.8913 -0.3408
vn 0.5509 0.8345 0.0062
vn -0.5225 0.7685 -0.3693
vn 0.4226 0.6540 -0.6274
vn 0.7290 0.4657 -0.5017
vn 0.8667 0.2423 -0.4360
vn 0.7112 0.5512 -0.4363
vn 0.7811 0.4936 -0.3823
vn 0.6147 0.5811 -0.5333
vn 0.0409 0.9141 0.4034
vn 0.0117 0.8507 0.5255
vn 0.5982 0.7951 -0.1001
vn 0.1218 0.9926 0.0021
vn -0.1549 0.5865 -0.7950
vn 0.0706 0.6701 -0.7389
vn 0.2028 0.7923 -0.5754
vn -0.2115 0.6338 0.7440
vn -0.5744 0.6162 -0.5389
vn -0.6330 0.4292 -0.6442
vn -0.5207 0.5203 -0.6768
vn -0.0770 0.8273 -0.5565
vn -0.5151 0.8551 -0.0598
vn -0.4713 0.7894 -0.3933
vn -0.3394 0.9043 -0.2590
vn -0.1544 0.9874 -0.0343
vn 0.5918 0.7940 0.1388
vn 0.3933 0.8941 -0.2143
vn 0.6520 0.7528 -0.0906
vn 0.4056 0.8369 0.3675
vn 0.2085 0.9779 0.0149
vn 0.1158 0.9857 -0.1225
vn 0.0396 0.9767 -0.2107
vn -0.1291 0.9890 -0.0723
vn 0.1137 0.8949 -0.4316
vn -0.2895 0.6632 0.6902
vn 0.8087 0.3388 0.4808
vn 0.2165 0.4807 0.8497
vn 0.7238 0.5820 0.3706
vn 0.6016 0.7653 -0.2287
vn 0.2505 0.6211 0.7426
vn 0.4569 0.7969 0.3953
vn -0.9086 0.4115 0.0714
vn -0.7022 0.4932 0.5135
vn -0.0402 0.5109 -0.8587
vn -0.7398 0.4384 -0.5104
vn -0.1445 0.2310 -0.9622
vn 0.1440 0.2712 0.9517
vn -0.8564 0.5138 0.0500
vn -0.0932 0.9879 -0.1238
vn 0.4858 0.7509 -0.4474
vn 0.5021 0.8550 0.1299
vn 0.4235 0.8057 -0.4140
vn 0.2168 0.9730 0.0790
vn 0.3522 0.9353 -0.0347
vn 0.3232 0.9033 -0.2822
vn 0.2001 0.9796 0.0161
vn 0.2751 0.9464 0.1693
vn 0.1005 0.9584 -0.2673
vn -0.0711 0.9504 -0.3029
vn 0.4868 0.7002 -0.5222
vn -0.2085 0.8689 -0.4489
vn -0.4494 0.8798 0.1547
vn 0.0087 0.9401 -0.3408
vn -0.0161 0.9632 -0.2685
vn 0.0457 0.9876 -0.1504
vn -0.1199 0.8248 0.5526
vn 0.1458 0.7824 0.6054
vn -0.2284 0.8180 0.5279
vn 0.1953 0.8970 0.3966
vn -0.8585 0.5119 0.0321
vn -0.5203 0.8319 -0.1928
vn 0.1070 0.9854 0.1323
vn -0.2579 0.9598 -0.1109
vn 0.0510 0.9435 0.3274
vn 0.1114 0.9281 0.3552
vn 0.1785 0.9201 0.3487
vn 0.0483 0.9789 0.1986
vn 0.0772 0.9755 0.2059
vn 0.2418 0.8676 0.4345
vn 0.4043 0.7367 0.5421
vn 0.2407 0.8603 0.4493
vn 0.4862 0.6796 0.5494
vn 0.2229 0.8784 0.4227
vn 0.0913 0.9759 0.1983
vn -0.6401 0.6654 0.3842
vn -0.1728 0.8056 0.5668
vn -0.1169 0.6864 0.7178
vn -0.6594 0.3953 0.6395
vn -0.6341 0.5210 0.5714
vn -0.2005 0.8552 0.4780
vn -0.3245 0.6627 0.6750
vn -0.0615 0.8192 0.5701
vn -0.2572 0.3829 0.8873
vn -0.1391 0.9898 0.0320
vn -0.0585 0.9914 0.1170
vn -0.3024 0.8927 -0.3342
vn 0.1801 0.9129 0.3664
vn 0.5491 0.6854 0.4783
vn 0.3112 0.8651 0.3935
vn 0.2630 0.8631 0.4311
vn 0.1724 0.7091 0.6837
vn -0.1363 0.9734 0.1842
vn 0.4848 0.8589 -0.1651
vn 0.7964 0.5887 0.1389
vn -0.3982 0.6212 0.6750
vn -0.4205 0.5521 0.7200
vn -0.4858 0.8127 0.3217
vn -0.5007 0.8491 0.1683
vn -0.3273 0.6641 0.6722
vn -0.2387 0.9702 0.0417
vn 0.0621 0.8803 0.4704
vn -0.2999 0.7795 0.5499
vn -0.4975 0.6466 0.5782
vn -0.2793 0.8559 0.4352
vn -0.3175 0.8146 0.4855
vn 0.4862 0.8560 -0.1757
vn -0.0674 0.2555 0.9645
vn 0.0190 0.9908 0.1344
vn -0.8926 0.3146 0.3230
vn -0.0062 0.5039 0.8638
vn 0.7862 0.4009 0.4703
vn -0.5676 0.2636 -0.7799
vn -0.4627 0.2216 -0.8584
vn 0.9119 0.3483 -0.2173
vn -0.6836 0.2760 -0.6756
vn 0.7662 0.5730 0.2908
vn 0.7353 0.3511 0.5797
vn 0.5238 0.3256 0.7872
vn -0.4216 0.8998 0.1127
vn 0.7007 0.4408 -0.5610
vn 0.4326 0.4573 0.7770
vn 0.8805 0.4172 0.2252
vn 0.2481 0.5477 0.7990
vn -0.0825 0.9951 0.0552
vn 0.0777 0.7205 -0.6891
vn 0.0911 0.7819 -0.6167
vn 0.3375 0.6619 -0.6694
vn 0.1864 0.9637 -0.1910
vn 0.7183 0.3845 0.5798
vn 0.8947 0.2843 0.3444
vn -0.2439 0.7086 -0.6622
vn 0.1677 0.8627 -0.4770
vn -0.1988 0.7278 -0.6564
vn 0.0840 0.8518 -0.5171
vn 0.4879 0.8666 0.1046
vn 0.8362 0.5463 0.0475
vn 0.5025 0.7839 0.3647
vn 0.3368 0.6721 -0.6594
vn 0.0503 0.8946 0.4441
vn 0.0149 0.9569 0.2900
vn -0.0198 0.9008 0.4337
vn 0.2176 0.8583 0.4647
vn 0.0569 0.8415 0.5373
vn 0.2245 0.8515 0.4739
vn 0.0546 0.9983 0.0222
vn 0.2666 0.7864 0.5572
vn 0.0955 0.7475 0.6574
vn -0.2936 0.3927 0.8716
vn -0.8803 0.2978 0.3693
vn 0.1136 0.8915 -0.4386
vn 0.4455 0.8410 -0.3069
vn -0.0405 0.9941 0.1009
vn -0.0997 0.8231 0.5591
vn -0.1019 0.8337 0.5427
vn -0.2805 0.9564 -0.0809
vn -0.0313 0.9988 -0.0387
vn -0.1554 0.9757 0.1543
vn -0.0088 0.9985 0.0536
vn -0.0654 0.9939 -0.0886
vn 0.1094 0.9635 -0.2444
vn 0.2949 0.9434 0.1516
vn -0.2099 0.9756 0.0639
vn 0.2717 0.8801 -0.3893
vn -0.1582 0.8872 0.4334
vn -0.7627 0.2524 0.5955
vn -0.8302 0.4462 -0.3342
vn -0.9370 0.3417 0.0727
vn -0.9566 0.2612 0.1288
vn -0.9564 0.2029 -0.2101
vn -0.0129 0.9703 0.2415
vn -0.0100 0.9926 0.1206
vn -0.0768 0.8745 0.4789
vn -0.0529 0.9018 0.4290
vn 0.0968 0.9167 0.3877
vn 0.1652 0.9096 -0.3812
vn -0.0098 0.8087 0.5882
vn 0.0061 0.9432 -0.3320
vn 0.2798 0.7620 -0.5840
vn 0.2211 0.4522 -0.8641
vn 0.0521 0.7637 -0.6435
vn 0.2622 0.3250 -0.9086
vn -0.0532 0.9829 -0.1765
vn 0.7387 0.6562 -0.1541
vn 0.2980 0.8903 -0.3444
vn 0.1817 0.9704 -0.1589
vn 0.0110 0.9999 0.0015
vn -0.0017 0.6938 0.7202
vn 0.0636 0.9951 -0.0752
vn -0.2304 0.5375 -0.8112
vn -0.3571 0.8602 0.3640
vn -0.6451 0.6669 0.3728
vn -0.7245 0.3987 0.5623
vn 0.5497 0.2649 0.7922
vn -0.0867 0.4940 0.8651
vn 0.7307 0.5865 -0.3493
vn 0.4677 0.8353 -0.2891
vn 0.5655 0.6703 -0.4805
vn 0.6962 0.7166 -0.0408
vn 0.4033 0.9034 -0.1456
vn -0.9836 0.1707 -0.0575
vn -0.9800 0.1022 0.1707
vn -0.3535 0.2142 -0.9106
vn -0.6871 0.3435 0.6402
vn 0.6436 0.5259 -0.5560
vn 0.8399 0.5239 -0.1416
vn -0.2013 0.3106 -0.9290
vn -0.5665 0.8150 0.1221
vn -0.4959 0.8322 0.2482
vn -0.3231 0.9448 0.0541
vn -0.9873 0.1587 -0.0017
vn -0.1210 0.2037 -0.9715
vn -0.8301 0.4700 -0.3000
vn -0.3998 0.1585 0.9028
vn 0.0214 0.9998 0.0052
vn -0.3749 0.2566 0.8909
vn -0.5020 0.2827 0.8174
vn -0.2553 0.9212 0.2936
vn 0.1526 0.9028 0.4021
vn 0.3775 0.8409 0.3877
vn -0.5713 0.8126 0.1151
vn -0.3788 0.9035 0.2007
vn -0.1534 0.9132 0.3775
vn -0.2975 0.8740 0.3841
vn -0.2389 0.7883 0.5670
vn -0.3827 0.6524 0.6542
vn -0.4837 0.8597 0.1643
vn -0.7161 0.3065 0.6271
vn -0.4891 0.7372 -0.4661
vn 0.3848 0.5832 0.7154
vn 0.7533 0.2237 -0.6185
vn 0.9886 0.1388 0.0585
vn 0.0370 0.9759 -0.2152
vn 0.9117 0.3843 -0.1451
vn 0.0211 0.9980 0.0592
vn -0.5624 0.6852 0.4629
vn -0.3304 0.5769 0.7470
vn -0.0862 0.7760 0.6248
vn -0.4982 0.4962 0.7111
vn 0.0478 0.9921 0.1163
vn -0.5587 0.8292 0.0185
vn 0.0026 0.9911 0.1330
vn 0.0573 0.9583 0.2801
vn 0.0963 0.9894 0.1085
vn -0.9015 0.3449 -0.2614
vn -0.9595 0.2813 -0.0118
vn -0.2180 0.9499 0.2239
vn -0.8258 0.4309 0.3638
vn 0.0170 0.9922 -0.1234
vn -0.5632 0.6133 -0.5538
vn 0.0047 0.9634 -0.2680
vn 0.0403 0.8649 -0.5003
vn 0.3166 0.7787 -0.5417
vn -0.0178 0.7284 -0.6849
vn -0.0846 0.4594 0.8842
vn -0.1234 0.6823 0.7206
vn -0.0219 0.3684 0.9294
vn -0.3808 0.3690 0.8478
vn 0.1877 0.9818 0.0302
vn -0.1342 0.7303 0.6698
vn -0.4187 0.8463 0.3292
vn -0.7501 0.5970 -0.2844
vn -0.5123 0.6658 0.5425
vn 0.3229 0.6160 0.7185
vn -0.4292 0.8570 0.2852
vn -0.8146 0.3959 -0.4240
vn -0.3884 0.3336 -0.8590
vn -0.6917 0.6995 -0.1794
vn 0.6837 0.5287 -0.5031
vn 0.7861 0.5142 -0.3429
vn 0.6681 0.6612 -0.3413
vn 0.3572 0.7155 -0.6004
vn 0.7735 0.5826 -0.2496
vn 0.8313 0.4772 0.2852
vn 0.8695 0.3904 -0.3027
vn 0.1353 0.9258 0.3530
vn 0.5030 0.6809 0.5323
vn 0.3101 0.4462 0.8395
vn 0.0383 0.9450 0.3248
vn 0.3284 0.9372 0.1174
vn -0.0107 0.6391 -0.7690
vn -0.1320 0.9370 -0.3233
vn 0.1126 0.8001 -0.5893
vn 0.2429 0.9650 -0.0988
vn -0.3407 0.5046 -0.7932
vn -0.3230 0.6589 -0.6794
vn 0.1269 0.5481 -0.8267
vn -0.1104 0.4621 -0.8799
vn -0.2788 0.5832 -0.7630
vn -0.0598 0.9623 0.2652
vn -0.1132 0.8915 -0.4386
vn 0.7249 0.6206 -0.2991
vn 0.4364 0.5013 -0.7472
vn -0.0275 0.9985 -0.0465
vn 0.4832 0.6906 0.5381
vn 0.3637 0.8035 -0.4713
vn 0.3697 0.6979 0.6134
vn 0.0975 0.6911 0.7162
vn -0.6632 0.5602 0.4964
vn -0.5439 0.8350 -0.0841
vn -0.9007 0.4175 0.1206
vn -0.2979 0.8312 -0.4694
vn -0.2861 0.9205 -0.2661
vn -0.1349 0.9556 -0.2618
vn -0.3645 0.7123 -0.5998
vn -0.0797 0.3238 0.9427
vn 0.3382 0.6730 0.6578
vn 0.3814 0.9240 -0.0283
vn -0.4319 0.6991 0.5698
vn -0.2397 0.5147 0.8232
vn -0.0642 0.5244 0.8491
vn -0.1169 0.7088 0.6957
vn -0.4276 0.5604 0.7093
vn 0.0135 0.9182 -0.3958
vn -0.3312 0.6708 -0.6635
vn 0.1472 0.6715 -0.7262
vn 0.2171 0.9124 -0.3471
vn -0.2265 0.5931 -0.7726
vn 0.7318 0.4614 -0.5016
vn 0.5627 0.2019 -0.8016
vn 0.5800 0.4711 0.6646
vn -0.8166 0.3983 -0.4179
vn 0.0798 0.9961 0.0379
vn 0.6267 0.7525 -0.2024
vn 0.4359 0.8995 -0.0312
vn 0.3325 0.7021 0.6297
vn 0.3618 0.9233 -0.1287
vn 0.3907 0.6221 -0.6785
vn -0.2176 0.5503 0.8061
vn -0.1597 0.9680 0.1935
vn -0.2037 0.7378 0.6436
vn -0.6614 0.6564 -0.3627
vn -0.2591 0.6958 0.6699
vn 0.0376 0.9973 0.0636
vn -0.4810 0.6560 0.5816
vn -0.7604 0.5895 0.2724
vn -0.6199 0.5497 0.5600
vn -0.7806 0.5450 0.3059
vn -0.7550 0.6168 0.2227
vn 0.3686 0.4986 0.7846
vn -0.2722 0.4299 0.8609
vn -0.8744 0.4324 0.2201
vn 0.5215 0.7832 0.3386
vn -0.2253 0.6883 0.6896
vn 0.9506 0.0951 -0.2954
vn 0.9820 0.1637 -0.0947
vn 0.9214 0.2929 -0.2553
vn -0.1270 0.8660 0.4836
vn -0.3161 0.8826 0.3481
vn 0.5629 0.7595 0.3260
vn 0.3197 0.7667 0.5568
vn 0.2293 0.9017 0.3665
vn 0.6090 0.6923 0.3871
vn 0.1229 0.9613 -0.2466
vn 0.2380 0.9314 0.2753
vn -0.3539 0.6144 -0.7051
vn -0.2116 0.4796 -0.8516
vn -0.9048 0.4228 -0.0510
vn -0.9055 0.3430 0.2497
vn -0.4560 0.4524 -0.7664
vn -0.7970 0.5924 0.1176
vn -0.1660 0.9603 0.2242
vn -0.1442 0.8824 -0.4478
vn 0.1823 0.8427 0.5066
vn -0.0354 0.9738 0.2247
vn 0.1623 0.7666 0.6213
vn 0.1257 0.9038 0.4091
vn 0.1454 0.8319 0.5356
vn 0.0708 0.6517 0.7552
vn 0.1960 0.8228 0.5334
vn 0.1077 0.9644 0.2415
vn 0.2090 0.8957 0.3926
vn 0.2090 0.9762 -0.0575
vn 0.1171 0.9927 0.0280
vn 0.2578 0.9636 -0.0715
vn 0.2158 0.9731 -0.0807
vn 0.3351 0.9406 0.0545
vn -0.2601 0.9549 -0.1430
vn -0.3156 0.8974 0.3083
vn 0.6397 0.5894 0.4934
vn 0.4646 0.7440 0.4802
vn 0.5682 0.8152 0.1121
vn 0.6815 0.5958 0.4249
vn -0.8380 0.4046 -0.3661
vn -0.9104 0.3037 -0.2809
vn -0.3626 0.9243 0.1188
vn -0.6656 0.4663 -0.5827
vn -0.0539 0.9911 0.1213
vn -0.2574 0.9451 -0.2016
vn -0.1208 0.8566 -0.5017
vn -0.1322 0.8967 -0.4224
vn 0.1630 0.6806 0.7143
vn -0.3933 0.8955 0.2084
vn -0.6502 0.2284 0.7247
vn 0.8336 0.5428 0.1026
vn 0.6415 0.7574 0.1218
vn 0.8461 0.5148 0.1383
vn 0.8515 0.4527 0.2647
vn 0.6865 0.6460 0.3339
vn 0.0484 0.7833 -0.6197
vn 0.0315 0.6621 -0.7488
vn 0.3538 0.6977 -0.6229
vn -0.1668 0.8433 -0.5108
vn 0.1055 0.8376 -0.5361
vn 0.2826 0.2296 -0.9314
vn 0.0854 0.3589 -0.9295
vn 0.4221 0.4795 -0.7694
vn -0.0573 0.9090 -0.4128
vn 0.4657 0.8742 -0.1376
vn 0.0622 0.9227 -0.3805
vn -0.0006 0.9797 -0.2007
vn 0.1756 0.9307 -0.3210
vn 0.1583 0.8726 -0.4621
vn -0.0386 0.9607 -0.2749
vn 0.0707 0.5253 -0.8480
vn 0.8173 0.5035 -0.2802
vn 0.3537 0.8642 0.3578
vn -0.1771 0.7453 -0.6427
vn 0.0240 0.9919 -0.1244
vn 0.1783 0.8788 0.4427
vn 0.1185 0.9231 0.3659
vn -0.0219 0.9175 0.3972
vn 0.0187 0.9743 0.2246
vn 0.0521 0.9894 0.1357
vn 0.1965 0.9675 -0.1590
vn 0.3444 0.9053 -0.2488
vn 0.2030 0.9791 -0.0086
vn 0.2557 0.9658 -0.0435
vn 0.1371 0.9427 -0.3041
vn 0.4022 0.9079 0.1181
vn 0.1998 0.9740 0.1065
vn 0.2661 0.9501 -0.1625
vn 0.2520 0.8675 -0.4289
vn 0.0865 0.9955 -0.0386
vn 0.1046 0.6877 -0.7184
vn 0.1719 0.5404 -0.8236
vn 0.2906 0.3021 -0.9079
vn -0.1310 0.8961 -0.4241
vn 0.0726 0.8847 -0.4604
vn 0.3914 0.4308 -0.8132
vn 0.1128 0.6655 -0.7378
vn -0.0164 0.2319 -0.9726
vn 0.2716 0.9620 0.0268
vn 0.4709 0.8787 -0.0788
vn 0.0650 0.9969 -0.0450
vn 0.6585 0.7381 -0.1470
vn -0.5694 0.8123 -0.1266
vn -0.3030 0.6664 -0.6812
vn -0.5735 0.6946 0.4344
vn -0.4921 0.6052 -0.6257
vn -0.3279 0.6113 -0.7203
vn 0.1990 0.9714 0.1297
vn 0.1350 0.9653 0.2235
vn -0.2311 0.5933 0.7711
vn 0.2850 0.9572 -0.0515
vn -0.2216 0.6142 0.7574
vn 0.2247 0.7098 0.6676
vn -0.0948 0.5985 0.7955
vn -0.6044 0.6677 0.4346
vn -0.6027 0.7963 0.0522
vn -0.7204 0.6724 -0.1700
vn -0.6078 0.7937 0.0253
vn -0.7641 0.6275 -0.1498
vn -0.5919 0.7131 -0.3757
vn -0.4618 0.8760 0.1395
vn -0.4811 0.8245 -0.2979
vn -0.6204 0.6140 0.4880
vn -0.3363 0.6535 0.6781
vn -0.5210 0.6137 0.5933
vn 0.6814 0.5940 -0.4277
vn -0.1921 0.6357 -0.7477
vn 0.3556 0.6472 -0.6744
vn -0.0989 0.8796 0.4653
vn -0.5440 0.8381 0.0404
vn -0.3472 0.5636 -0.7495
vn 0.4042 0.9124 -0.0649
vn 0.5085 0.7701 -0.3853
vn 0.5871 0.2958 -0.7536
vn 0.4652 0.2662 -0.8442
vn 0.7280 0.2374 -0.6431
vn 0.7692 0.5125 -0.3816
vn 0.4799 0.8327 -0.2762
vn 0.7068 0.6790 -0.1983
vn 0.0998 0.9906 0.0939
vn 0.3305 0.9254 -0.1856
vn -0.0521 0.7308 -0.6806
vn 0.0197 0.6717 -0.7406
vn 0.0608 0.9646 -0.2567
vn -0.8333 0.5514 0.0386
vn 0.0830 0.8363 -0.5419
vn 0.2875 0.9575 0.0233
vn 0.0426 0.9975 -0.0571
vn 0.2628 0.5465 -0.7952
vn -0.3709 0.9044 -0.2108
vn -0.2544 0.8138 -0.5226
vn -0.2513 0.8659 -0.4325
vn -0.4860 0.8676 -0.1055
vn -0.5538 0.8310 0.0527
vn -0.3398 0.8811 -0.3290
vn -0.0946 0.9934 -0.0650
vn -0.0239 0.9590 -0.2823
vn 0.4635 0.6720 -0.5775
vn -0.7494 0.6126 -0.2513
vn -0.2344 0.5246 -0.8184
vn 0.8109 0.4857 -0.3265
vn -0.2478 0.3819 0.8904
vn -0.9597 0.2624 0.1008
vn -0.3692 0.4956 0.7862
vn 0.7869 0.6116 0.0821
vn 0.5147 0.8401 0.1711
vn 0.3141 0.9488 0.0335
vn 0.0026 0.7728 -0.6346
vn 0.1953 0.8706 -0.4516
vn 0.0131 0.7395 -0.6731
vn -0.5316 0.5343 -0.6572
vn -0.7396 0.5662 -0.3640
vn -0.6719 0.4293 -0.6035
vn -0.2960 0.7944 -0.5304
vn -0.1424 0.9712 -0.1911
vn 0.0107 0.2795 0.9601
vn -0.2759 0.4816 0.8318
vn 0.5148 0.7310 0.4480
vn -0.0203 0.2290 0.9732
vn -0.4597 0.5373 0.7071
vn 0.2437 0.7916 -0.5603
vn 0.3828 0.6709 -0.6351
vn 0.2858 0.9142 -0.2874
vn 0.5994 0.7758 -0.1969
vn 0.5855 0.7982 -0.1414
vn 0.6125 0.7653 -0.1977
vn 0.3457 0.8756 -0.3373
vn -0.8308 0.5138 -0.2139
vn -0.8762 0.4466 -0.1814
vn -0.8936 0.4228 -0.1508
vn -0.7580 0.5357 -0.3722
vn -0.6905 0.7176 -0.0908
vn 0.1309 0.9767 0.1702
vn 0.2302 0.9548 0.1879
vn -0.1209 0.9813 0.1498
vn 0.1165 0.9714 -0.2071
vn 0.0172 0.9845 0.1748
vn -0.0838 0.9166 0.3909
vn 0.1776 0.9840 -0.0142
vn -0.0804 0.8800 0.4681
vn -0.4649 0.8853 0.0025
vn -0.4304 0.9001 -0.0671
vn -0.7209 0.5735 -0.3891
vn -0.8945 0.3492 -0.2791
vn 0.2072 0.3733 0.9043
vn 0.6756 0.5629 0.4761
vn 0.3393 0.3733 0.8635
vn -0.1400 0.4896 0.8607
vn -0.0488 0.7877 0.6141
vn 0.4056 0.4748 0.7811
vn 0.2214 0.7803 0.5848
vn -0.5404 0.8279 -0.1502
vn -0.2713 0.9059 0.3251
vn -0.1844 0.9655 0.1838
vn -0.4722 0.8292 -0.2990
vn 0.2716 0.9616 0.0396
vn 0.1539 0.9880 -0.0125
vn 0.2630 0.9544 -0.1410
vn 0.0820 0.9965 -0.0135
vn 0.1924 0.9804 0.0424
vn 0.1011 0.9902 -0.0961
vn -0.5772 0.8137 0.0683
vn -0.2755 0.9548 -0.1117
vn -0.2583 0.9568 -0.1335
vn -0.2913 0.9006 -0.3225
vn -0.2060 0.9490 -0.2387
vn 0.4399 0.5363 0.7204
vn 0.4579 0.7839 0.4193
vn 0.2946 0.7549 0.5860
vn 0.2083 0.8765 0.4339
vn 0.5928 0.4993 0.6319
vn -0.6381 0.7698 -0.0159
vn -0.5086 0.8013 0.3151
vn -0.3540 0.7580 0.5478
vn -0.3002 0.9212 -0.2475
vn -0.9007 0.3252 -0.2879
vn -0.3061 0.1207 0.9443
vn 0.3263 0.9132 -0.2443
vn 0.2693 0.8046 -0.5293
vn 0.4078 0.6922 -0.5954
vn -0.4406 0.6757 -0.5910
vn -0.1042 0.7349 -0.6701
vn -0.0824 0.9391 -0.3337
vn -0.5141 0.3851 -0.7664
vn -0.2379 0.7275 0.6436
vn -0.2630 0.5002 0.8250
vn -0.1608 0.5260 0.8352
vn -0.6513 0.6424 0.4038
vn 0.4162 0.9092 -0.0083
vn 0.4624 0.5016 -0.7311
vn 0.2166 0.8721 0.4387
vn 0.4315 0.8758 -0.2161
vn -0.4155 0.2777 -0.8662
vn -0.2432 0.4979 -0.8325
vn -0.0814 0.9641 -0.2528
vn -0.3860 0.7902 0.4759
vn 0.1231 0.8933 0.4322
vn -0.0580 0.6501 -0.7576
vn 0.6915 0.7206 -0.0503
vn 0.7481 0.4022 -0.5278
vn -0.8517 0.5194 -0.0693
vn -0.7605 0.6155 -0.2071
vn 0.9925 0.1143 0.0439
vn 0.5220 0.2609 0.8121
vn 0.9741 0.1928 0.1185
vn 0.0201 0.9998 0.0045
vn 0.1105 0.7982 0.5922
vn -0.3090 0.7063 0.6370
vn 0.1398 0.9774 0.1586
vn -0.1723 0.9318 0.3194
vn -0.2795 0.8090 -0.5170
vn 0.0198 0.9663 -0.2565
vn -0.0542 0.9985 0.0059
vn 0.0694 0.6671 0.7418
vn -0.4319 0.9005 0.0506
vn -0.2479 0.7337 -0.6327
vn 0.1296 0.9891 0.0700
vn -0.0847 0.9938 0.0719
vn 0.0817 0.9703 0.2275
vn 0.7121 0.7020 -0.0078
vn -0.1365 0.8296 -0.5414
vn -0.1242 0.8122 -0.5700
vn -0.1520 0.7668 -0.6237
vn -0.1222 0.8597 -0.4959
vn 0.0305 0.8931 -0.4488
vn -0.2319 0.9221 -0.3097
vn 0.1370 0.9904 0.0183
vn 0.5292 0.7999 0.2830
vn 0.5326 0.8352 0.1373
vn 0.2920 0.8241 0.4853
vn 0.2432 0.8903 -0.3849
vn 0.1196 0.9772 0.1753
vn -0.0127 0.8344 -0.5511
vn 0.3821 0.8479 0.3674
vn 0.7537 0.3537 0.5539
vn 0.7248 0.3221 0.6090
vn 0.9223 0.3168 0.2212
vn -0.5289 0.5283 -0.6641
vn -0.4947 0.5246 -0.6929
vn -0.2395 0.7740 -0.5861
vn -0.6596 0.3835 -0.6464
vn -0.5719 0.4510 -0.6852
vn -0.7356 0.3726 -0.5658
vn -0.0585 0.5830 -0.8103
vn 0.5855 0.7964 0.1513
vn 0.2501 0.5445 0.8006
vn 0.1018 0.7480 0.6558
vn 0.2117 0.8528 -0.4774
vn 0.0441 0.9210 -0.3870
vn 0.1142 0.6566 0.7455
vn 0.0508 0.8019 0.5953
vn -0.0654 0.5517 0.8315
vn -0.2253 0.4494 0.8645
vn -0.2950 0.4331 0.8517
vn -0.3386 0.4721 0.8139
vn -0.5561 0.4674 0.6873
vn 0.4050 0.7136 -0.5716
vn 0.4918 0.5359 -0.6862
vn 0.1112 0.8173 -0.5653
vn 0.1762 0.9378 -0.2993
vn 0.4433 0.3300 -0.8334
vn 0.4370 0.5595 -0.7043
vn 0.5574 0.4207 -0.7158
vn 0.1352 0.9888 -0.0630
vn 0.2578 0.6305 -0.7321
vn 0.1277 0.9259 -0.3556
vn -0.0104 0.7614 -0.6482
vn -0.4196 0.8872 0.1918
vn -0.5386 0.8010 0.2614
vn -0.5895 0.7099 0.3854
vn -0.1503 0.9709 0.1862
vn -0.4264 0.8728 0.2374
vn 0.7214 0.6662 0.1893
vn 0.0184 0.9982 0.0564
vn 0.8051 0.5769 -0.1381
vn 0.5824 0.5447 0.6035
vn -0.0184 0.8759 0.4822
vn -0.5822 0.7599 0.2891
vn 0.0862 0.8569 0.5082
vn 0.1575 0.9786 0.1327
vn 0.2770 0.9306 0.2391
vn 0.0933 0.9935 -0.0648
vn 0.4128 0.8935 0.1769
vn 0.2771 0.8366 0.4725
vn 0.3313 0.9403 0.0780
vn -0.0387 0.9960 -0.0808
vn 0.3149 0.9368 0.1525
vn 0.3966 0.8841 0.2472
vn 0.2579 0.9511 -0.1697
vn 0.2770 0.9186 -0.2819
vn -0.0759 0.9912 -0.1082
vn 0.1346 0.9814 -0.1371
vn 0.1799 0.9779 0.1067
vn -0.1902 0.9816 0.0145
vn -0.1367 0.9370 -0.3214
vn -0.0307 0.7092 -0.7044
vn 0.4557 0.8144 -0.3592
vn 0.4860 0.8622 -0.1429
vn 0.1834 0.7412 -0.6457
vn 0.2055 0.7189 -0.6640
vn 0.3179 0.7575 -0.5702
vn 0.2305 0.9220 -0.3112
vn 0.7897 0.5254 0.3168
vn 0.4022 0.8772 0.2621
vn 0.6660 0.7396 0.0972
vn 0.1893 0.9792 0.0730
vn -0.1610 0.9265 0.3400
vn 0.2957 0.9095 -0.2921
vn 0.3166 0.9039 -0.2875
vn 0.1786 0.9825 -0.0521
vn 0.0265 0.9876 -0.1549
vn -0.0138 0.9604 -0.2784
vn 0.1396 0.9504 -0.2779
vn -0.0098 0.9989 0.0457
vn -0.0030 0.9854 0.1704
vn 0.0077 0.9974 0.0717
vn -0.3866 0.5038 -0.7725
vn 0.7981 0.4004 -0.4503
vn -0.0544 0.9974 -0.0477
vn 0.5838 0.4876 0.6492
vn 0.4868 0.7473 0.4523
vn 0.6697 0.6321 0.3898
vn -0.0313 0.9911 -0.1293
vn -0.0696 0.9901 -0.1217
vn 0.4310 0.8764 -0.2149
vn 0.1376 0.9090 -0.3934
vn 0.7608 0.5919 0.2663
vn -0.0289 0.9159 -0.4005
vn -0.2859 0.9571 -0.0472
vn -0.5172 0.7308 0.4454
vn -0.3604 0.9119 0.1965
vn -0.2316 0.9727 0.0104
vn -0.0835 0.8348 -0.5443
vn -0.7658 0.6402 -0.0604
vn -0.2356 0.6459 0.7262
vn -0.0044 0.9977 -0.0680
vn 0.6999 0.4567 -0.5492
vn 0.5044 0.3255 -0.7998
vn -0.5694 0.4377 -0.6959
vn 0.0462 0.9986 -0.0245
vn -0.0840 0.1587 -0.9838
vn -0.7388 0.6680 -0.0892
vn 0.6013 0.3253 -0.7298
vn -0.1489 0.3825 -0.9119
vn 0.0483 0.6169 0.7855
vn 0.1212 0.9925 0.0158
vn 0.0864 0.9087 0.4083
vn 0.1186 0.5052 0.8548
vn 0.0088 1.0000 -0.0011
vn 0.1417 0.9875 0.0690
vn 0.1392 0.9882 -0.0638
vn 0.0168 0.9897 0.1420
vn -0.4994 0.8388 0.2170
vn -0.6765 0.7096 0.1970
vn -0.1616 0.9867 0.0195
vn -0.4071 0.9099 0.0793
vn -0.4669 0.8034 0.3695
vn -0.2297 0.9178 -0.3238
vn 0.3714 0.6265 0.6853
vn 0.0441 0.5780 0.8149
vn 0.3161 0.8605 -0.3994
vn 0.2904 0.6103 0.7370
vn 0.2015 0.9757 -0.0855
vn -0.1425 0.9165 0.3739
vn 0.5268 0.8479 0.0588
vn 0.6400 0.7526 0.1549
vn 0.5012 0.8554 0.1312
vn 0.3301 0.9233 0.1963
vn 0.2208 0.9740 0.0514
vn 0.3321 0.9170 0.2210
vn 0.2149 0.9464 0.2411
vn 0.2860 0.9135 0.2894
vn 0.3209 0.9466 0.0322
vn -0.1687 0.8854 0.4332
vn 0.0674 0.9890 0.1319
vn 0.1143 0.9764 -0.1834
vn 0.0124 0.6662 -0.7457
vn 0.2909 0.9520 -0.0954
vn 0.2404 0.7165 -0.6549
vn 0.3959 0.9023 0.1705
vn 0.2102 0.7594 -0.6157
vn -0.1755 0.8176 -0.5484
vn -0.0162 0.8365 -0.5478
vn -0.0916 0.9779 -0.1877
vn 0.0069 0.8758 -0.4827
vn 0.0262 0.9912 0.1299
vn 0.1222 0.9908 0.0585
vn -0.4688 0.8514 -0.2354
vn -0.4258 0.6916 -0.5833
vn -0.6877 0.6986 0.1978
vn -0.0942 0.8367 -0.5396
vn 0.1987 0.5021 -0.8417
vn -0.7848 0.5573 -0.2711
vn 0.4462 0.1981 0.8727
vn -0.1644 0.2110 0.9636
vn -0.0053 0.2614 0.9652
vn 0.1638 0.9854 0.0464
vn -0.3914 0.2671 -0.8806
vn -0.1041 0.4055 0.9081
vn -0.0165 0.6056 0.7956
vn 0.0587 0.8269 -0.5592
vn -0.0862 0.8158 -0.5718
vn -0.0354 0.8862 -0.4620
vn -0.1333 0.8414 0.5237
vn 0.4131 0.8421 0.3467
vn -0.1844 0.9748 0.1257
vn 0.4179 0.6615 -0.6227
vn 0.0812 0.3070 0.9482
vn -0.3658 0.6568 -0.6594
vn -0.1616 0.9475 -0.2758
vn 0.0711 0.9849 -0.1577
vn 0.0012 0.9985 -0.0551
vn 0.0924 0.9848 -0.1468
vn 0.0158 0.9974 -0.0698
vn 0.4571 0.8866 0.0706
vn 0.3626 0.8868 -0.2864
vn 0.0672 0.9939 -0.0879
vn 0.3249 0.9442 -0.0548
vn 0.3389 0.9302 -0.1409
vn 0.2435 0.9473 -0.2079
vn 0.2566 0.9593 0.1180
vn 0.4401 0.8931 0.0934
vn 0.2343 0.9589 -0.1599
vn -0.6234 0.6776 -0.3901
vn -0.5195 0.8273 -0.2137
vn -0.3286 0.8292 0.4521
vn -0.2057 0.9621 0.1788
vn 0.0113 0.8170 0.5765
vn -0.1744 0.9288 0.3271
vn -0.2468 0.9688 0.0217
vn -0.1473 0.9840 0.1005
vn -0.2186 0.9745 0.0510
vn -0.1768 0.9748 0.1362
vn -0.1727 0.9837 0.0508
vn -0.1556 0.9878 0.0085
vn -0.0001 0.6824 0.7310
vn -0.0861 0.9528 -0.2911
vn 0.0375 0.9807 0.1919
vn -0.4055 0.6468 0.6460
vn 0.6006 0.7022 0.3824
vn 0.1374 0.4597 0.8774
vn -0.2800 0.8568 -0.4331
vn 0.0901 0.8937 -0.4394
vn -0.0244 0.9177 0.3966
vn -0.1264 0.9888 -0.0797
vn -0.1838 0.9716 0.1493
vn -0.4239 0.7633 0.4875
vn 0.1092 0.9591 -0.2610
vn -0.4767 0.8712 -0.1172
vn 0.0271 0.9993 -0.0256
vn 0.0641 0.9241 0.3767
vn -0.0174 0.9666 0.2556
vn 0.0209 0.9552 0.2953
vn 0.1522 0.8377 0.5246
vn 0.1751 0.8733 0.4545
vn 0.2010 0.6593 0.7246
vn -0.0060 0.8613 0.5080
vn 0.0625 0.8618 0.5033
vn -0.3437 0.6902 0.6367
vn 0.0189 0.9383 0.3452
vn 0.6920 0.6964 0.1899
vn -0.3984 0.8977 -0.1884
vn -0.3252 0.9446 -0.0433
vn -0.2201 0.9488 -0.2264
vn -0.6055 0.7529 -0.2579
vn 0.0217 0.8897 0.4561
vn -0.1893 0.8354 0.5161
vn -0.2847 0.9557 0.0748
vn 0.2492 0.8171 0.5198
vn -0.0153 0.8842 0.4668
vn 0.1697 0.7755 0.6081
vn 0.3033 0.5690 0.7644
vn 0.1542 0.8694 0.4695
vn 0.2466 0.5384 0.8058
vn -0.0279 0.9437 -0.3297
vn 0.3103 0.9155 0.2561
vn -0.2806 0.6078 -0.7429
vn -0.5801 0.3935 -0.7132
vn -0.0244 0.8931 -0.4491
vn 0.0864 0.9427 -0.3223
vn 0.8344 0.4785 -0.2735
vn 0.3315 0.9378 -0.1034
vn -0.2771 0.7207 -0.6354
vn -0.5596 0.7330 0.3866
vn -0.3104 0.7024 -0.6406
vn -0.3289 0.9440 -0.0271
vn 0.3791 0.5495 -0.7445
vn -0.2784 0.9434 0.1801
vn -0.7632 0.5919 -0.2592
vn 0.0190 0.6724 -0.7400
vn -0.2380 0.8018 -0.5481
vn 0.2247 0.5904 -0.7752
vn 0.2599 0.9454 -0.1965
vn -0.1098 0.7427 -0.6606
vn -0.2131 0.8621 -0.4599
vn 0.1184 0.9876 0.1036
vn 0.4401 0.8617 -0.2527
vn -0.5336 0.8385 -0.1101
vn -0.4876 0.8685 -0.0893
vn -0.3060 0.9123 0.2720
vn -0.1656 0.9462 0.2780
vn 0.1781 0.7675 -0.6158
vn 0.1429 0.6091 -0.7801
vn 0.6423 0.4231 -0.6391
vn 0.4019 0.9030 0.1518
vn -0.9017 0.3792 -0.2078
vn 0.8684 0.3459 0.3552
vn -0.0171 0.2400 -0.9706
vn -0.0833 0.4046 -0.9107
vn -0.4551 0.8653 -0.2102
vn 0.0092 0.2698 -0.9629
vn 0.0118 0.5368 -0.8436
vn -0.5308 0.5641 0.6325
vn -0.3307 0.7427 0.5822
vn -0.1834 0.9429 0.2781
vn 0.3801 0.8977 0.2229
vn 0.2482 0.7895 -0.5614
vn -0.1084 0.6324 -0.7670
vn 0.2661 0.6584 -0.7041
vn -0.0218 0.9989 0.0422
vn 0.4836 0.6809 0.5500
vn 0.2131 0.6553 0.7247
vn 0.4804 0.5922 0.6469
vn 0.2953 0.7938 0.5317
vn -0.2332 0.5326 0.8136
vn -0.6372 0.7359 0.2290
vn -0.3030 0.5747 0.7602
vn -0.4417 0.5276 0.7256
vn -0.1898 0.8801 -0.4352
vn 0.1461 0.5308 0.8348
vn 0.3776 0.4945 -0.7829
vn 0.8141 0.4542 0.3617
vn -0.0240 0.5010 -0.8651
vn -0.0299 0.7979 -0.6020
vn -0.0659 0.5930 -0.8025
vn -0.2303 0.3838 -0.8943
vn 0.1784 0.4684 -0.8653
vn -0.5944 0.4622 -0.6581
vn -0.5513 0.6979 0.4571
vn -0.6562 0.5931 -0.4666
vn -0.0020 0.9210 0.3895
vn -0.0025 0.9970 0.0779
vn -0.7201 0.6708 0.1777
vn -0.2788 0.5665 0.7754
vn 0.8756 0.4152 -0.2469
vn -0.3056 0.8662 0.3953
vn -0.5334 0.7672 -0.3563
vn -0.6798 0.6071 0.4114
vn 0.1248 0.9740 -0.1889
vn 0.1873 0.9330 -0.3071
vn 0.1092 0.9640 -0.2425
vn 0.0707 0.9768 -0.2021
vn -0.1321 0.9250 0.3563
vn -0.6509 0.2637 -0.7119
vn -0.8126 0.5826 0.0135
vn -0.9369 0.2743 -0.2167
vn -0.2913 0.9550 -0.0558
vn -0.1812 0.7684 -0.6138
vn -0.1192 0.9904 -0.0694
vn -0.2200 0.8047 -0.5514
vn 0.1863 0.9815 -0.0452
vn -0.5532 0.8269 0.1011
vn -0.1714 0.8474 0.5025
vn -0.6643 0.7113 0.2297
vn -0.5695 0.7939 0.2132
vn 0.1579 0.7195 0.6762
vn -0.2089 0.6200 0.7563
vn -0.2497 0.7074 0.6612
vn -0.0555 0.9016 -0.4290
vn -0.7464 0.4943 -0.4456
vn -0.1073 0.8905 -0.4422
vn -0.1659 0.8191 -0.5492
vn 0.2146 0.9038 -0.3702
vn 0.0158 0.9794 0.2015
vn 0.1131 0.8803 -0.4608
vn 0.5000 0.5459 0.6724
vn 0.7102 0.5470 0.4431
vn 0.7869 0.3112 0.5328
vn 0.7180 0.5479 0.4292
vn 0.6368 0.7020 0.3189
vn 0.3765 0.9176 0.1278
vn 0.5399 0.8198 0.1911
vn -0.3858 0.8807 -0.2749
vn -0.0954 0.9878 -0.1228
vn -0.5413 0.6557 -0.5264
vn 0.8790 0.4592 -0.1286
vn -0.2154 0.9561 -0.1987
vn -0.4304 0.8163 -0.3854
vn -0.5405 0.8035 -0.2496
vn -0.0037 0.9997 -0.0235
vn -0.7924 0.6020 -0.0981
vn -0.6846 0.7143 -0.1457
vn -0.9025 0.4218 -0.0876
vn -0.5953 0.7991 -0.0836
vn -0.0938 0.9485 0.3025
vn -0.0063 0.8800 0.4750
vn -0.1391 0.9885 -0.0590
vn -0.1012 0.9710 0.2165
vn -0.1389 0.7801 0.6101
vn -0.2196 0.7562 0.6164
vn 0.1195 0.9409 0.3168
vn 0.0816 0.9933 0.0816
vn 0.4782 0.2942 0.8275
vn 0.5730 0.4585 0.6793
vn 0.5227 0.5652 -0.6382
vn -0.0123 0.4914 -0.8708
vn 0.4029 0.5476 -0.7334
vn 0.1704 0.6725 -0.7203
vn 0.1744 0.7266 -0.6646
vn 0.4835 0.7341 -0.4768
vn 0.3218 0.8962 0.3054
vn -0.3126 0.7205 0.6189
vn -0.0970 0.9242 -0.3693
vn 0.3905 0.9067 -0.1593
vn 0.8929 0.4500 0.0134
vn -0.6273 0.7760 -0.0661
vn -0.7917 0.6082 -0.0567
vn -0.4285 0.8979 0.1010
vn 0.2231 0.6064 -0.7632
vn -0.0323 0.4266 -0.9039
vn 0.2301 0.9256 -0.3005
vn 0.4852 0.8617 0.1487
vn 0.0144 0.9963 0.0842
vn 0.4082 0.7783 0.4771
vn 0.4339 0.9009 0.0136
vn 0.1001 0.9749 -0.1988
vn 0.3830 0.7784 -0.4973
vn 0.3028 0.8696 -0.3900
vn 0.0626 0.9871 -0.1474
vn 0.4941 0.7031 -0.5113
vn -0.1324 0.8806 -0.4550
vn -0.3039 0.6806 -0.6666
vn -0.4681 0.6886 -0.5538
vn 0.3702 0.8685 -0.3295
vn 0.7134 0.6970 -0.0725
vn -0.4012 0.9147 0.0477
vn 0.3356 0.9344 -0.1191
vn 0.5816 0.8017 -0.1379
vn -0.8382 0.5073 -0.1999
vn -0.7999 0.5610 0.2133
vn -0.8561 0.5117 0.0723
vn -0.0991 0.4641 0.8802
vn 0.4162 0.3169 0.8523
vn 0.2551 0.6705 0.6967
vn -0.0719 0.9974 -0.0052
vn 0.6083 0.7013 -0.3717
vn -0.6280 0.4860 -0.6078
vn 0.6263 0.7507 -0.2102
vn 0.5568 0.7739 0.3018
vn 0.3357 0.9360 -0.1062
vn -0.0724 0.5380 0.8398
vn -0.1130 0.9885 0.1004
vn -0.0030 0.9888 -0.1490
vn -0.1102 0.9903 0.0849
vn 0.2719 0.9619 0.0283
vn 0.2932 0.7160 0.6336
vn 0.3550 0.8648 0.3551
vn -0.1189 0.9849 0.1256
vn -0.2274 0.9186 0.3232
vn 0.3229 0.4324 -0.8419
vn 0.7303 0.6798 0.0679
vn 0.3788 0.9029 -0.2033
vn 0.5892 0.7307 -0.3449
vn 0.4141 0.9002 -0.1348
vn 0.2428 0.8114 0.5317
vn -0.5034 0.4498 -0.7378
vn -0.9303 0.2721 -0.2460
vn -0.8333 0.4228 -0.3562
vn -0.8541 0.4286 -0.2946
vn -0.5032 0.6094 -0.6127
vn -0.6779 0.6451 0.3526
vn -0.5584 0.7391 0.3766
vn -0.6927 0.7178 0.0704
vn -0.7724 0.5992 0.2105
vn -0.4011 0.8248 0.3986
vn -0.3874 0.8676 0.3119
vn -0.5291 0.8161 0.2324
vn -0.7589 0.6421 -0.1085
vn -0.6475 0.6773 -0.3492
vn -0.2649 0.7063 0.6564
vn -0.3042 0.7647 0.5681
vn 0.0296 0.9823 0.1848
vn -0.1655 0.7434 -0.6481
vn -0.7696 0.4230 -0.4784
vn -0.5158 0.4063 -0.7542
vn 0.7669 0.6368 0.0799
vn -0.5893 0.6368 -0.4972
vn -0.9235 0.3357 -0.1855
vn 0.3629 0.6195 -0.6960
vn -0.0242 0.7505 -0.6604
vn 0.0629 0.9768 -0.2048
vn 0.0272 0.9828 -0.1827
vn 0.0034 0.9941 -0.1087
vn 0.1467 0.9734 -0.1758
vn 0.3188 0.9157 -0.2447
vn 0.1153 0.9888 -0.0949
vn -0.0238 0.9997 -0.0040
vn -0.4684 0.7490 0.4686
vn -0.5318 0.8398 0.1087
vn -0.2419 0.9700 0.0241
vn -0.1827 0.8428 0.5063
vn -0.0384 0.7635 0.6447
vn -0.3586 0.6776 0.6420
vn -0.4195 0.4861 -0.7666
vn -0.4684 0.6149 -0.6344
vn 0.1276 0.9636 -0.2351
vn 0.2139 0.9225 0.3212
vn 0.7718 0.5679 -0.2860
vn 0.6141 0.7710 0.1688
vn 0.5205 0.8014 0.2946
vn 0.5060 0.8070 0.3045
vn 0.5875 0.8008 0.1164
vn 0.7171 0.6476 0.2578
vn 0.6562 0.7393 0.1510
vn 0.6857 0.2532 0.6824
vn -0.0151 0.3506 0.9364
vn 0.7735 0.5256 -0.3541
vn 0.7885 0.3272 -0.5208
vn 0.0936 0.9448 0.3141
vn 0.6708 0.7353 0.0968
vn 0.2758 0.4239 0.8627
vn 0.0210 0.8962 -0.4431
vn 0.1822 0.9782 0.0996
vn 0.1232 0.9193 -0.3737
vn 0.1921 0.9754 0.1083
vn 0.1334 0.9849 -0.1108
vn 0.1142 0.9905 -0.0770
vn -0.0142 0.7286 0.6847
vn -0.0885 0.8388 0.5372
vn -0.7318 0.3935 0.5565
vn -0.7510 0.2773 0.5993
vn -0.8978 0.2180 0.3828
vn -0.4653 0.7201 0.5147
vn 0.3295 0.8720 -0.3619
vn -0.5456 0.3940 0.7396
vn -0.3231 0.3614 0.8747
vn -0.7253 0.3752 0.5772
vn -0.1270 0.7111 0.6915
vn 0.0336 0.9815 0.1886
vn -0.1307 0.4984 0.8570
vn 0.1957 0.7970 -0.5713
vn 0.1768 0.6240 -0.7612
vn -0.0429 0.8495 -0.5259
vn 0.3288 0.7224 -0.6083
vn 0.4529 0.7966 -0.4004
vn 0.0800 0.9769 0.1984
vn -0.9449 0.3265 -0.0227
vn -0.7209 0.5708 -0.3930
vn -0.7519 0.6500 0.1107
vn -0.0672 0.9908 -0.1177
vn 0.8516 0.5054 -0.1390
vn 0.0241 0.7686 -0.6393
vn 0.7268 0.6800 -0.0968
vn 0.1710 0.9706 0.1694
vn 0.9367 0.2587 0.2360
vn 0.9522 0.1967 0.2339
vn 0.0298 0.7332 -0.6793
vn 0.2410 0.8064 -0.5401
vn 0.2415 0.9517 0.1895
vn 0.2919 0.9538 0.0708
vn 0.0864 0.5636 0.8215
vn 0.2243 0.8894 0.3984
vn 0.2777 0.8192 -0.5018
vn -0.3621 0.8805 -0.3060
vn -0.5558 0.7197 -0.4161
vn -0.4533 0.7045 -0.5462
vn -0.2686 0.9236 -0.2736
vn 0.0267 0.7682 0.6397
vn -0.1441 0.9563 0.2546
vn -0.2197 0.7950 0.5655
vn -0.8264 0.5626 0.0233
vn -0.7366 0.5421 0.4044
vn -0.4529 0.8913 0.0210
vn 0.5704 0.2033 0.7958
vn 0.7079 0.1969 0.6783
vn 0.7811 0.2963 0.5495
vn 0.1346 0.9906 -0.0241
vn -0.0471 0.9698 -0.2395
vn 0.5152 0.6565 -0.5509
vn 0.7405 0.6426 -0.1969
vn 0.4688 0.8337 -0.2919
vn 0.7213 0.5267 -0.4498
vn -0.7156 0.5230 -0.4630
vn -0.2892 0.8688 0.4020
vn -0.1361 0.5078 -0.8507
vn 0.1913 0.9201 0.3419
vn 0.3002 0.9264 0.2271
vn 0.1522 0.9860 -0.0685
vn 0.3186 0.9068 -0.2760
vn 0.2365 0.8055 -0.5434
vn 0.2256 0.8385 -0.4960
vn 0.2817 0.9594 -0.0128
vn 0.0905 0.9068 -0.4118
vn -0.1148 0.9819 -0.1507
vn -0.0625 0.9957 -0.0678
vn -0.0601 0.9930 -0.1014
vn -0.0618 0.7501 -0.6584
vn -0.2252 0.8577 -0.4623
vn 0.0063 0.8089 0.5879
vn -0.0411 0.9013 0.4313
vn -0.0858 0.7836 0.6153
vn 0.2950 0.9282 -0.2268
vn 0.1687 0.9855 0.0169
vn 0.2807 0.9144 -0.2918
vn -0.2061 0.9758 0.0734
vn 0.1798 0.8548 -0.4868
vn -0.1193 0.9846 -0.1280
vn 0.4489 0.4175 -0.7901
vn 0.4924 0.7347 -0.4666
vn -0.1130 0.4234 -0.8989
vn -0.1777 0.9229 -0.3416
vn 0.1315 0.9534 -0.2716
vn 0.0383 0.8901 -0.4542
vn 0.0704 0.8344 -0.5467
vn 0.7128 0.7009 0.0267
vn 0.1335 0.9145 -0.3820
vn -0.1253 0.9053 -0.4060
vn -0.2730 0.9575 -0.0935
vn -0.3242 0.6039 0.7281
vn -0.0104 0.9997 -0.0210
vn 0.0560 0.9983 0.0187
vn -0.6694 0.7405 -0.0588
vn -0.7663 0.5222 0.3743
vn -0.5810 0.7116 0.3951
vn -0.6032 0.6280 0.4917
vn -0.2851 0.7769 -0.5614
vn 0.4300 0.4371 -0.7900
vn -0.7285 0.4923 -0.4765
vn 0.5038 0.6896 -0.5203
vn -0.2661 0.2682 0.9259
vn -0.2767 0.4358 0.8564
vn -0.4345 0.5250 0.7318
vn -0.3168 0.2056 0.9259
vn -0.3017 0.6106 -0.7323
vn -0.0245 0.8652 -0.5008
vn -0.0863 0.5910 -0.8021
vn -0.2845 0.9582 -0.0287
vn -0.2739 0.6931 -0.6668
vn 0.7334 0.6144 -0.2908
vn -0.1398 0.7924 -0.5938
vn 0.1470 0.6633 -0.7338
vn 0.4241 0.2601 0.8674
vn 0.1924 0.6567 0.7292
vn 0.2938 0.2632 0.9189
vn 0.0274 0.8954 -0.4444
vn 0.1547 0.9531 -0.2603
vn 0.4289 0.6449 -0.6325
vn 0.1554 0.4926 0.8563
vn 0.3153 0.9441 -0.0962
vn 0.2963 0.6192 0.7272
vn 0.5575 0.4699 0.6843
vn 0.4338 0.6109 -0.6622
vn 0.4656 0.8011 0.3760
vn 0.2308 0.9725 0.0328
vn -0.0233 0.9937 -0.1100
vn -0.0130 0.9654 -0.2604
vn -0.0733 0.9271 -0.3676
vn -0.0072 0.9305 -0.3663
vn -0.1757 0.9730 -0.1495
vn -0.0327 0.7401 -0.6718
vn -0.0499 0.8674 -0.4950
vn -0.1257 0.9298 -0.3458
vn 0.1314 0.9896 -0.0577
vn -0.0997 0.8568 -0.5058
vn -0.1863 0.7085 0.6807
vn -0.2922 0.9558 0.0332
vn -0.2496 0.8301 0.4986
vn -0.6918 0.5882 -0.4189
vn 0.0768 0.6953 -0.7146
vn 0.0084 0.9792 -0.2025
vn 0.3194 0.8560 -0.4066
vn 0.3928 0.7065 -0.5887
vn 0.3795 0.8528 -0.3587
vn 0.2066 0.8707 -0.4463
vn -0.1567 0.9755 -0.1547
vn -0.3100 0.7210 -0.6198
vn 0.1387 0.9403 0.3108
vn 0.0320 0.9869 0.1579
vn -0.4449 0.8500 0.2821
vn 0.0503 0.9978 0.0422
vn 0.1284 0.9896 -0.0642
vn 0.0976 0.9900 0.1016
vn 0.0696 0.9854 -0.1552
vn -0.4736 0.5715 -0.6702
vn -0.0807 0.9365 -0.3412
vn -0.3495 0.8694 -0.3494
vn 0.6703 0.7405 -0.0477
vn 0.8159 0.5665 -0.1154
vn 0.8292 0.3951 -0.3954
vn 0.6525 0.6783 -0.3378
vn 0.6277 0.6427 -0.4392
vn 0.2231 0.5023 -0.8354
vn -0.7230 0.1840 -0.6659
vn 0.0667 0.2233 -0.9725
vn 0.1037 0.8889 -0.4462
vn 0.9468 0.1413 0.2892
vn -0.5821 0.8125 -0.0307
vn -0.6625 0.7221 0.1989
vn -0.4025 0.9153 0.0162
vn 0.0204 0.9996 -0.0176
vn 0.0709 0.4434 -0.8935
vn -0.1230 0.3126 -0.9419
vn 0.3096 0.2990 -0.9027
vn 0.7284 0.6306 -0.2679
vn 0.4090 0.9084 0.0869
vn -0.2354 0.2019 0.9507
vn -0.0351 0.2561 0.9660
vn 0.5953 0.4904 -0.6365
vn 0.3813 0.9244 -0.0000
vn 0.4832 0.7594 -0.4356
vn 0.9278 0.3699 0.0483
vn 0.0828 0.8113 0.5787
vn -0.0128 0.6951 0.7188
vn -0.1710 0.8195 0.5470
vn 0.6464 0.5367 0.5423
vn -0.1851 0.4438 -0.8768
vn 0.0050 0.8357 -0.5492
vn -0.8832 0.3940 0.2544
vn -0.1989 0.9402 0.2765
vn -0.6335 0.6258 0.4551
vn -0.0584 0.7376 -0.6727
vn -0.1837 0.9328 0.3101
vn 0.2253 0.6252 0.7472
vn 0.3571 0.5765 0.7349
vn -0.2136 0.7713 -0.5995
vn 0.2970 0.9438 0.1453
vn -0.3408 0.8902 -0.3024
vn -0.5672 0.7499 -0.3404
vn -0.2768 0.7200 -0.6363
vn -0.6075 0.7931 -0.0435
vn -0.6567 0.5828 -0.4787
vn -0.3383 0.6411 -0.6889
vn -0.1704 0.9023 -0.3960
vn 0.4850 0.8700 0.0895
vn 0.0770 0.9498 0.3033
vn 0.4529 0.8648 -0.2167
vn 0.3825 0.8277 0.4106
vn -0.2431 0.9637 -0.1105
vn -0.1814 0.9677 -0.1750
vn -0.0701 0.9975 0.0013
vn -0.1453 0.9805 -0.1326
vn -0.1037 0.9617 -0.2538
vn 0.2059 0.9781 0.0296
vn 0.0166 0.3854 0.9226
vn 0.0389 0.4376 0.8984
vn 0.0526 0.7247 0.6871
vn 0.0152 0.2239 0.9745
vn 0.7116 0.6787 0.1815
vn -0.3037 0.3748 0.8759
vn 0.0619 0.9946 0.0834
vn -0.3562 0.7538 0.5522
vn -0.3357 0.8867 0.3180
vn -0.5501 0.6168 0.5630
vn -0.6763 0.5216 0.5202
vn -0.3109 0.6077 -0.7307
vn -0.0694 0.7699 -0.6344
vn -0.9458 0.2950 0.1357
vn -0.9065 0.2657 0.3281
vn -0.5025 0.6630 0.5550
vn -0.4163 0.8918 0.1771
vn -0.2489 0.9084 0.3359
vn -0.6166 0.7572 -0.2155
vn -0.0243 0.8595 0.5106
vn -0.2415 0.9474 0.2101
vn -0.2813 0.9596 -0.0012
vn -0.1635 0.8652 0.4740
vn 0.0236 0.7085 0.7053
vn 0.9296 0.3681 -0.0196
vn 0.6914 0.2230 -0.6871
vn 0.8594 0.3690 0.3539
vn 0.7061 0.7019 0.0938
vn 0.0352 0.9772 -0.2096
vn 0.2400 0.7492 -0.6174
vn -0.0578 0.9840 0.1682
vn 0.8198 0.5344 0.2058
vn 0.8058 0.4674 -0.3635
vn -0.6539 0.5642 -0.5041
vn -0.8042 0.4865 -0.3413
vn 0.4197 0.4408 -0.7935
vn -0.0942 0.8041 -0.5870
vn -0.1242 0.7987 -0.5887
vn 0.0643 0.8856 -0.4600
vn 0.2922 0.3347 -0.8959
vn 0.1625 0.5201 -0.8385
vn 0.1431 0.2767 -0.9502
vn 0.3971 0.7800 -0.4836
vn -0.2692 0.9195 -0.2863
vn -0.6825 0.7271 0.0738
vn -0.4005 0.8531 -0.3344
vn -0.7998 0.5915 0.1017
vn 0.4762 0.8682 -0.1392
vn -0.0202 0.9835 -0.1798
vn -0.2575 0.8266 0.5004
vn -0.3461 0.9262 0.1494
vn -0.2186 0.7064 0.6732
vn -0.4171 0.8953 -0.1563
vn -0.4368 0.8985 0.0441
vn 0.3141 0.8897 -0.3313
vn -0.4975 0.8571 0.1341
vn -0.1552 0.9469 0.2815
vn -0.7655 0.4783 -0.4305
vn -0.7948 0.5951 -0.1190
vn -0.8498 0.3416 -0.4015
vn -0.7666 0.6011 -0.2256
vn -0.0757 0.7081 0.7021
vn 0.0065 0.9027 -0.4303
vn 0.2062 0.8883 -0.4103
vn 0.2259 0.8983 0.3769
vn -0.6330 0.7517 0.1852
vn 0.4820 0.8461 0.2274
vn 0.4323 0.8613 -0.2671
vn 0.2172 0.9760 0.0155
vn -0.1330 0.8516 -0.5070
vn -0.0782 0.9821 -0.1711
vn 0.4286 0.8966 -0.1112
vn -0.3698 0.9291 0.0094
vn 0.0718 0.9716 -0.2256
vn -0.2098 0.9747 0.0767
vn -0.3430 0.5285 0.7765
vn 0.2031 0.9257 0.3191
vn -0.1601 0.9354 0.3152
vn 0.4397 0.8817 0.1711
vn -0.2310 0.7988 -0.5554
vn -0.0999 0.7981 0.5942
vn 0.0636 0.9541 -0.2927
vn -0.2532 0.8880 -0.3838
vn 0.5548 0.8077 -0.1998
vn 0.4332 0.7570 -0.4891
vn 0.5437 0.8242 -0.1584
vn 0.0518 0.9194 -0.3898
vn 0.4053 0.8511 -0.3336
vn -0.2009 0.8024 0.5619
vn -0.8606 0.2163 -0.4610
vn -0.4858 0.8617 -0.1467
vn -0.4489 0.8922 0.0500
vn 0.2767 0.5477 -0.7896
vn 0.1199 0.4177 -0.9006
vn -0.2343 0.8993 0.3693
vn -0.4585 0.8773 0.1418
vn -0.3219 0.7743 0.5448
vn 0.4610 0.8320 -0.3086
vn 0.5920 0.7593 -0.2702
vn 0.1599 0.9347 -0.3175
vn -0.0674 0.9683 -0.2407
vn 0.1350 0.8475 -0.5134
vn 0.0184 0.9990 -0.0411
vn 0.0130 0.7615 -0.6480
vn -0.0878 0.9960 0.0175
vn 0.1173 0.2735 -0.9547
vn -0.5298 0.4543 -0.7162
vn 0.5093 0.6854 -0.5205
vn 0.0941 0.7638 -0.6385
vn 0.0197 0.9702 0.2417
vn 0.0114 0.9813 0.1922
vn 0.1931 0.9785 -0.0729
vn -0.1045 0.9929 0.0574
vn -0.2706 0.9354 0.2277
vn 0.1130 0.8881 0.4455
vn -0.2335 0.5954 0.7688
vn -0.6062 0.6357 0.4780
vn 0.2473 0.7762 0.5800
vn -0.3718 0.8480 0.3777
vn -0.0100 0.8952 0.4456
vn -0.3612 0.8913 0.2739
vn -0.3374 0.7750 0.5343
vn -0.0220 0.7174 0.6963
vn 0.3740 0.7323 0.5691
vn 0.9825 0.1749 0.0642
vn -0.0299 0.4666 0.8839
vn -0.2242 0.6654 0.7120
vn 0.2318 0.2735 0.9335
vn -0.0945 0.5206 0.8485
vn 0.5871 0.7710 -0.2468
vn 0.6448 0.6267 -0.4375
vn 0.4710 0.7015 -0.5348
vn -0.0296 0.5759 0.8170
vn -0.1714 0.8068 -0.5654
vn -0.0206 0.9485 0.3160
vn -0.4711 0.4781 0.7413
vn -0.3077 0.7346 0.6048
vn 0.0012 0.6704 0.7420
vn -0.2663 0.7273 0.6326
vn 0.8618 0.3341 0.3818
vn 0.5820 0.4514 0.6764
vn 0.4092 0.3549 0.8406
vn 0.6461 0.5788 0.4976
vn -0.1381 0.9892 -0.0488
vn 0.1137 0.9930 -0.0327
vn -0.3092 0.9431 0.1225
vn -0.4336 0.8796 0.1960
vn -0.3801 0.8842 0.2716
vn -0.5758 0.7274 0.3732
vn 0.1454 0.9840 0.1034
vn -0.0774 0.9969 0.0110
vn -0.1153 0.9883 -0.1002
vn -0.0327 0.9956 0.0881
vn 0.0399 0.9983 -0.0435
vn -0.1526 0.6158 0.7730
vn 0.3733 0.8938 -0.2487
vn 0.5565 0.6477 -0.5204
vn 0.5433 0.6085 -0.5783
vn -0.0301 0.9993 -0.0233
vn 0.2086 0.9371 -0.2800
vn -0.3827 0.6379 -0.6682
vn -0.6305 0.6751 -0.3831
vn -0.2929 0.8170 -0.4966
vn -0.2973 0.5122 -0.8057
vn 0.2031 0.7117 -0.6725
vn 0.1270 0.9241 -0.3605
vn 0.0541 0.6331 -0.7722
vn 0.2620 0.6708 0.6938
vn 0.0381 0.9983 0.0431
vn 0.4021 0.5164 0.7561
vn 0.7725 0.6293 -0.0853
vn 0.4151 0.7973 0.4383
vn 0.2469 0.8256 0.5074
vn 0.2676 0.9108 0.3143
vn 0.2836 0.7266 0.6258
vn 0.4881 0.8195 0.3003
vn 0.4244 0.7475 0.5111
vn 0.3003 0.8750 -0.3798
vn 0.7748 0.3047 -0.5539
vn 0.6697 0.3852 -0.6349
vn -0.1239 0.9652 0.2302
vn -0.1637 0.8288 0.5351
vn 0.0566 0.9921 -0.1115
vn -0.2629 0.8054 0.5313
vn -0.3246 0.8314 0.4510
vn -0.5108 0.7384 -0.4404
vn -0.6151 0.7884 0.0120
vn -0.3038 0.9438 -0.1303
vn -0.3839 0.8725 -0.3024
vn 0.0588 0.9924 -0.1080
vn 0.2823 0.9073 -0.3116
vn 0.0105 0.9636 -0.2672
vn 0.2995 0.6733 0.6760
vn -0.0411 0.7225 0.6902
vn 0.1975 0.8707 0.4505
vn -0.3341 0.8534 0.4002
vn 0.0668 0.9864 0.1505
vn 0.1067 0.9673 0.2299
vn 0.0495 0.9105 -0.4104
vn 0.0368 0.9077 -0.4180
vn -0.0348 0.9519 -0.3043
vn -0.1949 0.9786 -0.0657
vn 0.1065 0.9145 -0.3903
vn 0.5369 0.7588 0.3687
vn 0.4156 0.9084 -0.0449
vn 0.4462 0.5770 -0.6841
vn 0.4435 0.8455 -0.2973
vn -0.0556 0.8296 -0.5556
vn 0.2463 0.7846 -0.5690
vn 0.4507 0.8440 0.2907
vn 0.0263 0.9079 -0.4185
vn -0.2394 0.9693 -0.0564
vn -0.0196 0.9976 -0.0663
vn 0.3941 0.5424 0.7420
vn 0.0224 0.5900 0.8071
vn 0.1373 0.9696 -0.2027
vn 0.0260 0.9950 -0.0964
vn 0.4568 0.8774 -0.1463
vn 0.1483 0.9472 -0.2844
vn -0.1485 0.9889 -0.0042
vn -0.1152 0.9162 -0.3837
vn -0.4267 0.7945 0.4320
vn -0.4758 0.6976 0.5357
vn 0.5067 0.6998 0.5034
vn 0.1928 0.9737 0.1210
vn 0.0809 0.9875 0.1351
vn 0.0504 0.9556 0.2904
vn 0.0641 0.8569 0.5116
vn 0.6749 0.2934 0.6771
vn -0.5810 0.5599 0.5908
vn -0.2686 0.7102 0.6507
vn 0.1557 0.9506 -0.2686
vn 0.3620 0.9301 0.0618
vn 0.7446 0.6395 -0.1913
vn 0.6711 0.5427 -0.5051
vn 0.4803 0.8752 0.0578
vn 0.4801 0.7099 -0.5154
vn 0.2401 0.8209 -0.5182
vn 0.3426 0.6958 -0.6312
vn 0.2297 0.4298 -0.8732
vn 0.3343 0.9021 0.2728
vn 0.0676 0.7365 0.6731
vn 0.0696 0.8802 0.4695
vn 0.2375 0.3961 0.8869
vn -0.0077 0.3567 0.9342
vn 0.4251 0.6570 0.6226
vn 0.0263 0.4821 0.8757
vn 0.4325 0.8814 0.1899
vn -0.2206 0.7207 0.6572
vn -0.5589 0.7644 -0.3214
vn 0.1904 0.7968 -0.5734
vn -0.1033 0.9191 -0.3802
vn 0.2060 0.7177 0.6652
vn 0.1919 0.7244 0.6621
vn -0.5216 0.5485 0.6535
vn -0.7404 0.5859 0.3294
vn -0.0828 0.9194 0.3845
vn 0.0083 0.9994 -0.0349
vn -0.2542 0.9662 -0.0428
vn -0.2093 0.5778 -0.7889
vn -0.3086 0.5724 -0.7597
vn -0.2005 0.7728 -0.6021
vn -0.0738 0.3183 -0.9451
vn 0.2310 0.3863 0.8930
vn 0.0218 0.3220 0.9465
vn 0.2261 0.9154 0.3331
vn 0.2949 0.9233 -0.2460
vn -0.4190 0.8236 0.3822
vn -0.1047 0.4915 -0.8646
vn -0.5055 0.8577 -0.0939
vn -0.2951 0.8890 0.3501
vn 0.0872 0.8019 -0.5910
vn 0.4907 0.7631 -0.4205
vn 0.3200 0.8030 -0.5028
vn 0.1775 0.6237 -0.7613
vn 0.2353 0.8310 -0.5041
vn 0.4119 0.8284 -0.3796
vn -0.3995 0.9164 0.0251
vn -0.1592 0.9490 0.2723
vn -0.0875 0.7439 0.6625
vn -0.2403 0.7248 -0.6457
vn 0.2203 0.9714 0.0881
vn 0.0323 0.8535 0.5202
vn -0.1231 0.9923 -0.0100
vn -0.0535 0.9953 0.0807
vn -0.0127 0.9372 -0.3485
vn -0.3185 0.9220 0.2201
vn -0.3560 0.9286 -0.1043
vn 0.8033 0.5537 0.2194
vn -0.0132 0.9895 -0.1438
vn -0.8550 0.4756 0.2068
vn 0.4449 0.8899 0.1005
vn 0.7328 0.4338 -0.5242
vn 0.7770 0.6201 0.1084
vn 0.7897 0.3795 0.4820
vn 0.2159 0.8314 0.5120
vn 0.2004 0.9023 0.3818
vn 0.3021 0.7895 -0.5342
vn -0.9004 0.4336 0.0358
vn -0.0705 0.9969 -0.0348
vn 0.2462 0.6817 0.6890
vn -0.3940 0.8549 0.3375
vn 0.4255 0.8859 0.1847
vn -0.7039 0.6871 -0.1801
vn 0.2978 0.9194 -0.2571
vn -0.4489 0.5857 -0.6749
vn -0.5456 0.6181 0.5659
vn -0.1712 0.9546 0.2437
vn -0.2685 0.8266 -0.4947
vn 0.4816 0.7832 0.3933
vn 0.2340 0.9659 -0.1111
vn 0.2440 0.9677 -0.0634
vn 0.0967 0.9587 0.2675
vn -0.2192 0.9680 -0.1222
vn 0.1625 0.9867 0.0104
vn 0.1720 0.6228 0.7632
vn 0.0487 0.8482 0.5275
vn -0.0334 0.4652 -0.8846
vn -0.1245 0.8719 0.4736
vn -0.3494 0.7949 0.4960
vn -0.1027 0.7692 0.6307
vn -0.1180 0.8471 -0.5181
vn -0.2548 0.8887 -0.3813
vn -0.8569 0.3583 0.3705
vn 0.6318 0.4289 -0.6456
vn 0.2232 0.4300 -0.8748
vn 0.2802 0.6902 -0.6672
vn 0.4118 0.9109 -0.0249
vn 0.6463 0.7290 -0.2257
vn 0.6529 0.7504 -0.1027
vn 0.4844 0.6794 0.5512
vn 0.5639 0.4981 -0.6587
vn -0.1858 0.9776 -0.0985
vn -0.4216 0.9022 -0.0913
vn -0.7092 0.6141 -0.3463
vn 0.6029 0.7528 -0.2642
vn -0.0317 0.9952 -0.0927
vn 0.0263 0.9719 -0.2339
vn 0.0118 0.9992 -0.0381
vn 0.0128 0.9988 -0.0470
vn 0.1657 0.7656 0.6216
vn 0.4818 0.3944 -0.7825
vn -0.2737 0.8195 -0.5035
vn 0.4568 0.7443 -0.4871
vn 0.1755 0.9844 0.0128
vn 0.2745 0.3082 0.9109
vn 0.0165 0.8805 0.4738
vn -0.2980 0.7812 0.5485
vn 0.5114 0.6918 -0.5097
vn 0.3349 0.9316 -0.1414
vn 0.7692 0.4135 -0.4871
vn 0.4782 0.6539 -0.5864
vn 0.2380 0.7562 -0.6096
vn -0.2613 0.7416 -0.6179
vn 0.0176 0.9955 0.0934
vn -0.1078 0.9907 -0.0831
vn -0.4136 0.9075 0.0734
vn -0.4826 0.8742 -0.0544
vn 0.4303 0.9005 0.0631
vn 0.1593 0.9829 0.0920
vn 0.2536 0.9486 0.1894
vn 0.1483 0.7394 0.6568
vn 0.1792 0.6473 0.7409
vn 0.0675 0.4659 0.8823
vn 0.1126 0.9049 0.4104
vn 0.1473 0.9549 0.2579
vn 0.0506 0.7241 0.6879
vn -0.5069 0.8293 0.2351
vn -0.4240 0.8071 0.4109
vn -0.4891 0.8687 0.0784
vn -0.3549 0.9300 0.0952
vn -0.4594 0.8565 0.2353
vn 0.4937 0.8657 0.0825
vn -0.6047 0.7768 0.1756
vn -0.5331 0.8450 -0.0432
vn 0.5578 0.8090 0.1853
vn -0.2767 0.8476 -0.4527
vn -0.4775 0.8066 -0.3485
vn -0.2617 0.9645 0.0345
vn -0.1613 0.9867 -0.0186
vn -0.4438 0.7054 -0.5527
vn -0.3567 0.9000 -0.2503
vn -0.7659 0.6387 -0.0742
vn -0.1722 0.8750 0.4524
vn -0.6963 0.7177 0.0076
vn 0.0435 0.9939 -0.1010
vn -0.3277 0.9302 -0.1654
vn -0.1276 0.2314 0.9645
vn 0.5162 0.4520 0.7275
vn 0.1070 0.9698 0.2193
vn 0.1091 0.9940 0.0019
vn 0.0943 0.9520 0.2914
vn -0.0733 0.9640 0.2554
vn 0.1502 0.9054 0.3970
vn -0.4329 0.8684 0.2420
vn -0.2109 0.9657 -0.1518
vn -0.4625 0.6574 0.5949
vn -0.5538 0.6897 0.4665
vn 0.0346 0.9643 -0.2625
vn 0.2148 0.5437 -0.8113
vn 0.4043 0.4349 -0.8046
vn 0.3971 0.6903 -0.6049
vn 0.0764 0.7002 0.7098
vn -0.6252 0.7688 -0.1345
vn 0.0587 0.5756 -0.8156
vn 0.2342 0.7578 -0.6090
vn -0.1362 0.9457 0.2952
vn -0.3469 0.8837 -0.3142
vn 0.4461 0.8616 -0.2423
vn 0.1625 0.9810 0.1057
vn 0.3245 0.7557 0.5688
vn -0.4132 0.2353 0.8797
vn -0.0079 0.4180 0.9084
vn -0.2599 0.9485 0.1812
vn -0.0432 0.9813 -0.1875
vn -0.0179 0.9337 -0.3576
vn -0.0039 0.9882 -0.1532
vn -0.0719 0.9555 -0.2860
vn -0.0102 0.9671 -0.2542
vn 0.2674 0.9625 0.0447
vn -0.0629 0.9975 0.0314
vn -0.7414 0.4919 0.4565
vn 0.3621 0.5344 -0.7637
vn 0.2145 0.3893 -0.8958
vn 0.1148 0.9547 0.2744
vn 0.1348 0.9691 0.2065
vn -0.4576 0.8346 -0.3066
vn -0.3981 0.7409 0.5410
vn 0.1793 0.9773 -0.1129
vn -0.3194 0.9301 -0.1814
vn -0.4489 0.8290 0.3335
vn 0.6582 0.6924 0.2956
vn 0.3747 0.8755 0.3051
vn -0.7814 0.4503 0.4321
vn 0.6375 0.5014 -0.5849
vn -0.1325 0.7747 -0.6182
vn -0.0549 0.7755 -0.6290
vn -0.1753 0.3099 0.9345
vn -0.6982 0.5902 0.4052
vn -0.0055 0.9986 0.0533
vn 0.0110 0.9994 -0.0342
vn 0.2143 0.9664 -0.1418
vn 0.3071 0.9388 -0.1563
vn 0.0833 0.9742 -0.2096
vn 0.0503 0.9945 0.0913
vn 0.7891 0.4916 -0.3682
vn 0.1565 0.9862 -0.0543
vn -0.3964 0.7420 -0.5406
vn 0.4983 0.6417 0.5831
vn 0.8159 0.3899 0.4270
vn -0.6929 0.5848 -0.4219
vn 0.0789 0.8017 -0.5925
vn 0.5231 0.7084 -0.4738
vn 0.7504 0.3601 -0.5543
vn -0.6023 0.7947 -0.0750
vn -0.7071 0.3091 -0.6359
vn -0.1614 0.8339 -0.5278
vn -0.4268 0.8972 -0.1137
vn 0.2924 0.8235 -0.4861
vn 0.1894 0.9458 -0.2638
vn -0.4687 0.8677 -0.1654
vn -0.0015 0.9999 0.0170
vn -0.0115 0.9977 -0.0661
vn -0.7085 0.4888 0.5090
vn -0.7980 0.2334 0.5556
vn 0.3915 0.7818 0.4854
vn -0.0414 0.1478 0.9881
vn -0.1351 0.4126 0.9008
vn 0.1945 0.4397 -0.8768
vn 0.6488 0.5403 -0.5358
vn 0.6520 0.4903 -0.5783
vn -0.2397 0.7961 -0.5556
vn 0.4932 0.2736 -0.8258
vn 0.3799 0.4382 0.8147
vn 0.9940 0.1087 0.0079
vn 0.1704 0.8550 -0.4899
vn 0.2329 0.7886 -0.5691
vn 0.1733 0.6077 0.7751
vn 0.2088 0.9046 0.3716
vn -0.8632 0.5022 -0.0512
vn -0.1671 0.9714 -0.1687
vn 0.4881 0.4222 0.7639
vn 0.0850 0.9964 -0.0017
vn 0.9135 0.3687 -0.1719
vn 0.0390 0.9985 0.0389
vn 0.3711 0.8178 -0.4400
vn 0.0753 0.9606 0.2677
vn 0.3124 0.9415 -0.1263
vn -0.0514 0.9866 0.1546
vn 0.3973 0.9176 -0.0120
vn -0.6913 0.6937 -0.2021
vn -0.0441 0.9741 0.2216
vn -0.0222 0.8521 0.5230
vn -0.0406 0.8965 0.4412
vn 0.0342 0.9993 0.0133
vn 0.5988 0.7673 0.2294
vn -0.5581 0.7069 -0.4345
vn -0.8115 0.5333 0.2389
vn 0.2844 0.9451 -0.1608
vn -0.0383 0.9424 0.3323
vn 0.1969 0.9799 0.0313
vn 0.0643 0.9767 -0.2046
vn -0.0191 0.9585 -0.2845
vn 0.2475 0.9086 0.3363
vn 0.5672 0.5398 0.6221
vn 0.4102 0.5210 0.7485
vn -0.1649 0.9846 -0.0577
vn -0.4147 0.4131 0.8108
vn 0.1253 0.8534 -0.5060
vn 0.7435 0.6202 0.2501
vn 0.4904 0.8683 -0.0751
vn -0.0805 0.9915 0.1024
vn 0.3024 0.9375 -0.1721
vn 0.0739 0.9961 0.0480
vn 0.0621 0.9245 0.3761
vn -0.4394 0.8664 -0.2374
vn -0.5592 0.6587 0.5033
vn -0.2264 0.9322 -0.2824
vn -0.2570 0.7249 0.6391
vn 0.2767 0.6378 0.7187
vn 0.9592 0.2074 0.1923
vn -0.0192 0.9994 0.0283
vn -0.4401 0.8704 0.2207
vn -0.3537 0.8722 -0.3380
vn 0.3029 0.8469 -0.4370
vn -0.1822 0.9124 -0.3665
vn -0.1024 0.9761 -0.1916
vn -0.1543 0.9425 -0.2965
vn -0.0885 0.5249 -0.8466
vn 0.1257 0.9624 -0.2408
vn 0.1142 0.9881 0.1029
vn 0.1565 0.9847 0.0768
vn 0.1808 0.9829 0.0357
vn -0.8893 0.4383 0.1300
vn 0.7438 0.6537 0.1394
vn -0.6707 0.7368 -0.0854
vn 0.0025 0.9754 -0.2203
vn 0.0558 0.9896 -0.1323
vn 0.1410 0.8474 -0.5120
vn -0.0018 0.9973 -0.0735
vn 0.1201 0.7568 0.6426
vn -0.5052 0.8360 0.2142
vn 0.0099 0.9899 -0.1413
vn -0.0808 0.9858 0.1471
vn -0.3168 0.3695 0.8736
vn -0.5794 0.7790 0.2398
vn -0.0236 0.9960 0.0864
vn 0.4523 0.8873 0.0906
vn -0.2661 0.9362 -0.2295
vn 0.4252 0.7555 0.4984
vn 0.1511 0.9741 0.1681
vn -0.0487 0.9832 -0.1760
vn 0.1231 0.4113 -0.9031
vn -0.0314 0.9977 -0.0604
vn 0.1241 0.9840 0.1277
vn -0.3350 0.8566 -0.3924
vn -0.3143 0.6939 -0.6479
vn 0.8327 0.3655 -0.4159
vn 0.6214 0.2197 -0.7521
vn 0.5257 0.2439 0.8150
vn 0.4042 0.2864 0.8687
vn 0.2541 0.9622 -0.0977
vn 0.2491 0.9373 -0.2438
vn -0.7601 0.5969 0.2568
vn -0.1367 0.8069 -0.5746
vn 0.8420 0.5093 0.1781
vn 0.1744 0.9834 0.0495
vn 0.2603 0.9144 0.3099
vn -0.1960 0.9783 0.0673
vn -0.0390 0.9992 0.0002
vn 0.8161 0.4068 0.4104
vn 0.0201 0.9996 0.0187
vn 0.1377 0.9862 0.0921
vn 0.4024 0.6948 -0.5961
vn 0.1781 0.9733 -0.1451
vn 0.2397 0.8833 -0.4029
vn 0.3433 0.9366 -0.0710
vn -0.0517 0.9793 -0.1955
vn -0.0417 0.7197 0.6930
vn 0.2254 0.9741 -0.0178
vn 0.4409 0.6662 -0.6015
vn 0.4986 0.8503 0.1683
vn 0.0224 0.6200 0.7843
vn 0.4954 0.6666 0.5570
vn 0.1030 0.9895 -0.1015
vn -0.7448 0.6450 -0.1710
vn -0.4271 0.8997 0.0895
vn -0.4941 0.7760 0.3921
vn 0.3966 0.9020 0.1707
vn 0.4296 0.7973 0.4240
vn -0.1199 0.9703 -0.2099
vn -0.0034 0.9939 0.1106
vn -0.2315 0.9411 0.2467
vn -0.6430 0.7037 0.3021
vn 0.8682 0.3702 0.3303
vn 0.5879 0.4261 0.6876
vn 0.2108 0.9529 0.2179
vn -0.8517 0.4091 0.3274
vn 0.1791 0.6349 -0.7516
vn -0.0379 0.9991 0.0170
vn 0.8802 0.4503 0.1502
vn -0.2693 0.6110 -0.7444
vn 0.8538 0.2051 0.4784
vn -0.2295 0.9488 -0.2169
vn -0.3149 0.6972 0.6440
vn -0.3659 0.8098 -0.4586
vn -0.7962 0.5985 0.0887
vn -0.2371 0.9490 0.2081
vn -0.2434 0.9626 0.1193
vn 0.0508 0.8294 0.5564
vn -0.0169 0.9068 0.4213
vn -0.1176 0.9869 0.1102
vn 0.4701 0.6070 0.6407
vn -0.2463 0.9687 -0.0306
vn 0.0260 0.9984 -0.0496
vn -0.3588 0.8827 0.3035
vn -0.4371 0.7916 -0.4269
vn 0.1129 0.9898 0.0875
vn -0.4921 0.8476 0.1985
vn 0.3096 0.9187 -0.2453
vn -0.6457 0.7225 -0.2472
vn -0.1421 0.4844 0.8632
vn -0.4066 0.9136 0.0094
vn 0.0056 0.9257 -0.3782
vn -0.7516 0.6432 0.1463
vn 0.0634 0.8884 0.4547
vn -0.8625 0.2345 0.4484
vn -0.6137 0.3519 0.7068
vn -0.0899 0.8570 -0.5075
vn 0.3780 0.8952 -0.2359
vn 0.5474 0.8100 -0.2104
vn -0.0157 0.7658 0.6429
vn 0.0963 0.9950 -0.0249
vn -0.3501 0.4211 0.8367
vn -0.3477 0.9096 0.2274
vn 0.6434 0.7274 0.2386
vn -0.0112 0.9902 0.1393
vn 0.4205 0.9008 0.1088
vn -0.0855 0.9949 -0.0529
vn -0.4200 0.9065 0.0441
vn 0.1350 0.9216 -0.3638
vn 0.4204 0.3862 0.8210
vn 0.0499 0.9487 0.3121
vn -0.1066 0.6760 0.7291
vn 0.2189 0.9756 -0.0157
vn 0.1182 0.9725 -0.2008
vn 0.4308 0.7720 0.4674
vn -0.0675 0.9973 -0.0304
vn -0.3289 0.5739 0.7500
vn -0.1313 0.9898 -0.0555
vn -0.0604 0.9970 -0.0488
vn -0.0682 0.7612 -0.6449
vn 0.0120 0.8676 -0.4971
vn -0.9636 0.2456 -0.1056
vn -0.8579 0.4498 0.2483
s 1
f 1//1 2//2 3//3
f 1//1 4//4 2//2
f 5//5 6//6 7//7
f 5//5 8//8 9//9
f 5//5 10//10 11//11
f 6//6 12//12 7//7
f 13//13 14//14 15//15
f 13//13 16//16 17//17
f 15//15 18//18 19//19
f 15//15 14//14 18//18
f 20//20 21//21 22//22
f 20//20 23//23 24//24
f 25//25 26//26 27//27
f 25//25 28//28 29//29
f 26//26 30//30 31//31
f 25//25 27//27 32//32
f 33//33 34//34 35//35
f 33//33 36//36 37//37
f 38//38 39//39 40//40
f 38//38 41//41 42//42
f 39//39 42//42 43//43
f 38//38 40//40 41//41
f 44//44 45//45 46//46
f 44//44 47//47 45//45
f 48//48 49//49 50//50
f 48//48 51//51 52//52
f 52//52 51//51 53//53
f 48//48 54//54 49//49
f 52//52 55//55 56//56
f 51//51 57//57 58//58
f 59//59 60//60 61//61
f 59//59 62//62 60//60
f 63//63 64//64 65//65
f 63//63 66//66 67//67
f 64//64 68//68 69//69
f 63//63 65//65 70//70
f 64//64 69//69 71//71
f 68//68 72//72 73//73
f 74//74 35//35 75//75
f 74//74 76//76 77//77
f 78//78 79//79 80//80
f 78//78 81//81 82//82
f 82//82 83//83 84//84
f 82//82 79//79 78//78
f 82//82 81//81 83//83
f 78//78 80//80 85//85
f 86//86 87//87 88//88
f 86//86 89//89 90//90
f 91//91 92//92 93//93
f 91//91 94//94 95//95
f 91//91 93//93 96//96
f 92//92 95//95 97//97
f 98//98 99//99 100//100
f 98//98 101//101 99//99
f 102//102 103//103 104//104
f 102//102 105//105 106//106
f 107//107 108//108 109//109
f 107//107 110//110 111//111
f 112//112 113//113 114//114
f 112//112 115//115 113//113
f 116//116 117//117 118//118
f 116//116 119//119 117//117
f 120//120 121//121 122//122
f 120//120 123//123 124//124
f 125//125 126//126 127//127
f 125//125 128//128 129//129
f 126//126 129//129 130//130
f 125//125 131//131 132//132
f 133//133 134//134 135//135
f 133//133 136//136 137//137
f 138//138 139//139 140//140
f 138//138 141//141 142//142
f 143//143 144//144 145//145
f 143//143 146//146 144//144
f 147//147 148//148 149//149
f 147//147 150//150 148//148
f 148//148 151//151 149//149
f 148//148 150//150 152//152
f 153//153 154//154 155//155
f 153//153 156//156 157//157
f 158//158 159//159 160//160
f 158//158 161//161 162//162
f 163//163 164//164 165//165
f 163//163 166//166 167//167
f 168//168 169//169 170//170
f 168//168 171//171 172//172
f 173//173 174//174 175//175
f 173//173 176//176 177//177
f 178//178 176//176 173//173
f 178//178 179//179 180//180
f 180//180 176//176 178//178
f 180//180 181//181 182//182
f 178//178 183//183 184//184
f 176//176 182//182 177//177
f 185//185 186//186 187//187
f 185//185 188//188 189//189
f 190//190 191//191 192//192
f 190//190 193//193 191//191
f 194//194 195//195 160//160
f 194//194 192//192 195//195
f 196//196 197//197 198//198
f 196//196 199//199 200//200
f 201//201 200//200 202//202
f 201//201 197//197 196//196
f 203//203 197//197 201//201
f 203//203 204//204 198//198
f 203//203 205//205 206//206
f 196//196 198//198 199//199
f 207//207 208//208 209//209
f 207//207 210//210 211//211
f 212//212 213//213 214//214
f 212//212 208//208 215//215
f 208//208 216//216 209//209
f 208//208 217//217 215//215
f 218//218 219//219 220//220
f 218//218 221//221 222//222
f 223//223 224//224 225//225
f 223//223 226//226 224//224
f 227//227 228//228 229//229
f 227//227 230//230 12//12
f 231//231 230//230 232//232
f 231//231 233//233 234//234
f 230//230 235//235 7//7
f 231//231 232//232 233//233
f 236//236 237//237 238//238
f 236//236 239//239 240//240
f 239//239 241//241 242//242
f 239//239 238//238 241//241
f 243//243 244//244 245//245
f 243//243 246//246 247//247
f 243//243 247//247 244//244
f 246//246 248//248 249//249
f 250//250 251//251 252//252
f 250//250 253//253 254//254
f 253//253 255//255 254//254
f 253//253 250//250 256//256
f 257//257 258//258 259//259
f 257//257 260//260 258//258
f 261//261 262//262 263//263
f 261//261 264//264 265//265
f 266//266 267//267 268//268
f 266//266 269//269 270//270
f 267//267 271//271 268//268
f 267//267 270//270 272//272
f 273//273 274//274 275//275
f 273//273 276//276 274//274
f 277//277 278//278 279//279
f 277//277 280//280 281//281
f 282//282 283//283 284//284
f 282//282 285//285 286//286
f 287//287 288//288 289//289
f 287//287 290//290 291//291
f 290//290 292//292 293//293
f 287//287 291//291 294//294
f 295//295 296//296 297//297
f 295//295 298//298 299//299
f 300//300 301//301 302//302
f 300//300 298//298 303//303
f 295//295 299//299 304//304
f 300//300 303//303 305//305
f 306//306 307//307 308//308
f 306//306 309//309 310//310
f 311//311 124//124 4//4
f 311//311 312//312 313//313
f 314//314 315//315 316//316
f 314//314 317//317 315//315
f 318//318 319//319 320//320
f 318//318 321//321 322//322
f 318//318 322//322 319//319
f 321//321 323//323 324//324
f 325//325 326//326 327//327
f 325//325 328//328 329//329
f 158//158 160//160 195//195
f 159//159 162//162 330//330
f 205//205 201//201 331//331
f 200//200 332//332 333//333
f 333//333 202//202 200//200
f 333//333 334//334 335//335
f 203//203 201//201 205//205
f 333//333 332//332 336//336
f 337//337 338//338 339//339
f 337//337 340//340 341//341
f 338//338 341//341 342//342
f 338//338 337//337 341//341
f 339//339 342//342 343//343
f 337//337 344//344 340//340
f 337//337 339//339 345//345
f 339//339 343//343 345//345
f 346//346 347//347 348//348
f 346//346 349//349 347//347
f 347//347 349//349 350//350
f 346//346 348//348 302//302
f 351//351 352//352 353//353
f 351//351 354//354 352//352
f 355//355 356//356 357//357
f 355//355 358//358 356//356
f 359//359 360//360 98//98
f 359//359 361//361 362//362
f 363//363 364//364 365//365
f 363//363 366//366 367//367
f 368//368 369//369 370//370
f 368//368 371//371 372//372
f 373//373 374//374 375//375
f 373//373 376//376 374//374
f 377//377 378//378 379//379
f 377//377 380//380 378//378
f 378//378 380//380 381//381
f 377//377 379//379 382//382
f 383//383 384//384 385//385
f 383//383 386//386 387//387
f 388//388 389//389 390//390
f 388//388 391//391 392//392
f 393//393 394//394 395//395
f 393//393 396//396 397//397
f 398//398 399//399 358//358
f 398//398 400//400 401//401
f 400//400 402//402 403//403
f 400//400 358//358 402//402
f 324//324 404//404 322//322
f 324//324 323//323 405//405
f 404//404 406//406 322//322
f 404//404 407//407 408//408
f 406//406 409//409 322//322
f 406//406 408//408 410//410
f 411//411 412//412 413//413
f 411//411 414//414 412//412
f 415//415 416//416 417//417
f 415//415 418//418 419//419
f 420//420 419//419 421//421
f 420//420 422//422 423//423
f 417//417 416//416 420//420
f 417//417 424//424 415//415
f 419//419 425//425 426//426
f 419//419 416//416 415//415
f 417//417 423//423 427//427
f 416//416 419//419 420//420
f 428//428 429//429 430//430
f 428//428 431//431 432//432
f 433//433 434//434 435//435
f 433//433 436//436 437//437
f 438//438 439//439 440//440
f 438//438 441//441 439//439
f 442//442 443//443 272//272
f 442//442 444//444 443//443
f 184//184 183//183 445//445
f 184//184 179//179 178//178
f 446//446 447//447 448//448
f 446//446 449//449 334//334
f 447//447 334//334 450//450
f 446//446 448//448 451//451
f 452//452 326//326 325//325
f 452//452 453//453 326//326
f 454//454 455//455 456//456
f 454//454 457//457 458//458
f 459//459 460//460 461//461
f 459//459 462//462 460//460
f 463//463 464//464 465//465
f 463//463 466//466 467//467
f 463//463 465//465 468//468
f 464//464 467//467 469//469
f 470//470 14//14 17//17
f 470//470 471//471 14//14
f 472//472 473//473 474//474
f 472//472 475//475 476//476
f 477//477 478//478 479//479
f 477//477 480//480 478//478
f 481//481 482//482 483//483
f 481//481 484//484 485//485
f 484//484 481//481 486//486
f 481//481 485//485 482//482
f 487//487 488//488 489//489
f 487//487 490//490 491//491
f 490//490 492//492 493//493
f 487//487 491//491 488//488
f 494//494 495//495 496//496
f 494//494 497//497 495//495
f 498//498 499//499 500//500
f 498//498 154//154 501//501
f 502//502 503//503 504//504
f 502//502 505//505 506//506
f 507//507 508//508 504//504
f 507//507 503//503 509//509
f 509//509 510//510 508//508
f 509//509 503//503 511//511
f 503//503 502//502 506//506
f 502//502 504//504 512//512
f 513//513 166//166 514//514
f 513//513 167//167 166//166
f 515//515 516//516 517//517
f 515//515 518//518 519//519
f 515//515 517//517 520//520
f 516//516 519//519 521//521
f 522//522 523//523 524//524
f 522//522 525//525 526//526
f 523//523 526//526 527//527
f 523//523 522//522 526//526
f 528//528 529//529 530//530
f 528//528 531//531 532//532
f 533//533 534//534 535//535
f 533//533 536//536 537//537
f 536//536 538//538 539//539
f 536//536 540//540 541//541
f 541//541 538//538 536//536
f 541//541 542//542 543//543
f 538//538 541//541 539//539
f 533//533 537//537 534//534
f 229//229 228//228 544//544
f 227//227 232//232 230//230
f 228//228 12//12 6//6
f 227//227 229//229 232//232
f 545//545 546//546 547//547
f 545//545 548//548 549//549
f 550//550 551//551 552//552
f 550//550 553//553 551//551
f 554//554 555//555 556//556
f 554//554 557//557 558//558
f 559//559 557//557 554//554
f 559//559 560//560 561//561
f 554//554 558//558 555//555
f 557//557 562//562 558//558
f 563//563 564//564 565//565
f 563//563 566//566 564//564
f 567//567 76//76 568//568
f 567//567 77//77 76//76
f 569//569 570//570 571//571
f 569//569 150//150 572//572
f 573//573 574//574 575//575
f 573//573 576//576 437//437
f 577//577 578//578 579//579
f 577//577 580//580 581//581
f 582//582 580//580 577//577
f 582//582 583//583 584//584
f 580//580 584//584 585//585
f 582//582 579//579 583//583
f 165//165 521//521 519//519
f 165//165 586//586 521//521
f 521//521 587//587 516//516
f 165//165 164//164 556//556
f 186//186 588//588 187//187
f 186//186 589//589 588//588
f 590//590 591//591 592//592
f 590//590 593//593 591//591
f 594//594 595//595 596//596
f 594//594 597//597 395//395
f 598//598 367//367 599//599
f 598//598 600//600 601//601
f 367//367 601//601 363//363
f 598//598 599//599 602//602
f 603//603 604//604 605//605
f 603//603 606//606 607//607
f 608//608 609//609 179//179
f 608//608 610//610 611//611
f 612//612 613//613 614//614
f 612//612 615//615 616//616
f 617//617 618//618 619//619
f 617//617 620//620 618//618
f 621//621 622//622 623//623
f 621//621 624//624 622//622
f 625//625 626//626 627//627
f 625//625 628//628 626//626
f 629//629 241//241 630//630
f 629//629 631//631 632//632
f 633//633 634//634 635//635
f 633//633 636//636 637//637
f 638//638 639//639 640//640
f 638//638 641//641 639//639
f 53//53 642//642 643//643
f 53//53 58//58 644//644
f 645//645 646//646 407//407
f 645//645 647//647 317//317
f 648//648 649//649 650//650
f 648//648 651//651 652//652
f 648//648 652//652 649//649
f 651//651 653//653 654//654
f 655//655 656//656 657//657
f 655//655 658//658 659//659
f 660//660 661//661 579//579
f 660//660 662//662 663//663
f 664//664 665//665 666//666
f 664//664 667//667 665//665
f 552//552 668//668 669//669
f 552//552 670//670 550//550
f 552//552 669//669 671//671
f 668//668 551//551 672//672
f 673//673 674//674 675//675
f 673//673 676//676 674//674
f 677//677 678//678 679//679
f 677//677 505//505 512//512
f 506//506 505//505 677//677
f 506//506 680//680 511//511
f 677//677 512//512 681//681
f 503//503 506//506 511//511
f 682//682 683//683 280//280
f 682//682 684//684 685//685
f 683//683 685//685 686//686
f 683//683 682//682 685//685
f 682//682 280//280 687//687
f 683//683 686//686 281//281
f 413//413 688//688 689//689
f 413//413 690//690 691//691
f 692//692 693//693 694//694
f 692//692 445//445 695//695
f 696//696 692//692 695//695
f 692//692 694//694 697//697
f 698//698 699//699 700//700
f 698//698 701//701 702//702
f 699//699 702//702 703//703
f 699//699 704//704 705//705
f 706//706 707//707 708//708
f 706//706 709//709 710//710
f 707//707 671//671 711//711
f 707//707 710//710 712//712
f 713//713 714//714 715//715
f 713//713 716//716 717//717
f 718//718 719//719 720//720
f 718//718 721//721 719//719
f 722//722 723//723 724//724
f 722//722 725//725 726//726
f 335//335 727//727 333//333
f 335//335 449//449 728//728
f 729//729 730//730 731//731
f 729//729 732//732 733//733
f 729//729 733//733 730//730
f 732//732 734//734 735//735
f 736//736 18//18 471//471
f 736//736 737//737 18//18
f 736//736 738//738 737//737
f 547//547 471//471 545//545
f 739//739 740//740 741//741
f 739//739 742//742 740//740
f 743//743 744//744 745//745
f 743//743 746//746 744//744
f 747//747 748//748 749//749
f 747//747 750//750 751//751
f 752//752 753//753 754//754
f 752//752 289//289 288//288
f 752//752 754//754 755//755
f 753//753 288//288 756//756
f 555//555 558//558 757//757
f 554//554 556//556 758//758
f 757//757 759//759 760//760
f 757//757 558//558 562//562
f 761//761 762//762 763//763
f 761//761 764//764 765//765
f 766//766 767//767 768//768
f 766//766 769//769 770//770
f 767//767 766//766 770//770
f 766//766 768//768 676//676
f 609//609 771//771 210//210
f 608//608 179//179 184//184
f 772//772 773//773 774//774
f 772//772 775//775 776//776
f 777//777 778//778 779//779
f 777//777 780//780 781//781
f 782//782 783//783 474//474
f 782//782 784//784 783//783
f 785//785 661//661 786//786
f 785//785 579//579 661//661
f 787//787 788//788 397//397
f 787//787 789//789 790//790
f 788//788 790//790 791//791
f 787//787 397//397 792//792
f 793//793 106//106 794//794
f 793//793 103//103 106//106
f 795//795 796//796 797//797
f 795//795 798//798 796//796
f 799//799 800//800 801//801
f 799//799 802//802 800//800
f 803//803 804//804 805//805
f 803//803 806//806 807//807
f 804//804 808//808 805//805
f 804//804 807//807 809//809
f 810//810 811//811 812//812
f 810//810 813//813 811//811
f 814//814 815//815 816//816
f 814//814 817//817 818//818
f 814//814 818//818 815//815
f 817//817 819//819 820//820
f 551//551 553//553 821//821
f 550//550 670//670 553//553
f 822//822 823//823 824//824
f 822//822 825//825 826//826
f 822//822 827//827 825//825
f 822//822 824//824 827//827
f 823//823 828//828 824//824
f 826//826 829//829 828//828
f 587//587 830//830 831//831
f 163//163 519//519 166//166
f 832//832 833//833 834//834
f 832//832 835//835 836//836
f 837//837 838//838 839//839
f 837//837 840//840 723//723
f 838//838 837//837 726//726
f 837//837 839//839 841//841
f 842//842 843//843 844//844
f 842//842 845//845 846//846
f 847//847 848//848 849//849
f 847//847 850//850 851//851
f 852//852 853//853 854//854
f 852//852 855//855 856//856
f 857//857 858//858 859//859
f 857//857 860//860 861//861
f 862//862 863//863 864//864
f 862//862 865//865 866//866
f 862//862 866//866 863//863
f 865//865 867//867 868//868
f 865//865 868//868 866//866
f 867//867 869//869 486//486
f 869//869 870//870 486//486
f 869//869 871//871 813//813
f 872//872 873//873 874//874
f 872//872 875//875 876//876
f 877//877 245//245 878//878
f 877//877 874//874 879//879
f 880//880 881//881 882//882
f 880//880 345//345 883//883
f 884//884 885//885 886//886
f 884//884 887//887 888//888
f 859//859 858//858 889//889
f 859//859 890//890 857//857
f 891//891 67//67 892//892
f 891//891 893//893 894//894
f 895//895 534//534 537//537
f 895//895 259//259 534//534
f 896//896 897//897 898//898
f 896//896 899//899 900//900
f 897//897 900//900 901//901
f 896//896 902//902 903//903
f 175//175 904//904 905//905
f 175//175 174//174 906//906
f 907//907 908//908 909//909
f 907//907 910//910 908//908
f 908//908 911//911 912//912
f 908//908 910//910 911//911
f 385//385 384//384 480//480
f 385//385 913//913 914//914
f 915//915 916//916 917//917
f 243//243 918//918 246//246
f 919//919 920//920 921//921
f 919//919 922//922 920//920
f 923//923 924//924 925//925
f 923//923 926//926 924//924
f 90//90 89//89 927//927
f 90//90 87//87 86//86
f 928//928 929//929 664//664
f 928//928 930//930 931//931
f 932//932 933//933 719//719
f 932//932 593//593 934//934
f 933//933 720//720 719//719
f 933//933 932//932 934//934
f 935//935 936//936 937//937
f 935//935 938//938 936//936
f 939//939 940//940 941//941
f 939//939 942//942 224//224
f 943//943 830//830 521//521
f 943//943 944//944 945//945
f 946//946 894//894 947//947
f 946//946 948//948 894//894
f 106//106 103//103 102//102
f 106//106 949//949 794//794
f 2//2 123//123 950//950
f 1//1 3//3 951//951
f 952//952 953//953 954//954
f 952//952 955//955 956//956
f 957//957 958//958 959//959
f 957//957 960//960 961//961
f 730//730 962//962 963//963
f 730//730 733//733 962//962
f 730//730 963//963 731//731
f 962//962 462//462 964//964
f 965//965 966//966 967//967
f 965//965 968//968 966//966
f 969//969 970//970 971//971
f 969//969 972//972 973//973
f 974//974 975//975 802//802
f 974//974 976//976 977//977
f 975//975 977//977 978//978
f 974//974 979//979 976//976
f 974//974 802//802 980//980
f 975//975 978//978 981//981
f 982//982 341//341 491//491
f 982//982 493//493 983//983
f 607//607 240//240 984//984
f 607//607 606//606 240//240
f 607//607 984//984 985//985
f 240//240 242//242 984//984
f 986//986 987//987 988//988
f 986//986 989//989 990//990
f 987//987 991//991 992//992
f 987//987 990//990 991//991
f 993//993 994//994 995//995
f 993//993 996//996 994//994
f 997//997 998//998 999//999
f 997//997 1000//1000 1001//1001
f 1000//1000 171//171 1001//1001
f 1000//1000 1002//1002 171//171
f 1003//1003 1004//1004 1005//1005
f 1003//1003 1006//1006 1007//1007
f 1008//1008 1009//1009 1010//1010
f 1008//1008 1011//1011 1012//1012
f 1013//1013 1014//1014 1015//1015
f 1013//1013 1016//1016 1014//1014
f 1017//1017 639//639 1018//1018
f 1017//1017 640//640 639//639
f 1019//1019 1020//1020 1021//1021
f 1019//1019 455//455 1020//1020
f 1022//1022 455//455 1019//1019
f 1022//1022 1023//1023 455//455
f 455//455 1023//1023 456//456
f 1022//1022 1024//1024 1025//1025
f 1026//1026 1027//1027 1028//1028
f 1026//1026 659//659 1029//1029
f 1030//1030 1031//1031 734//734
f 1030//1030 1032//1032 1033//1033
f 1034//1034 1021//1021 1035//1035
f 1034//1034 1024//1024 1021//1021
f 1036//1036 1037//1037 1038//1038
f 1036//1036 1039//1039 1040//1040
f 1037//1037 1036//1036 1040//1040
f 1036//1036 1038//1038 1041//1041
f 236//236 238//238 239//239
f 237//237 1042//1042 1043//1043
f 1044//1044 1045//1045 1046//1046
f 1044//1044 1047//1047 1045//1045
f 1048//1048 1049//1049 375//375
f 1048//1048 1050//1050 1051//1051
f 268//268 271//271 1052//1052
f 266//266 1053//1053 269//269
f 1054//1054 1055//1055 1056//1056
f 1054//1054 1057//1057 634//634
f 1058//1058 1059//1059 1060//1060
f 1058//1058 1061//1061 1059//1059
f 1062//1062 1063//1063 1064//1064
f 1062//1062 1065//1065 1066//1066
f 1063//1063 1067//1067 1068//1068
f 1067//1067 1062//1062 1066//1066
f 1069//1069 1070//1070 1071//1071
f 1069//1069 863//863 1072//1072
f 1069//1069 1071//1071 1073//1073
f 1070//1070 1072//1072 1074//1074
f 548//548 1075//1075 1076//1076
f 548//548 471//471 1075//1075
f 1076//1076 1075//1075 1077//1077
f 545//545 549//549 1078//1078
f 1079//1079 1080//1080 1081//1081
f 1079//1079 1082//1082 1083//1083
f 1079//1079 1083//1083 1080//1080
f 1082//1082 1084//1084 1085//1085
f 339//339 338//338 342//342
f 340//340 491//491 341//341
f 1086//1086 1087//1087 1088//1088
f 1086//1086 1089//1089 1090//1090
f 1087//1087 1091//1091 1088//1088
f 1087//1087 1092//1092 1093//1093
f 1094//1094 1095//1095 1096//1096
f 1094//1094 904//904 1097//1097
f 1098//1098 1099//1099 1100//1100
f 1098//1098 275//275 1101//1101
f 1102//1102 1100//1100 1103//1103
f 1102//1102 1104//1104 1100//1100
f 1102//1102 1103//1103 797//797
f 1100//1100 1105//1105 1106//1106
f 1099//1099 1105//1105 1100//1100
f 1099//1099 1107//1107 1105//1105
f 1100//1100 1106//1106 1103//1103
f 1099//1099 1101//1101 1108//1108
f 1109//1109 1110//1110 1111//1111
f 1109//1109 1112//1112 1113//1113
f 1114//1114 1115//1115 1116//1116
f 1114//1114 1117//1117 1118//1118
f 1119//1119 680//680 679//679
f 1119//1119 466//466 1120//1120
f 1121//1121 1122//1122 1123//1123
f 1121//1121 1124//1124 1125//1125
f 1126//1126 1124//1124 1121//1121
f 1126//1126 1127//1127 1128//1128
f 1129//1129 1124//1124 1126//1126
f 1129//1129 1130//1130 1131//1131
f 1121//1121 1125//1125 1122//1122
f 1129//1129 1128//1128 1130//1130
f 1132//1132 1133//1133 1134//1134
f 1132//1132 1135//1135 1136//1136
f 1011//1011 1137//1137 1138//1138
f 1011//1011 1008//1008 1139//1139
f 1140//1140 1137//1137 1141//1141
f 1140//1140 483//483 1142//1142
f 1138//1138 1140//1140 1142//1142
f 1140//1140 1141//1141 1143//1143
f 1144//1144 1145//1145 1146//1146
f 1144//1144 1147//1147 1148//1148
f 1149//1149 441//441 1150//1150
f 1149//1149 1151//1151 441//441
f 1152//1152 1153//1153 172//172
f 1152//1152 1002//1002 1154//1154
f 1155//1155 170//170 31//31
f 1155//1155 1156//1156 1157//1157
f 1158//1158 1159//1159 686//686
f 1158//1158 1160//1160 1159//1159
f 1161//1161 820//820 1162//1162
f 1161//1161 1163//1163 820//820
f 1164//1164 1165//1165 1148//1148
f 1164//1164 1166//1166 1165//1165
f 936//936 1167//1167 937//937
f 936//936 1168//1168 1169//1169
f 1170//1170 1050//1050 1171//1171
f 1170//1170 1172//1172 1173//1173
f 750//750 1174//1174 1175//1175
f 750//750 749//749 1176//1176
f 1174//1174 1177//1177 1175//1175
f 1174//1174 1178//1178 1179//1179
f 1177//1177 1179//1179 1180//1180
f 1174//1174 1181//1181 1178//1178
f 85//85 1182//1182 1183//1183
f 85//85 1184//1184 1185//1185
f 1186//1186 988//988 1187//1187
f 1186//1186 1188//1188 1189//1189
f 1190//1190 1191//1191 1192//1192
f 1190//1190 1193//1193 1191//1191
f 1194//1194 156//156 1111//1111
f 1194//1194 1195//1195 157//157
f 1113//1113 1110//1110 1109//1109
f 1113//1113 1196//1196 1197//1197
f 1113//1113 1112//1112 1196//1196
f 1109//1109 1111//1111 1198//1198
f 121//121 709//709 1199//1199
f 120//120 122//122 123//123
f 121//121 1199//1199 524//524
f 709//709 708//708 1199//1199
f 1200//1200 1201//1201 735//735
f 1200//1200 1202//1202 1203//1203
f 1201//1201 1204//1204 735//735
f 1201//1201 1203//1203 1205//1205
f 1206//1206 1207//1207 1208//1208
f 1206//1206 1146//1146 1145//1145
f 1209//1209 1208//1208 1207//1207
f 1209//1209 1210//1210 1211//1211
f 1211//1211 1210//1210 1212//1212
f 1211//1211 1208//1208 1209//1209
f 1209//1209 1207//1207 1213//1213
f 1206//1206 1214//1214 881//881
f 497//497 309//309 1215//1215
f 497//497 1216//1216 309//309
f 73//73 1217//1217 1218//1218
f 73//73 1219//1219 69//69
f 73//73 1218//1218 1220//1220
f 1217//1217 1221//1221 1222//1222
f 1223//1223 1224//1224 1225//1225
f 1223//1223 1153//1153 1224//1224
f 1223//1223 1066//1066 1065//1065
f 1226//1226 1227//1227 1228//1228
f 119//119 1229//1229 1230//1230
f 119//119 116//116 1231//1231
f 1229//1229 1232//1232 1233//1233
f 1229//1229 1234//1234 1232//1232
f 1235//1235 1236//1236 1237//1237
f 1235//1235 1238//1238 1236//1236
f 619//619 618//618 1239//1239
f 619//619 437//437 617//617
f 803//803 807//807 804//804
f 806//806 1240//1240 1241//1241
f 853//853 856//856 1095//1095
f 852//852 854//854 855//855
f 583//583 1242//1242 764//764
f 583//583 579//579 785//785
f 1242//1242 1243//1243 1244//1244
f 583//583 764//764 584//584
f 39//39 43//43 1245//1245
f 42//42 809//809 1246//1246
f 804//804 41//41 808//808
f 42//42 1246//1246 43//43
f 1247//1247 1248//1248 990//990
f 1247//1247 1249//1249 1250//1250
f 1251//1251 1252//1252 1253//1253
f 1251//1251 1254//1254 1252//1252
f 1255//1255 1256//1256 1257//1257
f 1255//1255 1258//1258 1259//1259
f 1260//1260 1258//1258 1261//1261
f 1260//1260 1262//1262 1263//1263
f 1260//1260 1261//1261 1192//1192
f 1258//1258 1264//1264 1261//1261
f 1265//1265 451//451 448//448
f 1265//1265 1043//1043 1266//1266
f 398//398 358//358 400//400
f 399//399 356//356 358//358
f 1267//1267 1268//1268 1269//1269
f 1267//1267 1270//1270 1268//1268
f 1271//1271 1272//1272 1273//1273
f 1271//1271 407//407 405//405
f 1272//1272 1274//1274 1275//1275
f 1272//1272 1276//1276 1274//1274
f 305//305 1277//1277 301//301
f 305//305 1278//1278 1277//1277
f 980//980 802//802 799//799
f 980//980 1279//1279 974//974
f 1055//1055 1280//1280 1056//1056
f 1055//1055 1281//1281 1282//1282
f 1283//1283 1284//1284 424//424
f 1283//1283 1285//1285 1284//1284
f 410//410 409//409 406//406
f 410//410 1286//1286 316//316
f 409//409 319//319 322//322
f 409//409 1287//1287 1288//1288
f 492//492 1289//1289 493//493
f 492//492 1290//1290 1136//1136
f 1150//1150 841//841 839//839
f 1150//1150 441//441 1291//1291
f 1292//1292 1156//1156 1293//1293
f 1292//1292 1294//1294 1156//1156
f 1295//1295 1296//1296 1297//1297
f 1292//1292 1298//1298 1294//1294
f 1299//1299 1300//1300 518//518
f 1299//1299 1060//1060 1301//1301
f 1299//1299 1302//1302 1060//1060
f 1299//1299 518//518 520//520
f 1303//1303 1304//1304 1305//1305
f 1303//1303 1306//1306 1304//1304
f 61//61 1307//1307 1308//1308
f 61//61 1309//1309 109//109
f 61//61 109//109 1307//1307
f 1309//1309 461//461 460//460
f 1310//1310 1311//1311 1312//1312
f 1310//1310 1313//1313 805//805
f 1314//1314 1311//1311 805//805
f 1314//1314 1298//1298 1312//1312
f 1310//1310 1312//1312 1315//1315
f 1314//1314 1294//1294 1298//1298
f 1316//1316 1317//1317 145//145
f 1316//1316 1318//1318 1319//1319
f 1320//1320 1321//1321 1322//1322
f 1320//1320 1317//1317 1323//1323
f 1320//1320 1323//1323 1321//1321
f 1316//1316 145//145 1318//1318
f 1324//1324 1325//1325 1326//1326
f 1324//1324 794//794 1327//1327
f 793//793 1326//1326 1328//1328
f 1325//1325 1329//1329 1330//1330
f 793//793 1328//1328 1331//1331
f 1326//1326 1330//1330 1332//1332
f 1325//1325 1324//1324 1327//1327
f 793//793 1331//1331 103//103
f 1333//1333 1334//1334 1335//1335
f 1333//1333 443//443 444//444
f 1336//1336 661//661 1337//1337
f 1336//1336 786//786 661//661
f 1137//1137 1140//1140 1138//1138
f 483//483 482//482 1338//1338
f 1339//1339 1340//1340 1341//1341
f 1339//1339 1342//1342 318//318
f 1343//1343 122//122 1344//1344
f 1343//1343 950//950 122//122
f 1345//1345 1346//1346 1347//1347
f 1345//1345 1348//1348 1346//1346
f 1349//1349 1350//1350 1351//1351
f 1349//1349 1352//1352 1353//1353
f 1354//1354 1355//1355 379//379
f 1354//1354 602//602 1356//1356
f 1008//1008 1010//1010 1139//1139
f 1009//1009 1357//1357 1010//1010
f 1358//1358 1359//1359 1360//1360
f 1358//1358 1361//1361 1016//1016
f 1359//1359 1358//1358 1016//1016
f 1358//1358 1360//1360 1257//1257
f 1362//1362 1363//1363 1364//1364
f 1362//1362 1365//1365 1363//1363
f 1366//1366 1367//1367 372//372
f 1366//1366 1368//1368 1369//1369
f 1370//1370 1371//1371 746//746
f 1370//1370 1372//1372 1373//1373
f 1374//1374 1375//1375 1376//1376
f 1374//1374 1377//1377 1378//1378
f 1377//1377 1376//1376 1379//1379
f 1374//1374 1378//1378 1375//1375
f 1380//1380 1381//1381 1382//1382
f 1380//1380 1383//1383 1384//1384
f 1381//1381 1384//1384 1385//1385
f 1380//1380 1382//1382 478//478
f 1386//1386 46//46 756//756
f 1386//1386 44//44 46//46
f 1387//1387 336//336 332//332
f 1387//1387 1388//1388 450//450
f 1387//1387 1389//1389 815//815
f 1387//1387 332//332 1389//1389
f 1390//1390 1391//1391 140//140
f 1390//1390 1392//1392 1393//1393
f 1394//1394 540//540 979//979
f 1394//1394 542//542 540//540
f 704//704 1395//1395 473//473
f 704//704 1396//1396 1397//1397
f 1398//1398 786//786 737//737
f 1398//1398 1399//1399 1400//1400
f 1399//1399 1401//1401 1244//1244
f 1399//1399 1398//1398 1401//1401
f 7//7 1402//1402 10//10
f 7//7 12//12 230//230
f 1403//1403 1404//1404 1215//1215
f 1403//1403 1405//1405 1406//1406
f 1407//1407 1408//1408 496//496
f 1407//1407 1409//1409 1371//1371
f 1404//1404 495//495 1215//1215
f 1404//1404 1406//1406 1409//1409
f 1084//1084 1410//1410 1085//1085
f 1084//1084 1411//1411 1410//1410
f 1412//1412 1413//1413 1414//1414
f 1412//1412 1415//1415 1416//1416
f 1417//1417 1418//1418 1419//1419
f 1417//1417 1420//1420 1418//1418
f 1421//1421 1418//1418 1420//1420
f 1421//1421 1422//1422 1357//1357
f 1421//1421 1420//1420 1423//1423
f 1418//1418 128//128 132//132
f 589//589 1424//1424 1425//1425
f 589//589 1426//1426 1427//1427
f 1424//1424 589//589 1427//1427
f 589//589 1425//1425 588//588
f 1428//1428 1429//1429 1430//1430
f 1428//1428 1431//1431 1053//1053
f 1432//1432 1433//1433 1434//1434
f 1432//1432 1435//1435 1433//1433
f 1436//1436 32//32 1437//1437
f 1436//1436 1438//1438 1439//1439
f 1438//1438 1440//1440 1441//1441
f 1436//1436 1439//1439 32//32
f 1438//1438 1442//1442 1439//1439
f 1438//1438 1441//1441 1442//1442
f 1097//1097 1095//1095 1094//1094
f 1097//1097 1443//1443 1095//1095
f 987//987 1187//1187 988//988
f 991//991 1444//1444 829//829
f 991//991 990//990 711//711
f 986//986 988//988 1445//1445
f 1446//1446 712//712 710//710
f 1446//1446 1447//1447 1448//1448
f 1446//1446 1448//1448 1449//1449
f 1447//1447 1450//1450 1451//1451
f 67//67 66//66 892//892
f 67//67 948//948 63//63
f 891//891 892//892 958//958
f 66//66 63//63 70//70
f 1452//1452 296//296 304//304
f 1452//1452 1068//1068 296//296
f 368//368 370//370 1453//1453
f 369//369 249//249 370//370
f 53//53 643//643 55//55
f 642//642 1454//1454 643//643
f 53//53 55//55 52//52
f 643//643 1454//1454 725//725
f 644//644 1455//1455 1456//1456
f 644//644 642//642 53//53
f 1457//1457 1458//1458 970//970
f 1457//1457 1459//1459 24//24
f 1460//1460 1461//1461 1352//1352
f 1460//1460 1462//1462 70//70
f 1463//1463 889//889 401//401
f 1463//1463 1464//1464 1465//1465
f 1466//1466 1402//1402 235//235
f 1466//1466 1467//1467 1468//1468
f 235//235 1402//1402 7//7
f 235//235 234//234 1469//1469
f 1402//1402 1468//1468 10//10
f 1466//1466 1469//1469 1467//1467
f 1470//1470 1471//1471 493//493
f 1470//1470 1472//1472 1471//1471
f 1473//1473 1471//1471 1472//1472
f 1473//1473 1474//1474 1475//1475
f 1470//1470 1289//1289 1472//1472
f 1471//1471 1476//1476 493//493
f 1477//1477 1478//1478 1479//1479
f 1477//1477 263//263 1478//1478
f 1480//1480 1481//1481 238//238
f 1480//1480 1482//1482 1481//1481
f 1483//1483 1484//1484 1485//1485
f 1483//1483 1486//1486 1487//1487
f 576//576 1486//1486 700//700
f 573//573 437//437 574//574
f 1483//1483 1487//1487 1456//1456
f 576//576 700//700 620//620
f 954//954 953//953 795//795
f 952//952 1488//1488 955//955
f 34//34 1489//1489 35//35
f 34//34 1162//1162 1490//1490
f 33//33 35//35 36//36
f 1489//1489 75//75 35//35
f 1491//1491 1492//1492 1493//1493
f 1491//1491 1494//1494 1495//1495
f 1496//1496 430//430 429//429
f 1496//1496 309//309 1216//1216
f 392//392 1497//1497 1498//1498
f 392//392 391//391 1499//1499
f 1497//1497 1499//1499 1500//1500
f 392//392 1498//1498 389//389
f 959//959 1462//1462 1501//1501
f 959//959 958//958 892//892
f 1460//1460 70//70 1461//1461
f 1462//1462 892//892 66//66
f 959//959 1501//1501 1502//1502
f 70//70 65//65 1461//1461
f 1503//1503 1504//1504 531//531
f 1503//1503 813//813 1505//1505
f 719//719 721//721 770//770
f 719//719 591//591 932//932
f 721//721 1506//1506 770//770
f 791//791 718//718 720//720
f 1507//1507 1508//1508 1509//1509
f 1507//1507 1510//1510 1508//1508
f 1508//1508 1510//1510 1434//1434
f 1507//1507 1509//1509 1511//1511
f 1512//1512 1513//1513 1514//1514
f 1512//1512 1515//1515 1516//1516
f 1515//1515 1517//1517 1518//1518
f 1515//1515 1512//1512 1519//1519
f 1517//1517 1515//1515 1519//1519
f 1515//1515 1518//1518 1520//1520
f 610//610 1521//1521 1522//1522
f 610//610 608//608 184//184
f 1521//1521 610//610 697//697
f 610//610 1522//1522 611//611
f 1522//1522 674//674 768//768
f 608//608 611//611 1523//1523
f 1524//1524 1525//1525 1526//1526
f 1524//1524 1527//1527 1528//1528
f 1525//1525 972//972 1529//1529
f 1525//1525 1519//1519 972//972
f 1530//1530 1531//1531 626//626
f 1530//1530 635//635 1531//1531
f 1532//1532 1392//1392 1533//1533
f 1532//1532 1534//1534 1535//1535
f 1533//1533 1392//1392 1390//1390
f 1533//1533 206//206 1532//1532
f 1533//1533 139//139 206//206
f 1390//1390 1393//1393 1536//1536
f 1537//1537 139//139 138//138
f 1537//1537 204//204 206//206
f 1532//1532 206//206 1534//1534
f 1537//1537 142//142 1538//1538
f 1539//1539 1520//1520 1540//1540
f 1539//1539 1516//1516 1520//1520
f 1275//1275 1273//1273 1272//1272
f 1275//1275 1541//1541 1273//1273
f 1028//1028 1542//1542 1543//1543
f 1028//1028 1544//1544 1542//1542
f 1080//1080 1083//1083 1545//1545
f 1082//1082 1079//1079 1546//1546
f 1141//1141 1137//1137 1139//1139
f 1140//1140 1143//1143 483//483
f 1547//1547 1548//1548 855//855
f 1547//1547 696//696 1548//1548
f 883//883 1549//1549 881//881
f 883//883 345//345 343//343
f 1550//1550 1551//1551 1552//1552
f 1550//1550 1553//1553 1551//1551
f 1550//1550 1552//1552 634//634
f 1551//1551 1553//1553 1554//1554
f 1555//1555 1556//1556 1557//1557
f 1555//1555 1558//1558 1559//1559
f 1122//1122 1560//1560 1561//1561
f 1122//1122 1125//1125 1560//1560
f 164//164 1562//1562 556//556
f 163//163 165//165 519//519
f 1563//1563 812//812 1564//1564
f 1563//1563 1565//1565 812//812
f 1566//1566 1210//1210 1213//1213
f 1566//1566 1567//1567 1568//1568
f 269//269 1053//1053 1431//1431
f 269//269 922//922 270//270
f 349//349 1569//1569 1570//1570
f 347//347 350//350 748//748
f 1571//1571 1572//1572 1573//1573
f 1571//1571 1574//1574 1575//1575
f 1572//1572 1576//1576 1577//1577
f 1571//1571 1573//1573 1574//1574
f 1578//1578 1579//1579 1580//1580
f 1578//1578 1581//1581 1240//1240
f 1579//1579 1313//1313 1445//1445
f 1579//1579 1240//1240 1313//1313
f 1582//1582 1583//1583 1584//1584
f 1582//1582 1469//1469 1585//1585
f 158//158 195//195 1586//1586
f 160//160 330//330 1587//1587
f 1588//1588 1589//1589 1590//1590
f 1588//1588 1591//1591 926//926
f 1184//1184 1592//1592 724//724
f 85//85 1185//1185 1182//1182
f 257//257 259//259 1593//1593
f 258//258 535//535 534//534
f 1594//1594 1595//1595 984//984
f 1594//1594 1596//1596 1597//1597
f 1131//1131 1598//1598 1599//1599
f 1124//1124 1600//1600 1125//1125
f 1601//1601 1602//1602 1603//1603
f 1601//1601 1604//1604 846//846
f 1605//1605 1606//1606 1607//1607
f 1605//1605 1608//1608 1606//1606
f 1301//1301 1609//1609 1299//1299
f 1301//1301 1610//1610 1611//1611
f 1612//1612 994//994 1613//1613
f 1612//1612 1614//1614 995//995
f 1615//1615 1616//1616 1617//1617
f 1615//1615 631//631 1616//1616
f 472//472 474//474 783//783
f 473//473 1395//1395 474//474
f 1618//1618 430//430 1496//1496
f 1618//1618 136//136 431//431
f 212//212 215//215 1619//1619
f 217//217 211//211 1568//1568
f 1620//1620 1621//1621 1622//1622
f 1620//1620 45//45 1623//1623
f 279//279 278//278 1624//1624
f 279//279 1335//1335 687//687
f 278//278 941//941 1624//1624
f 277//277 279//279 687//687
f 815//815 818//818 1625//1625
f 815//815 1389//1389 816//816
f 1021//1021 1020//1020 1626//1626
f 1034//1034 1035//1035 1025//1025
f 186//186 189//189 1426//1426
f 185//185 187//187 188//188
f 1211//1211 1627//1627 1214//1214
f 1212//1212 211//211 1628//1628
f 1627//1627 1628//1628 1629//1629
f 1212//1212 1210//1210 211//211
f 1630//1630 1631//1631 1632//1632
f 1630//1630 1633//1633 1634//1634
f 1635//1635 1636//1636 1637//1637
f 1635//1635 31//31 1636//1636
f 571//571 1638//1638 1639//1639
f 571//571 570//570 691//691
f 1569//1569 1640//1640 1641//1641
f 1569//1569 1277//1277 1642//1642
f 1643//1643 1644//1644 956//956
f 1643//1643 1645//1645 1646//1646
f 1643//1643 1647//1647 1645//1645
f 1643//1643 956//956 955//955
f 1648//1648 1305//1305 1304//1304
f 1648//1648 848//848 851//851
f 1649//1649 1650//1650 779//779
f 1649//1649 1651//1651 1650//1650
f 1652//1652 1653//1653 950//950
f 1652//1652 1654//1654 1653//1653
f 765//765 762//762 761//761
f 765//765 1655//1655 1344//1344
f 1655//1655 1654//1654 1652//1652
f 765//765 1344//1344 1656//1656
f 1655//1655 1652//1652 1343//1343
f 1654//1654 1657//1657 1653//1653
f 297//297 296//296 1067//1067
f 298//298 1658//1658 303//303
f 1452//1452 304//304 1659//1659
f 295//295 297//297 1658//1658
f 83//83 1544//1544 1660//1660
f 83//83 81//81 1542//1542
f 1661//1661 678//678 1662//1662
f 1661//1661 1663//1663 678//678
f 1664//1664 774//774 773//773
f 1664//1664 1665//1665 1666//1666
f 1667//1667 1668//1668 1669//1669
f 1667//1667 1670//1670 1668//1668
f 1671//1671 653//653 651//651
f 1671//1671 1672//1672 1673//1673
f 1674//1674 759//759 944//944
f 1674//1674 760//760 759//759
f 1675//1675 1676//1676 1677//1677
f 1675//1675 930//930 1678//1678
f 1679//1679 733//733 1204//1204
f 1679//1679 462//462 962//962
f 113//113 1680//1680 114//114
f 113//113 1681//1681 1682//1682
f 1683//1683 1684//1684 1685//1685
f 1683//1683 1577//1577 1684//1684
f 489//489 1686//1686 1290//1290
f 489//489 488//488 1687//1687
f 234//234 233//233 1688//1688
f 235//235 1469//1469 1466//1466
f 1656//1656 1689//1689 762//762
f 1656//1656 1344//1344 1690//1690
f 1689//1689 1691//1691 762//762
f 1689//1689 1656//1656 1692//1692
f 1693//1693 1479//1479 1632//1632
f 1693//1693 1694//1694 1477//1477
f 1695//1695 998//998 1696//1696
f 1695//1695 1252//1252 999//999
f 1697//1697 1375//1375 1698//1698
f 1697//1697 1699//1699 1375//1375
f 1697//1697 1698//1698 1700//1700
f 1374//1374 1376//1376 1377//1377
f 1697//1697 1700//1700 1127//1127
f 1698//1698 1701//1701 1702//1702
f 1703//1703 1704//1704 1642//1642
f 1703//1703 1705//1705 1704//1704
f 177//177 174//174 173//173
f 177//177 1706//1706 174//174
f 886//886 885//885 1707//1707
f 886//886 391//391 1708//1708
f 886//886 1707//1707 1709//1709
f 884//884 1708//1708 887//887
f 831//831 830//830 943//943
f 831//831 517//517 587//587
f 1369//1369 1367//1367 1366//1366
f 1369//1369 1581//1581 1189//1189
f 1630//1630 1632//1632 1479//1479
f 1631//1631 1710//1710 1711//1711
f 1712//1712 565//565 564//564
f 1712//1712 1713//1713 565//565
f 565//565 1714//1714 563//563
f 565//565 1715//1715 850//850
f 1007//1007 1004//1004 1003//1003
f 1007//1007 1716//1716 1004//1004
f 903//903 902//902 1717//1717
f 903//903 899//899 896//896
f 1718//1718 1719//1719 1294//1294
f 1718//1718 805//805 808//808
f 934//934 720//720 933//933
f 934//934 394//394 1720//1720
f 393//393 395//395 1721//1721
f 394//394 593//593 395//395
f 1722//1722 998//998 1001//1001
f 1722//1722 1723//1723 1059//1059
f 1695//1695 1696//1696 1724//1724
f 1722//1722 1001//1001 40//40
f 1725//1725 1726//1726 1727//1727
f 1725//1725 150//150 569//569
f 1386//1386 756//756 294//294
f 46//46 1166//1166 1728//1728
f 756//756 1729//1729 753//753
f 46//46 45//45 1166//1166
f 436//436 1730//1730 574//574
f 436//436 1731//1731 1732//1732
f 1733//1733 1734//1734 1735//1735
f 1733//1733 1676//1676 1736//1736
f 270//270 922//922 919//919
f 270//270 267//267 266//266
f 1596//1596 1737//1737 1597//1597
f 1596//1596 242//242 632//632
f 1738//1738 1739//1739 317//317
f 1738//1738 1740//1740 1739//1739
f 1738//1738 317//317 647//647
f 1739//1739 96//96 1741//1741
f 1742//1742 1743//1743 1744//1744
f 1742//1742 726//726 1743//1743
f 446//446 451//451 449//449
f 1265//1265 1388//1388 1480//1480
f 1745//1745 1746//1746 101//101
f 1745//1745 195//195 1746//1746
f 1747//1747 1748//1748 1685//1685
f 1747//1747 1557//1557 1556//1556
f 1041//1041 1373//1373 1749//1749
f 1041//1041 1038//1038 1373//1373
f 1750//1750 1746//1746 192//192
f 1750//1750 99//99 1746//1746
f 1746//1746 99//99 101//101
f 1750//1750 192//192 1751//1751
f 1595//1595 1670//1670 984//984
f 1595//1595 1597//1597 1752//1752
f 1529//1529 972//972 971//971
f 1529//1529 1526//1526 1525//1525
f 946//946 947//947 72//72
f 894//894 893//893 1753//1753
f 893//893 1754//1754 1755//1755
f 891//891 894//894 948//948
f 1347//1347 1411//1411 738//738
f 1347//1347 1346//1346 1410//1410
f 1346//1346 1348//1348 1756//1756
f 1347//1347 1410//1410 1411//1411
f 1757//1757 1677//1677 1758//1758
f 1757//1757 432//432 1677//1677
f 1759//1759 1760//1760 1761//1761
f 1759//1759 50//50 1029//1029
f 1762//1762 1376//1376 1699//1699
f 1762//1762 1353//1353 1461//1461
f 1763//1763 1764//1764 1765//1765
f 1763//1763 1766//1766 527//527
f 1692//1692 1765//1765 1691//1691
f 1763//1763 1690//1690 1766//1766
f 1767//1767 1262//1262 1191//1191
f 1767//1767 75//75 1263//1263
f 1768//1768 1769//1769 1770//1770
f 1768//1768 310//310 876//876
f 1768//1768 1770//1770 307//307
f 1769//1769 1771//1771 1772//1772
f 1770//1770 1772//1772 1773//1773
f 1768//1768 307//307 310//310
f 955//955 1647//1647 1643//1643
f 955//955 1488//1488 272//272
f 1774//1774 1775//1775 1776//1776
f 1774//1774 386//386 1777//1777
f 1775//1775 1777//1777 1778//1778
f 1774//1774 1776//1776 387//387
f 1779//1779 1780//1780 1781//1781
f 1779//1779 1782//1782 1783//1783
f 1538//1538 1781//1781 1537//1537
f 1538//1538 461//461 1779//1779
f 1537//1537 1781//1781 204//204
f 142//142 141//141 1784//1784
f 1779//1779 461//461 1782//1782
f 1538//1538 1784//1784 459//459
f 1363//1363 1785//1785 1786//1786
f 1363//1363 1365//1365 1787//1787
f 1785//1785 1788//1788 1786//1786
f 1785//1785 1789//1789 1788//1788
f 1786//1786 1788//1788 1790//1790
f 1786//1786 1364//1364 1363//1363
f 1786//1786 1790//1790 1364//1364
f 1788//1788 1789//1789 1555//1555
f 1719//1719 808//808 1791//1791
f 1718//1718 1294//1294 1314//1314
f 1792//1792 375//375 1793//1793
f 1792//1792 1666//1666 1665//1665
f 1792//1792 1665//1665 1050//1050
f 1666//1666 1794//1794 1795//1795
f 1796//1796 1081//1081 1080//1080
f 1796//1796 1797//1797 214//214
f 1798//1798 1799//1799 1434//1434
f 1798//1798 606//606 603//603
f 1800//1800 798//798 1801//1801
f 1800//1800 641//641 798//798
f 1802//1802 1803//1803 1494//1494
f 1802//1802 320//320 1803//1803
f 1803//1803 320//320 1804//1804
f 1802//1802 1494//1494 1341//1341
f 355//355 1805//1805 358//358
f 1806//1806 1807//1807 1805//1805
f 358//358 1805//1805 1287//1287
f 399//399 401//401 889//889
f 1805//1805 1808//1808 1288//1288
f 1805//1805 1807//1807 1808//1808
f 1808//1808 1807//1807 1804//1804
f 1806//1806 355//355 357//357
f 1809//1809 1810//1810 1752//1752
f 1809//1809 1811//1811 1812//1812
f 1810//1810 1668//1668 1670//1670
f 1813//1813 1809//1809 1812//1812
f 1668//1668 1813//1813 1669//1669
f 1810//1810 1670//1670 1752//1752
f 1667//1667 1669//1669 985//985
f 1813//1813 1812//1812 1511//1511
f 1814//1814 1279//1279 980//980
f 1814//1814 1815//1815 1279//1279
f 1816//1816 456//456 1817//1817
f 1816//1816 1756//1756 457//457
f 1818//1818 1819//1819 1624//1624
f 1818//1818 1820//1820 1821//1821
f 1415//1415 1822//1822 1416//1416
f 1415//1415 1823//1823 1822//1822
f 1005//1005 1645//1645 921//921
f 1005//1005 1004//1004 1716//1716
f 1824//1824 1825//1825 1826//1826
f 1824//1824 1233//1233 1232//1232
f 1827//1827 104//104 1416//1416
f 102//102 1828//1828 105//105
f 1560//1560 1125//1125 1600//1600
f 1122//1122 1561//1561 1123//1123
f 1829//1829 1830//1830 1195//1195
f 1829//1829 1197//1197 1831//1831
f 1832//1832 1257//1257 1256//1256
f 1832//1832 1361//1361 1358//1358
f 1132//1132 1136//1136 1686//1686
f 1135//1135 1833//1833 1136//1136
f 1834//1834 1135//1135 1134//1134
f 1135//1135 1835//1835 1833//1833
f 1481//1481 1482//1482 1836//1836
f 1480//1480 238//238 1043//1043
f 1837//1837 1838//1838 1839//1839
f 1837//1837 1840//1840 1841//1841
f 1842//1842 1306//1306 1843//1843
f 1842//1842 1844//1844 1845//1845
f 1572//1572 1577//1577 1846//1846
f 1576//1576 562//562 557//557
f 1847//1847 1848//1848 1270//1270
f 1847//1847 1641//1641 1849//1849
f 1838//1838 1841//1841 1850//1850
f 1837//1837 1839//1839 1851//1851
f 212//212 214//214 216//216
f 213//213 1081//1081 214//214
f 1852//1852 1853//1853 666//666
f 1852//1852 1574//1574 1853//1853
f 1727//1727 1726//1726 1639//1639
f 1727//1727 1854//1854 1725//1725
f 1855//1855 1639//1639 161//161
f 1855//1855 1856//1856 1854//1854
f 1170//1170 1171//1171 1172//1172
f 1050//1050 1665//1665 1171//1171
f 1482//1482 1388//1388 1625//1625
f 1482//1482 1480//1480 1388//1388
f 1857//1857 1858//1858 1494//1494
f 1857//1857 1716//1716 1007//1007
f 1859//1859 1860//1860 1861//1861
f 1859//1859 1862//1862 1863//1863
f 449//449 451//451 1864//1864
f 446//446 334//334 447//447
f 1865//1865 1439//1439 1442//1442
f 1865//1865 28//28 1439//1439
f 1599//1599 1598//1598 1866//1866
f 1131//1131 1867//1867 1600//1600
f 1451//1451 1448//1448 1447//1447
f 1451//1451 636//636 1322//1322
f 1868//1868 1869//1869 1391//1391
f 1868//1868 1870//1870 362//362
f 1870//1870 1871//1871 1872//1872
f 1870//1870 1536//1536 967//967
f 1379//1379 65//65 71//71
f 1379//1379 1376//1376 1461//1461
f 58//58 1455//1455 644//644
f 58//58 57//57 1873//1873
f 57//57 51//51 50//50
f 58//58 1873//1873 1484//1484
f 604//604 1874//1874 605//605
f 604//604 1669//1669 1508//1508
f 1678//1678 1853//1853 1875//1875
f 1678//1678 930//930 928//928
f 645//645 407//407 1271//1271
f 646//646 1876//1876 408//408
f 647//647 1273//1273 1541//1541
f 645//645 317//317 1876//1876
f 1272//1272 1271//1271 405//405
f 647//647 1541//1541 1738//1738
f 1582//1582 1877//1877 1878//1878
f 1585//1585 1688//1688 1233//1233
f 1879//1879 1880//1880 1881//1881
f 1879//1879 1270//1270 1880//1880
f 1882//1882 1883//1883 1884//1884
f 1882//1882 1731//1731 435//435
f 1827//1827 102//102 104//104
f 105//105 1885//1885 106//106
f 1412//1412 1416//1416 1886//1886
f 1822//1822 1823//1823 1887//1887
f 478//478 480//480 1888//1888
f 477//477 479//479 1889//1889
f 1449//1449 1890//1890 1446//1446
f 1449//1449 1321//1321 1323//1323
f 1449//1449 1323//1323 1891//1891
f 1320//1320 1322//1322 1892//1892
f 1886//1886 104//104 1893//1893
f 1886//1886 1413//1413 1412//1412
f 104//104 103//103 1893//1893
f 1827//1827 1416//1416 1828//1828
f 578//578 1894//1894 1895//1895
f 577//577 579//579 582//582
f 1896//1896 937//937 1167//1167
f 1896//1896 1897//1897 1898//1898
f 1899//1899 1900//1900 1901//1901
f 1899//1899 1269//1269 1902//1902
f 1899//1899 1901//1901 1903//1903
f 1900//1900 1902//1902 1904//1904
f 1905//1905 1906//1906 1907//1907
f 1905//1905 1908//1908 1906//1906
f 649//649 652//652 1909//1909
f 648//648 650//650 651//651
f 1367//1367 1188//1188 1910//1910
f 1369//1369 1368//1368 1581//1581
f 1787//1787 1911//1911 1368//1368
f 1787//1787 1365//1365 1246//1246
f 1368//1368 1912//1912 1913//1913
f 1368//1368 1911//1911 1581//1581
f 1911//1911 1241//1241 1581//1581
f 1911//1911 1787//1787 1241//1241
f 1914//1914 1915//1915 1916//1916
f 1914//1914 254//254 1915//1915
f 1499//1499 1497//1497 392//392
f 1499//1499 1709//1709 1500//1500
f 1497//1497 1500//1500 1917//1917
f 1709//1709 1707//1707 1918//1918
f 1919//1919 1894//1894 578//578
f 1919//1919 581//581 1296//1296
f 695//695 1548//1548 696//696
f 695//695 445//445 1920//1920
f 1921//1921 1922//1922 1923//1923
f 1921//1921 535//535 260//260
f 1924//1924 1925//1925 36//36
f 1924//1924 1616//1616 1926//1926
f 1927//1927 1625//1625 1163//1163
f 1927//1927 1925//1925 1836//1836
f 36//36 1925//1925 1927//1927
f 36//36 35//35 77//77
f 33//33 37//37 34//34
f 1927//1927 1836//1836 1625//1625
f 1780//1780 1783//1783 1928//1928
f 1779//1779 1781//1781 1538//1538
f 1928//1928 1783//1783 1929//1929
f 1928//1928 204//204 1780//1780
f 1928//1928 1929//1929 1930//1930
f 1783//1783 1782//1782 1929//1929
f 1931//1931 1932//1932 1933//1933
f 1931//1931 500//500 499//499
f 1934//1934 1357//1357 1422//1422
f 1934//1934 1935//1935 1073//1073
f 1935//1935 1936//1936 1937//1937
f 1934//1934 1073//1073 1357//1357
f 663//663 1337//1337 661//661
f 663//663 19//19 1938//1938
f 163//163 1562//1562 164//164
f 513//513 514//514 1939//1939
f 166//166 519//519 514//514
f 165//165 556//556 555//555
f 556//556 1562//1562 758//758
f 521//521 586//586 943//943
f 1940//1940 440//440 403//403
f 1940//1940 97//97 95//95
f 1941//1941 1942//1942 1943//1943
f 1941//1941 1944//1944 708//708
f 1945//1945 1946//1946 1947//1947
f 1945//1945 1948//1948 1949//1949
f 127//127 131//131 125//125
f 127//127 1950//1950 131//131
f 162//162 1951//1951 330//330
f 162//162 161//161 1951//1951
f 585//585 1952//1952 581//581
f 585//585 763//763 1691//1691
f 222//222 221//221 1953//1953
f 222//222 219//219 218//218
f 1954//1954 1860//1860 1859//1859
f 1954//1954 255//255 1955//1955
f 632//632 241//241 629//629
f 632//632 1737//1737 1596//1596
f 629//629 630//630 1926//1926
f 236//236 606//606 237//237
f 1956//1956 1957//1957 1958//1958
f 1956//1956 508//508 1959//1959
f 1960//1960 1904//1904 1961//1961
f 1960//1960 1176//1176 1904//1904
f 1647//1647 272//272 270//270
f 952//952 956//956 953//953
f 1005//1005 921//921 365//365
f 1645//1645 1962//1962 919//919
f 436//436 574//574 437//437
f 1730//1730 1963//1963 575//575
f 1730//1730 1732//1732 1964//1964
f 433//433 437//437 619//619
f 623//623 1253//1253 1061//1061
f 623//623 622//622 1866//1866
f 1533//1533 140//140 139//139
f 1390//1390 1536//1536 1868//1868
f 1965//1965 1966//1966 1967//1967
f 1965//1965 564//564 566//566
f 1966//1966 1968//1968 1969//1969
f 1712//1712 1967//1967 1713//1713
f 1970//1970 898//898 901//901
f 1970//1970 1971//1971 898//898
f 1972//1972 1971//1971 1970//1970
f 1972//1972 1973//1973 902//902
f 1972//1972 1974//1974 1975//1975
f 1972//1972 1608//1608 1976//1976
f 1754//1754 1977//1977 1978//1978
f 894//894 1753//1753 1979//1979
f 1754//1754 1978//1978 1285//1285
f 1977//1977 1980//1980 354//354
f 861//861 1981//1981 1982//1982
f 861//861 858//858 857//857
f 1463//1463 401//401 403//403
f 889//889 356//356 399//399
f 859//859 1465//1465 890//890
f 858//858 861//861 356//356
f 1983//1983 1153//1153 1152//1152
f 1983//1983 1224//1224 1153//1153
f 1984//1984 1136//1136 1833//1833
f 1984//1984 1985//1985 1472//1472
f 1986//1986 1985//1985 1467//1467
f 1986//1986 1472//1472 1985//1985
f 1987//1987 1985//1985 1984//1984
f 1987//1987 1468//1468 1467//1467
f 1986//1986 1467//1467 1584//1584
f 1987//1987 1833//1833 10//10
f 1453//1453 371//371 368//368
f 1453//1453 1789//1789 1785//1785
f 371//371 1912//1912 372//372
f 371//371 1453//1453 1913//1913
f 1920//1920 1096//1096 856//856
f 1920//1920 445//445 905//905
f 905//905 1096//1096 1920//1920
f 905//905 183//183 175//175
f 1920//1920 1548//1548 695//695
f 1096//1096 1095//1095 856//856
f 1988//1988 1989//1989 1990//1990
f 1988//1988 675//675 1989//1989
f 1991//1991 1992//1992 1993//1993
f 1991//1991 1994//1994 1704//1704
f 1992//1992 1995//1995 1993//1993
f 1992//1992 1704//1704 1705//1705
f 1995//1995 1996//1996 1702//1702
f 1995//1995 1997//1997 1996//1996
f 1998//1998 1917//1917 1500//1500
f 1998//1998 1999//1999 1917//1917
f 2000//2000 2001//2001 1192//1192
f 2000//2000 849//849 848//848
f 1869//1869 2002//2002 1391//1391
f 1869//1869 2003//2003 2002//2002
f 2004//2004 927//927 1887//1887
f 2004//2004 2005//2005 2006//2006
f 1820//1820 87//87 90//90
f 1820//1820 226//226 87//87
f 774//774 1795//1795 2007//2007
f 1664//1664 773//773 1665//1665
f 2008//2008 2007//2007 2009//2009
f 774//774 2010//2010 772//772
f 2011//2011 611//611 2012//2012
f 2011//2011 1523//1523 611//611
f 1696//1696 1722//1722 1059//1059
f 1695//1695 1724//1724 1252//1252
f 1909//1909 651//651 2013//2013
f 651//651 650//650 1671//1671
f 2014//2014 1118//1118 1409//1409
f 2014//2014 1406//1406 1115//1115
f 1118//1118 744//744 746//746
f 1118//1118 1115//1115 1114//1114
f 1859//1859 1861//1861 1862//1862
f 1860//1860 220//220 2015//2015
f 637//637 2016//2016 2017//2017
f 637//637 636//636 1451//1451
f 2018//2018 2019//2019 1593//1593
f 2018//2018 2020//2020 2021//2021
f 2021//2021 2019//2019 2018//2018
f 2021//2021 2022//2022 2023//2023
f 2019//2019 2024//2024 1593//1593
f 2019//2019 2021//2021 2023//2023
f 420//420 421//421 1753//1753
f 426//426 2025//2025 421//421
f 2026//2026 1959//1959 276//276
f 2026//2026 2027//2027 1957//1957
f 2028//2028 2029//2029 1249//1249
f 2028//2028 1315//1315 2029//2029
f 2029//2029 2030//2030 1249//1249
f 2029//2029 2031//2031 2030//2030
f 626//626 2032//2032 1530//1530
f 626//626 628//628 2032//2032
f 906//906 1706//1706 2033//2033
f 906//906 904//904 175//175
f 1631//1631 1711//1711 2034//2034
f 1710//1710 2035//2035 1711//1711
f 1764//1764 526//526 1297//1297
f 1763//1763 1765//1765 1692//1692
f 1619//1619 213//213 212//212
f 213//213 2036//2036 1401//1401
f 1093//1093 1091//1091 1087//1087
f 1093//1093 2037//2037 2038//2038
f 381//381 380//380 2039//2039
f 381//381 600//600 378//378
f 2029//2029 1315//1315 2031//2031
f 2028//2028 1249//1249 1247//1247
f 2040//2040 199//199 2041//2041
f 2040//2040 332//332 199//199
f 1975//1975 2042//2042 2043//2043
f 1975//1975 1974//1974 2042//2042
f 2044//2044 2045//2045 2046//2046
f 2044//2044 2047//2047 1185//1185
f 1685//1685 1684//1684 2048//2048
f 1685//1685 1748//1748 2049//2049
f 1683//1683 2050//2050 1846//1846
f 1685//1685 2048//2048 1747//1747
f 1169//1169 2051//2051 1896//1896
f 1169//1169 1168//1168 2052//2052
f 2051//2051 2053//2053 2054//2054
f 2051//2051 1169//1169 2053//2053
f 1198//1198 1613//1613 2055//2055
f 1198//1198 1112//1112 1109//1109
f 1220//1220 1218//1218 2056//2056
f 1220//1220 1219//1219 73//73
f 1995//1995 2056//2056 1993//1993
f 1702//1702 1700//1700 1698//1698
f 1702//1702 2056//2056 1995//1995
f 1220//1220 1701//1701 1219//1219
f 563//563 1714//1714 2057//2057
f 565//565 1713//1713 1715//1715
f 1714//1714 2058//2058 2057//2057
f 1712//1712 564//564 1965//1965
f 2058//2058 2059//2059 2022//2022
f 2058//2058 850//850 2059//2059
f 2058//2058 2022//2022 2057//2057
f 2059//2059 2060//2060 2023//2023
f 2059//2059 2023//2023 2022//2022
f 2060//2060 849//849 2061//2061
f 2062//2062 320//320 319//319
f 2062//2062 1804//1804 320//320
f 320//320 1340//1340 318//318
f 1803//1803 1804//1804 1495//1495
f 1339//1339 1341//1341 1858//1858
f 2062//2062 319//319 2063//2063
f 2064//2064 2065//2065 2066//2066
f 2064//2064 614//614 2065//2065
f 2067//2067 1917//1917 1999//1999
f 2067//2067 366//366 1917//1917
f 1132//1132 1134//1134 1135//1135
f 1133//1133 596//596 1134//1134
f 2068//2068 382//382 182//182
f 2068//2068 1276//1276 405//405
f 181//181 1276//1276 2068//2068
f 181//181 2069//2069 210//210
f 1274//1274 210//210 209//209
f 1274//1274 1276//1276 181//181
f 2068//2068 405//405 382//382
f 1275//1275 1274//1274 209//209
f 1715//1715 2070//2070 850//850
f 1715//1715 1713//1713 2035//2035
f 727//727 2071//2071 331//331
f 335//335 334//334 449//449
f 1148//1148 1145//1145 1144//1144
f 1148//1148 2072//2072 1164//1164
f 1778//1778 100//100 99//99
f 1778//1778 1777//1777 913//913
f 100//100 2073//2073 2074//2074
f 1778//1778 99//99 1775//1775
f 994//994 2075//2075 1613//1613
f 993//993 995//995 2054//2054
f 472//472 783//783 475//475
f 474//474 1395//1395 1047//1047
f 833//833 2076//2076 1422//1422
f 832//832 834//834 1752//1752
f 677//677 681//681 678//678
f 512//512 504//504 1958//1958
f 2077//2077 2078//2078 1623//1623
f 2077//2077 47//47 2079//2079
f 1623//1623 1621//1621 1620//1620
f 1623//1623 2078//2078 2080//2080
f 1623//1623 2080//2080 2081//2081
f 2078//2078 2077//2077 2079//2079
f 480//480 384//384 1888//1888
f 480//480 2082//2082 385//385
f 2083//2083 341//341 982//982
f 2083//2083 2084//2084 341//341
f 1542//1542 2085//2085 1543//1543
f 1542//1542 2086//2086 458//458
f 1026//1026 1543//1543 659//659
f 2085//2085 2087//2087 656//656
f 1587//1587 330//330 2088//2088
f 1587//1587 2089//2089 194//194
f 158//158 1586//1586 1871//1871
f 195//195 192//192 1746//1746
f 2090//2090 725//725 1454//1454
f 2090//2090 726//726 725//725
f 2091//2091 546//546 1078//1078
f 2091//2091 738//738 547//547
f 207//207 211//211 217//217
f 210//210 2069//2069 609//609
f 2092//2092 542//542 1394//1394
f 2092//2092 2093//2093 543//543
f 1282//1282 1281//1281 1554//1554
f 1282//1282 1280//1280 1055//1055
f 533//533 535//535 540//540
f 895//895 537//537 2020//2020
f 970//970 1458//1458 1510//1510
f 970//970 973//973 1457//1457
f 970//970 1510//1510 971//971
f 1458//1458 1435//1435 1432//1432
f 1508//1508 1434//1434 1874//1874
f 1457//1457 973//973 1459//1459
f 284//284 1864//1864 451//451
f 284//284 23//23 282//282
f 2094//2094 1256//1256 1259//1259
f 2094//2094 1490//1490 1162//1162
f 412//412 414//414 1659//1659
f 411//411 413//413 689//689
f 2095//2095 1002//1002 1000//1000
f 2095//2095 2096//2096 1154//1154
f 2064//2064 2066//2066 2097//2097
f 2065//2065 614//614 1835//1835
f 2066//2066 2098//2098 1134//1134
f 2066//2066 2065//2065 2098//2098
f 872//872 876//876 873//873
f 875//875 1771//1771 1768//1768
f 616//616 613//613 612//612
f 616//616 188//188 187//187
f 769//769 591//591 770//770
f 769//769 2099//2099 592//592
f 1277//1277 1569//1569 2100//2100
f 1569//1569 1642//1642 1640//1640
f 2101//2101 356//356 1982//1982
f 2101//2101 357//357 356//356
f 925//925 2049//2049 2102//2102
f 925//925 924//924 2050//2050
f 2103//2103 2104//2104 2105//2105
f 2067//2067 1356//1356 599//599
f 908//908 912//912 2106//2106
f 911//911 2105//2105 2107//2107
f 2105//2105 2104//2104 2107//2107
f 2103//2103 2033//2033 1356//1356
f 2104//2104 1999//1999 2108//2108
f 2103//2103 2105//2105 2033//2033
f 2109//2109 1758//1758 2110//2110
f 2109//2109 2111//2111 1758//1758
f 1758//1758 1677//1677 2110//2110
f 1757//1757 2111//2111 432//432
f 2112//2112 2113//2113 2114//2114
f 2112//2112 2115//2115 2113//2113
f 2112//2112 2114//2114 922//922
f 2113//2113 2115//2115 390//390
f 1677//1677 432//432 2116//2116
f 1677//1677 1676//1676 2110//2110
f 1677//1677 2116//2116 1675//1675
f 432//432 431//431 2116//2116
f 1550//1550 634//634 637//637
f 1552//1552 1554//1554 1281//1281
f 2117//2117 741//741 740//740
f 2117//2117 1541//1541 1275//1275
f 901//901 2118//2118 1606//1606
f 901//901 2119//2119 2118//2118
f 2118//2118 2119//2119 2120//2120
f 901//901 1606//1606 1970//1970
f 214//214 1081//1081 1796//1796
f 213//213 1619//1619 2036//2036
f 2121//2121 1637//1637 1636//1636
f 2121//2121 2122//2122 1535//1535
f 2123//2123 1637//1637 2124//2124
f 2123//2123 27//27 26//26
f 2121//2121 1636//1636 149//149
f 2123//2123 2124//2124 27//27
f 2043//2043 1973//1973 1975//1975
f 2043//2043 2075//2075 1973//1973
f 1291//1291 841//841 1150//1150
f 1291//1291 2125//2125 95//95
f 839//839 1744//1744 2126//2126
f 837//837 841//841 2127//2127
f 1742//1742 839//839 838//838
f 839//839 2126//2126 2128//2128
f 837//837 2127//2127 840//840
f 1291//1291 441//441 438//438
f 1320//1320 1892//1892 2032//2032
f 1322//1322 636//636 1892//1892
f 1530//1530 636//636 635//635
f 1322//1322 1448//1448 1451//1451
f 50//50 1660//1660 1027//1027
f 50//50 1761//1761 57//57
f 1555//1555 1557//1557 1788//1788
f 1556//1556 1748//1748 1747//1747
f 1683//1683 2049//2049 2050//2050
f 1748//1748 2129//2129 2049//2049
f 528//528 485//485 484//484
f 528//528 530//530 485//485
f 701//701 2130//2130 1761//1761
f 698//698 702//702 699//699
f 1263//1263 75//75 1489//1489
f 1263//1263 1262//1262 1767//1767
f 1489//1489 1490//1490 1263//1263
f 1924//1924 77//77 567//567
f 2094//2094 1162//1162 1256//1256
f 74//74 75//75 836//836
f 2131//2131 537//537 2132//2132
f 2131//2131 2133//2133 2020//2020
f 2133//2133 2134//2134 2057//2057
f 2131//2131 2020//2020 537//537
f 1680//1680 2135//2135 2136//2136
f 112//112 114//114 2137//2137
f 751//751 2138//2138 2139//2139
f 751//751 1175//1175 2138//2138
f 206//206 205//205 2140//2140
f 138//138 140//140 141//141
f 205//205 331//331 2141//2141
f 203//203 206//206 204//204
f 331//331 2071//2071 2141//2141
f 727//727 202//202 333//333
f 206//206 2140//2140 1534//1534
f 2141//2141 2071//2071 2142//2142
f 200//200 201//201 196//196
f 2141//2141 2142//2142 2140//2140
f 1071//1071 2143//2143 1010//1010
f 1069//1069 864//864 863//863
f 2144//2144 812//812 811//811
f 2144//2144 2145//2145 1564//1564
f 2146//2146 2147//2147 2148//2148
f 2146//2146 2149//2149 2027//2027
f 860//860 1981//1981 861//861
f 860//860 1151//1151 1564//1564
f 2149//2149 2145//2145 2150//2150
f 2149//2149 2151//2151 2101//2101
f 2145//2145 1981//1981 1564//1564
f 2149//2149 2150//2150 2027//2027
f 2144//2144 1564//1564 812//812
f 860//860 890//890 1151//1151
f 2152//2152 1930//1930 2153//2153
f 2152//2152 2154//2154 2155//2155
f 2154//2154 2156//2156 2155//2155
f 2154//2154 1016//1016 1361//1361
f 2157//2157 1221//1221 1979//1979
f 2157//2157 1994//1994 1221//1221
f 501//501 1830//1830 499//499
f 501//501 157//157 1195//1195
f 1830//1830 1831//1831 1932//1932
f 1829//1829 1195//1195 1197//1197
f 1831//1831 1830//1830 1829//1829
f 1830//1830 1932//1932 499//499
f 2158//2158 1932//1932 1831//1831
f 2158//2158 1304//1304 2159//2159
f 1931//1931 1933//1933 500//500
f 2158//2158 1197//1197 1304//1304
f 1989//1989 694//694 693//693
f 1989//1989 2160//2160 1990//1990
f 262//262 1478//1478 263//263
f 262//262 265//265 1478//1478
f 2161//2161 1843//1843 2162//2162
f 2161//2161 2163//2163 2164//2164
f 888//888 2165//2165 2166//2166
f 888//888 2107//2107 2104//2104
f 1108//1108 1334//1334 1107//1107
f 1108//1108 2167//2167 682//682
f 1107//1107 1106//1106 1105//1105
f 1107//1107 1334//1334 444//444
f 1333//1333 1335//1335 271//271
f 1108//1108 1101//1101 2167//2167
f 11//11 8//8 5//5
f 11//11 614//614 613//613
f 1049//1049 2168//2168 375//375
f 1049//1049 1173//1173 2168//2168
f 1923//1923 979//979 540//540
f 1923//1923 1922//1922 2169//2169
f 1921//1921 1923//1923 540//540
f 1923//1923 1015//1015 979//979
f 1681//1681 2170//2170 2171//2171
f 1681//1681 115//115 1359//1359
f 2148//2148 1237//1237 2172//2172
f 2146//2146 2151//2151 2149//2149
f 1237//1237 2173//2173 1235//1235
f 1237//1237 2148//2148 2147//2147
f 2174//2174 1936//1936 2175//2175
f 2174//2174 2176//2176 1937//1937
f 2174//2174 1937//1937 1936//1936
f 2176//2176 1191//1191 1193//1193
f 1945//1945 1949//1949 1946//1946
f 1948//1948 1180//1180 1179//1179
f 1895//1895 1894//1894 1156//1156
f 1895//1895 2177//2177 578//578
f 1894//1894 1293//1293 1156//1156
f 578//578 2177//2177 660//660
f 1819//1819 1821//1821 1430//1430
f 1820//1820 1818//1818 226//226
f 1288//1288 2063//2063 319//319
f 358//358 1287//1287 402//402
f 1076//1076 1077//1077 714//714
f 1075//1075 471//471 470//470
f 465//465 469//469 2178//2178
f 464//464 463//463 467//467
f 463//463 468//468 466//466
f 465//465 2178//2178 468//468
f 2012//2012 2179//2179 770//770
f 2012//2012 611//611 768//768
f 767//767 2012//2012 768//768
f 2012//2012 789//789 2011//2011
f 1306//1306 2159//2159 1304//1304
f 1842//1842 1843//1843 2180//2180
f 2181//2181 1755//1755 1283//1283
f 2181//2181 1753//1753 893//893
f 1520//1520 1518//1518 1540//1540
f 1512//1512 1516//1516 2182//2182
f 1539//1539 1540//1540 1862//1862
f 1518//1518 1517//1517 2183//2183
f 1046//1046 1045//1045 221//221
f 1046//1046 256//256 252//252
f 1611//1611 1939//1939 1609//1609
f 1611//1611 1610//1610 1245//1245
f 2184//2184 2185//2185 2186//2186
f 2184//2184 1583//1583 2185//2185
f 1875//1875 1590//1590 1589//1589
f 1875//1875 1853//1853 1590//1590
f 1875//1875 1589//1589 1736//1736
f 1588//1588 1574//1574 1573//1573
f 1952//1952 1765//1765 1297//1297
f 585//585 581//581 580//580
f 1952//1952 1297//1297 1296//1296
f 1764//1764 527//527 526//526
f 1297//1297 526//526 2187//2187
f 1692//1692 1691//1691 1689//1689
f 1296//1296 1293//1293 1919//1919
f 1295//1295 2187//2187 1298//1298
f 1951//1951 1638//1638 691//691
f 159//159 330//330 160//160
f 571//571 1639//1639 569//569
f 1638//1638 161//161 1639//1639
f 1930//1930 1929//1929 62//62
f 2152//2152 2153//2153 1014//1014
f 656//656 1543//1543 2085//2085
f 655//655 1172//1172 658//658
f 851//851 850//850 2070//2070
f 851//851 848//848 847//847
f 325//325 265//265 264//264
f 327//327 2070//2070 1634//1634
f 326//326 453//453 2188//2188
f 328//328 325//325 264//264
f 928//928 664//664 1853//1853
f 664//664 931//931 667//667
f 722//722 724//724 2189//2189
f 723//723 2045//2045 1185//1185
f 2190//2190 2003//2003 1869//1869
f 2190//2190 362//362 361//361
f 1390//1390 140//140 1533//1533
f 1391//1391 2002//2002 141//141
f 1007//1007 1006//1006 1858//1858
f 1003//1003 365//365 1006//1006
f 30//30 29//29 2177//2177
f 26//26 31//31 2123//2123
f 30//30 2177//2177 1895//1895
f 29//29 28//28 2191//2191
f 489//489 1687//1687 1686//1686
f 488//488 344//344 1687//1687
f 735//735 1204//1204 733//733
f 1200//1200 734//734 1202//1202
f 2192//2192 1850//1850 1329//1329
f 2192//2192 2193//2193 1839//1839
f 1330//1330 1850//1850 2194//2194
f 1330//1330 1329//1329 1850//1850
f 2192//2192 1329//1329 2195//2195
f 1326//1326 1332//1332 1328//1328
f 219//219 2015//2015 220//220
f 219//219 2196//2196 2197//2197
f 2198//2198 2194//2194 1841//1841
f 2198//2198 1092//1092 1090//1090
f 2198//2198 1840//1840 1092//1092
f 2198//2198 1841//1841 1840//1840
f 173//173 183//183 178//178
f 174//174 1706//1706 906//906
f 1421//1421 1357//1357 128//128
f 1422//1422 2175//2175 1934//1934
f 2199//2199 170//170 169//169
f 2199//2199 2200//2200 2201//2201
f 2199//2199 169//169 2202//2202
f 170//170 1155//1155 168//168
f 170//170 1636//1636 31//31
f 2201//2201 2200//2200 2203//2203
f 2201//2201 2203//2203 149//149
f 1062//1062 2202//2202 1065//1065
f 1767//1767 1191//1191 2204//2204
f 1262//1262 1192//1192 1191//1191
f 627//627 626//626 1531//1531
f 625//625 2205//2205 2206//2206
f 1916//1916 2207//2207 1142//1142
f 1916//1916 844//844 2207//2207
f 312//312 1450//1450 313//313
f 312//312 311//311 951//951
f 1890//1890 1891//1891 2208//2208
f 1449//1449 1448//1448 1321//1321
f 1898//1898 2209//2209 156//156
f 1898//1898 937//937 1896//1896
f 43//43 1246//1246 2210//2210
f 42//42 41//41 809//809
f 532//532 531//531 1504//1504
f 532//532 529//529 528//528
f 1183//1183 1182//1182 2211//2211
f 85//85 1183//1183 78//78
f 1182//1182 1185//1185 2047//2047
f 85//85 80//80 1184//1184
f 134//134 1673//1673 135//135
f 134//134 137//137 496//496
f 1938//1938 1337//1337 663//663
f 1938//1938 786//786 1336//1336
f 1336//1336 1337//1337 1938//1938
f 661//661 660//660 663//663
f 785//785 786//786 1398//1398
f 663//663 662//662 19//19
f 966//966 152//152 1854//1854
f 966//966 968//968 152//152
f 968//968 1535//1535 2122//2122
f 968//968 965//965 1535//1535
f 575//575 2212//2212 1487//1487
f 575//575 1963//1963 2213//2213
f 573//573 1487//1487 576//576
f 2212//2212 2213//2213 2214//2214
f 1267//1267 1880//1880 1270//1270
f 1268//1268 1385//1385 2215//2215
f 1851//1851 2216//2216 2217//2217
f 1851//1851 1839//1839 2216//2216
f 2218//2218 1280//1280 1282//1282
f 2218//2218 1405//1405 308//308
f 2120//2120 2119//2119 2219//2219
f 2120//2120 2220//2220 2221//2221
f 2222//2222 1408//1408 1371//1371
f 2222//2222 654//654 2223//2223
f 722//722 56//56 2224//2224
f 2189//2189 2225//2225 56//56
f 1428//1428 1053//1053 268//268
f 1431//1431 2226//2226 269//269
f 2227//2227 954//954 797//797
f 954//954 2228//2228 1488//1488
f 638//638 640//640 796//796
f 1017//1017 1018//1018 2229//2229
f 2230//2230 2231//2231 2232//2232
f 2230//2230 2233//2233 2234//2234
f 2195//2195 2193//2193 2192//2192
f 2195//2195 225//225 224//224
f 2235//2235 1413//1413 467//467
f 2235//2235 1414//1414 1413//1413
f 289//289 2236//2236 292//292
f 289//289 752//752 2184//2184
f 613//613 2237//2237 8//8
f 616//616 615//615 2238//2238
f 612//612 614//614 615//615
f 613//613 8//8 11//11
f 659//659 658//658 2239//2239
f 655//655 1543//1543 656//656
f 658//658 1172//1172 1171//1171
f 655//655 659//659 1543//1543
f 1408//1408 1407//1407 1371//1371
f 1408//1408 2223//2223 496//496
f 713//713 657//657 714//714
f 717//717 1173//1173 657//657
f 1626//1626 1020//1020 2240//2240
f 1626//1626 2046//2046 2241//2241
f 1433//1433 2242//2242 1266//1266
f 1433//1433 1042//1042 1434//1434
f 1433//1433 1266//1266 1043//1043
f 2242//2242 23//23 284//284
f 984//984 1670//1670 1667//1667
f 1594//1594 242//242 1596//1596
f 2243//2243 1915//1915 1863//1863
f 2243//2243 1540//1540 2244//2244
f 2245//2245 853//853 1095//1095
f 2245//2245 909//909 853//853
f 2104//2104 2165//2165 888//888
f 2108//2108 1999//1999 2246//2246
f 1734//1734 1589//1589 2247//2247
f 1733//1733 2110//2110 1676//1676
f 2248//2248 602//602 379//379
f 2248//2248 600//600 598//598
f 664//664 666//666 1853//1853
f 665//665 667//667 2249//2249
f 2206//2206 146//146 143//143
f 2206//2206 1771//1771 146//146
f 1217//1217 1222//1222 1218//1218
f 1221//1221 1994//1994 1991//1991
f 1979//1979 947//947 894//894
f 2157//2157 2025//2025 2250//2250
f 1979//1979 421//421 2025//2025
f 946//946 72//72 68//68
f 2001//2001 848//848 1648//1648
f 2000//2000 1192//1192 1261//1261
f 1018//1018 2251//2251 2229//2229
f 1018//1018 641//641 2252//2252
f 2183//2183 1528//1528 2253//2253
f 2183//2183 1519//1519 1528//1528
f 1041//1041 1749//1749 2254//2254
f 1373//1373 1372//1372 1749//1749
f 2184//2184 2186//2186 2236//2236
f 2185//2185 1878//1878 2255//2255
f 2184//2184 2236//2236 289//289
f 2186//2186 1372//1372 292//292
f 289//289 292//292 287//287
f 2186//2186 1749//1749 1372//1372
f 2256//2256 1039//1039 1825//1825
f 2256//2256 2257//2257 1040//1040
f 1036//1036 2254//2254 1039//1039
f 2255//2255 2254//2254 2185//2185
f 1037//1037 1040//1040 2258//2258
f 1039//1039 1826//1826 1825//1825
f 1373//1373 1038//1038 1371//1371
f 1039//1039 2255//2255 1826//1826
f 475//475 783//783 2259//2259
f 472//472 476//476 473//473
f 282//282 286//286 283//283
f 285//285 2124//2124 286//286
f 2260//2260 1244//1244 1657//1657
f 2260//2260 2261//2261 764//764
f 701//701 2262//2262 702//702
f 701//701 1761//1761 1760//1760
f 2262//2262 1760//1760 2263//2263
f 2130//2130 1485//1485 1873//1873
f 941//941 940//940 1624//1624
f 941//941 281//281 939//939
f 2264//2264 2265//2265 2263//2263
f 2264//2264 1029//1029 2265//2265
f 2266//2266 745//745 744//744
f 2266//2266 2079//2079 2267//2267
f 2259//2259 783//783 2268//2268
f 475//475 2269//2269 476//476
f 2270//2270 114//114 2061//2061
f 2270//2270 1264//1264 2137//2137
f 1264//1264 1257//1257 2137//2137
f 1264//1264 1258//1258 1255//1255
f 2271//2271 1112//1112 2055//2055
f 2271//2271 1937//1937 1193//1193
f 305//305 301//301 300//300
f 2100//2100 346//346 302//302
f 300//300 302//302 299//299
f 2100//2100 1569//1569 349//349
f 2272//2272 2273//2273 921//921
f 2272//2272 920//920 2114//2114
f 2273//2273 2274//2274 1498//1498
f 2272//2272 921//921 920//920
f 1354//1354 2033//2033 1355//1355
f 2103//2103 1999//1999 2104//2104
f 2090//2090 1454//1454 2275//2275
f 56//56 722//722 2189//2189
f 1824//1824 1232//1232 1825//1825
f 1233//1233 1688//1688 1230//1230
f 1339//1339 1858//1858 1006//1006
f 1802//1802 1341//1341 1340//1340
f 1007//1007 1858//1858 1857//1857
f 318//318 1342//1342 321//321
f 2276//2276 1228//1228 1227//1227
f 2276//2276 1658//1658 297//297
f 2270//2270 2061//2061 1261//1261
f 114//114 1680//1680 2061//2061
f 2277//2277 2278//2278 1442//1442
f 2277//2277 19//19 662//662
f 560//560 1364//1364 2048//2048
f 559//559 561//561 557//557
f 1248//1248 711//711 990//990
f 1248//1248 1250//1250 1942//1942
f 2091//2091 1078//1078 2279//2279
f 545//545 471//471 548//548
f 1078//1078 549//549 2280//2280
f 2091//2091 2279//2279 738//738
f 1639//1639 1726//1726 569//569
f 1855//1855 161//161 1856//1856
f 569//569 1726//1726 1725//1725
f 1951//1951 691//691 2281//2281
f 570//570 569//569 572//572
f 1727//1727 1639//1639 1855//1855
f 790//790 1506//1506 721//721
f 790//790 789//789 1506//1506
f 967//967 1856//1856 1870//1870
f 967//967 1854//1854 1856//1856
f 1715//1715 2035//2035 2070//2070
f 1713//1713 1967//1967 2035//2035
f 1046//1046 221//221 256//256
f 1045//1045 2282//2282 221//221
f 2282//2282 1395//1395 1953//1953
f 2282//2282 1047//1047 1395//1395
f 2283//2283 2284//2284 2285//2285
f 2283//2283 1284//1284 353//353
f 22//22 374//374 1437//1437
f 22//22 21//21 375//375
f 2238//2238 188//188 616//616
f 2238//2238 1426//1426 188//188
f 243//243 245//245 915//915
f 244//244 144//144 878//878
f 988//988 1189//1189 1445//1445
f 1186//1186 992//992 1910//1910
f 2038//2038 1120//1120 468//468
f 2038//2038 511//511 1120//1120
f 1091//1091 468//468 1088//1088
f 2038//2038 2037//2037 511//511
f 1088//1088 468//468 2178//2178
f 1093//1093 1092//1092 1840//1840
f 2286//2286 2287//2287 215//215
f 2286//2286 1657//1657 2287//2287
f 1622//1622 1165//1165 1166//1166
f 1622//1622 1621//1621 2288//2288
f 1621//1621 2289//2289 2288//2288
f 1620//1620 1166//1166 45//45
f 1180//1180 2138//2138 1175//1175
f 1180//1180 1947//1947 2138//2138
f 518//518 514//514 519//519
f 1299//1299 520//520 1302//1302
f 1560//1560 1600//1600 624//624
f 1131//1131 1600//1600 1129//1129
f 1129//1129 1600//1600 1124//1124
f 1126//1126 1121//1121 1127//1127
f 2290//2290 2197//2197 772//772
f 2290//2290 2015//2015 2197//2197
f 1196//1196 1112//1112 1193//1193
f 1113//1113 1197//1197 1195//1195
f 1253//1253 1724//1724 1696//1696
f 1253//1253 1866//1866 1251//1251
f 1251//1251 1866//1866 1598//1598
f 1252//1252 1724//1724 1253//1253
f 1253//1253 1059//1059 1061//1061
f 997//997 999//999 2095//2095
f 1292//1292 1293//1293 1296//1296
f 1156//1156 1155//1155 1895//1895
f 778//778 1351//1351 2291//2291
f 778//778 781//781 2292//2292
f 24//24 21//21 20//20
f 24//24 1435//1435 1457//1457
f 744//744 1118//1118 1117//1117
f 1118//1118 746//746 1409//1409
f 61//61 1308//1308 59//59
f 1307//1307 2293//2293 800//800
f 61//61 60//60 1309//1309
f 1308//1308 981//981 978//978
f 2076//2076 836//836 75//75
f 833//833 1423//1423 2294//2294
f 482//482 485//485 2295//2295
f 486//486 481//481 868//868
f 815//815 1625//1625 1388//1388
f 818//818 820//820 1163//1163
f 818//818 1163//1163 1625//1625
f 1161//1161 1162//1162 37//37
f 820//820 818//818 817//817
f 1927//1927 37//37 36//36
f 17//17 14//14 13//13
f 17//17 715//715 2296//2296
f 1954//1954 1955//1955 218//218
f 250//250 254//254 2295//2295
f 1954//1954 220//220 1860//1860
f 1955//1955 256//256 218//218
f 2297//2297 2073//2073 913//913
f 2297//2297 2003//2003 2190//2190
f 435//435 1883//1883 1882//1882
f 435//435 434//434 2268//2268
f 943//943 586//586 944//944
f 830//830 587//587 521//521
f 2053//2053 1717//1717 2054//2054
f 2053//2053 1169//1169 903//903
f 1906//1906 1908//1908 2298//2298
f 1905//1905 1907//1907 2299//2299
f 2300//2300 2298//2298 2167//2167
f 1906//1906 1101//1101 1907//1907
f 2300//2300 2167//2167 1101//1101
f 2298//2298 1908//1908 2301//2301
f 1669//1669 1509//1509 1508//1508
f 1809//1809 1668//1668 1810//1810
f 1491//1491 1493//1493 2302//2302
f 1492//1492 1807//1807 1493//1493
f 748//748 2303//2303 749//749
f 748//748 2139//2139 347//347
f 1903//1903 2303//2303 1881//1881
f 1903//1903 1901//1901 749//749
f 1903//1903 1881//1881 1880//1880
f 747//747 749//749 750//750
f 1964//1964 1732//1732 2128//2128
f 1964//1964 1963//1963 1730//1730
f 2304//2304 2299//2299 1907//1907
f 2304//2304 508//508 2217//2217
f 273//273 2305//2305 2173//2173
f 274//274 1907//1907 1101//1101
f 273//273 275//275 2305//2305
f 1905//1905 2299//2299 2217//2217
f 2304//2304 1959//1959 508//508
f 2304//2304 1907//1907 1959//1959
f 244//244 247//247 144//144
f 245//245 916//916 915//915
f 243//243 915//915 918//918
f 916//916 879//879 2102//2102
f 387//387 1888//1888 383//383
f 387//387 2306//2306 2307//2307
f 1539//1539 1862//1862 1516//1516
f 2243//2243 2244//2244 1915//1915
f 1859//1859 1863//1863 1954//1954
f 1862//1862 1540//1540 1863//1863
f 1194//1194 157//157 156//156
f 1831//1831 1197//1197 2158//2158
f 157//157 154//154 153//153
f 501//501 1195//1195 1830//1830
f 2308//2308 2309//2309 1884//1884
f 2308//2308 530//530 529//529
f 1743//1743 726//726 2275//2275
f 1743//1743 2213//2213 1744//1744
f 1946//1946 1949//1949 191//191
f 1945//1945 1947//1947 1180//1180
f 2310//2310 1996//1996 2311//2311
f 2310//2310 2312//2312 1700//1700
f 1659//1659 414//414 1452//1452
f 1659//1659 2088//2088 2281//2281
f 414//414 1068//1068 1452//1452
f 412//412 690//690 413//413
f 2018//2018 1593//1593 259//259
f 2024//2024 2136//2136 260//260
f 257//257 2024//2024 260//260
f 2024//2024 2023//2023 2136//2136
f 1355//1355 382//382 379//379
f 1355//1355 2033//2033 1706//1706
f 2257//2257 2313//2313 649//649
f 2256//2256 1040//1040 1039//1039
f 1881//1881 350//350 349//349
f 1903//1903 1880//1880 1267//1267
f 2314//2314 2315//2315 2316//2316
f 2314//2314 1629//1629 2317//2317
f 2315//2315 2317//2317 771//771
f 2315//2315 792//792 2316//2316
f 2318//2318 329//329 2319//2319
f 2318//2318 2320//2320 329//329
f 1569//1569 1641//1641 1570//1570
f 1640//1640 2250//2250 425//425
f 1721//1721 2316//2316 396//396
f 1721//1721 597//597 345//345
f 603//603 605//605 1799//1799
f 1874//1874 1434//1434 1799//1799
f 2321//2321 2322//2322 1127//1127
f 2321//2321 2312//2312 2323//2323
f 1517//1517 1519//1519 2183//2183
f 1514//1514 972//972 1519//1519
f 1929//1929 1782//1782 62//62
f 1780//1780 204//204 1781//1781
f 1782//1782 461//461 1309//1309
f 1779//1779 1783//1783 1780//1780
f 604//604 985//985 1669//1669
f 603//603 1799//1799 1798//1798
f 871//871 2324//2324 1661//1661
f 869//869 813//813 870//870
f 1922//1922 2170//2170 2169//2169
f 2325//2325 1921//1921 260//260
f 2227//2227 797//797 1103//1103
f 953//953 956//956 1801//1801
f 794//794 1324//1324 793//793
f 1325//1325 1327//1327 1329//1329
f 594//594 395//395 595//595
f 1721//1721 345//345 880//880
f 1844//1844 2319//2319 2326//2326
f 1842//1842 1845//1845 1306//1306
f 1547//1547 855//855 2099//2099
f 905//905 445//445 183//183
f 97//97 93//93 92//92
f 97//97 402//402 2327//2327
f 1940//1940 95//95 2328//2328
f 93//93 1741//1741 96//96
f 1910//1910 1188//1188 1186//1186
f 1910//1910 372//372 1367//1367
f 2062//2062 2063//2063 1804//1804
f 324//324 322//322 321//321
f 1288//1288 319//319 409//409
f 1802//1802 1340//1340 320//320
f 957//957 961//961 958//958
f 960//960 2329//2329 2292//2292
f 1511//1511 2330//2330 971//971
f 1511//1511 1509//1509 1813//1813
f 1436//1436 1437//1437 1440//1440
f 32//32 27//27 2331//2331
f 1865//1865 1442//1442 2278//2278
f 1438//1438 1436//1436 1440//1440
f 1023//1023 1025//1025 1083//1083
f 454//454 456//456 457//457
f 1080//1080 1545//1545 1796//1796
f 1083//1083 1085//1085 1023//1023
f 1023//1023 1085//1085 456//456
f 1025//1025 1545//1545 1083//1083
f 1796//1796 1545//1545 1025//1025
f 1079//1079 1081//1081 1546//1546
f 212//212 216//216 208//208
f 1797//1797 1796//1796 1035//1035
f 1797//1797 1035//1035 2241//2241
f 1082//1082 1546//1546 1084//1084
f 390//390 389//389 2332//2332
f 390//390 2115//2115 388//388
f 2329//2329 1502//1502 2333//2333
f 960//960 2292//2292 961//961
f 88//88 1327//1327 794//794
f 88//88 225//225 1329//1329
f 793//793 1324//1324 1326//1326
f 1326//1326 1325//1325 1330//1330
f 2152//2152 1014//1014 1016//1016
f 2153//2153 976//976 1015//1015
f 1013//1013 1015//1015 2169//2169
f 1930//1930 2155//2155 1928//1928
f 2334//2334 1207//1207 2335//2335
f 2334//2334 1213//1213 1207//1207
f 1864//1864 283//283 728//728
f 284//284 1266//1266 2242//2242
f 299//299 302//302 2138//2138
f 298//298 295//295 1658//1658
f 862//862 864//864 2336//2336
f 863//863 866//866 1072//1072
f 1069//1069 1072//1072 1070//1070
f 866//866 868//868 1143//1143
f 1465//1465 1464//1464 439//439
f 1465//1465 859//859 889//889
f 439//439 1464//1464 403//403
f 439//439 441//441 890//890
f 857//857 890//890 860//860
f 439//439 403//403 440//440
f 438//438 440//440 2125//2125
f 403//403 402//402 1940//1940
f 438//438 2125//2125 1291//1291
f 1940//1940 402//402 97//97
f 831//831 945//945 517//517
f 944//944 2337//2337 945//945
f 1575//1575 2337//2337 562//562
f 1575//1575 2338//2338 945//945
f 2146//2146 2027//2027 2147//2147
f 2150//2150 2339//2339 681//681
f 2109//2109 873//873 2111//2111
f 1589//1589 1733//1733 1736//1736
f 824//824 828//828 1318//1318
f 824//824 249//249 827//827
f 1057//1057 1531//1531 635//635
f 1057//1057 1056//1056 1773//1773
f 1424//1424 1427//1427 232//232
f 1426//1426 615//615 2340//2340
f 2341//2341 2170//2170 1681//1681
f 2341//2341 1016//1016 1013//1013
f 1681//1681 2171//2171 1682//1682
f 1923//1923 2169//2169 1015//1015
f 1601//1601 1603//1603 1604//1604
f 1602//1602 1527//1527 2234//2234
f 721//721 791//791 790//790
f 934//934 593//593 394//394
f 874//874 2342//2342 2343//2343
f 874//874 873//873 1735//1735
f 874//874 2343//2343 879//879
f 2342//2342 1735//1735 2247//2247
f 1419//1419 2344//2344 2345//2345
f 1419//1419 1418//1418 132//132
f 2346//2346 2072//2072 983//983
f 2346//2346 1728//1728 1166//1166
f 2146//2146 2148//2148 2151//2151
f 2147//2147 2173//2173 1237//1237
f 144//144 247//247 145//145
f 244//244 878//878 245//245
f 148//148 2347//2347 151//151
f 965//965 967//967 1536//1536
f 995//995 1614//1614 2209//2209
f 994//994 996//996 2075//2075
f 1241//1241 1787//1787 807//807
f 1188//1188 1369//1369 1189//1189
f 792//792 397//397 396//396
f 792//792 2315//2315 2011//2011
f 792//792 396//396 2316//2316
f 393//393 788//788 394//394
f 1933//1933 2158//2158 2159//2159
f 1932//1932 1931//1931 499//499
f 1933//1933 2159//2159 2326//2326
f 1843//1843 1303//1303 2162//2162
f 2348//2348 703//703 775//775
f 2348//2348 2197//2197 1396//1396
f 2237//2237 9//9 8//8
f 186//186 185//185 189//189
f 995//995 994//994 1612//1612
f 2075//2075 2055//2055 1613//1613
f 1063//1063 2349//2349 1064//1064
f 1063//1063 1068//1068 414//414
f 132//132 2344//2344 1419//1419
f 132//132 2350//2350 1603//1603
f 1417//1417 2345//2345 2234//2234
f 2344//2344 132//132 1603//1603
f 2351//2351 2352//2352 2017//2017
f 2351//2351 1567//1567 1566//1566
f 1250//1250 1248//1248 1247//1247
f 1248//1248 1942//1942 708//708
f 1187//1187 987//987 992//992
f 1247//1247 989//989 2028//2028
f 1187//1187 992//992 1186//1186
f 991//991 829//829 992//992
f 2006//2006 1430//1430 2004//2004
f 2006//2006 2353//2353 1430//1430
f 2323//2323 2310//2310 1983//1983
f 2323//2323 2312//2312 2310//2310
f 40//40 1723//1723 1722//1722
f 39//39 38//38 42//42
f 1559//1559 918//918 915//915
f 1559//1559 1558//1558 918//918
f 808//808 1719//1719 1718//1718
f 1719//1719 1791//1791 1157//1157
f 1791//1791 171//171 1157//1157
f 1791//1791 41//41 1001//1001
f 315//315 2327//2327 402//402
f 315//315 317//317 1739//1739
f 316//316 402//402 1287//1287
f 314//314 1286//1286 317//317
f 191//191 193//193 1946//1946
f 190//190 192//192 194//194
f 1205//1205 1204//1204 1201//1201
f 1205//1205 2354//2354 1679//1679
f 718//718 791//791 721//721
f 788//788 1720//1720 394//394
f 2176//2176 1193//1193 1937//1937
f 1190//1190 1192//1192 2001//2001
f 2216//2216 2355//2355 1908//1908
f 2216//2216 1839//1839 2355//2355
f 330//330 2281//2281 2088//2088
f 1951//1951 161//161 1638//1638
f 459//459 461//461 1538//1538
f 460//460 110//110 109//109
f 460//460 109//109 1309//1309
f 110//110 2354//2354 111//111
f 2148//2148 2252//2252 2151//2151
f 2172//2172 2251//2251 2252//2252
f 1235//1235 2173//2173 2305//2305
f 1236//1236 2172//2172 1237//1237
f 113//113 1682//1682 2135//2135
f 1682//1682 2171//2171 2356//2356
f 113//113 2135//2135 1680//1680
f 1680//1680 2136//2136 2061//2061
f 551//551 668//668 552//552
f 669//669 711//711 671//671
f 1289//1289 1136//1136 1472//1472
f 490//490 493//493 982//982
f 2150//2150 1957//1957 2027//2027
f 1958//1958 681//681 512//512
f 1956//1956 1958//1958 504//504
f 1958//1958 1957//1957 2150//2150
f 1954//1954 1863//1863 255//255
f 1861//1861 2357//2357 1516//1516
f 2358//2358 2359//2359 1751//1751
f 2358//2358 1181//1181 1176//1176
f 1751//1751 2359//2359 1961//1961
f 1751//1751 192//192 2360//2360
f 1751//1751 1961//1961 2361//2361
f 2359//2359 2358//2358 1176//1176
f 930//930 2116//2116 931//931
f 1675//1675 1678//1678 1676//1676
f 1455//1455 1484//1484 1456//1456
f 58//58 53//53 51//51
f 644//644 1456//1456 2214//2214
f 1483//1483 1485//1485 700//700
f 201//201 202//202 331//331
f 1392//1392 1532//1532 1393//1393
f 360//360 1872//1872 101//101
f 359//359 2074//2074 361//361
f 1871//1871 1586//1586 1872//1872
f 1871//1871 1856//1856 161//161
f 1870//1870 1872//1872 362//362
f 190//190 2089//2089 193//193
f 1868//1868 362//362 2190//2190
f 360//360 101//101 98//98
f 2191//2191 2278//2278 2277//2277
f 2191//2191 2177//2177 29//29
f 1165//1165 2362//2362 1145//1145
f 1622//1622 1166//1166 1620//1620
f 1165//1165 1145//1145 1148//1148
f 2362//2362 2363//2363 2335//2335
f 927//927 1430//1430 1821//1821
f 2004//2004 1887//1887 1823//1823
f 2364//2364 2002//2002 913//913
f 2364//2364 141//141 2002//2002
f 2365//2365 1090//1090 1893//1893
f 2194//2194 1332//1332 1330//1330
f 2366//2366 2031//2031 525//525
f 2030//2030 1943//1943 1249//1249
f 2031//2031 1312//1312 2367//2367
f 2031//2031 1315//1315 1312//1312
f 2031//2031 2367//2367 525//525
f 1314//1314 805//805 1718//1718
f 912//912 2107//2107 887//887
f 907//907 909//909 1443//1443
f 1795//1795 1794//1794 2007//2007
f 1795//1795 1664//1664 1666//1666
f 2368//2368 118//118 136//136
f 2368//2368 135//135 1231//1231
f 1071//1071 1070//1070 2143//2143
f 862//862 2369//2369 865//865
f 864//864 1976//1976 2336//2336
f 1070//1070 1074//1074 2143//2143
f 840//840 2127//2127 742//742
f 838//838 726//726 1742//1742
f 979//979 1279//1279 1394//1394
f 979//979 1015//1015 976//976
f 1008//1008 1012//1012 1009//1009
f 1138//1138 1142//1142 130//130
f 1012//1012 130//130 129//129
f 1137//1137 1011//1011 1139//1139
f 707//707 712//712 671//671
f 710//710 124//124 313//313
f 210//210 2317//2317 211//211
f 2315//2315 1523//1523 2011//2011
f 811//811 813//813 871//871
f 811//811 2339//2339 2144//2144
f 2370//2370 1405//1405 2218//2218
f 2370//2370 1406//1406 1405//1405
f 1136//1136 1290//1290 1686//1686
f 1473//1473 1472//1472 1474//1474
f 1132//1132 1686//1686 1133//1133
f 1290//1290 492//492 490//490
f 2371//2371 352//352 354//354
f 2371//2371 961//961 2372//2372
f 1653//1653 1567//1567 3//3
f 1653//1653 1568//1568 1567//1567
f 1031//1031 2373//2373 479//479
f 1030//1030 734//734 1032//1032
f 1622//1622 2288//2288 1165//1165
f 2289//2289 2374//2374 2288//2288
f 867//867 486//486 868//868
f 870//870 813//813 1503//1503
f 866//866 1074//1074 1072//1072
f 484//484 486//486 870//870
f 866//866 1143//1143 1074//1074
f 484//484 531//531 528//528
f 2258//2258 1038//1038 1037//1037
f 2258//2258 1371//1371 1038//1038
f 1878//1878 1583//1583 1582//1582
f 2186//2186 2185//2185 1749//1749
f 1772//1772 1770//1770 1769//1769
f 1770//1770 1773//1773 1056//1056
f 1174//1174 1179//1179 1177//1177
f 1178//1178 2360//2360 1949//1949
f 1071//1071 1010//1010 1073//1073
f 2143//2143 1074//1074 1141//1141
f 2336//2336 2375//2375 2369//2369
f 2336//2336 1608//1608 1605//1605
f 836//836 835//835 76//76
f 836//836 2076//2076 833//833
f 835//835 1752//1752 568//568
f 835//835 832//832 1752//1752
f 2039//2039 380//380 377//377
f 2039//2039 2376//2376 381//381
f 1630//1630 1479//1479 1633//1633
f 1632//1632 2034//2034 2377//2377
f 1200//1200 1203//1203 1201//1201
f 1202//1202 2293//2293 108//108
f 821//821 828//828 829//829
f 821//821 553//553 1318//1318
f 821//821 829//829 672//672
f 822//822 826//826 823//823
f 2233//2233 2378//2378 2330//2330
f 2233//2233 2379//2379 2234//2234
f 2233//2233 2330//2330 2380//2380
f 2378//2378 2381//2381 2382//2382
f 1030//1030 2373//2373 1031//1031
f 1032//1032 731//731 2383//2383
f 723//723 1185//1185 724//724
f 2044//2044 2046//2046 1626//1626
f 479//479 478//478 1382//1382
f 477//477 1889//1889 480//480
f 752//752 755//755 2184//2184
f 754//754 1474//1474 755//755
f 754//754 753//753 1729//1729
f 755//755 1583//1583 2184//2184
f 2384//2384 2385//2385 2386//2386
f 2384//2384 2218//2218 1282//1282
f 1280//1280 308//308 1056//1056
f 2218//2218 2384//2384 2386//2386
f 1737//1737 568//568 1597//1597
f 1737//1737 1617//1617 2387//2387
f 2080//2080 2079//2079 1117//1117
f 2077//2077 45//45 47//47
f 1644//1644 1493//1493 956//956
f 2302//2302 1646//1646 1857//1857
f 1493//1493 1807//1807 1801//1801
f 1491//1491 2302//2302 1494//1494
f 1354//1354 379//379 602//602
f 382//382 405//405 323//323
f 2188//2188 1305//1305 2388//2388
f 2188//2188 2163//2163 2162//2162
f 2389//2389 1158//1158 685//685
f 2389//2389 1160//1160 1158//1158
f 278//278 281//281 941//941
f 685//685 684//684 2389//2389
f 118//118 2390//2390 116//116
f 2368//2368 136//136 133//133
f 2284//2284 352//352 2372//2372
f 2283//2283 2285//2285 1284//1284
f 351//351 353//353 1978//1978
f 2284//2284 780//780 2285//2285
f 1626//1626 2240//2240 2047//2047
f 1020//1020 2391//2391 2240//2240
f 1626//1626 2047//2047 2044//2044
f 2240//2240 2391//2391 2211//2211
f 2392//2392 2042//2042 2393//2393
f 2392//2392 1937//1937 2271//2271
f 2394//2394 2210//2210 1246//1246
f 2394//2394 2395//2395 1939//1939
f 1246//1246 807//807 1787//1787
f 43//43 2210//2210 1245//1245
f 1611//1611 2394//2394 1939//1939
f 2394//2394 1365//1365 167//167
f 928//928 1853//1853 1678//1678
f 666//666 2249//2249 2396//2396
f 2200//2200 1062//1062 1064//1064
f 1063//1063 1062//1062 1067//1067
f 2132//2132 1968//1968 2134//2134
f 2132//2132 539//539 543//543
f 2397//2397 1117//1117 1114//1114
f 2397//2397 2081//2081 2080//2080
f 2176//2176 2174//2174 2204//2204
f 1935//1935 2393//2393 2398//2398
f 314//314 316//316 1286//1286
f 315//315 402//402 316//316
f 155//155 154//154 500//500
f 155//155 1168//1168 936//936
f 1685//1685 2049//2049 1683//1683
f 925//925 2102//2102 2343//2343
f 2379//2379 2380//2380 1811//1811
f 2230//2230 2234//2234 2231//2231
f 151//151 2347//2347 968//968
f 147//147 2203//2203 150//150
f 2203//2203 572//572 150//150
f 2200//2200 2199//2199 2202//2202
f 1537//1537 138//138 142//142
f 1868//1868 1536//1536 1870//1870
f 142//142 1784//1784 1538//1538
f 141//141 140//140 1391//1391
f 494//494 496//496 137//137
f 496//496 495//495 1407//1407
f 2299//2299 2304//2304 2217//2217
f 1959//1959 2026//2026 1957//1957
f 1459//1459 21//21 24//24
f 1459//1459 1793//1793 21//21
f 1800//1800 1801//1801 357//357
f 954//954 795//795 797//797
f 1397//1397 1396//1396 2196//2196
f 1397//1397 1395//1395 704//704
f 1766//1766 1344//1344 122//122
f 1763//1763 527//527 1764//1764
f 1734//1734 1733//1733 1589//1589
f 1675//1675 2116//2116 930//930
f 2110//2110 1735//1735 873//873
f 1736//1736 2399//2399 1875//1875
f 1969//1969 1968//1968 543//543
f 1969//1969 2093//2093 1966//1966
f 1968//1968 566//566 2134//2134
f 1966//1966 2400//2400 1967//1967
f 2131//2131 2134//2134 2133//2133
f 1712//1712 1965//1965 1967//1967
f 1529//1529 2401//2401 1526//1526
f 2382//2382 2330//2330 2378//2378
f 328//328 2402//2402 329//329
f 328//328 264//264 2402//2402
f 563//563 2057//2057 566//566
f 2019//2019 2023//2023 2024//2024
f 935//935 156//156 938//938
f 2209//2209 1111//1111 156//156
f 1544//1544 1028//1028 1027//1027
f 1544//1544 83//83 1542//1542
f 83//83 1660//1660 84//84
f 1759//1759 1029//1029 2264//2264
f 1026//1026 1028//1028 1543//1543
f 1660//1660 49//49 2225//2225
f 271//271 443//443 1333//1333
f 266//266 268//268 1053//1053
f 1333//1333 444//444 1334//1334
f 442//442 272//272 1488//1488
f 2239//2239 2265//2265 1029//1029
f 2239//2239 776//776 2265//2265
f 2264//2264 2263//2263 1760//1760
f 2239//2239 2403//2403 773//773
f 1466//1466 1468//1468 1402//1402
f 1984//1984 1472//1472 1136//1136
f 7//7 10//10 5//5
f 1987//1987 1467//1467 1985//1985
f 1641//1641 425//425 1849//1849
f 349//349 1570//1570 1881//1881
f 645//645 1271//1271 647//647
f 1271//1271 1273//1273 647//647
f 321//321 1342//1342 2039//2039
f 410//410 408//408 1876//1876
f 410//410 1876//1876 1286//1286
f 407//407 404//404 324//324
f 515//515 519//519 516//516
f 513//513 1939//1939 2395//2395
f 2325//2325 2171//2171 2170//2170
f 2325//2325 260//260 2356//2356
f 273//273 2173//2173 276//276
f 2305//2305 275//275 1238//1238
f 1476//1476 1475//1475 1728//1728
f 1470//1470 493//493 1289//1289
f 453//453 2163//2163 2188//2188
f 453//453 452//452 2320//2320
f 327//327 2388//2388 2070//2070
f 2188//2188 2162//2162 1305//1305
f 9//9 2404//2404 544//544
f 187//187 9//9 2237//2237
f 2404//2404 1425//1425 544//544
f 2404//2404 187//187 588//588
f 619//619 1239//1239 434//434
f 618//618 620//620 705//705
f 619//619 434//434 433//433
f 1239//1239 476//476 2269//2269
f 1076//1076 714//714 2280//2280
f 1077//1077 2296//2296 715//715
f 1707//1707 2166//2166 1918//1918
f 1707//1707 885//885 2166//2166
f 951//951 4//4 1//1
f 951//951 1450//1450 312//312
f 108//108 111//111 1203//1203
f 107//107 109//109 110//110
f 108//108 1203//1203 1202//1202
f 111//111 108//108 107//107
f 916//916 2102//2102 917//917
f 879//879 2343//2343 2102//2102
f 1087//1087 1086//1086 1092//1092
f 1089//1089 467//467 1413//1413
f 2405//2405 2375//2375 1607//1607
f 2405//2405 1663//1663 2375//2375
f 498//498 500//500 154//154
f 1933//1933 1932//1932 2158//2158
f 501//501 154//154 157//157
f 500//500 2326//2326 155//155
f 1461//1461 1353//1353 1352//1352
f 1461//1461 1376//1376 1762//1762
f 70//70 1462//1462 66//66
f 1501//1501 1352//1352 1502//1502
f 2406//2406 2182//2182 1516//1516
f 2406//2406 2007//2007 1794//1794
f 1513//1513 2182//2182 1794//1794
f 1514//1514 973//973 972//972
f 2406//2406 1516//1516 2357//2357
f 2182//2182 1513//1513 1512//1512
f 91//91 2407//2407 94//94
f 96//96 1740//1740 2407//2407
f 1256//1256 1162//1162 820//820
f 1255//1255 1257//1257 1264//1264
f 105//105 1828//1828 1822//1822
f 103//103 1331//1331 1893//1893
f 88//88 949//949 86//86
f 1886//1886 1893//1893 1413//1413
f 2408//2408 2409//2409 2072//2072
f 2408//2408 1549//1549 883//883
f 1284//1284 2410//2410 1978//1978
f 1283//1283 424//424 427//427
f 1848//1848 424//424 1284//1284
f 1847//1847 1270//1270 1641//1641
f 415//415 1848//1848 1849//1849
f 418//418 415//415 1849//1849
f 517//517 667//667 520//520
f 517//517 945//945 2411//2411
f 517//517 2411//2411 2412//2412
f 944//944 586//586 1674//1674
f 2411//2411 2338//2338 2413//2413
f 943//943 945//945 831//831
f 574//574 1730//1730 575//575
f 1732//1732 2414//2414 2128//2128
f 1732//1732 1730//1730 436//436
f 1963//1963 2126//2126 2213//2213
f 1121//1121 1123//1123 1127//1127
f 1561//1561 2415//2415 1123//1123
f 2322//2322 2096//2096 1127//1127
f 2322//2322 1154//1154 2096//2096
f 1106//1106 444//444 442//442
f 1107//1107 1099//1099 1108//1108
f 2294//2294 1420//1420 2379//2379
f 2294//2294 1423//1423 1420//1420
f 2416//2416 2408//2408 883//883
f 2416//2416 2409//2409 2408//2408
f 576//576 620//620 617//617
f 700//700 705//705 620//620
f 306//306 308//308 1215//1215
f 1772//1772 1771//1771 2206//2206
f 2256//2256 1825//1825 2313//2313
f 1826//1826 1877//1877 1824//1824
f 1610//1610 1060//1060 1059//1059
f 1611//1611 1245//1245 2210//2210
f 1604//1604 1603//1603 2350//2350
f 1601//1601 846//846 1602//1602
f 1419//1419 2345//2345 1417//1417
f 2345//2345 1603//1603 1602//1602
f 1602//1602 846//846 845//845
f 1604//1604 2350//2350 1950//1950
f 478//478 1888//1888 1383//1383
f 383//383 914//914 386//386
f 914//914 383//383 385//385
f 387//387 386//386 1774//1774
f 2160//2160 696//696 1547//1547
f 1988//1988 1990//1990 2417//2417
f 1504//1504 1505//1505 2309//2309
f 1503//1503 531//531 870//870
f 582//582 584//584 580//580
f 764//764 2261//2261 765//765
f 900//900 899//899 2052//2052
f 896//896 898//898 1971//1971
f 926//926 923//923 2342//2342
f 926//926 1591//1591 924//924
f 81//81 2418//2418 2086//2086
f 79//79 82//82 1592//1592
f 2086//2086 2418//2418 2391//2391
f 1542//1542 457//457 2085//2085
f 2086//2086 2391//2391 458//458
f 78//78 1183//1183 81//81
f 852//852 856//856 853//853
f 692//692 696//696 693//693
f 2245//2245 1095//1095 1443//1443
f 1920//1920 855//855 1548//1548
f 1920//1920 856//856 855//855
f 2245//2245 1443//1443 909//909
f 2345//2345 1602//1602 2234//2234
f 846//846 843//843 842//842
f 1527//1527 2231//2231 2234//2234
f 1527//1527 845//845 1528//1528
f 2231//2231 1527//1527 1524//1524
f 1417//1417 2234//2234 1420//1420
f 277//277 687//687 280//280
f 1107//1107 444//444 1106//1106
f 2187//2187 526//526 525//525
f 1952//1952 1296//1296 581//581
f 523//523 527//527 524//524
f 2187//2187 2367//2367 1298//1298
f 2274//2274 2273//2273 2272//2272
f 2273//2273 1498//1498 366//366
f 2256//2256 2313//2313 2257//2257
f 1824//1824 1877//1877 1233//1233
f 392//392 389//389 388//388
f 2273//2273 366//366 365//365
f 252//252 2268//2268 784//784
f 252//252 251//251 1883//1883
f 1116//1116 2385//2385 1554//1554
f 1116//1116 2386//2386 2385//2385
f 1594//1594 1597//1597 1595//1595
f 568//568 76//76 835//835
f 568//568 1752//1752 1597//1597
f 2076//2076 75//75 1767//1767
f 2387//2387 1617//1617 1616//1616
f 2387//2387 568//568 1737//1737
f 567//567 1616//1616 1924//1924
f 241//241 632//632 242//242
f 1777//1777 386//386 914//914
f 1778//1778 2073//2073 100//100
f 478//478 1383//1383 1380//1380
f 1888//1888 384//384 383//383
f 1888//1888 387//387 2307//2307
f 387//387 1776//1776 2419//2419
f 1553//1553 2352//2352 2374//2374
f 1551//1551 1554//1554 1552//1552
f 1356//1356 602//602 599//599
f 1355//1355 1706//1706 382//382
f 1354//1354 1356//1356 2033//2033
f 2103//2103 1356//1356 2067//2067
f 105//105 1887//1887 1885//1885
f 1823//1823 2005//2005 2004//2004
f 1369//1369 1188//1188 1367//1367
f 1189//1189 1580//1580 1445//1445
f 1946//1946 193//193 2088//2088
f 1949//1949 1179//1179 1178//1178
f 191//191 2360//2360 192//192
f 1946//1946 2088//2088 1659//1659
f 1403//1403 1215//1215 1405//1405
f 497//497 494//494 1216//1216
f 963//963 964//964 2383//2383
f 962//962 733//733 1679//1679
f 168//168 172//172 169//169
f 997//997 1001//1001 998//998
f 1440//1440 1437//1437 376//376
f 1865//1865 2278//2278 2191//2191
f 2277//2277 16//16 19//19
f 32//32 28//28 25//25
f 1381//1381 1385//1385 1382//1382
f 1384//1384 1383//1383 2307//2307
f 1384//1384 2307//2307 2215//2215
f 480//480 1889//1889 2082//2082
f 363//363 365//365 366//366
f 364//364 2376//2376 1342//1342
f 121//121 524//524 1766//1766
f 1199//1199 708//708 1944//1944
f 1891//1891 1323//1323 1316//1316
f 1891//1891 1890//1890 1449//1449
f 1891//1891 1319//1319 2208//2208
f 1891//1891 1316//1316 1319//1319
f 1890//1890 2208//2208 712//712
f 1319//1319 1318//1318 553//553
f 298//298 300//300 299//299
f 303//303 1278//1278 305//305
f 2249//2249 667//667 2412//2412
f 2249//2249 666//666 665//665
f 1978//1978 2410//2410 1285//1285
f 1978//1978 354//354 351//351
f 2114//2114 920//920 922//922
f 2114//2114 2332//2332 2274//2274
f 1358//1358 1257//1257 1832//1832
f 1360//1360 115//115 112//112
f 728//728 283//283 2142//2142
f 284//284 451//451 1266//1266
f 1411//1411 1546//1546 737//737
f 1347//1347 738//738 2279//2279
f 884//884 2166//2166 885//885
f 887//887 2107//2107 888//888
f 2165//2165 2246//2246 1918//1918
f 2108//2108 2165//2165 2104//2104
f 1709//1709 1918//1918 1500//1500
f 887//887 1708//1708 2106//2106
f 483//483 1143//1143 481//481
f 1138//1138 130//130 1012//1012
f 55//55 2224//2224 56//56
f 1455//1455 58//58 1484//1484
f 428//428 430//430 431//431
f 429//429 310//310 1496//1496
f 1573//1573 1846//1846 1591//1591
f 1576//1576 1571//1571 562//562
f 27//27 2124//2124 2331//2331
f 30//30 26//26 25//25
f 1949//1949 2360//2360 191//191
f 750//750 1175//1175 751//751
f 1553//1553 2374//2374 2420//2420
f 2352//2352 1213//1213 2334//2334
f 1474//1474 1472//1472 1986//1986
f 1473//1473 1475//1475 1471//1471
f 1362//1362 1364//1364 758//758
f 1790//1790 1557//1557 1747//1747
f 560//560 2048//2048 1684//1684
f 1785//1785 1913//1913 1453//1453
f 2127//2127 94//94 2407//2407
f 1744//1744 839//839 1742//1742
f 1756//1756 1348//1348 2280//2280
f 1816//1816 457//457 456//456
f 2216//2216 1908//1908 2217//2217
f 2355//2355 1160//1160 1908//1908
f 151//151 968//968 2122//2122
f 152//152 150//150 1854//1854
f 151//151 2122//2122 149//149
f 2121//2121 1534//1534 2124//2124
f 69//69 1219//1219 1378//1378
f 69//69 68//68 73//73
f 1217//1217 73//73 72//72
f 1218//1218 1222//1222 1993//1993
f 1217//1217 72//72 947//947
f 1219//1219 1701//1701 1378//1378
f 2156//2156 198//198 2155//2155
f 2156//2156 2421//2421 199//199
f 1319//1319 670//670 2208//2208
f 668//668 672//672 669//669
f 1025//1025 1023//1023 1022//1022
f 1085//1085 1083//1083 1082//1082
f 1025//1025 1024//1024 1034//1034
f 455//455 458//458 1020//1020
f 1054//1054 1281//1281 1055//1055
f 1550//1550 2017//2017 1553//1553
f 2287//2287 1657//1657 1244//1244
f 2286//2286 215//215 1568//1568
f 871//871 1662//1662 811//811
f 2324//2324 2375//2375 1663//1663
f 509//509 508//508 507//507
f 510//510 2217//2217 508//508
f 2280//2280 549//549 1076//1076
f 2280//2280 1348//1348 1078//1078
f 657//657 2422//2422 714//714
f 657//657 1173//1173 1172//1172
f 717//717 657//657 713//713
f 2280//2280 2087//2087 1756//1756
f 1751//1751 2361//2361 1750//1750
f 1961//1961 1776//1776 2361//2361
f 1524//1524 1526//1526 2232//2232
f 969//969 973//973 970//970
f 1616//1616 631//631 1926//1926
f 1615//1615 1617//1617 632//632
f 1595//1595 1752//1752 1670//1670
f 568//568 2387//2387 567//567
f 1592//1592 80//80 79//79
f 1184//1184 724//724 1185//1185
f 233//233 232//232 1427//1427
f 234//234 1688//1688 1585//1585
f 123//123 122//122 950//950
f 123//123 4//4 124//124
f 2//2 4//4 123//123
f 3//3 1567//1567 2016//2016
f 120//120 124//124 709//709
f 951//951 2016//2016 1450//1450
f 2419//2419 2306//2306 387//387
f 2419//2419 1902//1902 2215//2215
f 1064//1064 2349//2349 688//688
f 1062//1062 2200//2200 2202//2202
f 1359//1359 115//115 1360//1360
f 1682//1682 2356//2356 2135//2135
f 1922//1922 2325//2325 2170//2170
f 1360//1360 2137//2137 1257//1257
f 1621//1621 2081//2081 2289//2289
f 2080//2080 1117//1117 2397//2397
f 1305//1305 1648//1648 851//851
f 1648//1648 2423//2423 2001//2001
f 2061//2061 2136//2136 2023//2023
f 2270//2270 1261//1261 1264//1264
f 295//295 304//304 296//296
f 302//302 348//348 2138//2138
f 745//745 293//293 2424//2424
f 2266//2266 1117//1117 2079//2079
f 290//290 2267//2267 291//291
f 743//743 2424//2424 746//746
f 1627//1627 1629//1629 882//882
f 1628//1628 211//211 2317//2317
f 534//534 259//259 258//258
f 537//537 536//536 2132//2132
f 543//543 539//539 541//541
f 543//543 1968//1968 2132//2132
f 2131//2131 2132//2132 2134//2134
f 1966//1966 2093//2093 2400//2400
f 1598//1598 1130//1130 2425//2425
f 1600//1600 1867//1867 624//624
f 1997//1997 1225//1225 2311//2311
f 1997//1997 1705//1705 1658//1658
f 1094//1094 905//905 904//904
f 693//693 696//696 1989//1989
f 1097//1097 904//904 906//906
f 180//180 179//179 2069//2069
f 800//800 981//981 1307//1307
f 799//799 801//801 980//980
f 2041//2041 199//199 2421//2421
f 2041//2041 816//816 2040//2040
f 1864//1864 728//728 449//449
f 283//283 286//286 2142//2142
f 361//361 2297//2297 2190//2190
f 361//361 2074//2074 2073//2073
f 2002//2002 2003//2003 913//913
f 2190//2190 1869//1869 1868//1868
f 359//359 362//362 360//360
f 459//459 964//964 462//462
f 2152//2152 2155//2155 1930//1930
f 198//198 204//204 1928//1928
f 667//667 931//931 520//520
f 2249//2249 2412//2412 2396//2396
f 1684//1684 1577//1577 561//561
f 2050//2050 924//924 1846//1846
f 248//248 1789//1789 1453//1453
f 248//248 918//918 1558//1558
f 143//143 145//145 628//628
f 246//246 918//918 248//248
f 248//248 1558//1558 1789//1789
f 916//916 245//245 879//879
f 622//622 1867//1867 1599//1599
f 621//621 1061//1061 624//624
f 623//623 1866//1866 1253//1253
f 1131//1131 1599//1599 1867//1867
f 843//843 1950//1950 2207//2207
f 1602//1602 845//845 1527//1527
f 2254//2254 1036//1036 1041//1041
f 1040//1040 2013//2013 2426//2426
f 1901//1901 1904//1904 1176//1176
f 1899//1899 2427//2427 1269//1269
f 2195//2195 1329//1329 225//225
f 1850//1850 2192//2192 1838//1838
f 694//694 675//675 674//674
f 1989//1989 696//696 2160//2160
f 1661//1661 1662//1662 871//871
f 677//677 679//679 506//506
f 513//513 2395//2395 167//167
f 2394//2394 1611//1611 2210//2210
f 2425//2425 1254//1254 1251//1251
f 2425//2425 1130//1130 2096//2096
f 57//57 1761//1761 1873//1873
f 49//49 1660//1660 50//50
f 701//701 1760//1760 2262//2262
f 49//49 54//54 2225//2225
f 2201//2201 170//170 2199//2199
f 1155//1155 31//31 1895//1895
f 1890//1890 712//712 1446//1446
f 2208//2208 670//670 671//671
f 2183//2183 2253//2253 1915//1915
f 2230//2230 2232//2232 2381//2381
f 2183//2183 2244//2244 1518//1518
f 2253//2253 845//845 842//842
f 915//915 917//917 1559//1559
f 2049//2049 925//925 2050//2050
f 2028//2028 989//989 986//986
f 1250//1250 1943//1943 1942//1942
f 2428//2428 2353//2353 2006//2006
f 2428//2428 2226//2226 1431//1431
f 2263//2263 776//776 702//702
f 2264//2264 1760//1760 1759//1759
f 287//287 292//292 290//290
f 755//755 1584//1584 1583//1583
f 2185//2185 1583//1583 1878//1878
f 288//288 294//294 756//756
f 643//643 2224//2224 55//55
f 2090//2090 2275//2275 726//726
f 2275//2275 2214//2214 2213//2213
f 722//722 726//726 723//723
f 511//511 2037//2037 510//510
f 511//511 680//680 1120//1120
f 509//509 511//511 510//510
f 1091//1091 2038//2038 468//468
f 649//649 1909//1909 2257//2257
f 653//653 1673//1673 654//654
f 2292//2292 1351//1351 778//778
f 2292//2292 2333//2333 1351//1351
f 2295//2295 254//254 1914//1914
f 2295//2295 485//485 251//251
f 530//530 1884//1884 251//251
f 2308//2308 2429//2429 2309//2309
f 153//153 155//155 938//938
f 155//155 2326//2326 1168//1168
f 854//854 1708//1708 2099//2099
f 854//854 909//909 2106//2106
f 907//907 1443//1443 910//910
f 855//855 854//854 2099//2099
f 2330//2330 1812//1812 2380//2380
f 1511//1511 971//971 1510//1510
f 296//296 1068//1068 1067//1067
f 304//304 299//299 1947//1947
f 2349//2349 414//414 411//411
f 1659//1659 304//304 1947//1947
f 1063//1063 414//414 2349//2349
f 690//690 2281//2281 691//691
f 1659//1659 2281//2281 690//690
f 2088//2088 2089//2089 1587//1587
f 1948//1948 1945//1945 1180//1180
f 413//413 691//691 688//688
f 1610//1610 1723//1723 40//40
f 623//623 1061//1061 621//621
f 1058//1058 1060//1060 1302//1302
f 40//40 1001//1001 41//41
f 629//629 1926//1926 631//631
f 630//630 1481//1481 1926//1926
f 632//632 631//631 1615//1615
f 1926//1926 1925//1925 1924//1924
f 238//238 630//630 241//241
f 1480//1480 1043//1043 1265//1265
f 74//74 77//77 35//35
f 1926//1926 1836//1836 1925//1925
f 2414//2414 2430//2430 1151//1151
f 2414//2414 1731//1731 1882//1882
f 925//925 2343//2343 923//923
f 879//879 245//245 877//877
f 393//393 397//397 788//788
f 2314//2314 2316//2316 882//882
f 2413//2413 1575//1575 1852//1852
f 2413//2413 2338//2338 1575//1575
f 1998//1998 1500//1500 1918//1918
f 1497//1497 366//366 1498//1498
f 1811//1811 2294//2294 2379//2379
f 2294//2294 834//834 833//833
f 936//936 938//938 155//155
f 935//935 937//937 1898//1898
f 1184//1184 80//80 1592//1592
f 1182//1182 2047//2047 2211//2211
f 1592//1592 84//84 2189//2189
f 2418//2418 2211//2211 2391//2391
f 1789//1789 1558//1558 1555//1555
f 248//248 370//370 249//249
f 873//873 876//876 2111//2111
f 874//874 1735//1735 2342//2342
f 876//876 310//310 429//429
f 875//875 878//878 146//146
f 167//167 2395//2395 2394//2394
f 167//167 1562//1562 163//163
f 2097//2097 2066//2066 1134//1134
f 2064//2064 592//592 614//614
f 131//131 1950//1950 2350//2350
f 127//127 130//130 2207//2207
f 1843//1843 2164//2164 2318//2318
f 2161//2161 2162//2162 2163//2163
f 229//229 1424//1424 232//232
f 589//589 186//186 1426//1426
f 1425//1425 1424//1424 544//544
f 1427//1427 2340//2340 233//233
f 2392//2392 2393//2393 1935//1935
f 1975//1975 1973//1973 1972//1972
f 1631//1631 1630//1630 1634//1634
f 1479//1479 1693//1693 1477//1477
f 2313//2313 1232//1232 1234//1234
f 1826//1826 2255//2255 1878//1878
f 649//649 2313//2313 650//650
f 2257//2257 2013//2013 1040//1040
f 2431//2431 1238//1238 275//275
f 2431//2431 2229//2229 2251//2251
f 2034//2034 1711//1711 2400//2400
f 2034//2034 1632//1632 1631//1631
f 1572//1572 1846//1846 1573//1573
f 1684//1684 561//561 560//560
f 557//557 561//561 1577//1577
f 559//559 758//758 1364//1364
f 757//757 562//562 2337//2337
f 1747//1747 2048//2048 1790//1790
f 2167//2167 684//684 682//682
f 1906//1906 2300//2300 1101//1101
f 2095//2095 999//999 1254//1254
f 1002//1002 172//172 171//171
f 2319//2319 329//329 2402//2402
f 1844//1844 2326//2326 1845//1845
f 717//717 716//716 376//376
f 548//548 1076//1076 549//549
f 713//713 715//715 1441//1441
f 1078//1078 1348//1348 2279//2279
f 1526//1526 2401//2401 2232//2232
f 2401//2401 1529//1529 2382//2382
f 2417//2417 769//769 676//676
f 1990//1990 2099//2099 769//769
f 797//797 796//796 640//640
f 952//952 954//954 1488//1488
f 1578//1578 1580//1580 1189//1189
f 1579//1579 1445//1445 1580//1580
f 1704//1704 1994//1994 2250//2250
f 1992//1992 1705//1705 1997//1997
f 1782//1782 60//60 62//62
f 459//459 1784//1784 2364//2364
f 1930//1930 62//62 976//976
f 1307//1307 109//109 108//108
f 673//673 675//675 1988//1988
f 674//674 1522//1522 1521//1521
f 692//692 697//697 445//445
f 674//674 676//676 768//768
f 118//118 117//117 2340//2340
f 1231//1231 118//118 2368//2368
f 1244//1244 1243//1243 1399//1399
f 2260//2260 1657//1657 1654//1654
f 2430//2430 1565//1565 1563//1563
f 2430//2430 1884//1884 2309//2309
f 1563//1563 1564//1564 2430//2430
f 2144//2144 2339//2339 2150//2150
f 2309//2309 2429//2429 1504//1504
f 2308//2308 1884//1884 530//530
f 812//812 1565//1565 1505//1505
f 861//861 1982//1982 356//356
f 810//810 1505//1505 813//813
f 2414//2414 1151//1151 1149//1149
f 1934//1934 2175//2175 1935//1935
f 1357//1357 129//129 128//128
f 2042//2042 2392//2392 2055//2055
f 2393//2393 2432//2432 2398//2398
f 1935//1935 1937//1937 2392//2392
f 2175//2175 1422//1422 2204//2204
f 2271//2271 1193//1193 1112//1112
f 2176//2176 2204//2204 1191//1191
f 2093//2093 2433//2433 2400//2400
f 2093//2093 1815//1815 2433//2433
f 1171//1171 1665//1665 773//773
f 1048//1048 1051//1051 1049//1049
f 1478//1478 1633//1633 1479//1479
f 261//261 263//263 264//264
f 1631//1631 1634//1634 1710//1710
f 1477//1477 1694//1694 263//263
f 1378//1378 71//71 69//69
f 64//64 71//71 65//65
f 2307//2307 2306//2306 2215//2215
f 479//479 1382//1382 1031//1031
f 882//882 1629//1629 2314//2314
f 882//882 881//881 1214//1214
f 609//609 2069//2069 179//179
f 2317//2317 1629//1629 1628//1628
f 882//882 2316//2316 880//880
f 771//771 2317//2317 210//210
f 2290//2290 2010//2010 2008//2008
f 2348//2348 1396//1396 703//703
f 699//699 1396//1396 704//704
f 2348//2348 775//775 2197//2197
f 703//703 702//702 776//776
f 1397//1397 2196//2196 1953//1953
f 1005//1005 1716//1716 1645//1645
f 1857//1857 1494//1494 2302//2302
f 223//223 225//225 87//87
f 224//224 942//942 2193//2193
f 153//153 938//938 156//156
f 1168//1168 2219//2219 2434//2434
f 2222//2222 1371//1371 2258//2258
f 1118//1118 2014//2014 1115//1115
f 336//336 450//450 334//334
f 814//814 816//816 817//817
f 2207//2207 1950//1950 127//127
f 1916//1916 1338//1338 1914//1914
f 842//842 844//844 2253//2253
f 2207//2207 130//130 1142//1142
f 1766//1766 524//524 527//527
f 121//121 120//120 709//709
f 815//815 1388//1388 1387//1387
f 1927//1927 1163//1163 37//37
f 1161//1161 37//37 1163//1163
f 1263//1263 1259//1259 1260//1260
f 1256//1256 819//819 1832//1832
f 1924//1924 36//36 77//77
f 2116//2116 431//431 931//931
f 432//432 2111//2111 429//429
f 688//688 2435//2435 1064//1064
f 688//688 691//691 570//570
f 90//90 1821//1821 1820//1820
f 89//89 1885//1885 1887//1887
f 376//376 716//716 1440//1440
f 376//376 2168//2168 1173//1173
f 494//494 137//137 1216//1216
f 137//137 136//136 1216//1216
f 2082//2082 1033//1033 2383//2383
f 2082//2082 1889//1889 1033//1033
f 143//143 628//628 2206//2206
f 145//145 249//249 824//824
f 2365//2365 1893//1893 1331//1331
f 1089//1089 2178//2178 469//469
f 255//255 1863//1863 254//254
f 1860//1860 2015//2015 1861//1861
f 497//497 1215//1215 495//495
f 306//306 310//310 307//307
f 1837//1837 1841//1841 1838//1838
f 1840//1840 2037//2037 1093//1093
f 2193//2193 2195//2195 224//224
f 1328//1328 1332//1332 2365//2365
f 1850//1850 1841//1841 2194//2194
f 2193//2193 942//942 1159//1159
f 88//88 1329//1329 1327//1327
f 2365//2365 2194//2194 2198//2198
f 740//740 742//742 2127//2127
f 739//739 741//741 2046//2046
f 116//116 2390//2390 1231//1231
f 118//118 2340//2340 136//136
f 891//891 958//958 1980//1980
f 1461//1461 65//65 1379//1379
f 2416//2416 343//343 2084//2084
f 883//883 881//881 880//880
f 1846//1846 1577//1577 1683//1683
f 1577//1577 1576//1576 557//557
f 923//923 2343//2343 2342//2342
f 2102//2102 2129//2129 917//917
f 9//9 187//187 2404//2404
f 2238//2238 615//615 1426//1426
f 1981//1981 860//860 1564//1564
f 1464//1464 1463//1463 403//403
f 1313//1313 1315//1315 1445//1445
f 1312//1312 1311//1311 1314//1314
f 1240//1240 1579//1579 1578//1578
f 1310//1310 805//805 1311//1311
f 1487//1487 1486//1486 576//576
f 1483//1483 1456//1456 1484//1484
f 476//476 618//618 705//705
f 1239//1239 2269//2269 434//434
f 575//575 1487//1487 573//573
f 476//476 705//705 473//473
f 1361//1361 2421//2421 2156//2156
f 1359//1359 1016//1016 2341//2341
f 1717//1717 996//996 993//993
f 1717//1717 902//902 1973//1973
f 2075//2075 996//996 1973//1973
f 1612//1612 1613//1613 1614//1614
f 1973//1973 996//996 1717//1717
f 2042//2042 1974//1974 2393//2393
f 1198//1198 2055//2055 1112//1112
f 1972//1972 902//902 1971//1971
f 1287//1287 410//410 316//316
f 646//646 408//408 407//407
f 2070//2070 2388//2388 851//851
f 2070//2070 2035//2035 1634//1634
f 404//404 408//408 406//406
f 2063//2063 1288//1288 1808//1808
f 1915//1915 254//254 1863//1863
f 1914//1914 1338//1338 482//482
f 1169//1169 1896//1896 1167//1167
f 2209//2209 1614//1614 1111//1111
f 1110//1110 1113//1113 1195//1195
f 1196//1196 1193//1193 1190//1190
f 1111//1111 1614//1614 1613//1613
f 1194//1194 1110//1110 1195//1195
f 1897//1897 2209//2209 1898//1898
f 2271//2271 2055//2055 2392//2392
f 932//932 591//591 593//593
f 719//719 770//770 591//591
f 1399//1399 1243//1243 1400//1400
f 1401//1401 2036//2036 1244//1244
f 112//112 2137//2137 1360//1360
f 1260//1260 1192//1192 1262//1262
f 1941//1941 1943//1943 2030//2030
f 1248//1248 708//708 711//711
f 447//447 450//450 448//448
f 334//334 333//333 336//336
f 2130//2130 701//701 1485//1485
f 2239//2239 1029//1029 659//659
f 2038//2038 1091//1091 1093//1093
f 1088//1088 2178//2178 1089//1089
f 712//712 2208//2208 671//671
f 1321//1321 1448//1448 1322//1322
f 762//762 1691//1691 763//763
f 765//765 2261//2261 1655//1655
f 764//764 763//763 584//584
f 1691//1691 1952//1952 585//585
f 2187//2187 525//525 2367//2367
f 522//522 524//524 1199//1199
f 2398//2398 2432//2432 1976//1976
f 2398//2398 1073//1073 1935//1935
f 2337//2337 1575//1575 945//945
f 1575//1575 562//562 1571//1571
f 2337//2337 759//759 757//757
f 517//517 2412//2412 667//667
f 2313//2313 1234//1234 650//650
f 119//119 1230//1230 117//117
f 1234//1234 1229//1229 119//119
f 1233//1233 1877//1877 1585//1585
f 1804//1804 2063//2063 1808//1808
f 318//318 1340//1340 1339//1339
f 567//567 2387//2387 1616//1616
f 1617//1617 1737//1737 632//632
f 802//802 975//975 981//981
f 974//974 1279//1279 979//979
f 1889//1889 2373//2373 1033//1033
f 385//385 2082//2082 913//913
f 2082//2082 2383//2383 964//964
f 1033//1033 2373//2373 1030//1030
f 1882//1882 1884//1884 2430//2430
f 1883//1883 2268//2268 252//252
f 2143//2143 1139//1139 1010//1010
f 867//867 865//865 869//869
f 2362//2362 2335//2335 1207//1207
f 2363//2363 2352//2352 2334//2334
f 1366//1366 372//372 1912//1912
f 1910//1910 992//992 825//825
f 1366//1366 1912//1912 1368//1368
f 372//372 825//825 827//827
f 1243//1243 583//583 1400//1400
f 584//584 763//763 585//585
f 1242//1242 583//583 1243//1243
f 660//660 2177//2177 2191//2191
f 785//785 1400//1400 583//583
f 1398//1398 737//737 1401//1401
f 660//660 579//579 578//578
f 1894//1894 1919//1919 1293//1293
f 2105//2105 910//910 2033//2033
f 908//908 2106//2106 909//909
f 2181//2181 1283//1283 427//427
f 1284//1284 2285//2285 1848//1848
f 1044//1044 784//784 782//782
f 1044//1044 1046//1046 784//784
f 1871//1871 161//161 158//158
f 965//965 1536//1536 1535//1535
f 156//156 935//935 1898//1898
f 903//903 1169//1169 899//899
f 374//374 22//22 375//375
f 22//22 2331//2331 20//20
f 1048//1048 375//375 1792//1792
f 22//22 1437//1437 2331//2331
f 2319//2319 2402//2402 2326//2326
f 453//453 2320//2320 2164//2164
f 709//709 124//124 710//710
f 1343//1343 1344//1344 1655//1655
f 891//891 1980//1980 1977//1977
f 957//957 1502//1502 2329//2329
f 1524//1524 2232//2232 2231//2231
f 2382//2382 971//971 2330//2330
f 368//368 827//827 369//369
f 1189//1189 1581//1581 1578//1578
f 1453//1453 370//370 248//248
f 826//826 825//825 829//829
f 570//570 2435//2435 688//688
f 1064//1064 572//572 2200//2200
f 2347//2347 148//148 152//152
f 688//688 2349//2349 689//689
f 297//297 1067//1067 1228//1228
f 1065//1065 2202//2202 1153//1153
f 411//411 689//689 2349//2349
f 1067//1067 1066//1066 1228//1228
f 1128//1128 1129//1129 1126//1126
f 1131//1131 1130//1130 1598//1598
f 1606//1606 1608//1608 1970//1970
f 1606//1606 2221//2221 1607//1607
f 791//791 720//720 1720//1720
f 590//590 592//592 595//595
f 98//98 2074//2074 359//359
f 1775//1775 2361//2361 1776//1776
f 327//327 326//326 2188//2188
f 329//329 452//452 325//325
f 1751//1751 2360//2360 2358//2358
f 190//190 194//194 2089//2089
f 195//195 1745//1745 1586//1586
f 1777//1777 1775//1775 1774//1774
f 375//375 21//21 1793//1793
f 1049//1049 1051//1051 1173//1173
f 1792//1792 1793//1793 1794//1794
f 24//24 23//23 2242//2242
f 1102//1102 640//640 2229//2229
f 954//954 2227//2227 2228//2228
f 1098//1098 1100//1100 1104//1104
f 638//638 796//796 641//641
f 1211//1211 1212//1212 1627//1627
f 1210//1210 1568//1568 211//211
f 279//279 1624//1624 1052//1052
f 940//940 226//226 1624//1624
f 1900//1900 1904//1904 1901//1901
f 2419//2419 2215//2215 2306//2306
f 1961//1961 1904//1904 1902//1902
f 1176//1176 1181//1181 750//750
f 1166//1166 1164//1164 2346//2346
f 2081//2081 1621//1621 1623//1623
f 492//492 1136//1136 1289//1289
f 1834//1834 1134//1134 2098//2098
f 1134//1134 596//596 2097//2097
f 1133//1133 1686//1686 1687//1687
f 987//987 986//986 990//990
f 1445//1445 1315//1315 2028//2028
f 1444//1444 991//991 711//711
f 988//988 1186//1186 1189//1189
f 806//806 1313//1313 1240//1240
f 1444//1444 711//711 669//669
f 2366//2366 2030//2030 2031//2031
f 1240//1240 1581//1581 1241//1241
f 676//676 769//769 766//766
f 673//673 2417//2417 676//676
f 1835//1835 2098//2098 2065//2065
f 1984//1984 1833//1833 1987//1987
f 2280//2280 2422//2422 2087//2087
f 713//713 1441//1441 716//716
f 2410//2410 1284//1284 1285//1285
f 1849//1849 1848//1848 1847//1847
f 1754//1754 1285//1285 1755//1755
f 427//427 424//424 417//417
f 285//285 23//23 20//20
f 728//728 2142//2142 2071//2071
f 595//595 593//593 590//590
f 594//594 1687//1687 597//597
f 364//364 601//601 2376//2376
f 365//365 921//921 2273//2273
f 1983//1983 1154//1154 2323//2323
f 1152//1152 172//172 1002//1002
f 2379//2379 1420//1420 2234//2234
f 1668//1668 1809//1809 1813//1813
f 216//216 2241//2241 741//741
f 1619//1619 215//215 2287//2287
f 1818//1818 1821//1821 1819//1819
f 86//86 949//949 89//89
f 1521//1521 697//697 674//674
f 180//180 2069//2069 181//181
f 81//81 2086//2086 1542//1542
f 1542//1542 458//458 457//457
f 257//257 1593//1593 2024//2024
f 2021//2021 2020//2020 2133//2133
f 2018//2018 259//259 2020//2020
f 541//541 540//540 542//542
f 2222//2222 2426//2426 654//654
f 1039//1039 2254//2254 2255//2255
f 1664//1664 1795//1795 774//774
f 1792//1792 1050//1050 1048//1048
f 2008//2008 2009//2009 2290//2290
f 2406//2406 1794//1794 2182//2182
f 2009//2009 2357//2357 1861//1861
f 774//774 2008//2008 2010//2010
f 2222//2222 2258//2258 2426//2426
f 1370//1370 746//746 2424//2424
f 388//388 2115//2115 391//391
f 2113//2113 2332//2332 2114//2114
f 1300//1300 1299//1299 1609//1609
f 1302//1302 1061//1061 1058//1058
f 2085//2085 457//457 1756//1756
f 50//50 1027//1027 1029//1029
f 454//454 458//458 455//455
f 81//81 1183//1183 2418//2418
f 754//754 1475//1475 1474//1474
f 44//44 294//294 291//291
f 1042//1042 1798//1798 1434//1434
f 237//237 1043//1043 238//238
f 985//985 603//603 607//607
f 1042//1042 1433//1433 1043//1043
f 1554//1554 2385//2385 1282//1282
f 1116//1116 1553//1553 2420//2420
f 1552//1552 1281//1281 634//634
f 2218//2218 2386//2386 2370//2370
f 6//6 5//5 9//9
f 11//11 1833//1833 614//614
f 722//722 2224//2224 725//725
f 56//56 2225//2225 54//54
f 681//681 1662//1662 678//678
f 1956//1956 504//504 508//508
f 1902//1902 1900//1900 1899//1899
f 1903//1903 749//749 2303//2303
f 1317//1317 2032//2032 628//628
f 1447//1447 313//313 1450//1450
f 1530//1530 1892//1892 636//636
f 1317//1317 628//628 145//145
f 144//144 146//146 878//878
f 628//628 625//625 2206//2206
f 2095//2095 1254//1254 2096//2096
f 1696//1696 998//998 1722//1722
f 1002//1002 2095//2095 1154//1154
f 2425//2425 1251//1251 1598//1598
f 347//347 2139//2139 348//348
f 350//350 1881//1881 2303//2303
f 1879//1879 1570//1570 1270//1270
f 1903//1903 2427//2427 1899//1899
f 1267//1267 2427//2427 1903//1903
f 1269//1269 1268//1268 2215//2215
f 1776//1776 1961//1961 1902//1902
f 1269//1269 2427//2427 1267//1267
f 1086//1086 1088//1088 1089//1089
f 1090//1090 1089//1089 1893//1893
f 1651//1651 2436//2436 1650//1650
f 1651//1651 1350//1350 2436//2436
f 744//744 1117//1117 2266//2266
f 1114//1114 2420//2420 2397//2397
f 1009//1009 1012//1012 129//129
f 1141//1141 1139//1139 2143//2143
f 2305//2305 1238//1238 1235//1235
f 1098//1098 1101//1101 1099//1099
f 2011//2011 789//789 792//792
f 2179//2179 2012//2012 767//767
f 2378//2378 2233//2233 2381//2381
f 1421//1421 1423//1423 1422//1422
f 2250//2250 2025//2025 426//426
f 2250//2250 1642//1642 1704//1704
f 2157//2157 1979//1979 2025//2025
f 426//426 425//425 2250//2250
f 417//417 420//420 423//423
f 1217//1217 1979//1979 1221//1221
f 1413//1413 1893//1893 1089//1089
f 1412//1412 1414//1414 1415//1415
f 2118//2118 2120//2120 2221//2221
f 2120//2120 2219//2219 2220//2220
f 1607//1607 2375//2375 1605//1605
f 1605//1605 2375//2375 2336//2336
f 2221//2221 1606//1606 2118//2118
f 2119//2119 901//901 900//900
f 880//880 2316//2316 1721//1721
f 881//881 1146//1146 1206//1206
f 293//293 292//292 2424//2424
f 287//287 294//294 288//288
f 955//955 272//272 1647//1647
f 442//442 2228//2228 1106//1106
f 2124//2124 1637//1637 2121//2121
f 32//32 2331//2331 1437//1437
f 147//147 149//149 2203//2203
f 1635//1635 1637//1637 2123//2123
f 1486//1486 1483//1483 700//700
f 642//642 644//644 2214//2214
f 1454//1454 2214//2214 2275//2275
f 48//48 52//52 54//54
f 642//642 2214//2214 1454//1454
f 2275//2275 2213//2213 1743//1743
f 1446//1446 313//313 1447//1447
f 3//3 950//950 1653//1653
f 522//522 1199//1199 1944//1944
f 1451//1451 1450//1450 637//637
f 1119//1119 1120//1120 680//680
f 469//469 467//467 1089//1089
f 774//774 2007//2007 2008//2008
f 2007//2007 2357//2357 2009//2009
f 1306//1306 1303//1303 1843//1843
f 1304//1304 1197//1197 1196//1196
f 1714//1714 565//565 850//850
f 327//327 1634//1634 265//265
f 1404//1404 1403//1403 1406//1406
f 1496//1496 1216//1216 1618//1618
f 1405//1405 1215//1215 308//308
f 1407//1407 1404//1404 1409//1409
f 1496//1496 310//310 309//309
f 429//429 428//428 432//432
f 1215//1215 309//309 306//306
f 430//430 1618//1618 431//431
f 1225//1225 1997//1997 2276//2276
f 1997//1997 2311//2311 1996//1996
f 824//824 1318//1318 145//145
f 821//821 672//672 551//551
f 723//723 840//840 742//742
f 1744//1744 2213//2213 2126//2126
f 1013//1013 2169//2169 2341//2341
f 2325//2325 1922//1922 1921//1921
f 1878//1878 1877//1877 1826//1826
f 1582//1582 1584//1584 1467//1467
f 2313//2313 1825//1825 1232//1232
f 292//292 1372//1372 1370//1370
f 102//102 1827//1827 1828//1828
f 1415//1415 1414//1414 1823//1823
f 1822//1822 1828//1828 1416//1416
f 927//927 2004//2004 1430//1430
f 106//106 1885//1885 89//89
f 105//105 1822//1822 1887//1887
f 1408//1408 2222//2222 2223//2223
f 2426//2426 2013//2013 654//654
f 1003//1003 1005//1005 365//365
f 1644//1644 1646//1646 2302//2302
f 1864//1864 284//284 283//283
f 2242//2242 1435//1435 24//24
f 1645//1645 919//919 921//921
f 267//267 272//272 271//271
f 2016//2016 1567//1567 2351//2351
f 311//311 4//4 951//951
f 474//474 1047//1047 782//782
f 2282//2282 1953//1953 221//221
f 927//927 1821//1821 90//90
f 1430//1430 2353//2353 1428//1428
f 1819//1819 1429//1429 1624//1624
f 927//927 89//89 1887//1887
f 1158//1158 686//686 685//685
f 1159//1159 1839//1839 2193//2193
f 1710//1710 1634//1634 2035//2035
f 1632//1632 2377//2377 1693//1693
f 892//892 1462//1462 959//959
f 1377//1377 71//71 1378//1378
f 1377//1377 1379//1379 71//71
f 1762//1762 1699//1699 2437//2437
f 68//68 63//63 948//948
f 958//958 961//961 2371//2371
f 1460//1460 1501//1501 1462//1462
f 2329//2329 2333//2333 2292//2292
f 1349//1349 1353//1353 1350//1350
f 1375//1375 1701//1701 1698//1698
f 1162//1162 34//34 37//37
f 2076//2076 2204//2204 1422//1422
f 1223//1223 1226//1226 1066//1066
f 1638//1638 571//571 691//691
f 303//303 1658//1658 1705//1705
f 2276//2276 1227//1227 1225//1225
f 471//471 18//18 14//14
f 547//547 546//546 2091//2091
f 736//736 547//547 738//738
f 15//15 19//19 16//16
f 982//982 491//491 490//490
f 340//340 344//344 488//488
f 32//32 1439//1439 28//28
f 1440//1440 716//716 1441//1441
f 655//655 657//657 1172//1172
f 376//376 1437//1437 374//374
f 633//633 635//635 636//636
f 1282//1282 2385//2385 2384//2384
f 634//634 633//633 637//637
f 635//635 634//634 1057//1057
f 552//552 671//671 670//670
f 706//706 708//708 709//709
f 2274//2274 2272//2272 2114//2114
f 1645//1645 1716//1716 1646//1646
f 535//535 258//258 260//260
f 2023//2023 2060//2060 2061//2061
f 603//603 985//985 604//604
f 1809//1809 1752//1752 834//834
f 1928//1928 2155//2155 198//198
f 62//62 978//978 977//977
f 1835//1835 614//614 1833//1833
f 2064//2064 596//596 595//595
f 596//596 1133//1133 594//594
f 1834//1834 2098//2098 1835//1835
f 1373//1373 1371//1371 1370//1370
f 495//495 1404//1404 1407//1407
f 1471//1471 1475//1475 1476//1476
f 1474//1474 1584//1584 755//755
f 487//487 489//489 1290//1290
f 1476//1476 1728//1728 2346//2346
f 487//487 1290//1290 490//490
f 493//493 1476//1476 2346//2346
f 786//786 1938//1938 18//18
f 1865//1865 2191//2191 28//28
f 470//470 2296//2296 1075//1075
f 1075//1075 2296//2296 1077//1077
f 2191//2191 662//662 660//660
f 1400//1400 785//785 1398//1398
f 1905//1905 2217//2217 1908//1908
f 510//510 2037//2037 1840//1840
f 2300//2300 1906//1906 2298//2298
f 1851//1851 510//510 1840//1840
f 2056//2056 1218//1218 1993//1993
f 891//891 948//948 67//67
f 1702//1702 1996//1996 1700//1700
f 1995//1995 1992//1992 1997//1997
f 1378//1378 1701//1701 1375//1375
f 1992//1992 1991//1991 1704//1704
f 2364//2364 1784//1784 141//141
f 963//963 2383//2383 731//731
f 891//891 1977//1977 1754//1754
f 1977//1977 354//354 1978//1978
f 1431//1431 2353//2353 2428//2428
f 1428//1428 268//268 1429//1429
f 2310//2310 2311//2311 1224//1224
f 1991//1991 1993//1993 1222//1222
f 2276//2276 1997//1997 1658//1658
f 2056//2056 1702//1702 1701//1701
f 1220//1220 2056//2056 1701//1701
f 1697//1697 1127//1127 1123//1123
f 1800//1800 2252//2252 641//641
f 2147//2147 2027//2027 2026//2026
f 263//263 2402//2402 264//264
f 263//263 1694//1694 2402//2402
f 1611//1611 1609//1609 1301//1301
f 167//167 1365//1365 1362//1362
f 1363//1363 1913//1913 1785//1785
f 1241//1241 807//807 806//806
f 1128//1128 1127//1127 2096//2096
f 1123//1123 1699//1699 1697//1697
f 1940//1940 2328//2328 440//440
f 95//95 92//92 91//91
f 2297//2297 913//913 2003//2003
f 1775//1775 99//99 1750//1750
f 1585//1585 1469//1469 234//234
f 1749//1749 2185//2185 2254//2254
f 231//231 234//234 235//235
f 1986//1986 1584//1584 1474//1474
f 1148//1148 1147//1147 2408//2408
f 1145//1145 2362//2362 1207//1207
f 1206//1206 1208//1208 1214//1214
f 2334//2334 2335//2335 2363//2363
f 1549//1549 2408//2408 1147//1147
f 2409//2409 2416//2416 2083//2083
f 847//847 849//849 2060//2060
f 2001//2001 2423//2423 1190//1190
f 2259//2259 2268//2268 434//434
f 782//782 1047//1047 1044//1044
f 2096//2096 1130//1130 1128//1128
f 1252//1252 1254//1254 999//999
f 1599//1599 1866//1866 622//622
f 2321//2321 1127//1127 1700//1700
f 1709//1709 1499//1499 886//886
f 389//389 1498//1498 2274//2274
f 1345//1345 1347//1347 2279//2279
f 1084//1084 1546//1546 1411//1411
f 277//277 281//281 278//278
f 940//940 939//939 224//224
f 1285//1285 1283//1283 1755//1755
f 415//415 424//424 1848//1848
f 893//893 1755//1755 2181//2181
f 419//419 418//418 425//425
f 1974//1974 2432//2432 2393//2393
f 1971//1971 902//902 896//896
f 1231//1231 135//135 1672//1672
f 1231//1231 2390//2390 118//118
f 646//646 645//645 1876//1876
f 2117//2117 209//209 741//741
f 839//839 2128//2128 1149//1149
f 1150//1150 839//839 1149//1149
f 780//780 779//779 2285//2285
f 777//777 781//781 778//778
f 1651//1651 1649//1649 2438//2438
f 1650//1650 624//624 2285//2285
f 1650//1650 2415//2415 1561//1561
f 352//352 2284//2284 353//353
f 2327//2327 1741//1741 93//93
f 1739//1739 1740//1740 96//96
f 682//682 687//687 1108//1108
f 279//279 1052//1052 1335//1335
f 119//119 2439//2439 1234//1234
f 134//134 133//133 137//137
f 2439//2439 1672//1672 1671//1671
f 2439//2439 1231//1231 1672//1672
f 2270//2270 2137//2137 114//114
f 1361//1361 1832//1832 2421//2421
f 1557//1557 1790//1790 1788//1788
f 1790//1790 2048//2048 1364//1364
f 1976//1976 2432//2432 1974//1974
f 865//865 2369//2369 871//871
f 1976//1976 1608//1608 2336//2336
f 2043//2043 2042//2042 2055//2055
f 452//452 329//329 2320//2320
f 1843//1843 2318//2318 2180//2180
f 348//348 2139//2139 2138//2138
f 346//346 2100//2100 349//349
f 751//751 2139//2139 747//747
f 1881//1881 1570//1570 1879//1879
f 1180//1180 1175//1175 1177//1177
f 2100//2100 302//302 301//301
f 381//381 2376//2376 601//601
f 2039//2039 323//323 321//321
f 906//906 910//910 1097//1097
f 2248//2248 379//379 378//378
f 1011//1011 1138//1138 1012//1012
f 1009//1009 129//129 1357//1357
f 1465//1465 889//889 1463//1463
f 1806//1806 357//357 1801//1801
f 2125//2125 2328//2328 95//95
f 403//403 401//401 400//400
f 94//94 1291//1291 95//95
f 723//723 742//742 2045//2045
f 1465//1465 439//439 890//890
f 2127//2127 2407//2407 740//740
f 398//398 401//401 399//399
f 2407//2407 91//91 96//96
f 2328//2328 2125//2125 440//440
f 441//441 1151//1151 890//890
f 410//410 1287//1287 409//409
f 2101//2101 1982//1982 2149//2149
f 262//262 261//261 265//265
f 2320//2320 2318//2318 2164//2164
f 1679//1679 1204//1204 1205//1205
f 732//732 731//731 1032//1032
f 1766//1766 122//122 121//121
f 2//2 950//950 3//3
f 214//214 2241//2241 216//216
f 1035//1035 1626//1626 2241//2241
f 533//533 540//540 536//536
f 2152//2152 1016//1016 2154//2154
f 964//964 913//913 2082//2082
f 197//197 203//203 198//198
f 2362//2362 2288//2288 2363//2363
f 756//756 46//46 1729//1729
f 2346//2346 983//983 493//493
f 1549//1549 1146//1146 881//881
f 2411//2411 945//945 2338//2338
f 514//514 1609//1609 1939//1939
f 1236//1236 1238//1238 2431//2431
f 2173//2173 2147//2147 276//276
f 2172//2172 2431//2431 2251//2251
f 2431//2431 1104//1104 2229//2229
f 2148//2148 2172//2172 2252//2252
f 1017//1017 2229//2229 640//640
f 803//803 805//805 1313//1313
f 1312//1312 1298//1298 2367//2367
f 605//605 1874//1874 1799//1799
f 1507//1507 1511//1511 1510//1510
f 617//617 437//437 576//576
f 433//433 1731//1731 436//436
f 1351//1351 2333//2333 1349//1349
f 2292//2292 781//781 2372//2372
f 2366//2366 525//525 1944//1944
f 1297//1297 2187//2187 1295//1295
f 2030//2030 2366//2366 1941//1941
f 1766//1766 1690//1690 1344//1344
f 1549//1549 1147//1147 1144//1144
f 2416//2416 2084//2084 2083//2083
f 788//788 787//787 790//790
f 1211//1211 1214//1214 1208//1208
f 1274//1274 181//181 210//210
f 382//382 323//323 377//377
f 1169//1169 1167//1167 936//936
f 1168//1168 2326//2326 2220//2220
f 2371//2371 354//354 1980//1980
f 353//353 1284//1284 1978//1978
f 958//958 2371//2371 1980//1980
f 960//960 957//957 2329//2329
f 893//893 891//891 1754//1754
f 353//353 2284//2284 2283//2283
f 6//6 544//544 228//228
f 233//233 2340//2340 1230//1230
f 1467//1467 1469//1469 1582//1582
f 1229//1229 1233//1233 1230//1230
f 588//588 1425//1425 2404//2404
f 231//231 235//235 230//230
f 627//627 1531//1531 1773//1773
f 1553//1553 2017//2017 2352//2352
f 627//627 1773//1773 2205//2205
f 1530//1530 2032//2032 1892//1892
f 1770//1770 1056//1056 307//307
f 637//637 1450//1450 2016//2016
f 325//325 327//327 265//265
f 2402//2402 1694//1694 2326//2326
f 1807//1807 1806//1806 1801//1801
f 1805//1805 1288//1288 1287//1287
f 355//355 1806//1806 1805//1805
f 1493//1493 1801//1801 956//956
f 1678//1678 2399//2399 1736//1736
f 1852//1852 2396//2396 2413//2413
f 2156//2156 199//199 198//198
f 2041//2041 819//819 817//817
f 2117//2117 1740//1740 1541//1541
f 739//739 2046//2046 2045//2045
f 1169//1169 2052//2052 899//899
f 1607//1607 2220//2220 2405//2405
f 1110//1110 1194//1194 1111//1111
f 2052//2052 2434//2434 900//900
f 1528//1528 845//845 2253//2253
f 2230//2230 2381//2381 2233//2233
f 1144//1144 1146//1146 1549//1549
f 2315//2315 2314//2314 2317//2317
f 882//882 1214//1214 1627//1627
f 1566//1566 1213//1213 2352//2352
f 1342//1342 2376//2376 2039//2039
f 1858//1858 1341//1341 1494//1494
f 381//381 601//601 600//600
f 1006//1006 365//365 364//364
f 1173//1173 1051//1051 1170//1170
f 373//373 2168//2168 376//376
f 1666//1666 1792//1792 1794//1794
f 376//376 1173//1173 717//717
f 2324//2324 1663//1663 1661//1661
f 2405//2405 2220//2220 1663//1663
f 1734//1734 2247//2247 1735//1735
f 1589//1589 1588//1588 926//926
f 874//874 877//877 872//872
f 1559//1559 2129//2129 1556//1556
f 2342//2342 2247//2247 926//926
f 2109//2109 2110//2110 873//873
f 1875//1875 2399//2399 1678//1678
f 872//872 877//877 878//878
f 853//853 909//909 854//854
f 854//854 2106//2106 1708//1708
f 184//184 697//697 610//610
f 911//911 910//910 2105//2105
f 1861//1861 2015//2015 2009//2009
f 1955//1955 255//255 253//253
f 1514//1514 1513//1513 973//973
f 2406//2406 2357//2357 2007//2007
f 2243//2243 1863//1863 1540//1540
f 1513//1513 1794//1794 1793//1793
f 168//168 1157//1157 171//171
f 2121//2121 149//149 2122//2122
f 1921//1921 540//540 535//535
f 1814//1814 801//801 1815//1815
f 981//981 800//800 802//802
f 800//800 2293//2293 801//801
f 59//59 978//978 62//62
f 1279//1279 1815//1815 2092//2092
f 1205//1205 1203//1203 2354//2354
f 1200//1200 735//735 734//734
f 1644//1644 1643//1643 1646//1646
f 2274//2274 2332//2332 389//389
f 919//919 1962//1962 270//270
f 1492//1492 1491//1491 1495//1495
f 2315//2315 771//771 1523//1523
f 177//177 182//182 1706//1706
f 1165//1165 2288//2288 2362//2362
f 44//44 1386//1386 294//294
f 215//215 217//217 1568//1568
f 217//217 208//208 207//207
f 759//759 2337//2337 944//944
f 1852//1852 1575//1575 1574//1574
f 1679//1679 2354//2354 462//462
f 108//108 2293//2293 1307//1307
f 1895//1895 31//31 30//30
f 1155//1155 1157//1157 168//168
f 2196//2196 1396//1396 2197//2197
f 1397//1397 1953//1953 1395//1395
f 1787//1787 1913//1913 1363//1363
f 368//368 372//372 827//827
f 84//84 2225//2225 2189//2189
f 1544//1544 1027//1027 1660//1660
f 1588//1588 1590//1590 1574//1574
f 664//664 929//929 931//931
f 281//281 280//280 683//683
f 1108//1108 1335//1335 1334//1334
f 2389//2389 2301//2301 1160//1160
f 1108//1108 687//687 1335//1335
f 2295//2295 251//251 250//250
f 529//529 532//532 2429//2429
f 247//247 246//246 249//249
f 1556//1556 2129//2129 1748//1748
f 1387//1387 450//450 336//336
f 1481//1481 1836//1836 1926//1926
f 448//448 450//450 1388//1388
f 282//282 23//23 285//285
f 727//727 728//728 2071//2071
f 451//451 1265//1265 1266//1266
f 746//746 1371//1371 1409//1409
f 1370//1370 2424//2424 292//292
f 745//745 2424//2424 743//743
f 2236//2236 2186//2186 292//292
f 1443//1443 1097//1097 910//910
f 445//445 697//697 184//184
f 870//870 531//531 484//484
f 811//811 1662//1662 2339//2339
f 801//801 2293//2293 1815//1815
f 1930//1930 976//976 2153//2153
f 836//836 833//833 832//832
f 132//132 128//128 125//125
f 530//530 251//251 485//485
f 435//435 1731//1731 433//433
f 2428//2428 2005//2005 2226//2226
f 1430//1430 1429//1429 1819//1819
f 1416//1416 104//104 1886//1886
f 2006//2006 2005//2005 2428//2428
f 794//794 949//949 88//88
f 269//269 2226//2226 2112//2112
f 1006//1006 364//364 1342//1342
f 378//378 600//600 2248//2248
f 363//363 601//601 364//364
f 1492//1492 1495//1495 1804//1804
f 772//772 2010//2010 2290//2290
f 1513//1513 1793//1793 1459//1459
f 773//773 776//776 2239//2239
f 2197//2197 2015//2015 219//219
f 1171//1171 2403//2403 658//658
f 776//776 775//775 703//703
f 658//658 2403//2403 2239//2239
f 1442//1442 1441//1441 16//16
f 1171//1171 773//773 2403//2403
f 714//714 2422//2422 2280//2280
f 2134//2134 566//566 2057//2057
f 543//543 542//542 2092//2092
f 1965//1965 566//566 1968//1968
f 895//895 2020//2020 259//259
f 2194//2194 2365//2365 1332//1332
f 1823//1823 1414//1414 2226//2226
f 1086//1086 1090//1090 1092//1092
f 225//225 88//88 87//87
f 488//488 491//491 340//340
f 1687//1687 594//594 1133//1133
f 1468//1468 1987//1987 10//10
f 1687//1687 344//344 597//597
f 1106//1106 2228//2228 2227//2227
f 271//271 1335//1335 1052//1052
f 888//888 2166//2166 884//884
f 884//884 886//886 1708//1708
f 1845//1845 2159//2159 1306//1306
f 1933//1933 2326//2326 500//500
f 2060//2060 850//850 847//847
f 1967//1967 2400//2400 1711//1711
f 475//475 2259//2259 2269//2269
f 2268//2268 1883//1883 435//435
f 434//434 2269//2269 2259//2259
f 1487//1487 2212//2212 2214//2214
f 252//252 784//784 1046//1046
f 473//473 705//705 704//704
f 1045//1045 1047//1047 2282//2282
f 1732//1732 1731//1731 2414//2414
f 253//253 256//256 1955//1955
f 699//699 705//705 700//700
f 662//662 2191//2191 2277//2277
f 375//375 2168//2168 373//373
f 1556//1556 1555//1555 1559//1559
f 247//247 249//249 145//145
f 1217//1217 947//947 1979//1979
f 1753//1753 422//422 420//420
f 501//501 499//499 498//498
f 993//993 2054//2054 1717//1717
f 911//911 2107//2107 912//912
f 2166//2166 2165//2165 1918//1918
f 570//570 572//572 2435//2435
f 1064//1064 2435//2435 572//572
f 1719//1719 1157//1157 1294//1294
f 172//172 2202//2202 169//169
f 1867//1867 622//622 624//624
f 998//998 1695//1695 999//999
f 788//788 791//791 1720//1720
f 595//595 592//592 2064//2064
f 1505//1505 810//810 812//812
f 678//678 1663//1663 679//679
f 1671//1671 650//650 2439//2439
f 1231//1231 2439//2439 119//119
f 1807//1807 1492//1492 1804//1804
f 798//798 641//641 796//796
f 2302//2302 1493//1493 1644//1644
f 1018//1018 2252//2252 2251//2251
f 2080//2080 2078//2078 2079//2079
f 754//754 1729//1729 1475//1475
f 1301//1301 1060//1060 1610//1610
f 1562//1562 167//167 758//758
f 1065//1065 1153//1153 1223//1223
f 2321//2321 1154//1154 2322//2322
f 1225//1225 1227//1227 1226//1226
f 690//690 412//412 1659//1659
f 303//303 1705//1705 1703//1703
f 1153//1153 2202//2202 172//172
f 1135//1135 1834//1834 1835//1835
f 2237//2237 613//613 616//616
f 2415//2415 1650//1650 2436//2436
f 2291//2291 1651//1651 2438//2438
f 2415//2415 2436//2436 2437//2437
f 777//777 779//779 780//780
f 200//200 199//199 332//332
f 1681//1681 1359//1359 2341//2341
f 2043//2043 2055//2055 2075//2075
f 1196//1196 2423//2423 1304//1304
f 545//545 1078//1078 546//546
f 1756//1756 2087//2087 2085//2085
f 1345//1345 2279//2279 1348//1348
f 547//547 736//736 471//471
f 18//18 737//737 786//786
f 1410//1410 1817//1817 1085//1085
f 1872//1872 1586//1586 101//101
f 1725//1725 1854//1854 150//150
f 1652//1652 950//950 1343//1343
f 637//637 2017//2017 1550//1550
f 914//914 913//913 1777//1777
f 2364//2364 964//964 459//459
f 1703//1703 1642//1642 1278//1278
f 1994//1994 2157//2157 2250//2250
f 901//901 898//898 897//897
f 2398//2398 1976//1976 864//864
f 1970//1970 1608//1608 1972//1972
f 1607//1607 2221//2221 2220//2220
f 939//939 281//281 942//942
f 2389//2389 684//684 2301//2301
f 747//747 2139//2139 748//748
f 1268//1268 1270//1270 1385//1385
f 1604//1604 843//843 846//846
f 844//844 1915//1915 2253//2253
f 111//111 2354//2354 1203//1203
f 1309//1309 60//60 1782//1782
f 963//963 962//962 964//964
f 1308//1308 1307//1307 981//981
f 2286//2286 1568//1568 1653//1653
f 787//787 792//792 789//789
f 809//809 807//807 1246//1246
f 1294//1294 1157//1157 1156//1156
f 761//761 763//763 764//764
f 577//577 581//581 1919//1919
f 1915//1915 2244//2244 2183//2183
f 218//218 256//256 221//221
f 377//377 323//323 2039//2039
f 2068//2068 182//182 181//181
f 1190//1190 2423//2423 1196//1196
f 2000//2000 1261//1261 2061//2061
f 2301//2301 2167//2167 2298//2298
f 268//268 1052//1052 1429//1429
f 1727//1727 1855//1855 1854//1854
f 2364//2364 913//913 964//964
f 2049//2049 2129//2129 2102//2102
f 371//371 1913//1913 1912//1912
f 1846//1846 924//924 1591//1591
f 917//917 2129//2129 1559//1559
f 1143//1143 1141//1141 1074//1074
f 481//481 1143//1143 868//868
f 869//869 865//865 871//871
f 864//864 1073//1073 2398//2398
f 1778//1778 913//913 2073//2073
f 1384//1384 2215//2215 1385//1385
f 969//969 971//971 972//972
f 1667//1667 985//985 984//984
f 1958//1958 2150//2150 681//681
f 2145//2145 1982//1982 1981//1981
f 973//973 1513//1513 1459//1459
f 1529//1529 971//971 2382//2382
f 1540//1540 1518//1518 2244//2244
f 2401//2401 2381//2381 2232//2232
f 1528//1528 1519//1519 1525//1525
f 1516//1516 1862//1862 1861//1861
f 1478//1478 1634//1634 1633//1633
f 1714//1714 850//850 2058//2058
f 555//555 1674//1674 165//165
f 587//587 517//517 516//516
f 1277//1277 1278//1278 1642//1642
f 2310//2310 1224//1224 1983//1983
f 297//297 1228//1228 2276//2276
f 1640//1640 1642//1642 2250//2250
f 2130//2130 1873//1873 1761//1761
f 1456//1456 1487//1487 2214//2214
f 1485//1485 698//698 700//700
f 2197//2197 775//775 772//772
f 1759//1759 1761//1761 50//50
f 1239//1239 618//618 476//476
f 1623//1623 45//45 2077//2077
f 2266//2266 2267//2267 293//293
f 1206//1206 1145//1145 1207//1207
f 2289//2289 2081//2081 2397//2397
f 2363//2363 2288//2288 2352//2352
f 2408//2408 2072//2072 1148//1148
f 2351//2351 2017//2017 2016//2016
f 2374//2374 2289//2289 2397//2397
f 1554//1554 1553//1553 1116//1116
f 1729//1729 1728//1728 1475//1475
f 2365//2365 2198//2198 1090//1090
f 468//468 1120//1120 466//466
f 464//464 469//469 465//465
f 2217//2217 510//510 1851//1851
f 2382//2382 2381//2381 2401//2401
f 1603//1603 2345//2345 2344//2344
f 285//285 2331//2331 2124//2124
f 1457//1457 1435//1435 1458//1458
f 1941//1941 2366//2366 1944//1944
f 1656//1656 1690//1690 1692//1692
f 1444//1444 672//672 829//829
f 1247//1247 990//990 989//989
f 1942//1942 1941//1941 708//708
f 1310//1310 1315//1315 1313//1313
f 1115//1115 2386//2386 1116//1116
f 134//134 2223//2223 1673//1673
f 934//934 1720//1720 720//720
f 597//597 344//344 345//345
f 1506//1506 789//789 2012//2012
f 1721//1721 396//396 393//393
f 2391//2391 1020//1020 458//458
f 1021//1021 1626//1626 1035//1035
f 2227//2227 1103//1103 1106//1106
f 1102//1102 2229//2229 1104//1104
f 640//640 1102//1102 797//797
f 1098//1098 1104//1104 275//275
f 442//442 1488//1488 2228//2228
f 2112//2112 922//922 269//269
f 684//684 2167//2167 2301//2301
f 798//798 953//953 1801//1801
f 126//126 130//130 127//127
f 125//125 129//129 126//126
f 1154//1154 2321//2321 2323//2323
f 1375//1375 1699//1699 1376//1376
f 1996//1996 2310//2310 1700//1700
f 1152//1152 1154//1154 1983//1983
f 1700//1700 2312//2312 2321//2321
f 1991//1991 1222//1222 1221//1221
f 1352//1352 1501//1501 1460//1460
f 1254//1254 2425//2425 2096//2096
f 1902//1902 1269//1269 2215//2215
f 1384//1384 1381//1381 1380//1380
f 1353//1353 1762//1762 2437//2437
f 68//68 948//948 946//946
f 1033//1033 1032//1032 2383//2383
f 1031//1031 1382//1382 734//734
f 1401//1401 737//737 1546//1546
f 1656//1656 762//762 765//765
f 670//670 1319//1319 553//553
f 872//872 878//878 875//875
f 2040//2040 816//816 1389//1389
f 1361//1361 2156//2156 2154//2154
f 110//110 462//462 2354//2354
f 2141//2141 2140//2140 205//205
f 817//817 816//816 2041//2041
f 139//139 1537//1537 206//206
f 820//820 819//819 1256//1256
f 2140//2140 2142//2142 286//286
f 1511//1511 1812//1812 2330//2330
f 240//240 606//606 236//236
f 1484//1484 1873//1873 1485//1485
f 1660//1660 2225//2225 84//84
f 2416//2416 883//883 343//343
f 767//767 770//770 2179//2179
f 1522//1522 768//768 611//611
f 395//395 593//593 595//595
f 1750//1750 2361//2361 1775//1775
f 1960//1960 2359//2359 1176//1176
f 1546//1546 213//213 1401//1401
f 207//207 209//209 210//210
f 2241//2241 2046//2046 741//741
f 1019//1019 1024//1024 1022//1022
f 1546//1546 1081//1081 213//213
f 1816//1816 1817//1817 1346//1346
f 1818//1818 1624//1624 226//226
f 1838//1838 2192//2192 1839//1839
f 1965//1965 1968//1968 1966//1966
f 2433//2433 2377//2377 2034//2034
f 1242//1242 2260//2260 764//764
f 1657//1657 2286//2286 1653//1653
f 1969//1969 543//543 2093//2093
f 2092//2092 1815//1815 2093//2093
f 2113//2113 390//390 2332//2332
f 1499//1499 391//391 886//886
f 1512//1512 1514//1514 1519//1519
f 844//844 1916//1916 1915//1915
f 887//887 2106//2106 912//912
f 1547//1547 2099//2099 2160//2160
f 1739//1739 1741//1741 2327//2327
f 1149//1149 2128//2128 2414//2414
f 740//740 1740//1740 2117//2117
f 2189//2189 724//724 1592//1592
f 1350//1350 1651//1651 1351//1351
f 1350//1350 2437//2437 2436//2436
f 17//17 16//16 715//715
f 25//25 29//29 30//30
f 1339//1339 1006//1006 1342//1342
f 270//270 1962//1962 1647//1647
f 367//367 366//366 2067//2067
f 2115//2115 2226//2226 391//391
f 507//507 504//504 503//503
f 2026//2026 276//276 2147//2147
f 1478//1478 265//265 1634//1634
f 1842//1842 2180//2180 1844//1844
f 2034//2034 2400//2400 2433//2433
f 2161//2161 2164//2164 1843//1843
f 342//342 2084//2084 343//343
f 1164//1164 2072//2072 2346//2346
f 1115//1115 1406//1406 2370//2370
f 290//290 293//293 2267//2267
f 1897//1897 2054//2054 995//995
f 900//900 2434//2434 2219//2219
f 1769//1769 1768//1768 1771//1771
f 134//134 496//496 2223//2223
f 1054//1054 1056//1056 1057//1057
f 1757//1757 1758//1758 2111//2111
f 2439//2439 650//650 1234//1234
f 1672//1672 135//135 1673//1673
f 1772//1772 2205//2205 1773//1773
f 875//875 1768//1768 876//876
f 710//710 707//707 706//706
f 821//821 1318//1318 828//828
f 2206//2206 2205//2205 1772//1772
f 669//669 672//672 1444//1444
f 875//875 146//146 1771//1771
f 926//926 2247//2247 1589//1589
f 307//307 1056//1056 308//308
f 823//823 826//826 828//828
f 1198//1198 1111//1111 1613//1613
f 2219//2219 1168//1168 2220//2220
f 1803//1803 1495//1495 1494//1494
f 357//357 2101//2101 2151//2151
f 317//317 1286//1286 1876//1876
f 1962//1962 1645//1645 1647//1647
f 966//966 1854//1854 967//967
f 1951//1951 2281//2281 330//330
f 170//170 2201//2201 1636//1636
f 968//968 2347//2347 152//152
f 159//159 158//158 162//162
f 1228//1228 1066//1066 1226//1226
f 529//529 2429//2429 2308//2308
f 871//871 2369//2369 2324//2324
f 837//837 723//723 726//726
f 56//56 54//54 52//52
f 2240//2240 2211//2211 2047//2047
f 2045//2045 742//742 739//739
f 2284//2284 2372//2372 780//780
f 2181//2181 422//422 1753//1753
f 772//772 776//776 773//773
f 2263//2263 702//702 2262//2262
f 1649//1649 779//779 2438//2438
f 2292//2292 2372//2372 961//961
f 39//39 1245//1245 40//40
f 1696//1696 1059//1059 1253//1253
f 2022//2022 2021//2021 2133//2133
f 2136//2136 2135//2135 260//260
f 299//299 2138//2138 1947//1947
f 1659//1659 1947//1947 1946//1946
f 423//423 422//422 2181//2181
f 418//418 1849//1849 425//425
f 1230//1230 1688//1688 233//233
f 2013//2013 651//651 654//654
f 1183//1183 2211//2211 2418//2418
f 656//656 2087//2087 2422//2422
f 1640//1640 425//425 1641//1641
f 427//427 423//423 2181//2181
f 2067//2067 599//599 367//367
f 1706//1706 182//182 382//382
f 59//59 1308//1308 978//978
f 980//980 801//801 1814//1814
f 1574//1574 1590//1590 1853//1853
f 1573//1573 1591//1591 1588//1588
f 928//928 931//931 929//929
f 431//431 136//136 520//520
f 2413//2413 2396//2396 2412//2412
f 515//515 520//520 518//518
f 367//367 598//598 601//601
f 2033//2033 910//910 906//906
f 2327//2327 315//315 1739//1739
f 1185//1185 2045//2045 2044//2044
f 602//602 2248//2248 598//598
f 93//93 97//97 2327//2327
f 1999//1999 2103//2103 2067//2067
f 1857//1857 1646//1646 1716//1716
f 407//407 324//324 405//405
f 1800//1800 357//357 2151//2151
f 250//250 252//252 256//256
f 1565//1565 2309//2309 1505//1505
f 1504//1504 2429//2429 532//532
f 2145//2145 2144//2144 2150//2150
f 2414//2414 1882//1882 2430//2430
f 1505//1505 1504//1504 1503//1503
f 1151//1151 2430//2430 1564//1564
f 2309//2309 1565//1565 2430//2430
f 1300//1300 1609//1609 514//514
f 1245//1245 1610//1610 40//40
f 673//673 1988//1988 2417//2417
f 175//175 183//183 173//173
f 1990//1990 769//769 2417//2417
f 694//694 674//674 697//697
f 609//609 1523//1523 771//771
f 2012//2012 770//770 1506//1506
f 223//223 87//87 226//226
f 2005//2005 1823//1823 2226//2226
f 224//224 226//226 940//940
f 1428//1428 2353//2353 1431//1431
f 1840//1840 1837//1837 1851//1851
f 686//686 942//942 281//281
f 1651//1651 2291//2291 1351//1351
f 779//779 1650//1650 2285//2285
f 1123//1123 2437//2437 1699//1699
f 781//781 780//780 2372//2372
f 1426//1426 189//189 188//188
f 11//11 10//10 1833//1833
f 616//616 187//187 2237//2237
f 229//229 544//544 1424//1424
f 1767//1767 2204//2204 2076//2076
f 1896//1896 2054//2054 1897//1897
f 1976//1976 1974//1974 1972//1972
f 1896//1896 2051//2051 2054//2054
f 630//630 238//238 1481//1481
f 1432//1432 1434//1434 1458//1458
f 1872//1872 360//360 362//362
f 193//193 2089//2089 2088//2088
f 1673//1673 653//653 1671//1671
f 2257//2257 1909//1909 2013//2013
f 1116//1116 2420//2420 1114//1114
f 1209//1209 1213//1213 1210//1210
f 681//681 2339//2339 1662//1662
f 1957//1957 1956//1956 1959//1959
f 2261//2261 1654//1654 1655//1655
f 2287//2287 1244//1244 2036//2036
f 666//666 2396//2396 1852//1852
f 555//555 760//760 1674//1674
f 803//803 1313//1313 806//806
f 986//986 1445//1445 2028//2028
f 555//555 757//757 760//760
f 2411//2411 2413//2413 2412//2412
f 554//554 758//758 559//559
f 369//369 827//827 249//249
f 586//586 165//165 1674//1674
f 560//560 559//559 1364//1364
f 41//41 804//804 809//809
f 1302//1302 520//520 1061//1061
f 977//977 976//976 62//62
f 2135//2135 2356//2356 260//260
f 100//100 2074//2074 98//98
f 460//460 462//462 110//110
f 1856//1856 1871//1871 1870//1870
f 729//729 731//731 732//732
f 2072//2072 2409//2409 983//983
f 608//608 1523//1523 609//609
f 342//342 341//341 2084//2084
f 2064//2064 2097//2097 596//596
f 982//982 983//983 2083//2083
f 1721//1721 395//395 597//597
f 2336//2336 2369//2369 862//862
f 506//506 679//679 680//680
f 350//350 2303//2303 748//748
f 1889//1889 479//479 2373//2373
f 1277//1277 2100//2100 301//301
f 1178//1178 1181//1181 2358//2358
f 1708//1708 391//391 2099//2099
f 1998//1998 2246//2246 1999//1999
f 1998//1998 1918//1918 2246//2246
f 2160//2160 2099//2099 1990//1990
f 2001//2001 2000//2000 848//848
f 113//113 115//115 1681//1681
f 291//291 2267//2267 47//47
f 652//652 651//651 1909//1909
f 2165//2165 2108//2108 2246//2246
f 795//795 953//953 798//798
f 1832//1832 819//819 2421//2421
f 1265//1265 448//448 1388//1388
f 2041//2041 2421//2421 819//819
f 1489//1489 34//34 1490//1490
f 1693//1693 2377//2377 1694//1694
f 2433//2433 1815//1815 1694//1694
f 536//536 539//539 2132//2132
f 2164//2164 2163//2163 453//453
f 1797//1797 2241//2241 214//214
f 1568//1568 1210//1210 1566//1566
f 2355//2355 1839//1839 1159//1159
f 2235//2235 467//467 1414//1414
f 1868//1868 1391//1391 1390//1390
f 1745//1745 101//101 1586//1586
f 2419//2419 1776//1776 1902//1902
f 1179//1179 1949//1949 1948//1948
f 2358//2358 2360//2360 1178//1178
f 2311//2311 1225//1225 1224//1224
f 1349//1349 2333//2333 1352//1352
f 2372//2372 352//352 2371//2371
f 2437//2437 1350//1350 1353//1353
f 778//778 2291//2291 2438//2438
f 2415//2415 2437//2437 1123//1123
f 1848//1848 2285//2285 1270//1270
f 752//752 288//288 753//753
f 1427//1427 1426//1426 2340//2340
f 2233//2233 2380//2380 2379//2379
f 1813//1813 1509//1509 1669//1669
f 2370//2370 2386//2386 1115//1115
f 625//625 627//627 2205//2205
f 2397//2397 2420//2420 2374//2374
f 1733//1733 1735//1735 2110//2110
f 20//20 2331//2331 285//285
f 222//222 2196//2196 219//219
f 2095//2095 1000//1000 997//997
f 41//41 1791//1791 808//808
f 1421//1421 128//128 1418//1418
f 843//843 1604//1604 1950//1950
f 836//836 76//76 74//74
f 1263//1263 1490//1490 2094//2094
f 1304//1304 2423//2423 1648//1648
f 1809//1809 834//834 1811//1811
f 2133//2133 2057//2057 2022//2022
f 2188//2188 2388//2388 327//327
f 2059//2059 850//850 2060//2060
f 851//851 2388//2388 1305//1305
f 1303//1303 1305//1305 2162//2162
f 2159//2159 1845//1845 2326//2326
f 959//959 1502//1502 957//957
f 1641//1641 1270//1270 1570//1570
f 1883//1883 251//251 1884//1884
f 483//483 1338//1338 1142//1142
f 48//48 50//50 51//51
f 725//725 2224//2224 643//643
f 13//13 15//15 16//16
f 1938//1938 19//19 18//18
f 1907//1907 276//276 1959//1959
f 2149//2149 1982//1982 2145//2145
f 82//82 84//84 1592//1592
f 1021//1021 1024//1024 1019//1019
f 776//776 2263//2263 2265//2265
f 17//17 2296//2296 470//470
f 1032//1032 734//734 732//732
f 1382//1382 1385//1385 734//734
f 335//335 728//728 727//727
f 2277//2277 1442//1442 16//16
f 1061//1061 520//520 624//624
f 1610//1610 1059//1059 1723//1723
f 1368//1368 1913//1913 1787//1787
f 1296//1296 1295//1295 1292//1292
f 1362//1362 758//758 167//167
f 1910//1910 825//825 372//372
f 429//429 2111//2111 876//876
f 514//514 518//518 1300//1300
f 1964//1964 2128//2128 2126//2126
f 841//841 1291//1291 2127//2127
f 2119//2119 900//900 2219//2219
f 2209//2209 1897//1897 995//995
f 1389//1389 332//332 2040//2040
f 727//727 331//331 202//202
f 975//975 974//974 977//977
f 1798//1798 1042//1042 237//237
f 1014//1014 2153//2153 1015//1015
f 735//735 733//733 732//732
f 2297//2297 361//361 2073//2073
f 1901//1901 1176//1176 749//749
f 2359//2359 1960//1960 1961//1961
f 1535//1535 1536//1536 1393//1393
f 522//522 1944//1944 525//525
f 1250//1250 1249//1249 1943//1943
f 6//6 9//9 544//544
f 133//133 135//135 2368//2368
f 227//227 12//12 228//228
f 2258//2258 1040//1040 2426//2426
f 2009//2009 2015//2015 2290//2290
f 1524//1524 1528//1528 1525//1525
f 714//714 1077//1077 715//715
f 2123//2123 31//31 1635//1635
f 1919//1919 578//578 577//577
f 2287//2287 2036//2036 1619//1619
f 715//715 16//16 1441//1441
f 1764//1764 1297//1297 1765//1765
f 2294//2294 1811//1811 834//834
f 1874//1874 604//604 1508//1508
f 180//180 182//182 176//176
f 1094//1094 1096//1096 905//905
f 366//366 1497//1497 1917//1917
f 1276//1276 1272//1272 405//405
f 2324//2324 2369//2369 2375//2375
f 274//274 276//276 1907//1907
f 1422//1422 1423//1423 833//833
f 903//903 1717//1717 2053//2053
f 1765//1765 1952//1952 1691//1691
f 1050//1050 1170//1170 1051//1051
f 2014//2014 1409//1409 1406//1406
f 2288//2288 2374//2374 2352//2352
f 1331//1331 1328//1328 2365//2365
f 466//466 679//679 1414//1414
f 1908//1908 1160//1160 2301//2301
f 89//89 949//949 106//106
f 942//942 686//686 1159//1159
f 2112//2112 2226//2226 2115//2115
f 274//274 1101//1101 275//275
f 1052//1052 1624//1624 1429//1429
f 1763//1763 1692//1692 1690//1690
f 2351//2351 1566//1566 2352//2352
f 1654//1654 2261//2261 2260//2260
f 1292//1292 1295//1295 1298//1298
f 2079//2079 47//47 2267//2267
f 2083//2083 983//983 2409//2409
f 2127//2127 1291//1291 94//94
f 1756//1756 1816//1816 1346//1346
f 575//575 2213//2213 2212//2212
f 222//222 1953//1953 2196//2196
f 1964//1964 2126//2126 1963//1963
f 1346//1346 1817//1817 1410//1410
f 843//843 2207//2207 844//844
f 1119//1119 679//679 466//466
f 2218//2218 308//308 1280//1280
f 1585//1585 1877//1877 1582//1582
f 239//239 242//242 240//240
f 2174//2174 2175//2175 2204//2204
f 131//131 2350//2350 132//132
f 900//900 897//897 896//896
f 2295//2295 1914//1914 482//482
f 1936//1936 1935//1935 2175//2175
f 1357//1357 1073//1073 1010//1010
f 1069//1069 1073//1073 864//864
f 1320//1320 2032//2032 1317//1317
f 1791//1791 1001//1001 171//171
f 1561//1561 624//624 1650//1650
f 829//829 825//825 992//992
f 1510//1510 1458//1458 1434//1434
f 1594//1594 984//984 242//242
f 421//421 1979//1979 1753//1753
f 779//779 778//778 2438//2438
f 286//286 1534//1534 2140//2140
f 2341//2341 2169//2169 2170//2170
f 1174//1174 750//750 1181//1181
f 64//64 63//63 68//68
f 2061//2061 849//849 2000//2000
f 2035//2035 1967//1967 1711//1711
f 2325//2325 2356//2356 2171//2171
f 2094//2094 1259//1259 1263//1263
f 1836//1836 1482//1482 1625//1625
f 2318//2318 2319//2319 2180//2180
f 1054//1054 634//634 1281//1281
f 2223//2223 654//654 1673//1673
f 3//3 2016//2016 951//951
f 1316//1316 1323//1323 1317//1317
f 337//337 345//345 344//344
f 591//591 769//769 592//592
f 419//419 426//426 421//421
f 1226//1226 1223//1223 1225//1225
f 641//641 1018//1018 639//639
f 505//505 502//502 512//512
f 311//311 313//313 124//124
f 456//456 1085//1085 1817//1817
f 1275//1275 209//209 2117//2117
f 698//698 1485//1485 701//701
f 699//699 703//703 1396//1396
f 1433//1433 1435//1435 2242//2242
f 293//293 745//745 2266//2266
f 2340//2340 615//615 136//136
f 1618//1618 1216//1216 136//136
f 614//614 592//592 615//615
f 275//275 1104//1104 2431//2431
f 272//272 443//443 271//271
f 675//675 694//694 1989//1989
f 2172//2172 1236//1236 2431//2431
f 391//391 2226//2226 2099//2099
f 1159//1159 1160//1160 2355//2355
f 218//218 220//220 1954//1954
f 1796//1796 1025//1025 1035//1035
f 1678//1678 1736//1736 1676//1676
f 1531//1531 1057//1057 1773//1773
f 1026//1026 1029//1029 1027//1027
f 1740//1740 740//740 2407//2407
f 711//711 708//708 707//707
f 931//931 431//431 520//520
f 1703//1703 1278//1278 303//303
f 160//160 1587//1587 194//194
f 1534//1534 2121//2121 1535//1535
f 1811//1811 2380//2380 1812//1812
f 237//237 606//606 1798//1798
f 1515//1515 1520//1520 1516//1516
f 1571//1571 1576//1576 1572//1572
f 1212//1212 1628//1628 1627//1627
f 889//889 858//858 356//356
f 741//741 209//209 216//216
f 1729//1729 46//46 1728//1728
f 117//117 1230//1230 2340//2340
f 783//783 784//784 2268//2268
f 2422//2422 657//657 656//656
f 1446//1446 710//710 313//313
f 1246//1246 1365//1365 2394//2394
f 1255//1255 1259//1259 1256//1256
f 1393//1393 1532//1532 1535//1535
f 2201//2201 149//149 1636//1636
f 1560//1560 624//624 1561//1561
f 2377//2377 2433//2433 1694//1694
f 2293//2293 734//734 1815//1815
f 2307//2307 1383//1383 1888//1888
f 1502//1502 1352//1352 2333//2333
f 467//467 466//466 1414//1414
f 2252//2252 1800//1800 2151//2151
f 1738//1738 1541//1541 1740//1740
f 44//44 291//291 47//47
f 1663//1663 2220//2220 679//679
f 1142//1142 1338//1338 1916//1916
f 1411//1411 737//737 738//738
f 2260//2260 1242//1242 1244//1244
f 2434//2434 2052//2052 1168//1168
f 1260//1260 1259//1259 1258//1258
f 286//286 2124//2124 1534//1534
f 572//572 2203//2203 2200//2200
f 1844//1844 2180//2180 2319//2319
f 1394//1394 1279//1279 2092//2092
f 1202//1202 734//734 2293//2293
f 1385//1385 1270//1270 734//734
