# Blender 4.3.2
# www.blender.org
mtllib spyroTri.mtl
o tex_3
v -39.394119 -14.657048 177.590027
v -39.394119 -14.657047 183.990036
v -32.994122 -14.657048 183.990036
v -32.994122 -14.657049 177.590027
v -39.394119 -14.657047 171.190033
v -32.994122 -14.657048 171.190033
v -39.394119 -14.657049 164.790039
v -32.994122 -14.657049 164.790039
v -39.394119 -14.657048 158.390030
v -32.994122 -14.657049 158.390030
v -39.394119 -14.657049 151.990036
v -32.994122 -14.657050 151.990036
v -39.394119 -14.657049 145.590027
v -32.994122 -14.657050 145.590027
v -26.594118 -14.657048 183.990036
v -26.594118 -14.657049 177.590027
v -26.594118 -14.657050 158.390030
v -26.594118 -14.657051 151.990036
v 102.255882 -5.857069 -69.409988
v 99.355888 -5.857067 -68.859985
v 100.655884 -5.857068 -62.409981
v 98.505882 -5.857067 -75.009987
v 88.355888 -5.857066 -57.009983
v 83.955887 -5.857065 -61.559982
v 83.955887 -4.257065 -61.559982
v 88.355888 -4.257066 -57.009983
v 94.155884 -5.857066 -54.509983
v 94.155884 -4.257066 -54.509983
v 100.355888 -5.857067 -53.009983
v 99.355888 -5.857068 -55.959984
v 108.105888 -5.857067 -59.759983
v 107.805885 -5.857071 -65.609985
v 98.055885 -5.857068 -62.409981
v 92.405884 -5.857065 -66.159988
v 106.755882 -5.857067 -52.709984
v 99.505882 3.092933 -56.409985
v 98.205887 3.292932 -62.409985
v 99.705887 8.942935 -56.709991
v 98.455887 9.192934 -62.409988
v 100.505882 13.292933 -56.959980
v 99.205887 13.542934 -62.409977
v 100.755882 2.942932 -62.409985
v 101.005882 8.742935 -62.409988
v 101.755882 12.992935 -62.409977
v 99.505882 3.092933 -68.409988
v 99.705887 8.942935 -68.109993
v 100.505882 13.292935 -67.859993
v 107.955887 14.142930 -61.059978
v 106.805885 14.142932 -52.859978
v 106.355888 17.342934 -56.959984
v 106.655884 17.992931 -62.409981
v -61.194115 17.992958 -118.409996
v -69.294121 19.292957 -118.659996
v -73.894119 19.942965 -112.259995
v -65.794121 18.592962 -112.009995
v -81.994118 21.242966 -112.510002
v -67.444115 18.292961 -102.909996
v -55.744118 4.042955 -94.309990
v -55.944118 5.142957 -92.259987
v -58.544117 5.142957 -92.259987
v -58.544117 4.042956 -94.309990
v -67.194115 13.142960 -96.859993
v -64.544121 13.692960 -103.359993
v -69.994118 16.942957 -96.209991
v -62.994118 8.792960 -96.859993
v -60.444118 8.842959 -103.159996
v -61.094112 13.842958 -110.909996
v -57.244118 8.842958 -110.209991
v -57.394115 5.392957 -103.059990
v -54.594116 5.392958 -109.859985
v -57.594116 12.192958 -116.459991
v -54.144115 9.092958 -115.609993
v -51.044117 5.392957 -115.509987
v -47.044117 5.342957 -121.059990
v -50.244118 9.792957 -121.059998
v -48.494118 1.342957 -114.209984
v -44.594116 1.342954 -119.159988
v -123.794121 1.242965 47.990017
v -124.294121 0.442966 49.740017
v -119.394119 -1.157036 47.790016
v -114.494118 -2.757037 47.090015
v -114.394119 -0.457036 43.540016
v -119.244118 1.142965 43.890015
v -119.194115 2.192966 39.990017
v -114.344116 0.592964 39.990017
v -114.394119 -0.457036 36.440014
v -119.244118 1.142965 36.090015
v -114.494118 -2.757035 32.890015
v -119.394119 -1.157034 32.190014
v -122.694115 3.392967 38.390011
v -122.544121 3.742966 39.990013
v -123.794121 1.242966 31.990015
v -111.694115 -6.457036 44.140018
v -108.344116 -0.257036 44.590015
v -107.344116 0.042963 47.990017
v -110.994118 -5.907036 47.440018
v -126.044121 -1.307034 37.040016
v -126.194115 -6.557034 30.840012
v -119.894119 -6.957034 32.140018
v -119.844116 -2.807035 37.390015
v -126.044121 -1.307034 42.940014
v -119.844116 -2.807035 42.590015
v -126.194115 -6.557034 48.940018
v -119.894119 -6.207034 47.840019
v -129.994125 -1.407035 41.190014
v -129.994125 -1.407032 38.790016
v -131.544113 -1.907032 38.940014
v -131.294113 -3.507034 35.490021
v -107.344116 0.042964 31.990015
v -108.344116 -0.257037 35.390015
v -106.994118 -1.807039 39.990017
v -124.294121 0.442965 30.240015
v -134.294113 -2.057032 38.940014
v -134.294113 -2.057034 41.040016
v -130.894119 -1.207035 41.190014
v -130.894119 -1.207032 38.790016
v -131.644119 -3.007035 40.840015
v -134.244125 -3.157034 40.840015
v -114.544121 -3.957035 39.990021
v -114.244118 -3.907036 43.790020
v 57.505890 12.942939 71.040009
v 64.255882 12.892938 72.090012
v 65.955887 15.192937 64.140007
v 59.405888 15.492938 64.340012
v 50.755890 12.942939 71.640007
v 52.555889 15.992939 64.540009
v 43.905888 13.442941 70.790009
v 45.255890 16.942938 64.740005
v 37.105888 13.292942 70.390007
v 37.555889 18.142939 64.890007
v 30.305885 11.392941 70.190010
v 29.705889 19.142941 64.640007
v 59.655888 16.392937 56.940022
v 52.355888 17.792938 57.440018
v 44.855888 19.192940 57.740021
v 62.905880 -14.657063 83.040024
v 65.405884 -14.657063 89.590027
v 66.655884 -11.457064 88.590027
v 63.805885 -11.657064 80.790024
v 36.855881 -14.657060 87.140022
v 43.805882 -14.657061 87.990021
v 43.555882 -14.657062 81.740021
v 36.855881 -14.657061 80.740021
v 30.155886 7.592942 73.040009
v 23.505886 13.392943 70.840012
v 23.505886 7.492944 74.190010
v 30.355885 2.592944 75.540016
v 23.655884 1.342945 75.790016
v 30.305883 -6.007057 77.390015
v 23.505884 -5.107058 78.190018
v 37.105885 7.492941 73.440010
v 37.105885 1.792942 75.290016
v 37.105885 -5.407057 77.490013
v 36.705883 -11.357061 79.740021
v 30.005882 -11.257060 79.140022
v 30.005882 -14.657060 80.840027
v 44.055885 7.492940 73.290009
v 43.905884 1.192942 76.340019
v 43.905884 -5.007062 77.840019
v 43.505886 -12.057063 79.640022
v 50.755886 7.742940 74.990005
v 50.755886 1.242938 77.640015
v 50.655884 -4.907062 78.890015
v 50.305885 -11.857062 80.340027
v 50.455879 -14.657061 82.290024
v 57.455883 8.292937 75.340012
v 57.505886 1.192936 76.990013
v 57.105885 -4.407063 78.840019
v 56.955879 -12.957065 80.090027
v 57.655880 -14.657062 82.690025
v 64.255882 6.992937 75.690010
v 64.255882 1.242936 78.040016
v 64.155884 -4.907063 79.340019
v 71.555885 -5.057065 79.240013
v 71.055885 1.192934 77.390015
v 100.655884 -14.657069 153.090027
v 99.955887 -14.657073 155.690033
v 102.705887 -14.657068 160.290039
v 105.955887 -14.657070 159.290039
v 102.605888 -14.657070 165.190033
v 105.205887 -14.657073 167.040039
v 97.605888 -14.657068 165.990036
v 95.755882 -14.657070 169.340027
v 93.005882 -14.657068 162.690033
v 89.955887 -14.657068 164.040039
v 93.205887 -14.657070 157.240036
v 90.855888 -14.657070 155.640030
v 107.805885 -14.657070 158.390030
v 109.055885 -14.657070 165.640030
v 95.005882 -14.657068 171.190033
v 103.055885 -14.657069 171.390030
v 87.355888 -14.657067 158.390030
v 93.605888 -14.657069 152.190033
v 100.555885 -10.707070 163.440018
v 98.455887 -6.357069 160.990021
v 97.805885 -10.707070 163.790024
v 95.805885 -11.207070 162.190018
v 96.505882 -10.707068 159.490021
v 99.255882 -10.707069 158.690018
v 101.255882 -10.707068 160.690018
v 75.805885 -14.657063 183.990036
v 75.805885 -14.657068 190.390015
v 82.205887 -14.657070 190.390015
v 82.205887 -14.657065 183.990036
v 75.805885 -14.657066 164.790039
v 75.805885 -14.657065 171.190033
v 82.205887 -14.657066 171.190033
v 82.205887 -14.657067 164.790039
v 75.805885 -14.657065 158.390030
v 82.205887 -14.657065 158.390030
v 75.805885 -14.657066 151.990036
v 82.205887 -14.657067 151.990036
v 75.805885 -14.657066 145.590027
v 82.205887 -14.657067 145.590027
v 88.605888 -14.657071 190.390015
v 88.605888 -14.657067 183.990036
v 82.205887 -14.657066 177.590027
v 88.605888 -14.657067 177.590027
v 88.605888 -14.657067 171.190033
v 88.605888 -14.657069 151.990036
v 88.605888 -14.657068 145.590027
v 95.005882 -14.657067 183.990036
v 95.005882 -14.657068 177.590027
v 95.005882 -14.657069 145.590027
v 101.405884 -14.657068 183.990036
v 101.405884 -14.657069 177.590027
v 101.405884 -14.657070 145.590027
v 95.005882 -14.657070 139.190033
v 101.405884 -14.657071 139.190033
v 107.805885 -14.657070 183.990036
v 107.805885 -14.657071 177.590027
v 107.805885 -14.657071 171.190033
v 107.805885 -14.657071 151.990036
v 107.805885 -14.657071 145.590027
v 107.805885 -14.657072 139.190033
v 114.205887 -14.657070 183.990036
v 114.205887 -14.657071 177.590027
v 114.205887 -14.657071 171.190033
v 114.205887 -14.657072 164.790039
v 114.205887 -14.657072 158.390030
v 114.205887 -14.657073 151.990036
v 114.205887 -14.657073 145.590027
v 120.605888 -14.657071 183.990036
v 120.605888 -14.657072 177.590027
v 120.605888 -14.657072 171.190033
v 120.605888 -14.657073 164.790039
v 120.605888 -14.657072 158.390030
v 120.605888 -14.657073 151.990036
v 120.605888 -14.657073 145.590027
v -206.494125 35.742985 -63.909977
v -209.794113 48.042976 -57.759987
v -203.644119 35.692986 -58.809978
v -191.944122 29.592976 -46.959991
v -190.994125 37.842979 -44.459984
v -188.844116 29.542976 -48.509991
v 184.605881 -14.657081 183.990036
v 184.605881 -14.657085 190.390015
v 191.005890 -14.657086 190.390015
v 191.005890 -14.657082 183.990036
v 184.605881 -14.657083 177.590027
v 191.005890 -14.657083 177.590027
v 184.605881 -14.657082 171.190033
v 191.005890 -14.657083 171.190033
v 184.605881 -14.657083 164.790039
v 191.005890 -14.657084 164.790039
v 184.605881 -14.657083 158.390030
v 191.005890 -14.657084 158.390030
v 184.605881 -14.657083 151.990036
v 191.005890 -14.657084 151.990036
v 184.605881 -14.657083 145.590027
v 191.005890 -14.657084 145.590027
v 70.805885 -10.007062 72.190025
v 70.805885 -8.357063 66.040024
v 71.555885 -2.207064 67.690018
v 71.555885 -3.857064 73.840019
v 72.705887 0.992936 68.540016
v 72.705887 -0.657063 74.690018
v 77.205887 2.542936 68.940018
v 77.205887 0.892936 75.140015
v 81.655884 -0.657065 74.690018
v 81.655884 0.992935 68.540016
v 77.205887 -10.007064 72.190025
v 77.205887 -8.357064 66.040024
v 83.605888 -10.007065 72.190025
v 83.605888 -8.357064 66.040024
v 82.855888 -3.857065 73.840019
v 82.855888 -2.207066 67.690018
v 70.805885 -6.707063 59.840019
v 71.555885 -0.507064 61.490017
v 72.755882 2.642937 62.340015
v 77.205887 4.192936 62.790012
v 82.855888 -0.507065 61.490017
v 81.705887 2.642935 62.340015
v 77.205887 -6.707063 59.840019
v 83.605888 -6.707067 59.840019
v 71.555885 1.142936 55.290016
v 72.755882 4.292936 56.190010
v 77.205887 5.892936 56.590012
v 81.705887 4.292935 56.190010
v 82.855888 1.142934 55.290016
v -144.694122 13.542973 -55.609978
v -147.344116 13.542971 -54.109978
v -147.144119 13.542970 -60.059978
v -144.594116 13.542970 -58.409977
v -147.094116 3.942970 -62.209991
v -142.744125 3.942971 -59.359989
v -141.944122 10.342969 -59.759995
v -147.094116 10.342972 -63.109993
v -147.094116 -1.907031 -62.209988
v -142.744125 -1.907030 -59.359985
v -151.594116 3.942972 -59.759991
v -151.744125 3.942972 -54.659988
v -151.744125 -1.907029 -54.659985
v -151.594116 -1.907027 -59.759987
v -142.894119 3.942970 -54.559990
v -142.894119 -1.907030 -54.559986
v -152.144119 3.942972 -59.409988
v -152.244125 3.942971 -55.009991
v -142.094116 10.342969 -54.109993
v -147.394119 3.942972 -51.959991
v -147.394119 10.342972 -51.059994
v -71.394119 16.492960 -83.759995
v -76.144119 19.892960 -83.959991
v -76.994118 19.242964 -77.709991
v -72.294121 15.042959 -77.509995
v -76.294121 18.292959 -71.459991
v -71.594116 14.692958 -71.259995
v -75.094116 17.642963 -65.209991
v -70.344116 14.192959 -65.059998
v -55.744118 4.042955 -88.459984
v -55.944118 5.142958 -90.509987
v -55.794117 6.242959 -90.309990
v -55.594116 4.642956 -86.909988
v -67.544121 10.442958 -65.709991
v -68.794121 10.392957 -71.909996
v -63.344116 7.442959 -65.709991
v -64.544121 7.842959 -71.909996
v -69.444115 11.292958 -78.159996
v -65.294121 8.542957 -78.159996
v -61.344116 5.292959 -71.909988
v -62.044117 5.192959 -78.159988
v -57.444118 1.342957 -71.909988
v -58.144115 1.342958 -78.159988
v -68.544121 13.142957 -84.409996
v -64.394119 8.842957 -84.409996
v -61.144115 5.392959 -84.409988
v -57.244118 1.342958 -85.709984
v -68.844116 12.792961 -90.759995
v -71.644119 16.692961 -90.109993
v -64.644119 9.092961 -90.759995
v -61.394115 7.692958 -90.759995
v -147.094116 -2.457031 -62.859985
v -142.144119 -2.457030 -59.859985
v -141.894119 -8.857032 -59.959984
v -147.094116 -8.857029 -63.159981
v -142.194122 3.942971 -59.809990
v -147.094116 3.942969 -62.809990
v -147.144119 15.092969 -60.759979
v -150.394119 15.092971 -59.009979
v -147.244125 23.192972 -57.059982
v -143.994125 15.092971 -58.859978
v -144.094116 15.092969 -55.159977
v 0.855887 22.142946 -157.610001
v 0.855887 22.142948 -164.410004
v 0.805888 24.692947 -164.460007
v 0.805888 24.692945 -157.610001
v 0.855887 22.142950 -150.809998
v 0.805887 23.692949 -150.710007
v -3.044114 17.242949 -157.760010
v -2.794112 24.692947 -157.610001
v -2.794112 24.692949 -164.460007
v -3.044114 17.242950 -164.309998
v -3.044114 17.242952 -151.210007
v -2.794113 23.692951 -150.710007
v -127.894119 9.942966 66.140007
v -132.544113 13.492966 68.740005
v -126.194115 14.042964 68.590012
v -121.544121 10.492966 65.990005
v -119.744118 15.392962 68.390007
v -115.094116 11.842965 65.740005
v -113.294121 16.542963 68.440010
v -108.644119 12.992963 65.790009
v -107.044121 16.692963 69.640007
v -102.894119 13.492963 67.290009
v -88.544121 13.442962 72.890007
v -93.994118 16.642965 75.540009
v -87.644119 16.292957 77.140007
v -82.194115 13.192958 74.490005
v -84.094116 9.442958 67.990005
v -78.194115 9.392959 70.340012
v -77.494118 16.092957 80.040009
v -73.094116 14.242957 75.840012
v -72.344116 10.742958 70.890007
v -99.794121 16.842962 72.590012
v -94.394119 13.242961 69.940010
v 24.005892 51.942947 -158.409958
v 25.105892 51.942944 -161.009964
v 21.405893 58.492947 -161.009964
v 21.405891 51.942947 -157.359955
v 18.805891 51.942947 -158.409958
v 17.705893 51.942944 -161.009964
v 18.805891 51.942944 -163.609955
v 21.405891 51.942944 -164.709961
v 24.005892 51.942944 -163.609955
v 27.055891 47.192951 -155.359955
v 21.405891 47.192955 -153.009964
v 15.755891 47.192951 -155.359955
v 11.405891 50.442951 -161.009964
v 10.205891 47.192951 -158.959961
v 12.605890 47.192951 -158.959961
v 12.605890 47.192947 -163.109955
v 10.205891 47.192947 -163.109955
v 55.405884 -5.057060 15.390018
v 63.105885 -4.357062 17.640017
v 60.805885 -3.807062 11.240013
v 56.605885 -4.457062 11.190014
v 59.455883 -3.007060 7.990016
v 53.905884 -3.007061 6.090014
v 49.655884 -5.057060 15.390018
v 50.205883 -4.957061 11.190014
v -145.894119 2.492970 -116.709984
v -148.594116 5.042973 -119.009987
v -152.644119 5.992971 -115.159988
v -152.144119 2.442969 -113.209984
v -148.494125 7.842969 -126.259995
v -151.244125 10.392971 -130.709991
v -157.594116 10.742974 -127.459991
v -152.944122 8.142972 -122.559998
v -163.194122 10.742973 -123.559998
v -156.644119 8.992972 -118.459991
v -168.094116 11.292974 -119.059998
v -158.694122 9.892972 -112.909996
v -153.944122 6.842973 -109.809998
v -149.244125 2.442970 -106.859985
v -149.244125 -3.957029 -106.859985
v -151.194122 -3.957030 -112.509987
v -148.744125 -10.357028 -106.509979
v -151.194122 -10.357030 -112.509979
v -142.994125 -10.357028 -109.609978
v -136.594116 -10.357031 -112.409981
v -139.344116 -10.357032 -118.309982
v -144.844116 -10.357029 -115.909981
v -139.344116 2.542969 -118.309990
v -145.894119 -3.907030 -116.759987
v -139.344116 -3.857031 -118.309990
v -140.644119 5.792970 -122.659988
v -136.694122 6.292970 -122.459984
v -135.194122 9.942970 -126.909996
v -141.844116 9.142972 -126.609993
v -133.844116 13.342970 -130.459991
v -142.544113 11.742970 -130.559982
v -131.144119 -10.357032 -119.159981
v -133.344116 -10.357033 -112.759979
v -123.094116 -10.357032 -118.109978
v -125.994118 -10.357035 -112.309982
v -119.194115 -10.357033 -109.359978
v -115.594116 -10.357032 -114.709976
v -115.594116 -3.857033 -114.709984
v -123.094116 -3.857034 -118.109985
v -131.144119 -3.857033 -119.159988
v -123.094116 2.542966 -118.109985
v -131.144119 2.542967 -119.159988
v -126.094116 11.042970 -127.109993
v -124.394119 13.542968 -130.410004
v -127.994118 7.792967 -123.409996
v 105.355888 6.692929 -9.709987
v 103.955887 7.692933 -5.059986
v 108.255882 13.292933 -5.159985
v 110.055885 13.192929 -8.359986
v 105.855888 8.292931 -13.109987
v 104.105888 3.392931 -7.709988
v 104.405884 3.392931 -8.509984
v 104.005882 -3.007070 -7.709983
v 102.305885 -3.007068 -7.759984
v 102.605888 3.392931 -8.509984
v 102.755882 6.692929 -9.709987
v 102.955887 8.292933 -13.109987
v 103.105888 7.192932 -13.309986
v 105.705887 7.192932 -13.309986
v 102.305885 8.942930 -12.959985
v 102.905884 6.092933 -11.259986
v 102.805885 3.392933 -10.209984
v 31.005882 -14.657060 222.390015
v 31.005882 -14.657061 228.790009
v 37.405880 -14.657062 228.790009
v 37.405880 -14.657061 222.390015
v 31.005882 -14.657061 215.990005
v 37.405880 -14.657063 215.990005
v 31.005882 -14.657062 209.590012
v 37.405880 -14.657062 209.590012
v 31.005882 -14.657062 203.190002
v 37.405880 -14.657063 203.190002
v 31.005882 -14.657061 196.790009
v 37.405880 -14.657062 196.790009
v 31.005882 -14.657062 190.390015
v 37.405880 -14.657063 190.390015
v 43.805882 -14.657063 228.790009
v 43.805882 -14.657063 222.390015
v 43.805882 -14.657063 215.990005
v 43.805882 -14.657063 209.590012
v 43.805882 -14.657063 203.190002
v 43.805882 -14.657063 196.790009
v 43.805882 -14.657063 190.390015
v 50.205879 -14.657063 228.790009
v 50.205879 -14.657063 222.390015
v 50.205879 -14.657063 215.990005
v 50.205879 -14.657063 209.590012
v 50.205879 -14.657064 203.190002
v 50.205879 -14.657064 196.790009
v 50.205879 -14.657064 190.390015
v 56.605881 -14.657064 228.790009
v 56.605881 -14.657063 222.390015
v 56.605881 -14.657065 215.990005
v 56.605881 -14.657064 209.590012
v 56.605881 -14.657066 203.190002
v 56.605881 -14.657065 196.790009
v 56.605881 -14.657065 190.390015
v 63.005882 -14.657065 228.790009
v 63.005882 -14.657064 222.390015
v 63.005882 -14.657065 215.990005
v 63.005882 -14.657065 209.590012
v 63.005882 -14.657066 203.190002
v 63.005882 -14.657066 196.790009
v 69.405884 -14.657067 228.790009
v 69.405884 -14.657065 222.390015
v 69.405884 -14.657066 215.990005
v 69.405884 -14.657066 209.590012
v 69.405884 -14.657067 203.190002
v 69.405884 -14.657067 196.790009
v 75.805885 -14.657068 209.590012
v 75.805885 -14.657069 203.190002
v 75.805885 -14.657069 196.790009
v 45.405884 -3.957060 -87.659988
v 38.755886 -4.357058 -86.059990
v 43.805885 -4.507057 -84.809990
v 51.705883 -3.657059 -89.859985
v 50.205883 -4.407058 -84.809990
v 43.805885 -3.407058 -97.609985
v 37.405884 -3.957057 -97.609985
v 37.505886 -4.357058 -92.359985
v 43.655884 -3.957059 -93.809990
v 50.205883 -3.057058 -97.609985
v 49.705883 -3.407057 -95.909988
v 55.555885 -3.557059 -97.909988
v 64.555885 -4.057063 -95.059990
v 58.255886 -3.857060 -92.109985
v 63.005886 -5.057061 -91.209984
v 70.655884 -4.307063 -99.459984
v 69.405884 -4.707062 -91.209984
v 74.655884 -4.857064 -99.559990
v 75.455887 -4.707063 -104.509987
v 79.805885 -5.007063 -110.759987
v 83.355888 -5.057065 -105.459984
v 56.605885 -3.057060 -104.009987
v 61.155884 -3.807062 -100.509987
v 65.805885 -4.307061 -103.609985
v 50.205883 -5.057058 -71.859985
v 43.805885 -5.057057 -72.009987
v 45.805885 -5.057059 -70.009987
v 56.605885 -5.057059 -84.809990
v 43.805885 -3.057058 -104.009987
v 37.405884 -3.707057 -104.009987
v 43.805885 -4.957058 -78.409988
v 50.205883 -4.957059 -78.409988
v 78.905884 -5.057065 -100.909988
v 75.955887 -5.057061 -95.309990
v 63.005886 -3.957060 -110.409988
v 69.405884 -4.507062 -110.409988
v 69.405884 -4.707062 -116.809990
v 62.205883 -4.257061 -116.809990
v 50.205883 -2.607059 -104.009987
v 56.605885 -5.057060 -78.409988
v 56.605885 -3.407060 -110.409988
v 50.205883 -3.057058 -110.409988
v 56.605885 -5.057059 -72.009987
v 63.005886 -4.707060 -84.809990
v 63.005886 -5.007061 -78.409988
v 69.405884 -4.857061 -84.809990
v 69.405884 -5.007062 -78.409988
v 74.805885 -5.057064 -87.259987
v 75.105888 -5.057063 -79.309990
v 69.405884 -5.057061 -72.009987
v 76.205887 -5.057066 -71.459984
v 56.605885 -3.957060 -116.809990
v 37.405884 -4.807057 -78.409988
v 76.205887 -4.257065 -71.459984
v 75.105888 -4.257063 -79.309990
v 78.455887 -4.257063 -72.409988
v 77.455887 -4.257064 -79.459984
v 77.455887 -5.857064 -79.459984
v 78.455887 -5.857063 -72.409988
v 74.805885 -4.257064 -87.259987
v 77.205887 -4.257064 -86.659988
v 77.205887 -5.857064 -86.659988
v 78.905884 -4.257066 -100.909988
v 83.355888 -4.257065 -105.459984
v 76.205887 -3.007063 -4.659986
v 79.305885 -3.007066 -7.759984
v 76.555885 -3.007066 -9.359987
v 73.055885 -2.657064 -7.759984
v 60.255886 -3.007063 -26.859983
v 57.105885 -3.007061 -23.709984
v 60.255886 -2.657063 -20.559984
v 61.855885 -3.007062 -24.059984
v 55.555885 -3.007061 3.390016
v 60.105885 -3.007061 5.890017
v 60.255886 -3.007063 -1.509984
v 73.155884 -3.007064 -34.209988
v 66.355888 -3.007061 -34.759987
v 66.655884 -3.007061 -28.559984
v 73.055885 -3.007065 -26.859983
v 66.655884 -2.657064 -20.559984
v 60.255886 -2.657063 -14.159984
v 66.655884 -2.657064 -14.159984
v 73.055885 -2.657065 -20.559984
v 73.055885 -2.657065 -14.159984
v 60.255886 -2.657063 -7.759984
v 66.655884 -2.657063 -7.759984
v 90.005882 -5.057068 53.640018
v 90.005882 -5.057068 47.240021
v 83.605888 -5.057066 47.240021
v 83.605888 -5.057067 53.640018
v 83.605888 -5.057066 40.840019
v 77.205887 -5.057066 40.840019
v 77.205887 -5.057065 47.240021
v 83.605888 -5.057067 34.440018
v 77.205887 -5.057066 34.440018
v 70.805885 -5.057065 40.840019
v 70.805885 -5.057065 47.240021
v 70.805885 -5.057065 34.440018
v 88.455887 1.342932 34.440014
v 88.455887 1.342932 40.840015
v 83.605888 6.142934 40.840012
v 83.605888 6.142933 34.440010
v 88.455887 1.342933 29.640015
v 70.805885 1.342935 29.640015
v 77.205887 1.342934 29.640015
v 77.205887 6.142933 34.440010
v 70.805885 6.142934 34.440010
v 70.805885 -5.057065 28.040016
v 77.205887 -5.057066 28.040016
v 77.205887 7.442934 40.840012
v 66.005882 1.342936 29.590015
v 65.955887 1.342938 52.090015
v 66.005882 1.342935 46.540016
v 70.805885 6.142935 47.240013
v 88.455887 1.342935 52.090015
v 82.855888 1.342935 52.040016
v 83.605888 6.142934 47.240013
v 88.455887 1.342933 47.240017
v 66.005882 1.342936 35.190014
v 81.705887 4.642935 48.740013
v 71.555885 1.342937 52.040016
v 72.755882 4.642936 48.740013
v 71.555885 1.342935 53.640015
v 72.755882 4.642937 53.640011
v 83.605888 1.342933 29.640015
v 83.605888 -5.057067 28.040016
v 90.005882 -5.057068 28.040016
v 75.805885 -4.207063 -40.009983
v 67.655884 -4.057061 -40.009983
v 66.455887 -3.007063 -37.909985
v 73.805885 -3.007063 -36.309986
v 88.605888 -3.907066 -33.609982
v 79.355888 -3.007063 -34.459988
v 83.605888 -3.007065 -31.159985
v 63.005886 -4.207060 -40.009983
v 63.005886 -4.907060 -46.409981
v 56.605885 -4.507061 -46.409981
v 56.605885 -3.907063 -40.009983
v 69.405884 -4.607062 -46.409981
v 75.805885 -4.757063 -46.409981
v 82.205887 -4.257064 -40.009983
v 82.205887 -5.407063 -46.409981
v 46.805885 -2.657060 -62.209988
v 50.205883 -2.657059 -60.809986
v 50.205883 -2.657058 -65.609985
v 45.405884 -2.657058 -65.609985
v 53.605885 -2.657061 -62.209988
v 55.005886 -2.657059 -65.609985
v 56.605885 -5.057060 -59.209984
v 56.455883 -5.057060 -65.609985
v 54.605885 -5.057061 -61.209984
v 50.205883 -5.057060 -59.359982
v 50.205883 -5.107058 -52.809982
v 56.605885 -5.157060 -52.809982
v 50.205883 -4.407058 -46.409981
v 63.005886 -5.057060 -59.209984
v 63.005886 -5.057060 -65.609985
v 63.005886 -5.257060 -52.809982
v 69.405884 -5.107063 -59.209984
v 69.405884 -5.057061 -65.609985
v 69.405884 -4.607063 -52.809982
v 75.805885 -5.057061 -59.209984
v 75.805885 -5.057062 -65.609985
v 75.805885 -4.707064 -52.809982
v 82.205887 -5.507065 -52.809982
v 53.905884 -3.007059 -34.459988
v 53.905884 2.592941 -34.459988
v 59.455883 3.392939 -36.909988
v 59.455883 -3.007061 -36.309986
v 79.355888 2.592937 -34.459988
v 83.605888 3.392935 -31.159988
v 77.705887 2.592936 -31.709988
v 81.355888 3.392937 -28.859987
v 66.455887 2.592937 -37.909985
v 73.855888 3.392936 -36.909988
v 45.655884 -5.057060 30.540016
v 47.055885 -5.057059 32.640018
v 46.555885 1.342942 33.140015
v 44.955883 1.342940 30.790014
v 38.055885 -5.057059 41.590019
v 33.905884 -5.057059 35.390018
v 34.605885 1.342941 35.090015
v 38.605885 1.342940 41.090015
v 32.405884 -5.057060 28.040016
v 33.155884 1.342940 28.040014
v 35.655884 4.642941 34.640011
v 39.405884 4.642940 40.240013
v 34.355885 4.642940 28.040012
v 33.155884 1.342941 21.640015
v 34.355885 4.642942 21.640013
v 39.805885 -5.057057 32.940018
v 42.555885 -5.057059 37.090019
v 38.805885 -5.057061 28.040016
v 48.855885 1.342939 34.690014
v 51.605885 1.342938 35.190014
v 51.605885 4.642940 36.390011
v 48.405884 4.642940 35.790012
v 45.705883 4.642939 33.990013
v 43.905884 4.642941 31.240013
v 178.205887 -14.657082 215.990005
v 178.205887 -14.657082 222.390015
v 184.605881 -14.657084 222.390015
v 184.605881 -14.657084 215.990005
v 178.205887 -14.657083 209.590012
v 184.605881 -14.657084 209.590012
v 184.605881 -14.657083 228.790009
v 191.005890 -14.657084 228.790009
v 191.005890 -14.657084 222.390015
v 191.005890 -14.657084 215.990005
v 191.005890 -14.657084 209.590012
v 184.605881 -14.657084 203.190002
v 191.005890 -14.657085 203.190002
v 184.605881 -14.657084 196.790009
v 191.005890 -14.657085 196.790009
v 29.605890 34.392948 -161.010010
v 32.605888 37.592949 -158.960007
v 30.205891 37.592949 -158.960007
v 33.805889 37.592949 -161.010010
v 30.205891 37.592949 -163.110001
v 29.455891 37.592949 -161.010010
v 32.605888 37.592949 -163.110001
v 12.605889 37.592953 -158.960007
v 13.355889 37.592953 -161.010010
v 13.455891 42.642952 -161.010025
v 12.405890 42.642952 -159.310013
v 12.605889 37.592949 -163.110001
v 12.405890 42.642948 -162.710022
v 10.205890 37.592949 -163.110001
v 10.455891 42.642952 -162.710022
v 27.205891 34.392952 -155.210007
v 29.405890 40.642948 -161.010025
v 27.055889 40.642952 -155.360016
v 21.405890 34.392956 -152.809998
v 21.405890 40.642956 -153.010025
v 21.405890 40.642944 -169.010025
v 21.405890 34.392944 -169.210007
v 15.605888 34.392948 -166.809998
v 15.755890 40.642948 -166.660019
v 27.055889 40.642944 -166.660019
v 27.205891 34.392944 -166.809998
v 27.905888 27.992943 -167.510010
v 21.405888 27.992950 -170.210007
v 30.405890 42.642948 -159.310013
v 30.205893 47.192947 -158.959961
v 29.405891 47.192947 -161.009964
v 29.355890 42.642948 -161.010025
v 30.205893 47.192947 -163.109955
v 30.405890 42.642948 -162.710022
v 32.605892 47.192947 -163.109955
v 32.355892 42.642948 -162.710022
v 33.805893 47.192947 -161.009964
v 33.355892 42.642948 -161.010025
v 32.355892 42.642948 -159.310013
v -117.794121 -16.657038 -98.509979
v -122.594116 -16.657036 -97.609978
v -122.594116 -16.657032 -91.209976
v -116.194115 -16.657034 -91.209976
v -123.094116 -16.657030 -101.509979
v -122.594116 -17.157034 -84.809982
v -128.994125 -18.157034 -84.809982
v -128.994125 -18.457029 -78.409981
v -122.594116 -17.657030 -78.409981
v -128.594116 -16.657032 -103.909981
v -128.994125 -17.457035 -97.609978
v -110.794121 -16.657032 -88.709976
v -113.944115 -16.657036 -93.909981
v -128.994125 -17.707031 -91.209976
v -116.194115 -16.807035 -84.809982
v -98.894119 -10.257035 -97.309982
v -104.144119 -10.257035 -93.859978
v -101.394119 -10.257034 -87.009979
v -95.744118 -10.257038 -89.759979
v -103.194115 -10.257034 -104.259979
v -107.994118 -10.257035 -100.109978
v -108.594116 -10.357035 -110.509979
v -112.844116 -10.357035 -105.709976
v -106.994118 -10.257036 -84.309982
v -109.244118 -10.257036 -90.259979
v -112.594116 -10.357036 -95.709976
v -116.644119 -10.357034 -100.559982
v -98.894119 -3.857036 -97.309990
v -95.744118 -3.857036 -89.759987
v -95.744118 2.542964 -89.759987
v -98.894119 2.542964 -97.309990
v -103.194115 -3.857036 -104.259987
v -103.194115 2.542964 -104.259987
v -108.594116 -3.857035 -110.509987
v -108.594116 2.542966 -110.509987
v -90.294121 10.442963 -91.959991
v -93.694115 9.542963 -100.059998
v -86.994118 16.492964 -102.759995
v -91.794121 15.392962 -110.709991
v -98.244118 9.242962 -107.459991
v -97.794121 13.992964 -117.759995
v -103.944115 9.192966 -114.159996
v -90.944115 20.742962 -119.910004
v -99.094116 20.292967 -124.910004
v -105.644119 14.542965 -122.559998
v -111.394119 8.992965 -118.659996
v -115.594116 2.542967 -114.709984
v -111.394119 16.342966 -128.910004
v -113.994118 11.342968 -126.409996
v -119.394119 8.092967 -122.309998
v -122.144119 -10.357032 -103.659981
v 10.805883 -4.857056 4.490014
v 9.955883 -5.507053 8.440014
v 18.055883 -5.207056 5.340014
v 11.805883 -3.807055 -1.609987
v 4.455884 -3.407054 -1.609987
v 4.105883 -4.957055 4.590014
v 18.255884 -3.857056 -1.859987
v 24.355885 -3.707057 -1.659987
v 24.605885 -4.907056 5.090014
v 30.305883 -2.707057 -7.009984
v 24.605885 -2.807058 -8.009984
v 30.705885 -3.707057 -0.209987
v 32.305885 -4.307057 6.590014
v 38.155884 -2.957058 -11.859987
v 36.555885 -2.857059 -6.659986
v 43.555885 -3.007061 -7.959983
v -4.694117 -5.857052 6.140015
v 2.755883 -5.857051 8.940014
v 18.205885 -5.257057 11.190014
v 24.605885 -5.257058 11.190014
v 16.455885 -5.207056 18.290018
v 22.205885 -5.057055 15.390018
v 33.255886 -2.357058 -24.959984
v 30.755884 -1.707056 -28.959984
v 31.005884 -1.857059 -20.809984
v 34.005886 -2.657058 -19.409985
v 26.655884 -1.457057 -33.259987
v 24.605885 -0.557058 -27.209986
v 32.305885 -2.707058 -13.859983
v 38.205883 -4.007060 4.440018
v 34.205883 -4.807058 12.340014
v 40.455883 -4.857059 11.340014
v 37.005886 -3.557059 -0.759987
v 40.155884 -3.507058 -18.909985
v 24.605885 -1.957057 -14.409985
v 24.605885 -1.007058 -20.809986
v 5.405884 -0.157055 -8.009986
v 11.805884 -1.207056 -8.009985
v 11.805884 1.842944 -14.409986
v 5.405884 2.492945 -14.409986
v 11.805884 2.542944 -20.809988
v 18.205885 1.392944 -20.809986
v 18.205885 1.292943 -27.209986
v 11.805884 1.842944 -27.209988
v 18.205885 0.042944 -14.409986
v 18.205885 -2.007057 -8.009985
v -56.244114 17.692961 -124.309998
v -50.794113 16.942957 -129.660004
v -61.244114 18.492960 -127.709991
v -35.244118 -5.057045 -127.609985
v -35.244118 1.342955 -127.609985
v -39.694118 1.342955 -123.159988
v -39.694118 -5.057045 -123.159988
v -53.344112 13.442957 -122.059998
v -48.044113 14.042958 -126.909996
v -42.644112 14.992956 -133.010010
v -44.694115 18.592960 -135.160004
v -44.994118 10.142954 -125.609993
v -40.494118 10.842955 -131.159988
v -41.894115 5.442956 -125.309990
v -37.994118 5.892954 -129.459991
v -34.544113 18.092957 -137.710007
v -37.144112 19.592953 -140.760010
v -33.494114 12.992953 -135.559982
v -32.244118 7.842955 -133.759995
v -31.494116 1.342955 -132.959991
v -39.394115 -5.057045 -116.809990
v -32.994118 -5.057046 -116.809990
v -31.844116 -5.057046 -123.209984
v -26.594116 -5.007048 -116.809990
v -26.844116 -5.057045 -125.409988
v -44.594116 -5.057044 -119.159988
v -18.644117 0.192951 -136.909988
v -19.094116 4.292951 -137.759995
v -25.144117 2.542953 -134.959991
v -24.744116 -2.207047 -134.109985
v -25.894117 2.542953 -136.259995
v -19.844116 4.292953 -139.059982
v -21.194115 14.192951 -142.010010
v -21.244112 19.092949 -144.360001
v -28.944115 18.292952 -141.910004
v -28.044115 13.492954 -139.659988
v -20.694115 8.342953 -140.209991
v -26.094114 7.692953 -137.309982
v -23.394114 21.592955 -148.309998
v -31.094112 20.742950 -145.809998
v 5.405881 -14.657055 177.590027
v 5.405881 -14.657054 183.990036
v 11.805882 -14.657056 183.990036
v 11.805882 -14.657056 177.590027
v 5.405881 -14.657055 171.190033
v 11.805882 -14.657056 171.190033
v 5.405881 -14.657054 164.790039
v 11.805882 -14.657056 164.790039
v 5.405881 -14.657055 158.390030
v 11.805882 -14.657057 158.390030
v 5.405881 -14.657057 151.990036
v 11.805882 -14.657057 151.990036
v 5.405881 -14.657056 145.590027
v 11.805882 -14.657057 145.590027
v 18.205883 -14.657056 183.990036
v 18.205883 -14.657057 177.590027
v 18.205883 -14.657058 171.190033
v 18.205883 -14.657058 164.790039
v 18.205883 -14.657057 158.390030
v 18.205883 -14.657058 151.990036
v 18.205883 -14.657059 145.590027
v 24.605883 -14.657058 164.790039
v 24.605883 -14.657058 158.390030
v 24.605883 -14.657059 151.990036
v -7.394119 -14.657054 139.190033
v -7.394119 -14.657054 145.590027
v -0.994118 -14.657056 145.590027
v -0.994118 -14.657056 139.190033
v -0.994118 -14.657054 164.790039
v -0.994118 -14.657054 171.190033
v -7.394119 -14.657054 177.590027
v -7.394119 -14.657052 183.990036
v -0.994118 -14.657053 183.990036
v -0.994118 -14.657054 177.590027
v -7.394119 -14.657053 171.190033
v -7.394119 -14.657053 164.790039
v -0.994118 -14.657054 158.390030
v -0.994118 -14.657055 151.990036
v -13.794118 -14.657052 177.590027
v -13.794118 -14.657051 183.990036
v -7.394119 -14.657053 158.390030
v -13.794118 -14.657052 171.190033
v -13.794118 -14.657052 164.790039
v -7.394119 -14.657054 151.990036
v -13.794118 -14.657052 158.390030
v 5.405881 -14.657058 139.190033
v -13.794118 -14.657053 151.990036
v -13.794118 -14.657053 145.590027
v -26.594118 -14.657050 164.790039
v -26.594118 -14.657051 171.190033
v -20.194118 -14.657051 171.190033
v -20.194118 -14.657050 164.790039
v -20.194118 -14.657050 183.990036
v -20.194118 -14.657054 190.390015
v -13.794118 -14.657055 190.390015
v -20.194118 -14.657051 177.590027
v -20.194118 -14.657050 158.390030
v -20.194118 -14.657051 151.990036
v -20.194118 -14.657051 145.590027
v 166.955887 1.192920 85.140015
v 172.005890 1.192921 80.840019
v 172.005890 7.492920 78.290009
v 166.955887 7.492922 82.540009
v 166.955887 -4.907078 86.190018
v 172.055893 -4.907078 81.890015
v 160.955887 7.492922 85.390007
v 166.955887 12.892919 79.140007
v 160.955887 12.692922 81.940010
v 160.955887 1.142924 87.940018
v 160.955887 -4.907077 88.990013
v 154.355881 7.542923 86.340012
v 154.405884 10.942924 82.790009
v 154.405884 1.192925 88.790016
v 154.405884 -4.907078 89.840019
v 147.905884 7.542923 84.840012
v 148.055893 10.242923 80.340012
v 148.055893 1.392925 86.290016
v 148.055893 -4.907074 87.390015
v 141.755890 7.592925 85.440010
v 141.855881 12.092925 81.490005
v 141.855881 3.392926 87.440018
v 141.855881 -4.857073 88.490013
v 135.255890 7.542926 85.840012
v 135.255890 12.942926 82.440010
v 135.255890 2.292928 88.390015
v 172.005890 12.942920 74.840012
v 43.005882 -14.657063 140.590027
v 38.405880 -14.657061 140.340027
v 37.405880 -14.657061 145.590027
v 43.805882 -14.657061 145.590027
v 31.005882 -14.657059 177.590027
v 31.005882 -14.657059 183.990036
v 37.405880 -14.657059 183.990036
v 37.405880 -14.657060 177.590027
v 31.005882 -14.657059 171.190033
v 37.405880 -14.657060 171.190033
v 31.005882 -14.657059 164.790039
v 37.405880 -14.657060 164.790039
v 31.005882 -14.657059 158.390030
v 37.405880 -14.657060 158.390030
v 31.005882 -14.657061 151.990036
v 37.405880 -14.657061 151.990036
v 31.005882 -14.657060 145.590027
v 31.005882 -14.657061 139.190033
v 43.805882 -14.657060 183.990036
v 43.805882 -14.657061 177.590027
v 43.805882 -14.657061 171.190033
v 43.805882 -14.657061 164.790039
v 43.805882 -14.657062 158.390030
v 43.805882 -14.657062 151.990036
v 50.205879 -14.657061 183.990036
v 50.205879 -14.657061 177.590027
v 50.205879 -14.657062 171.190033
v 50.205879 -14.657062 164.790039
v 50.205879 -14.657062 158.390030
v 50.205879 -14.657063 151.990036
v 50.205879 -14.657063 145.590027
v 50.205879 -14.657063 139.190033
v 56.605881 -14.657062 183.990036
v 56.605881 -14.657063 177.590027
v 56.605881 -14.657063 171.190033
v 56.605881 -14.657063 164.790039
v 56.605881 -14.657063 158.390030
v 56.605881 -14.657063 151.990036
v 56.605881 -14.657063 145.590027
v 56.605881 -14.657064 139.190033
v 63.005882 -14.657063 183.990036
v 63.005882 -14.657063 177.590027
v 63.005882 -14.657064 171.190033
v 63.005882 -14.657063 164.790039
v 63.005882 -14.657063 158.390030
v 63.005882 -14.657063 151.990036
v 63.005882 -14.657065 145.590027
v 63.005882 -14.657065 139.190033
v 69.405884 -14.657063 183.990036
v 69.405884 -14.657064 177.590027
v 69.405884 -14.657064 171.190033
v 69.405884 -14.657064 164.790039
v 69.405884 -14.657064 158.390030
v 69.405884 -14.657065 151.990036
v 69.405884 -14.657065 145.590027
v 69.405884 -14.657066 139.190033
v 133.405884 -14.657073 183.990036
v 133.405884 -14.657077 190.390015
v 139.805893 -14.657078 190.390015
v 139.805893 -14.657074 183.990036
v 133.405884 -14.657073 177.590027
v 139.805893 -14.657075 177.590027
v 133.405884 -14.657074 171.190033
v 139.805893 -14.657075 171.190033
v 133.405884 -14.657076 164.790039
v 139.805893 -14.657076 164.790039
v 133.405884 -14.657074 158.390030
v 139.805893 -14.657075 158.390030
v 133.405884 -14.657075 151.990036
v 139.805893 -14.657076 151.990036
v 133.405884 -14.657075 145.590027
v 139.805893 -14.657075 145.590027
v 146.205887 -14.657080 190.390015
v 146.205887 -14.657075 183.990036
v 146.205887 -14.657076 177.590027
v 146.205887 -14.657076 171.190033
v 146.205887 -14.657077 164.790039
v 146.205887 -14.657076 158.390030
v 146.205887 -14.657076 151.990036
v 146.205887 -14.657077 145.590027
v 152.605881 -14.657080 190.390015
v 152.605881 -14.657075 183.990036
v 152.605881 -14.657077 177.590027
v 152.605881 -14.657077 171.190033
v 152.605881 -14.657077 164.790039
v 152.605881 -14.657076 158.390030
v 152.605881 -14.657078 151.990036
v 152.605881 -14.657078 145.590027
v 159.005890 -14.657077 183.990036
v 159.005890 -14.657078 177.590027
v 159.005890 -14.657079 171.190033
v 159.005890 -14.657079 164.790039
v 159.005890 -14.657078 158.390030
v 159.005890 -14.657079 151.990036
v 159.005890 -14.657080 145.590027
v 165.405884 -14.657078 183.990036
v 165.405884 -14.657078 177.590027
v 165.405884 -14.657079 171.190033
v 165.405884 -14.657080 164.790039
v 165.405884 -14.657079 158.390030
v 165.405884 -14.657080 151.990036
v 165.405884 -14.657080 145.590027
v 165.405884 -14.657083 190.390015
v 171.805893 -14.657084 190.390015
v 171.805893 -14.657078 183.990036
v 171.805893 -14.657080 177.590027
v 171.805893 -14.657080 171.190033
v 171.805893 -14.657081 164.790039
v 171.805893 -14.657080 158.390030
v 171.805893 -14.657082 151.990036
v 171.805893 -14.657081 145.590027
v 122.455887 3.142931 -83.859985
v 122.455887 3.442930 -84.059990
v 122.455887 1.142931 -84.259987
v 122.455887 1.192931 -84.009987
v 122.455887 4.142930 -81.609985
v 122.455887 4.492930 -81.609985
v 122.455887 3.142930 -79.359985
v 122.455887 3.442930 -79.159988
v 122.455887 1.142930 -78.959984
v 122.455887 1.142930 -79.209984
v 121.005882 4.042931 -78.709984
v 120.905884 1.342931 -77.659988
v 120.855888 1.342931 -85.559990
v 120.955887 4.042931 -84.509987
v 122.455887 -5.057069 -84.809990
v 120.355888 -5.057070 -85.309990
v 121.155884 5.142930 -82.459984
v 120.305885 -5.057071 -88.009987
v 120.655884 1.342929 -87.259987
v 123.805885 1.342928 -87.259987
v 123.805885 -5.107072 -88.009987
v 120.805885 4.642931 -86.109985
v 123.805885 4.642930 -86.109985
v 121.005882 6.242930 -82.659988
v 0.655888 30.142950 -150.460007
v 0.855889 36.592945 -150.860001
v 2.755889 36.592945 -147.610001
v 2.305888 30.142952 -147.610001
v 0.855889 36.592949 -144.360001
v 0.655888 30.142946 -144.760010
v -2.844111 36.592949 -144.360001
v -2.644112 30.142946 -144.760010
v -0.994110 44.542946 -174.410019
v 0.855889 36.592957 -177.660004
v -2.844111 36.592957 -177.660004
v -2.844111 36.592945 -150.860001
v -4.744111 36.592945 -147.610001
v -0.994110 44.542946 -147.610016
v -134.444122 -5.807035 51.540020
v -130.094116 -5.207035 51.290020
v -135.694122 -4.157034 53.040020
v -130.194122 -3.807032 51.040020
v -114.844116 -6.607035 32.840019
v -110.994118 -5.907034 32.540020
v -113.394119 -5.857038 34.340019
v -114.244118 -3.907036 36.190018
v -132.344116 -4.707033 42.240021
v -132.344116 -4.957033 41.940018
v -132.294113 -4.007034 39.790020
v -132.294113 -3.757032 39.740021
v -132.344116 -5.107033 37.640018
v -132.344116 -4.857033 37.340019
v -145.044113 24.642969 22.990015
v -146.394119 24.842970 24.140015
v -142.544113 29.592970 26.640018
v -145.844116 24.992971 26.190016
v -144.194122 24.892971 26.340015
v -143.694122 24.692970 24.340015
v -69.794121 18.942961 -33.109982
v -69.744118 18.342962 -29.959982
v -61.494114 18.942961 -29.809984
v -61.594112 20.142958 -36.109982
v -71.844116 18.092958 -22.509981
v -61.444115 18.092957 -23.459982
v -73.644119 15.242958 -47.659977
v -65.444115 17.792957 -48.159981
v -68.144119 16.092960 -53.859978
v 107.905884 7.792933 -84.809998
v 111.105888 7.792932 -84.809998
v 111.055885 7.792933 -91.209991
v 107.855888 7.792933 -91.259995
v 107.955887 7.792933 -78.409996
v 111.155884 7.792933 -78.409996
v 107.955887 7.792934 -71.959991
v 111.155884 7.792933 -72.009995
v 111.155884 8.142930 -78.409996
v 111.155884 8.142930 -72.009995
v 107.955887 7.742934 -72.009995
v 107.905884 7.742933 -78.409996
v 111.105888 8.142929 -84.809998
v 107.905884 7.742933 -84.809998
v 111.055885 8.142933 -91.209991
v 107.855888 7.742933 -91.209991
v 117.405884 7.742932 -78.409996
v 117.405884 7.742932 -72.009995
v 123.805885 7.742931 -78.409996
v 123.805885 7.742931 -72.009995
v 117.405884 7.742932 -84.809998
v 123.805885 7.742931 -84.809998
v 117.405884 7.742931 -91.209991
v 123.805885 7.742930 -91.209991
v 123.805885 1.342930 -91.209984
v 123.805885 1.342931 -84.809990
v 123.805885 -5.057070 -91.209984
v 123.805885 -5.057069 -84.809990
v 123.805885 1.342930 -78.409988
v 123.805885 -5.057070 -78.409988
v 123.805885 -5.057069 -72.009987
v 123.805885 1.342931 -72.009987
v 117.405884 -5.057068 -72.009987
v 117.405884 -5.057069 -78.409988
v 111.105888 -5.057068 -78.409988
v 111.155884 -5.057067 -72.009987
v 117.405884 -5.057068 -84.809990
v 111.105888 -5.057067 -84.809990
v 117.405884 -5.057069 -91.209984
v 111.055885 -5.057068 -91.209984
v 117.405884 1.342931 -91.209984
v 111.055885 1.342932 -91.209984
v 120.355888 -5.107069 -75.209984
v 123.805885 -5.057071 -75.209984
v 123.805885 1.342928 -75.959984
v 120.705887 1.342928 -75.959984
v 120.855888 4.642929 -77.109985
v 123.805885 4.642928 -77.159988
v 121.155884 5.142930 -80.759987
v 123.805885 5.142930 -80.759987
v 123.805885 6.242930 -80.559990
v 120.355888 6.942930 -80.409996
v -144.444122 14.542968 50.590023
v -142.294113 10.692970 48.090008
v -139.194122 9.992968 51.640011
v -142.294113 14.092969 53.590023
v -143.494125 17.542969 47.740021
v -140.894119 14.442966 44.590023
v -140.744125 18.892971 48.990021
v -136.844116 16.092966 45.940022
v -135.844116 13.242966 50.340023
v -130.844116 9.592969 49.640011
v -132.494125 12.542969 43.490025
v -140.044113 16.792973 52.590023
v -137.394119 7.942965 52.240013
v 5.405881 -14.657057 196.790009
v 5.405881 -14.657059 203.190002
v 11.805882 -14.657059 203.190002
v 11.805882 -14.657058 196.790009
v 5.405881 -14.657058 190.390015
v 11.805882 -14.657059 190.390015
v 11.805882 -14.657056 222.390015
v 11.805882 -14.657058 228.790009
v 18.205883 -14.657058 228.790009
v 18.205883 -14.657058 222.390015
v 11.805882 -14.657058 215.990005
v 18.205883 -14.657059 215.990005
v 11.805882 -14.657058 209.590012
v 18.205883 -14.657059 209.590012
v 18.205883 -14.657060 203.190002
v 18.205883 -14.657059 196.790009
v 18.205883 -14.657061 190.390015
v 24.605883 -14.657059 222.390015
v 24.605883 -14.657060 215.990005
v -0.994118 -14.657055 222.390015
v -0.994118 -14.657054 228.790009
v 5.405881 -14.657056 228.790009
v 5.405881 -14.657056 222.390015
v -0.994118 -14.657055 215.990005
v 5.405881 -14.657057 215.990005
v -0.994118 -14.657056 209.590012
v 5.405881 -14.657057 209.590012
v -0.994118 -14.657057 203.190002
v -13.794118 -14.657053 222.390015
v -13.794118 -14.657053 228.790009
v -7.394119 -14.657054 228.790009
v -7.394119 -14.657054 222.390015
v -13.794118 -14.657054 215.990005
v -7.394119 -14.657055 215.990005
v -7.394119 -14.657055 209.590012
v -13.794118 -14.657053 209.590012
v -13.794118 -14.657055 203.190002
v -7.394119 -14.657056 203.190002
v -13.794118 -14.657055 196.790009
v -7.394119 -14.657055 196.790009
v -0.994118 -14.657056 196.790009
v -26.594118 -14.657052 196.790009
v -26.594118 -14.657052 203.190002
v -20.194118 -14.657054 203.190002
v -20.194118 -14.657053 196.790009
v -20.194118 -14.657051 222.390015
v -20.194118 -14.657052 228.790009
v -20.194118 -14.657053 215.990005
v -20.194118 -14.657053 209.590012
v 45.855888 17.242943 -178.010010
v 41.755890 17.242943 -178.010010
v 42.005890 23.692942 -177.559998
v 45.605888 23.692942 -177.559998
v 45.455887 30.142942 -177.309998
v 42.155888 30.142942 -177.309998
v 47.105888 30.142944 -174.410004
v 47.405888 23.692944 -174.410004
v 45.455887 30.142946 -171.559998
v 45.605888 23.692945 -171.309998
v 41.955887 36.592949 -177.660004
v 45.655888 36.592949 -177.660004
v -149.794113 13.542971 -58.659977
v -149.894119 13.542974 -55.659977
v -152.544113 10.342970 -54.209995
v -152.394119 10.342971 -60.209995
v -164.094116 4.692973 -60.659988
v -164.444122 3.042974 -60.609985
v -168.894119 2.442975 -60.809986
v -168.894119 4.542973 -60.909988
v -159.844116 4.342973 -65.459984
v -163.544113 4.542970 -65.459984
v -159.294113 4.542972 -60.659988
v -159.044113 2.442972 -60.609985
v -159.594116 3.542974 -65.459984
v -163.794113 3.742974 -65.459984
v 111.155884 22.442932 -67.560005
v 111.155884 23.742931 -62.409985
v 116.155884 23.842934 -65.109970
v 116.555885 22.992931 -70.959999
v 111.155884 19.992931 -71.809998
v 116.405884 21.692934 -77.860001
v 123.955894 26.592932 -79.459969
v 131.405884 29.492931 -80.909973
v 131.355881 29.792934 -88.059975
v 123.905891 26.892929 -86.609970
v 116.355888 21.792931 -85.010002
v 131.805893 28.792927 -95.059975
v 124.355896 26.192928 -93.659973
v 116.755882 24.142931 -93.309975
v 131.455887 28.392933 -101.109970
v 124.005890 26.392935 -99.709969
v 116.255882 24.892927 -99.359970
v 131.905884 27.492929 -106.809975
v 124.455894 26.142931 -105.409973
v 116.705887 24.692932 -105.059975
v 128.155884 25.692934 -112.209969
v 124.505890 25.542934 -111.509972
v 116.905884 22.742929 -109.860001
v 121.105888 24.192930 -117.959969
v 113.505882 22.192932 -116.360001
v 124.155891 26.242929 -72.559975
v 131.605881 29.192926 -74.009972
v 107.655884 21.892931 -121.560005
v 108.555885 17.592932 -115.209991
v 103.955887 17.892931 -120.859993
v 111.155884 22.442932 -105.010002
v 111.105888 23.742937 -99.859970
v 111.155884 20.042931 -109.259995
v 104.405884 3.192933 -16.809988
v 104.405884 3.142933 -16.459988
v 104.405884 5.392933 -16.259989
v 104.405884 5.642932 -16.559990
v 105.105888 6.692932 -18.659983
v 105.855888 8.292933 -15.259988
v 110.105888 13.192929 -19.859987
v 86.955887 2.592933 -26.909988
v 84.205887 2.592935 -25.259987
v 90.305885 3.392934 -22.009987
v 91.655884 3.392934 -24.909988
v 96.505882 2.592931 -20.809988
v 96.755882 2.592933 -23.959988
v 91.505882 -3.007067 -24.859983
v 96.755882 -3.007067 -23.959984
v 103.855888 3.392932 -24.009987
v 104.105888 3.392930 -20.659988
v 105.705887 7.542933 -22.059982
v 104.055885 2.292934 -28.009987
v 106.355888 7.342930 -27.659983
v 104.055885 -4.107066 -28.009983
v 104.055885 -3.007068 -23.809984
v 86.955887 -3.007067 -26.909985
v 104.405884 3.392931 -19.809988
v 104.005882 -3.007070 -20.609983
v 101.405884 -5.557065 -40.009983
v 101.405884 -4.657069 -33.609982
v 103.905884 -4.107066 -34.409981
v 104.505882 -5.057068 -40.759983
v 101.405884 -5.307065 -46.409981
v 104.955887 -5.057067 -47.159981
v 101.405884 -4.207069 -27.209984
v 95.005882 -4.207068 -27.209984
v 95.005882 -4.657068 -33.609982
v 95.005882 -4.807065 -40.009983
v 103.905884 2.292933 -34.409985
v 104.505882 1.342934 -40.759987
v 104.955887 1.342933 -47.159985
v 106.805885 7.192934 -34.209991
v 106.605888 7.192932 -40.859989
v 109.555885 13.092932 -35.059978
v 108.605888 13.092932 -41.559978
v 104.955887 7.742933 -47.159988
v 104.955887 14.142931 -47.159977
v 102.905884 6.092933 -17.059982
v 102.805885 3.392933 -18.109987
v 99.955887 -5.057068 -51.059982
v 106.205887 -5.057069 -50.709984
v 106.805885 1.342933 -52.859985
v 106.805885 7.742932 -52.859989
v 102.305885 -3.007070 -20.559984
v 102.605888 3.392931 -19.809988
v 102.755882 6.692932 -18.659983
v 102.955887 8.292935 -15.259988
v 103.105888 7.192932 -15.009987
v 102.305885 -3.007067 -17.859983
v 106.305885 -5.057069 -50.709984
v 106.905884 -5.057067 -52.709984
v 100.355888 -4.257068 -53.009983
v 99.955887 -4.257069 -51.059982
v 93.755882 -4.257066 -52.559982
v 93.755882 -5.057064 -52.559982
v 89.355888 18.592936 -127.859993
v 92.805885 20.942934 -131.010010
v 86.355888 23.492935 -134.059998
v 82.705887 21.092936 -130.860001
v 87.405884 14.392937 -127.009995
v 81.005882 14.842937 -130.110001
v 85.805885 7.892939 -124.859993
v 79.705887 8.092938 -128.209991
v 79.755882 24.992939 -139.010010
v 76.305885 21.142942 -135.410004
v 76.305885 14.842937 -135.460007
v 75.155884 8.342938 -133.859985
v 95.205887 17.242939 -123.859993
v 99.405884 19.842936 -126.209991
v -127.994118 -8.557034 39.990021
v -120.894119 -8.357035 39.990021
v -120.894119 -6.457034 32.090019
v -127.994118 -6.557034 30.990011
v -116.794121 -5.607036 47.140018
v -116.244118 -7.507035 43.840019
v -120.894119 -5.707034 47.890018
v -116.794121 -6.057034 32.890018
v -116.244118 -7.507036 36.140018
v -122.594116 -10.157035 30.390013
v -122.594116 -9.907034 23.990013
v -128.994125 -10.057032 23.990013
v -128.994125 -10.307034 30.390013
v -116.894119 -8.957038 56.440018
v -116.194115 -9.707034 49.590019
v -122.594116 -10.107033 49.590019
v -123.294121 -10.057035 57.190018
v 27.905888 27.992945 -154.510010
v 30.255888 22.192945 -152.210007
v 33.905888 22.192947 -161.010010
v 30.605888 27.992949 -161.010010
v 21.405888 27.992947 -151.809998
v 21.405888 22.192947 -148.510010
v 8.905888 22.192951 -161.010010
v 12.205888 27.992950 -161.010010
v 14.905888 27.992945 -167.510010
v 12.555888 22.192951 -169.860001
v 42.805885 4.592941 -20.609987
v 44.455883 3.392941 -17.459988
v 47.555885 4.592941 -19.109987
v 47.205883 3.392938 -21.059988
v 44.155884 3.392941 -22.009987
v 46.605885 -3.007061 -20.709984
v 46.855885 -3.007061 -19.359983
v 44.605885 5.342942 -18.059990
v 47.455883 5.342941 -20.359989
v 45.205883 7.442940 -19.859982
v 45.205883 4.592941 -19.859987
v 43.655884 5.342941 -21.559990
v 46.355885 2.592939 -26.909988
v 49.105885 2.592940 -25.259987
v -120.294121 2.042964 60.190014
v -122.994118 6.842963 63.440010
v -116.644119 7.392966 63.290012
v -113.944115 2.592963 60.040016
v -110.194115 8.742963 63.090012
v -107.494118 3.942961 59.840012
v -103.744118 9.892962 63.140011
v -101.044121 5.092962 59.840012
v -97.694115 10.242962 64.490005
v -94.744118 5.242961 61.090012
v -78.794121 1.342959 62.440014
v -84.644119 1.342959 59.540016
v -87.344116 5.792958 63.140011
v -81.294121 5.492962 65.640015
v -72.444115 1.342957 64.090019
v -74.944115 5.292957 67.240013
v -91.044121 10.342961 66.240005
v -72.444115 -5.057040 64.090019
v -78.794121 -5.057040 62.440018
v -84.644119 -5.057040 59.540020
v -64.544121 -5.057044 66.440018
v -64.544121 1.342956 66.440018
v -66.344116 6.342958 69.490013
v -64.944115 10.742958 72.890007
v -58.094116 10.742954 75.540009
v -59.394115 6.342958 71.440018
v -58.394115 1.342956 68.440018
v 113.205894 38.042942 -12.259988
v 113.255890 38.042938 -15.909987
v 110.055893 48.042942 -14.109985
v 77.405884 -11.657067 92.390022
v 72.605888 -11.657067 92.390022
v 72.605888 -11.707067 97.240021
v 77.405884 -11.707067 97.240021
v 82.205887 -11.707067 97.240021
v 82.205887 -11.657067 92.390022
v 72.605888 -11.857062 102.040024
v 77.405884 -11.857064 102.040024
v 82.205887 -11.857065 102.040024
v 72.605888 -11.907064 106.840027
v 77.405884 -11.907066 106.840027
v 82.205887 -11.907066 106.840027
v 72.605888 -11.857064 111.640022
v 77.405884 -11.857065 111.640022
v 82.205887 -11.857065 111.640022
v 72.605888 -11.707067 116.440025
v 77.405884 -11.707067 116.440025
v 82.205887 -11.707067 116.440025
v 72.605888 -11.457067 121.240021
v 77.405884 -11.457067 121.240021
v 82.205887 -11.457067 121.240021
v 72.605888 -12.907066 97.540024
v 72.605888 -12.657067 92.790024
v 72.605888 -13.057064 102.240021
v 72.605888 -13.107064 106.990021
v 72.605888 -13.057065 111.740021
v 72.605888 -12.907066 116.490021
v 72.605888 -12.657066 121.240021
v 77.405884 -12.657067 121.240021
v 82.205887 -12.657067 121.240021
v 77.405884 -12.907068 97.540024
v 77.405884 -12.657067 92.790024
v 82.205887 -12.657067 92.790024
v 82.205887 -12.907068 97.540024
v 77.405884 -13.057064 102.240021
v 77.405884 -12.907066 116.490021
v 82.205887 -12.907067 116.490021
v 33.605881 -14.657059 107.190025
v 30.855883 -14.657060 109.290024
v 31.005882 -14.657058 113.590027
v 45.155880 -14.657061 135.890030
v 42.605881 -14.657063 132.390030
v 41.855881 -14.657061 134.090027
v 43.205879 -14.657060 136.440033
v 37.455879 -14.657061 132.690033
v 39.155880 -14.657061 134.090027
v 36.205879 -14.657059 137.140030
v 38.405880 -14.657059 136.540039
v 43.805882 -14.657063 126.390022
v 37.405880 -14.657062 126.390022
v 31.005882 -14.657060 132.790039
v 50.205879 -14.657063 132.790039
v 31.005882 -14.657058 100.790024
v 28.355883 -14.657057 101.990021
v 30.405882 -14.657060 105.140022
v 26.705883 -14.657059 129.340027
v 29.355883 -14.657062 131.790039
v 29.355883 -14.657061 126.940025
v 23.305882 -14.657059 134.190033
v 26.105883 -14.657056 137.240036
v 25.305882 -14.657058 123.590027
v 23.305882 -14.657056 125.840027
v 31.005882 -14.657058 119.990021
v 24.605883 -14.657057 119.990021
v 31.005882 -14.657061 126.390022
v 39.955883 -11.707059 135.040024
v 41.555885 -12.107059 135.390015
v 38.955883 -11.707059 136.340012
v 39.905884 -10.357059 135.840012
v 42.255882 -12.807059 136.340012
v 41.305885 -12.407059 137.490021
v 41.855881 -14.657063 138.790039
v 39.805885 -11.707063 137.740021
v 39.355881 -14.657063 138.490036
v 70.955887 -10.957067 97.240021
v 71.705887 -10.857065 97.990021
v 72.405884 -10.857066 97.240021
v 71.705887 -10.957063 96.490021
v 72.005882 -14.657065 98.240021
v 72.655884 -14.657066 97.590027
v 71.355888 -14.657066 97.590027
v 72.005882 -14.657066 96.940025
v 70.955887 -10.957066 116.390022
v 71.705887 -10.957066 117.140022
v 72.405884 -10.857067 116.390022
v 71.705887 -10.857067 115.640022
v 72.005882 -14.657066 115.390022
v 72.655884 -14.657066 116.040024
v 71.355888 -14.657066 116.040024
v 72.005882 -14.657065 116.690025
v 37.405880 -14.657059 119.990021
v 37.405880 -14.657059 113.590027
v 37.405880 -14.657060 107.190025
v 37.405880 -14.657058 100.790024
v 31.005882 -14.657059 94.390022
v 37.405880 -14.657060 94.390022
v 43.805882 -14.657060 119.990021
v 43.805882 -14.657060 113.590027
v 43.805882 -14.657061 107.190025
v 43.805882 -14.657060 100.790024
v 43.805882 -14.657062 94.390022
v 50.205879 -14.657063 126.390022
v 50.205879 -14.657061 119.990021
v 50.205879 -14.657061 113.590027
v 50.205879 -14.657062 107.190025
v 50.205879 -14.657061 100.790024
v 50.205879 -14.657062 94.390022
v 56.605881 -14.657063 132.790039
v 56.605881 -14.657064 126.390022
v 56.605881 -14.657062 119.990021
v 56.605881 -14.657062 113.590027
v 56.605881 -14.657062 107.190025
v 56.605881 -14.657062 100.790024
v 56.605881 -14.657063 94.390022
v 50.205879 -14.657062 87.990021
v 56.855881 -14.657062 88.840027
v 63.005882 -14.657064 132.790039
v 63.005882 -14.657065 126.390022
v 63.005882 -14.657063 119.990021
v 63.005882 -14.657063 113.590027
v 63.005882 -14.657063 107.190025
v 63.005882 -14.657063 99.840027
v 64.105888 -14.657063 94.240021
v 69.405884 -14.657065 132.790039
v 69.405884 -14.657066 126.390022
v 69.405884 -14.657063 119.990021
v 69.405884 -14.657063 113.590027
v 69.405884 -14.657064 107.190025
v 69.505882 -14.657064 98.990021
v 45.855888 17.242941 -157.760010
v 45.855888 17.242943 -164.309998
v 45.605888 24.692942 -164.460007
v 45.605888 24.692940 -157.610001
v 45.855888 17.242945 -151.210007
v 45.605888 23.692944 -150.710007
v 41.955887 22.142942 -164.410004
v 41.955887 22.142941 -157.610001
v 42.005890 24.692940 -157.610001
v 42.005890 24.692942 -164.460007
v 41.955887 22.142944 -150.809998
v 42.005890 23.692944 -150.710007
v 18.205885 4.042946 -52.809990
v 24.605885 4.042945 -52.809990
v 24.605885 4.042946 -59.209991
v 18.205885 4.042947 -59.209991
v 24.605885 2.942945 -48.709988
v 28.755884 2.942945 -52.809986
v 28.755884 2.942945 -59.209988
v 29.155884 3.742944 -52.609989
v 29.155884 3.742944 -59.409988
v 30.055883 3.742944 -52.259991
v 30.055883 3.742944 -59.759991
v 24.755884 3.742944 -48.309990
v 25.155884 3.742945 -47.459991
v 18.205885 2.942945 -48.709988
v 18.055883 3.742945 -48.309990
v 17.655884 3.742946 -47.459991
v 12.755885 3.742948 -52.259991
v 13.655885 3.742948 -52.609989
v 12.755885 3.742948 -59.759991
v 13.655885 3.742948 -59.409988
v 16.955885 4.092944 -63.859989
v 18.055883 4.092944 -63.709991
v 14.055884 2.942946 -52.809986
v 14.055884 2.942945 -59.209988
v 18.205885 3.542944 -63.309990
v 24.555883 1.342944 -48.759987
v 28.705885 1.342945 -52.809986
v 28.705885 1.342946 -59.209988
v 14.105884 1.342948 -59.209988
v 14.105884 1.342947 -52.809986
v 107.905884 -5.057067 -78.409988
v 107.905884 -5.057067 -84.809990
v 101.505882 -5.057066 -84.809990
v 101.505882 -5.057065 -78.409988
v 107.855888 -5.057066 -91.209984
v 101.455887 -5.057065 -91.209984
v -184.044113 13.642976 -53.609978
v -183.194122 19.242975 -47.709984
v -182.644119 12.592976 -47.909977
v -182.444122 10.342977 -52.409992
v -183.744125 15.242976 -57.009979
v -211.894119 10.292982 -38.359993
v -212.044113 22.592979 -45.109982
v -220.944122 22.592985 -53.759983
v -225.544113 10.292983 -51.609993
v -190.644119 21.042974 -38.209984
v -195.294113 17.192978 -34.459984
v -191.394119 10.092977 -33.959991
v -197.694122 21.042980 -42.009983
v -198.794113 17.242979 -37.109982
v -208.344116 10.092980 -28.559984
v -203.044113 17.192980 -32.659981
v -201.694122 17.242979 -35.709984
v -198.594116 24.092979 -32.959988
v -200.094116 12.592978 -41.259979
v -196.594116 17.192980 -31.359989
v -193.994125 10.092978 -28.559984
v -200.494125 17.192982 -30.459990
v -201.394119 10.092976 -26.009983
v -190.294113 29.592972 -40.409988
v -194.244125 29.592979 -43.159988
v -186.494125 29.592976 -46.009991
v -187.194122 29.592978 -41.959991
v -185.394119 21.042973 -39.859982
v -187.394119 19.892977 -61.409981
v -188.344116 22.292974 -51.409981
v 51.605885 -5.057062 47.240021
v 44.255886 -5.057062 45.740021
v 44.555885 1.342941 45.090015
v 51.605885 1.342937 46.540016
v 107.955887 -5.057066 -72.009987
v 108.005882 -5.057070 -65.609985
v 108.005882 1.342933 -65.609985
v 107.955887 1.342932 -72.009987
v 178.205887 -14.657080 119.990021
v 178.205887 -14.657083 126.390022
v 184.605881 -14.657084 126.390022
v 184.605881 -14.657081 119.990021
v 184.605881 -14.657084 132.790039
v 184.605881 -14.657084 139.190033
v 191.005890 -14.657084 139.190033
v 191.005890 -14.657084 132.790039
v 191.005890 -14.657084 126.390022
v 191.005890 -14.657082 119.990021
v 184.605881 -14.657081 113.590027
v 191.005890 -14.657082 113.590027
v 184.605881 -14.657082 107.190025
v 191.005890 -14.657084 107.190025
v 184.605881 -14.657082 100.790024
v 191.005890 -14.657083 100.790024
v 184.605881 -14.657083 94.390022
v 191.005890 -14.657083 94.390022
v -136.344116 3.692967 11.040017
v -129.744125 4.392967 11.340016
v -135.294113 7.842967 10.440013
v -141.894119 7.142971 10.140014
v -130.544113 -0.007032 13.940015
v -123.894119 0.742967 14.190015
v -133.594116 -10.357034 17.390013
v -124.194115 -10.107036 15.190014
v -124.194115 -3.707032 15.190013
v -133.594116 -3.957034 17.390017
v 115.055893 32.392937 -16.959984
v 114.405891 26.192926 -16.559988
v 110.105896 26.192934 -19.109987
v 110.105896 32.392937 -19.859983
v -26.594116 -5.057046 -104.009987
v -22.794117 -4.207048 -99.059990
v -18.944117 -4.207050 -98.859985
v -20.194117 -4.657048 -104.009987
v 24.105886 6.642946 -108.659988
v 25.205887 8.892946 -108.659996
v 25.105886 8.892943 -102.259995
v 24.055885 6.492946 -102.259987
v 25.105886 8.542943 -95.859993
v 24.055883 6.142947 -95.859985
v 18.855886 7.592946 -114.809998
v 18.055885 8.392946 -115.059998
v 18.555885 8.892947 -108.659996
v 18.955887 8.092948 -108.659996
v 18.605886 8.892944 -102.259995
v 19.005886 8.092944 -102.259995
v 18.605886 8.542944 -95.859993
v 19.005886 7.742948 -95.859993
v 16.955887 8.392946 -115.059998
v 17.605886 8.892947 -108.659996
v 17.705887 8.892944 -102.259995
v 17.705887 8.542944 -95.859993
v 18.555885 7.842947 -89.459991
v 17.605886 7.842948 -89.459991
v 24.605886 7.592946 -114.809998
v 23.855886 8.092947 -108.659996
v 24.255886 8.892946 -108.659996
v 24.755886 8.392946 -115.059998
v 23.805885 8.092944 -102.259995
v 24.205887 8.892943 -102.259995
v 23.805885 7.742947 -95.859993
v 24.205887 8.542943 -95.859993
v 18.755886 6.492948 -102.259987
v 18.705887 6.642946 -108.659988
v 18.755884 6.142948 -95.859985
v 18.255886 6.392947 -114.459984
v 18.705885 5.442947 -89.459984
v 25.855886 8.392946 -115.059998
v -0.994117 -3.807051 -91.209984
v 5.405883 -3.457052 -91.209984
v 5.405883 -4.057051 -97.609985
v -0.994117 -3.957051 -97.609985
v -19.844116 -4.557048 -110.409988
v -13.794117 -4.107049 -110.409988
v -13.794117 -4.257050 -116.809990
v -19.594116 -4.607049 -116.809990
v -13.794117 -4.507049 -97.609985
v -7.394117 -4.207050 -97.609985
v -7.394117 -3.907050 -104.009987
v -13.794117 -4.257050 -104.009987
v -26.594116 -4.957047 -110.409988
v -0.994117 -3.607051 -104.009987
v 18.205885 -3.757054 -91.209984
v 25.005884 -4.207055 -90.559990
v 24.605885 -4.807054 -97.609985
v 18.205885 -4.607054 -97.609985
v -179.994125 3.942976 -64.409988
v -178.894119 4.942975 -68.209984
v -181.844116 13.692978 -67.959991
v -182.144119 10.342977 -63.709995
v -212.294113 23.042978 -86.860001
v -209.194122 32.092983 -87.409973
v -210.844116 22.992983 -89.910004
v -212.644119 10.192981 -87.709991
v -210.294113 10.192981 -93.159996
v -207.544113 22.992983 -89.410004
v -204.394119 10.192981 -92.059998
v 75.805885 -14.657068 215.990005
v 75.805885 -14.657067 222.390015
v 82.205887 -14.657068 222.390015
v 82.205887 -14.657068 215.990005
v 82.205887 -14.657068 228.790009
v 88.605888 -14.657069 228.790009
v 88.605888 -14.657068 222.390015
v 88.605888 -14.657069 215.990005
v 82.205887 -14.657068 209.590012
v 88.605888 -14.657069 209.590012
v 82.205887 -14.657069 203.190002
v 88.605888 -14.657070 203.190002
v 82.205887 -14.657069 196.790009
v 88.605888 -14.657070 196.790009
v 95.005882 -14.657070 228.790009
v 95.005882 -14.657069 222.390015
v 95.005882 -14.657071 215.990005
v 95.005882 -14.657070 209.590012
v 95.005882 -14.657071 203.190002
v 95.005882 -14.657072 196.790009
v 101.405884 -14.657072 228.790009
v 101.405884 -14.657070 222.390015
v 101.405884 -14.657071 215.990005
v 101.405884 -14.657071 209.590012
v 101.405884 -14.657072 203.190002
v 101.405884 -14.657072 196.790009
v 95.005882 -14.657071 190.390015
v 101.405884 -14.657071 190.390015
v 107.805885 -14.657072 228.790009
v 107.805885 -14.657071 222.390015
v 107.805885 -14.657072 215.990005
v 107.805885 -14.657072 209.590012
v 107.805885 -14.657074 203.190002
v 107.805885 -14.657073 196.790009
v 114.205887 -14.657073 228.790009
v 114.205887 -14.657073 222.390015
v 114.205887 -14.657073 215.990005
v 114.205887 -14.657073 209.590012
v 114.205887 -14.657074 203.190002
v 114.205887 -14.657074 196.790009
v 120.605888 -14.657074 228.790009
v 120.605888 -14.657074 222.390015
v 120.605888 -14.657074 215.990005
v 120.605888 -14.657075 209.590012
v 120.605888 -14.657075 203.190002
v 120.605888 -14.657074 196.790009
v 127.005882 -14.657076 228.790009
v 127.005882 -14.657075 222.390015
v -181.194122 12.392975 -34.959980
v -183.294113 12.592977 -39.959980
v -184.644119 13.542977 -33.409977
v -179.094116 11.642975 -29.209984
v -184.344116 15.042977 -26.809988
v -182.344116 3.942976 -54.859989
v -182.144119 3.942976 -61.259991
v -182.144119 4.342976 -60.909988
v -182.344116 4.342976 -55.259991
v -182.144119 10.192974 -60.709995
v -182.144119 10.142975 -60.409992
v -182.144119 12.142975 -60.259979
v -182.144119 12.442974 -60.509979
v -182.244125 13.142977 -58.059978
v -182.244125 13.492976 -58.059978
v -182.344116 12.142978 -55.909977
v -182.344116 12.442978 -55.609978
v -182.344116 10.142978 -55.759995
v -182.344116 10.192974 -55.409992
v -176.694122 6.542974 -36.359989
v -174.494125 6.242975 -30.659983
v -170.194122 -1.057026 -30.659986
v -171.444122 -0.907026 -36.709988
v -180.294113 3.942976 -54.309990
v -180.044113 3.942975 -61.709991
v -180.794113 10.342976 -54.059994
v -180.644119 10.342977 -52.359993
v -180.344116 3.942973 -51.609989
v -180.694122 13.092975 -60.909977
v -180.494125 13.642977 -62.509979
v -180.794113 15.242975 -59.109978
v -180.944122 14.142975 -58.909977
v -180.344116 10.342977 -63.659992
v -180.594116 10.342978 -61.959995
v -184.244125 10.342977 -52.459995
v -184.544113 3.942974 -51.709991
v -180.994125 14.142977 -57.159977
v -180.894119 13.092974 -55.109978
v -180.144119 15.942974 -59.209980
v -180.194122 15.942977 -56.809978
v -180.944122 14.142977 -57.159977
v -83.894119 -9.157040 -52.559982
v -89.994118 -10.357038 -52.559978
v -89.994118 -3.957038 -53.259983
v -85.094116 -2.907039 -53.409985
v -89.994118 -0.657038 -54.459988
v -85.744118 0.342962 -54.659985
v -89.994118 0.942960 -57.859985
v -85.894119 1.842963 -59.159985
v -85.444115 0.192959 -63.609985
v -84.794121 -3.057039 -64.709984
v -82.044121 -2.457041 -65.109985
v -82.194115 0.892959 -64.009987
v -83.494118 -9.357039 -65.309982
v -89.994118 -3.957041 -64.609985
v -89.994118 -10.357038 -65.309982
v -81.244118 -8.807040 -65.809982
v -83.694115 -9.257040 -58.909981
v -78.844116 -8.407042 -59.909981
v -89.994118 -10.357038 -62.609978
v -89.994118 -10.357039 -55.259979
v -89.994118 -3.957040 -62.859982
v 9.105885 4.492947 -129.559982
v 12.305885 6.192945 -126.409988
v 8.805885 5.342947 -129.159988
v 10.305885 4.542946 -129.609985
v 9.655885 5.342947 -129.559982
v -0.994117 -3.307051 -110.409988
v 5.405883 -3.607052 -110.409988
v 5.205884 -3.857052 -116.809990
v -0.994117 -3.607051 -116.809990
v 4.555883 -4.307053 -123.209984
v -1.494117 -4.157052 -123.209984
v 5.405883 -3.907052 -104.009987
v 11.805883 -4.257052 -104.009987
v 11.805883 -4.107053 -110.409988
v 3.605883 -5.057053 -130.709991
v -2.444117 -5.057051 -129.509995
v -7.394117 -3.607050 -110.409988
v -7.394117 -3.907051 -116.809990
v 3.805884 1.342947 -130.159988
v -2.244116 0.942949 -129.059982
v 4.155884 4.242949 -129.259995
v -1.944116 3.442949 -128.359985
v -8.044116 -0.057049 -127.509987
v -7.794116 2.042951 -126.959984
v -13.594116 -1.657050 -125.409988
v -13.394116 0.142950 -125.109985
v -18.794117 -5.057048 -123.009987
v -13.694118 -5.057046 -125.659988
v -18.744116 -3.257048 -122.909988
v -18.644117 -2.207048 -122.759987
v 15.005885 4.542946 -129.609985
v 13.805885 5.392944 -126.809990
v 21.405884 5.392943 -126.809990
v 16.405884 6.192946 -123.159988
v 21.405884 6.192945 -123.159988
v 15.755885 6.992947 -123.109993
v 17.355886 7.692946 -118.909996
v 17.905886 6.892949 -118.959991
v 13.155885 6.192945 -126.759987
v -16.044117 0.192950 -131.009995
v -21.694117 -2.207048 -128.409988
v -9.994117 2.042952 -133.059982
v -3.694116 3.442950 -134.609985
v 3.255885 4.242948 -135.609985
v 9.455885 4.542946 -136.009995
v 14.905885 6.992947 -122.759995
v 16.505886 7.692946 -118.559998
v 15.455885 5.242947 -122.859985
v 17.055883 5.842947 -118.659988
v -153.994125 -21.657026 -53.459991
v -151.744125 -13.657030 -54.659992
v -147.394119 -13.657030 -51.959995
v -147.444122 -21.657032 -49.409988
v -139.094116 -15.157032 -58.909992
v -139.044113 -14.707033 -60.059994
v -139.144119 -13.557032 -57.609993
v -139.244125 -14.357031 -57.459995
v -138.994125 -17.357033 -59.659988
v -138.944122 -17.357033 -60.909988
v -138.644119 -21.657032 -59.459991
v -138.594116 -21.657032 -61.409988
v -142.744125 -7.757029 -59.359982
v -147.094116 -7.757031 -62.209984
v -147.094116 -13.657029 -62.209995
v -142.744125 -13.657032 -59.359993
v -140.544113 -21.657030 -59.509991
v -140.694122 -21.657028 -54.259991
v -138.744125 -21.657028 -54.209991
v -142.744125 -21.657030 -59.359989
v -142.894119 -21.657028 -54.559990
v -140.544113 -21.657032 -60.509991
v -140.744125 -21.657028 -53.309990
v -147.394119 -21.657034 -51.959991
v -151.744125 -21.657026 -54.659988
v -151.594116 -21.657030 -59.759991
v -153.744125 -21.657030 -61.109989
v -147.094116 -21.657032 -62.209991
v -147.044113 -21.657028 -64.709969
v -138.694122 -14.607029 -56.259995
v -138.744125 -13.107029 -56.009995
v -141.244125 -13.557028 -56.159992
v -141.144119 -14.357029 -56.309994
v -151.594116 -7.757028 -59.759983
v -151.744125 -7.757029 -54.659981
v -151.594116 -13.657029 -59.759995
v -147.394119 -7.757028 -51.959984
v -142.894119 -7.757030 -54.559982
v -142.894119 -13.657032 -54.559994
v -141.144119 -14.357031 -57.509995
v -138.694122 -14.607031 -57.409992
v -141.144119 -15.157032 -59.009995
v -140.544113 -17.357033 -59.709991
v -140.194122 -17.607033 -60.659988
v -139.144119 -17.357029 -54.059990
v -140.694122 -17.357029 -54.109989
v -141.244125 -15.157032 -54.859993
v -139.194122 -15.157032 -54.809994
v -139.294113 -14.357029 -56.259995
v -139.194122 -13.557028 -56.109993
v -139.244125 -14.707032 -53.659992
v -139.194122 -17.357029 -52.809990
v -138.694122 -13.107031 -57.709995
v 24.355885 3.992943 -69.359985
v 24.605885 3.542943 -63.309990
v 24.755884 4.092943 -63.709991
v 24.505884 4.892947 -69.559990
v 25.855885 4.092942 -63.859989
v 25.505884 4.942943 -69.709984
v 5.005883 -1.807053 -82.759987
v -0.994117 -2.657051 -78.409988
v 0.755884 -1.607054 -76.459984
v 9.305884 -1.257052 -78.059990
v 6.305884 -1.057052 -73.359985
v 11.805884 -1.257053 -72.009987
v 14.005884 -1.257055 -81.159988
v 18.205885 -1.457054 -78.409988
v 19.555883 -2.357052 -83.059990
v 4.555883 -2.507054 -62.509987
v -1.644117 -4.057052 -61.909981
v 0.555883 -4.857052 -54.809982
v 6.305883 -3.357054 -57.159985
v 4.855884 -1.657053 -68.009987
v -1.394117 -2.207053 -69.259987
v 11.305884 -2.657053 -86.759987
v 17.955885 -3.657054 -89.159988
v 24.105885 5.442947 -89.459984
v 25.205887 7.842947 -89.459991
v 25.155886 7.042944 -83.059998
v 24.055883 4.642944 -83.059990
v 25.355885 6.192943 -76.659988
v 24.205885 3.792943 -76.659988
v 24.305883 2.442943 -69.659988
v 18.955885 6.242945 -83.059990
v 18.555885 7.042946 -83.059998
v 18.405884 6.192944 -76.659988
v 18.805883 5.392944 -76.659988
v 17.655886 7.042946 -83.059998
v 17.455885 6.192944 -76.659988
v 18.305883 4.892947 -69.559990
v 17.305883 4.942944 -69.709984
v 23.855886 7.042946 -89.459991
v 23.855885 6.242943 -83.059990
v 24.255886 7.042944 -83.059998
v 24.255886 7.842947 -89.459991
v 24.005884 5.392944 -76.659988
v 24.405884 6.192944 -76.659988
v 18.605885 3.792944 -76.659988
v 18.755884 4.642945 -83.059990
v 18.955887 7.042947 -89.459991
v 18.455885 3.992944 -69.359985
v -16.994116 2.192950 -86.759987
v -13.944117 2.192950 -85.859985
v -15.444117 2.192951 -92.059990
v -17.744116 2.192952 -89.859985
v -0.994117 -3.407050 -84.809990
v -7.394117 -3.857050 -60.809982
v -7.394117 -3.707050 -67.209984
v 24.605885 -2.657055 -78.409988
v 25.305883 -3.357054 -84.209984
v 18.205885 -0.707053 -72.009987
v -13.794117 -4.257049 -72.009987
v -7.394117 -3.657050 -73.609985
v -7.394117 -3.857050 -78.409988
v -13.794117 -4.857049 -78.409988
v -13.794117 -4.107053 -65.609985
v 24.605885 -2.157054 -72.009987
v 127.005882 -14.657074 132.790039
v 127.005882 -14.657075 139.190033
v 133.405884 -14.657075 139.190033
v 133.405884 -14.657077 132.790039
v 127.005882 -14.657072 113.590027
v 127.005882 -14.657073 119.990021
v 133.405884 -14.657073 119.990021
v 133.405884 -14.657072 113.590027
v 133.405884 -14.657076 126.390022
v 139.805893 -14.657078 132.790039
v 139.805893 -14.657077 126.390022
v 139.805893 -14.657073 119.990021
v 139.805893 -14.657074 113.590027
v 133.405884 -14.657074 107.190025
v 139.805893 -14.657075 107.190025
v 134.855881 -14.657075 98.940025
v 141.605881 -14.657077 98.590027
v 171.805893 -14.657080 94.390022
v 171.605881 -14.657083 91.340027
v 166.555893 -14.657078 95.640022
v 146.205887 -14.657078 132.790039
v 146.205887 -14.657078 126.390022
v 146.205887 -14.657076 119.990021
v 146.205887 -14.657076 113.590027
v 146.205887 -14.657077 107.190025
v 147.905884 -14.657077 98.140022
v 152.605881 -14.657078 132.790039
v 152.605881 -14.657079 126.390022
v 152.605881 -14.657076 119.990021
v 152.605881 -14.657076 113.590027
v 152.605881 -14.657077 107.190025
v 154.005890 -14.657078 99.440025
v 159.005890 -14.657080 132.790039
v 159.005890 -14.657080 126.390022
v 159.005890 -14.657077 119.990021
v 159.005890 -14.657077 113.590027
v 159.005890 -14.657078 107.190025
v 160.555893 -14.657080 98.490021
v 165.405884 -14.657081 132.790039
v 165.405884 -14.657081 126.390022
v 165.405884 -14.657078 119.990021
v 165.405884 -14.657078 113.590027
v 165.405884 -14.657079 107.190025
v 165.405884 -14.657080 100.790024
v 171.805893 -14.657082 132.790039
v 171.805893 -14.657082 126.390022
v 171.805893 -14.657079 119.990021
v 171.805893 -14.657079 113.590027
v 171.805893 -14.657080 107.190025
v 171.805893 -14.657080 100.790024
v 178.205887 -14.657080 113.590027
v 178.205887 -14.657081 107.190025
v 178.205887 -14.657081 100.790024
v 141.605881 -14.657078 92.190025
v 134.855881 -14.657078 92.540024
v 147.905884 -14.657078 91.740021
v 154.005890 -14.657078 93.040024
v 160.555893 -14.657080 92.090027
v 166.555893 -14.657080 89.240021
v 171.605881 -14.657082 84.940025
v 166.555893 -11.607079 87.890022
v 160.555893 -11.607077 90.690025
v 153.955887 -11.657079 91.640022
v 147.505890 -11.607074 90.140022
v 141.355881 -11.507077 90.740021
v 134.855881 -10.507075 91.140022
v -7.694116 -0.107051 12.390015
v -13.444117 0.692948 10.790015
v -15.544116 0.692951 14.190015
v -13.344116 1.242948 16.690016
v -7.694116 1.042947 22.790014
v -2.644116 -0.107053 18.540014
v -5.194116 0.242946 15.490015
v -8.994117 -2.857051 11.890017
v -11.794117 -5.857052 10.840014
v -8.544116 -1.357052 12.090015
v -17.494114 9.142949 10.740017
v -15.494116 7.442950 7.490016
v -19.344114 7.442952 7.390015
v -13.744116 7.442948 10.790014
v -15.344116 0.692951 7.240014
v -14.444118 -5.857051 5.840014
v -13.794117 -3.857052 -8.009988
v -7.394117 -2.707053 -8.009984
v -7.394116 -1.157053 -14.409985
v -13.794116 -2.507052 -14.409985
v -14.494118 -5.057051 -1.609986
v -8.094117 -4.307052 -1.609987
v -9.944118 -5.357049 3.840014
v -0.994116 -1.557054 -8.009985
v -0.994116 1.342946 -14.409986
v -1.944117 -3.557053 -1.609987
v -14.444116 7.992949 17.640018
v -10.044115 7.192948 23.340019
v -12.944115 11.092951 25.390017
v -8.994115 11.092949 31.390017
v -3.744115 8.542947 27.940018
v -3.394116 0.692946 27.940016
v -4.144116 -0.107054 9.440015
v -4.294116 -1.357050 8.540016
v -138.844116 -16.157030 -33.259995
v -144.644119 -16.157030 -34.859993
v -144.494125 -12.207030 -34.259995
v -139.294113 -12.207030 -32.809994
v -26.794117 -3.307046 -52.509987
v -29.194117 -3.307047 -54.609985
v -30.944117 -3.257047 -53.409985
v -28.144117 -3.257048 -56.509987
v -25.444117 -3.257048 -48.459988
v -26.594116 -3.407047 -46.409981
v -24.644117 -3.307049 -50.559986
v -24.444117 -3.307049 -50.359985
v -24.844116 2.942951 -50.709988
v -24.994116 2.942950 -50.909985
v -25.144117 4.892951 -51.009991
v -24.994116 5.242951 -50.859989
v -26.794117 5.892954 -52.509991
v -26.794117 6.242953 -52.509991
v -24.944117 3.142952 -48.659985
v -25.644117 5.842952 -49.459991
v -23.644117 5.842952 -51.659988
v -22.794117 3.142950 -51.059986
v -22.644117 -3.257050 -51.609985
v -28.644117 5.242952 -54.109989
v -27.944117 5.842952 -55.559990
v -26.544115 6.942951 -54.059990
v -27.044115 6.942951 -50.909988
v -28.344114 6.942953 -52.109989
v -25.294115 6.942951 -52.909988
v -20.644117 -3.257050 -49.759987
v -21.394117 3.142950 -50.059986
v -23.794117 3.142952 -47.359985
v -23.444117 -3.307048 -46.659985
v -22.394115 6.392950 -50.709991
v -24.594114 6.392951 -48.259991
v -25.044115 8.042953 -52.859989
v -26.994114 8.042953 -50.709991
v -24.494114 8.692951 -53.259991
v -28.544115 8.042953 -52.109989
v -26.294115 8.692951 -54.859989
v -29.044115 6.392951 -56.709991
v -26.644115 8.042952 -54.259991
v 73.655884 -3.007064 11.340014
v 73.805885 -3.007062 7.990016
v 66.455887 -3.007064 9.590014
v 66.705887 -3.257063 11.240013
v 66.655884 3.392937 0.240017
v 66.655884 3.392936 -2.959985
v 61.855885 2.592940 -4.259984
v 60.255886 2.592937 -1.509987
v 73.055885 2.592936 -1.509987
v 71.455887 2.592938 -4.259984
v 73.055885 -3.007065 -1.509984
v 71.455887 -3.007062 -4.259984
v 66.655884 -3.007063 0.240016
v 73.855888 3.392937 8.590017
v 66.455887 2.592936 9.590013
v 79.355888 -3.007065 6.090014
v 79.355888 2.592936 6.090014
v 72.905884 3.392936 5.540012
v 66.355888 2.592937 6.390017
v 77.705887 2.592937 3.390013
v 66.355888 -3.007062 6.390017
v 73.155884 -3.007064 5.890017
v 81.055885 3.392934 -14.159983
v 77.855888 3.392935 -14.159983
v 76.555885 2.592934 -9.359987
v 79.305885 2.592935 -7.759984
v 10.155886 14.542943 67.490005
v 16.855886 14.892945 69.890007
v 14.705887 18.842945 62.340019
v 7.505887 17.792946 60.940018
v 3.105886 13.142946 65.290009
v 0.355886 16.892948 60.340023
v -4.544115 12.942948 65.640007
v -6.794114 16.342949 60.790024
v -1.744118 -14.657054 75.190025
v -2.044118 -11.207055 73.840027
v -8.394118 -11.607053 75.140022
v -8.394118 -14.657052 76.940025
v -18.494114 6.742948 72.040016
v -11.794115 6.742950 69.590019
v -12.944115 13.692946 67.790009
v -19.644115 15.192950 70.190010
v -3.494115 7.492947 68.840012
v -2.694116 1.192945 71.190018
v -10.644116 0.592946 71.440018
v -9.494118 -5.507052 73.290016
v -2.344117 -5.007055 72.190018
v -13.994119 -14.657050 84.840027
v -7.044119 -14.657051 83.590027
v -15.094118 -14.657054 79.340027
v -0.994118 -14.657055 81.590027
v -13.794118 -14.657051 87.990021
v -7.394119 -14.657053 87.990021
v 4.005881 -14.657055 81.990021
v 4.005881 -14.657055 75.590027
v 9.855882 -14.657056 85.490021
v 9.755882 -14.657055 77.590027
v 3.855884 1.242944 71.190018
v 3.555885 7.492947 68.690010
v 4.005883 -5.057056 72.290016
v 3.805882 -11.207056 73.890022
v 10.155885 7.442947 70.940010
v 10.155884 1.192945 73.440018
v 10.155883 -5.007054 74.540016
v 9.755882 -11.207055 76.140022
v 16.855886 7.442944 73.290009
v 16.855885 1.242946 75.790016
v 16.855885 -5.057054 76.990013
v 16.455883 -11.207055 78.540024
v 16.455883 -14.657057 80.090027
v 102.255882 -5.857068 -93.809990
v 99.355888 -5.857068 -93.409988
v 98.505882 -5.857069 -88.209984
v 100.655884 -5.857068 -99.859985
v 96.855888 -5.057065 -115.309990
v 94.755882 -5.057065 -110.959984
v 101.005882 -5.057067 -112.009987
v 80.955887 -5.857065 -99.159988
v 80.955887 -4.257065 -99.159988
v 78.055885 -4.257064 -93.509987
v 78.005882 -5.857064 -93.509987
v 96.805885 -5.857066 -109.209984
v 96.805885 -4.257066 -109.209984
v 90.855888 -4.257064 -107.009987
v 90.855888 -5.857064 -107.009987
v 94.755882 -4.257067 -110.959984
v 88.755882 -4.257064 -108.759987
v 99.505882 3.092933 -93.909988
v 98.205887 3.292932 -99.859985
v 98.055885 -5.857068 -99.859985
v 99.705887 8.942932 -94.209991
v 98.455887 9.192932 -99.859993
v 100.505882 13.292933 -94.459991
v 99.205887 13.542933 -99.859993
v 99.355888 -5.857068 -106.309990
v 99.505882 3.092933 -105.859985
v 99.705887 8.942933 -105.559998
v 100.505882 13.292934 -105.309998
v 100.755882 2.942932 -99.859985
v 101.005882 8.742932 -99.859993
v 101.755882 12.992932 -99.859993
v 90.405884 -5.857064 -95.659988
v 85.405884 -5.857064 -103.709984
v -113.944115 -12.057035 -59.209995
v -113.944115 -12.057035 -54.209995
v -108.644119 -10.807036 -53.809978
v -108.644119 -10.807036 -59.209980
v -113.944115 -12.057034 -64.209976
v -108.644119 -10.807035 -64.559982
v -103.594116 -10.257036 -52.909977
v -102.594116 -10.257037 -59.209980
v -102.894119 -10.257036 -65.559982
v -108.644119 -16.757032 -53.809994
v -105.394119 -16.657032 -53.209995
v -113.944115 -16.807032 -54.209995
v -108.644119 -16.757032 -64.559982
v -104.744118 -16.657034 -65.259979
v -113.944115 -16.807039 -64.209976
v -109.794121 -16.657036 -46.409992
v -107.644119 -16.657038 -47.559994
v -106.844116 -16.657032 -77.209976
v -109.794121 -16.657034 -78.409981
v -109.794121 -16.657036 -71.009979
v -105.744118 -16.657038 -71.259979
v -108.644119 -16.657036 -83.059982
v -91.344116 -10.257035 -73.959976
v -97.594116 -10.257039 -72.809982
v -96.644119 -10.257038 -66.609978
v -90.494118 -10.357037 -68.959976
v -93.094116 -10.257035 -82.009979
v -99.094116 -10.257035 -80.009979
v -96.244118 -10.257037 -58.159977
v -97.644119 -10.257036 -50.909977
v -103.944115 -10.257037 -71.909981
v -105.094116 -10.257037 -78.159981
v -91.394119 -3.857039 -49.659981
v -94.244118 -3.857037 -41.959984
v -94.244118 2.542963 -41.959988
v -91.394119 2.542961 -49.659985
v -91.394119 -10.257040 -49.659977
v -94.194115 -10.257038 -42.159977
v -91.344116 -3.857038 -73.959984
v -90.344116 -3.957039 -68.509987
v -90.344116 2.542962 -67.809990
v -91.344116 2.542963 -73.959984
v -85.694115 7.792961 -49.059990
v -78.644119 9.892959 -48.459991
v -79.644119 13.592961 -57.209980
v -84.044121 7.992964 -57.659988
v -89.944115 2.542964 -59.159985
v -79.794121 13.942960 -65.459991
v -84.244118 8.092960 -66.459991
v -80.744118 14.242959 -72.359993
v -85.644119 8.142962 -75.109993
v 14.705887 21.842943 56.390018
v 22.055887 22.792942 57.090019
v 22.105888 23.392946 50.340019
v 14.705888 22.342947 50.440018
v 7.355887 20.292944 55.790020
v 7.205887 20.542948 50.640018
v 0.005887 18.842943 55.540020
v -0.394113 18.992950 50.690018
v -7.444113 17.892946 55.690018
v -8.094113 17.992952 50.590019
v 29.505888 23.092945 50.490021
v 29.405888 21.192942 43.390018
v 22.155888 21.342941 43.640018
v 14.705887 20.242945 44.490021
v 7.055887 18.642946 45.490021
v -0.794114 17.292948 45.890018
v -8.794113 16.642948 45.540024
v -15.794113 17.292952 50.390018
v -16.744114 16.342949 44.590023
v 36.605888 20.092939 43.540020
v 36.305889 16.942942 36.440018
v 29.255886 17.292942 36.290020
v 22.205887 16.542944 36.940022
v 14.705886 15.642942 38.540024
v 8.655886 14.792945 39.940022
v 1.555886 13.992947 40.990025
v -6.444114 14.192947 41.040024
v 92.855888 -14.657066 90.590027
v 96.255882 -14.657067 90.640022
v 96.255882 -14.657066 84.240021
v 90.655884 -14.657066 84.190025
v 122.505882 7.542928 82.190010
v 128.805893 7.492926 84.140007
v 128.805893 12.942925 80.740005
v 122.505882 13.142929 78.940010
v 122.605888 1.192926 83.840019
v 128.805893 1.092928 86.640015
v 121.755882 -14.657070 89.840027
v 128.355881 -14.657078 90.940025
v 128.355881 -11.057072 89.490021
v 122.105888 -11.607074 87.540024
v 116.155884 7.592929 80.090012
v 116.055885 14.992929 77.840012
v 115.905884 1.142930 81.640015
v 116.055885 -6.257073 83.940018
v 122.255882 -5.007072 86.190018
v 115.705887 -11.507073 85.590027
v 115.605888 -14.657073 87.340027
v 109.555885 8.692928 79.990005
v 109.455887 16.042927 77.290009
v 109.355888 1.142931 81.140015
v 109.555885 -5.657072 83.690018
v 109.155884 -10.657073 84.940025
v 103.055885 8.042929 79.040009
v 103.055885 16.192934 75.640007
v 103.105888 1.192932 80.940018
v 103.105888 -4.857069 82.740013
v 102.505882 -11.107068 83.840027
v 96.705887 6.942934 76.940010
v 96.655884 14.042932 74.090012
v 96.655884 1.192932 79.940018
v 96.705887 -4.957069 81.040016
v 96.105888 -11.657067 82.690025
v 102.655884 -14.657070 85.840027
v 90.055885 7.292934 76.490005
v 90.055885 12.842932 73.340012
v 90.255882 1.192932 78.240013
v 90.155884 -4.907067 80.990013
v 83.455887 7.492935 76.740005
v 83.455887 12.942932 73.340012
v -128.944122 -18.557028 -52.859989
v -128.944122 -18.557034 -46.509991
v -125.444115 -16.957035 -50.709991
v -125.444115 -16.957029 -52.959991
v -128.944122 -18.557032 -59.209991
v -125.444115 -16.957033 -59.209991
v -128.944122 -18.557030 -65.559982
v -125.444115 -16.957029 -65.259979
v -119.694115 -14.357035 -53.409992
v -125.444115 -18.407036 -50.709991
v -119.694115 -17.357031 -53.409988
v -160.994125 -21.307026 -33.609989
v -156.144119 -20.857027 -32.509991
v -162.644119 -21.657028 -36.859989
v -160.994125 -20.257030 -27.209988
v -154.594116 -19.657032 -27.209988
v -150.544113 -7.507030 -42.409981
v -154.894119 -7.507027 -45.559982
v -154.794113 -3.757028 -46.659981
v -149.544113 -3.757029 -42.909981
v -151.044113 -7.507030 -37.059982
v -150.144119 -3.757030 -36.459984
v -149.944122 -15.657031 -42.709995
v -154.844116 -15.657029 -46.159992
v -150.544113 -15.657031 -36.709995
v -122.094116 4.892965 39.990013
v -123.694115 4.942963 39.990013
v -124.494118 6.342967 32.140011
v -122.394119 5.192965 34.540012
v -123.494118 7.642964 29.040018
v -123.994118 9.292967 28.540016
v -123.144119 7.142964 33.990013
v -122.594116 7.242967 38.790012
v -132.494125 12.542969 36.490025
v -130.994125 12.992967 39.990025
v -125.744118 10.292966 39.990009
v -128.144119 10.192966 34.090008
v -123.494118 7.642967 50.940010
v -122.394119 5.192965 45.440010
v -123.144119 7.142964 45.990013
v -123.994118 9.292965 51.440010
v -122.594116 7.242966 41.190010
v -146.594116 9.092969 45.890011
v -139.694122 12.692969 43.290024
v -140.094116 13.442967 39.990025
v -147.894119 9.892968 39.990013
v -141.744125 9.592970 48.140011
v -124.244118 7.292964 41.190010
v -125.244118 8.192966 45.990013
v -125.094116 7.692967 50.940010
v -124.494118 6.342966 47.840012
v -128.144119 10.192966 45.890007
v -207.444122 12.592981 -75.559998
v -207.094116 22.992981 -82.860001
v -210.444122 23.042980 -83.360001
v -209.144119 12.592981 -81.059998
v -192.994125 35.342979 -74.559982
v -195.644119 47.592979 -75.609985
v -194.894119 35.442978 -70.609978
v 5.405884 1.692945 -27.209963
v -0.994116 0.142946 -27.209961
v -1.494116 1.642946 -20.809961
v 5.405884 3.142945 -20.809963
v -26.594116 -3.357049 -59.209961
v -28.144117 -3.257048 -56.509960
v -26.794117 -3.307046 -52.509960
v -23.444117 -3.307048 -46.659962
v -25.444117 -3.257048 -48.459961
v -26.594116 -3.407047 -46.409958
v -20.194117 -3.507048 -46.409958
v -20.644117 -3.257050 -49.759960
v -20.194117 -3.357048 -52.809963
v -22.644117 -3.257050 -51.609962
v -13.794117 -4.107053 -65.609962
v -20.194117 -3.757048 -65.609962
v -20.194117 -3.557050 -59.209957
v -13.794117 -4.007048 -59.209957
v -13.794117 -3.857049 -52.809959
v -20.194117 -3.857050 -40.009956
v -26.594116 -3.907049 -40.009956
v -26.594116 -4.457050 -27.209959
v -26.594116 -4.007051 -33.609959
v -32.994118 -4.007050 -33.609959
v -32.994118 -5.057049 -27.209959
v -32.994118 -4.007047 -40.009956
v -0.994117 -2.857054 -40.009960
v 5.405883 -2.857054 -40.009960
v 4.955884 -4.657053 -48.409958
v -0.994117 -4.007051 -46.959957
v -0.994116 -1.657053 -33.609962
v 5.405884 -0.757054 -33.609962
v -13.894116 -2.357051 -26.709959
v -7.494116 -1.007053 -26.709961
v -7.394117 -2.457054 -33.609962
v -13.794117 -3.657051 -33.609959
v -20.194117 -3.257052 -33.609962
v -13.794117 -3.957052 -40.009956
v -7.394117 -3.457052 -40.009956
v -13.794117 -3.857049 -46.409958
v -7.394117 -3.857049 -46.409958
v -7.394117 -3.707050 -53.859959
v -7.394116 -0.207053 -20.809961
v -7.394117 -3.857050 -60.809959
v -1.694117 -4.657051 -53.959957
v -26.594116 -4.707049 -14.409962
v -20.194117 -3.907051 -14.409963
v -20.194117 -3.557051 -20.809959
v -26.594116 -4.657048 -20.809959
v -13.794116 -2.507052 -14.409960
v -7.394116 -1.157053 -14.409960
v -13.794116 -1.707052 -20.809959
v -20.194117 -3.257048 -27.209959
v -0.994116 1.342946 -14.409962
v -1.644117 -4.057052 -61.909958
v 11.805884 1.842944 -27.209963
v 11.805884 -0.857056 -33.609962
v -20.194117 -4.457049 -8.009962
v -13.794117 -3.857052 -8.009963
v -7.394117 -3.707050 -67.209961
v -46.594116 -5.057045 3.740015
v -51.894115 -5.057045 0.340014
v -55.694118 -5.057045 5.340014
v -50.344116 -5.057045 8.590014
v -45.794117 -4.707047 -1.609987
v -40.594116 -5.057046 1.340014
v -39.394115 -4.707047 -1.609987
v -48.794117 -5.057045 -5.209986
v -28.044117 -5.057045 3.990015
v -34.044117 -5.057047 1.440014
v -34.044117 1.342953 1.440014
v -28.044117 1.342950 3.990014
v -31.194115 14.242950 29.340014
v -26.994114 14.242951 35.890022
v -22.544115 15.792950 32.890022
v -28.194115 14.392950 26.540012
v -63.544117 5.842957 8.090016
v -58.944118 5.392960 3.990016
v -65.044121 8.842959 2.840014
v -48.794117 1.342956 -5.209986
v -51.894115 1.342955 0.340014
v -46.544117 -5.057045 -11.109982
v -46.544117 1.342955 -11.109986
v -44.844116 -5.057045 -17.159985
v -44.844116 1.342956 -17.159986
v -55.694118 1.342955 5.340014
v -55.744118 5.392956 0.340016
v -60.144115 8.842957 -0.609987
v -52.694118 5.392957 -5.209984
v -56.144115 8.842957 -5.359985
v -50.444118 5.392956 -11.109984
v -53.644115 9.142956 -11.059983
v -48.694118 5.292955 -17.209990
v -51.944118 10.642956 -17.159985
v -59.944118 1.342955 9.790014
v -21.144115 7.442949 10.540014
v -21.644115 10.192948 15.140016
v -19.394115 7.442950 13.790014
v -32.994118 -4.957047 -1.609987
v -24.644115 6.592954 9.990014
v -27.844114 9.442952 12.290015
v -15.694116 7.442950 13.890014
v -17.294115 11.142951 19.390017
v -39.394115 -4.657047 -8.009987
v -32.994118 -4.507049 -8.009987
v -32.994118 -4.757048 -14.409986
v -39.394115 -4.657048 -14.409986
v -26.594116 -4.707049 -14.409986
v -26.594116 -4.657048 -20.809984
v -32.994118 -4.957048 -20.809984
v -39.394115 -5.007046 -19.459984
v -26.594116 -5.057049 -8.009987
v -20.194117 -4.457049 -8.009987
v -20.194117 -3.907051 -14.409986
v -26.594116 -4.657049 -1.609987
v -20.194117 -5.007051 -1.609986
v -25.594116 -5.057047 8.140018
v -24.694117 1.342953 8.990014
v -51.994118 -5.057044 14.740014
v -51.994118 1.342957 14.740014
v -50.344116 1.342957 8.590014
v -46.594116 1.342953 3.740014
v -40.594116 1.342954 1.340014
v -46.394115 1.342955 25.690016
v -41.594116 1.342953 30.040014
v -39.494118 6.342951 28.490019
v -44.294117 6.342954 24.240019
v -39.994118 10.692954 24.890017
v -35.794113 14.242953 24.690014
v -38.594112 14.242952 21.040012
v -43.994118 10.692953 20.890017
v -47.944118 6.342956 19.990019
v -50.744118 1.342956 20.890015
v -40.794117 12.242953 17.890015
v -46.144115 10.742953 16.890017
v -48.444118 6.342955 14.840014
v -45.144115 10.742954 12.140016
v -47.044117 6.342956 9.790014
v -40.694118 11.592954 10.640015
v -44.094116 7.592954 6.040013
v -32.694115 12.792953 13.840014
v -36.744118 11.592955 8.740015
v -40.194118 7.592957 4.040013
v -32.994118 10.792953 6.340016
v -35.094116 6.342956 3.690015
v -30.544117 4.442953 7.140016
v -27.994114 14.442949 26.740013
v -34.294113 13.692951 20.490013
v -28.094114 13.292951 17.640013
v -22.494114 12.892950 22.790012
v -17.444115 14.342951 30.190014
v -68.794121 5.842957 10.690016
v -72.294121 10.592960 6.990015
v -80.494118 9.692962 8.640016
v -76.044121 5.142959 12.440016
v -65.194115 1.342958 13.690014
v 1.055886 17.242949 -178.010010
v 0.805887 23.692947 -177.559998
v 2.605887 23.692949 -174.410004
v 3.155886 17.242950 -174.410004
v -3.044114 17.242950 -178.010010
v -2.794113 23.692949 -177.559998
v 0.805887 23.692951 -171.309998
v 1.055886 17.242952 -170.860001
v 0.655888 30.142948 -177.309998
v 2.305888 30.142950 -174.410004
v -2.644112 30.142950 -177.309998
v -2.794113 23.692953 -171.309998
v 0.655888 30.142952 -171.559998
v -2.644112 30.142952 -171.559998
v -4.294112 30.142952 -174.410004
v -2.844111 36.592949 -171.210007
v -4.744111 36.592945 -174.410004
v 0.855889 36.592949 -171.210007
v 2.755889 36.592945 -174.410004
v 77.405884 -13.057065 111.740021
v 77.405884 -13.107064 106.990021
v 82.205887 -13.107066 106.990021
v 82.205887 -13.057066 111.740021
v 119.405884 -14.657071 119.140022
v 118.505882 -14.657073 121.040024
v 119.605888 -14.657071 122.940025
v 121.105888 -14.657071 123.090027
v 118.505882 -14.657071 124.840027
v 119.205887 -14.657075 126.240021
v 116.455887 -14.657071 124.640022
v 114.805885 -14.657075 126.140022
v 115.505882 -14.657071 122.940025
v 113.805885 -14.657071 123.240021
v 116.305885 -14.657073 121.040024
v 115.305885 -14.657071 119.340027
v 112.305885 -14.657072 127.290024
v 114.405884 -14.657071 129.640030
v 116.205887 -14.657072 129.490036
v 112.305885 -14.657075 131.990036
v 113.405884 -14.657072 133.690033
v 109.755882 -14.657069 131.690033
v 108.605888 -14.657071 133.240036
v 107.805885 -14.657070 129.640030
v 105.655884 -14.657070 129.240036
v 109.555885 -14.657072 127.290024
v 108.805885 -14.657069 125.390022
v 107.805885 -14.657068 119.990021
v 120.605888 -14.657072 130.440033
v 101.405884 -14.657071 126.390022
v 101.405884 -14.657070 132.790039
v 109.405884 -10.557071 129.540024
v 111.755882 -7.107071 129.190018
v 110.355888 -10.557072 128.240021
v 111.855888 -11.107072 128.090012
v 112.655884 -10.557071 129.540024
v 111.855888 -10.557070 130.940018
v 110.205887 -10.557070 130.940018
v 116.955887 -13.107072 121.790024
v 118.155884 -13.207073 121.690025
v 118.855888 -12.907071 122.840027
v 118.155884 -12.907071 123.990021
v 116.155884 -13.107072 122.840027
v 116.805885 -13.107071 123.990021
v 83.855888 -10.957067 116.390022
v 83.105888 -10.857067 115.640022
v 82.355888 -10.857067 116.390022
v 83.105888 -10.957067 117.140022
v 82.755882 -14.657068 115.390022
v 82.105888 -14.657067 116.040024
v 83.405884 -14.657068 116.040024
v 82.755882 -14.657067 116.690025
v 83.855888 -10.957068 97.240021
v 83.105888 -10.957064 96.490021
v 82.355888 -10.857067 97.240021
v 83.105888 -10.857067 97.990021
v 82.755882 -14.657068 98.240021
v 82.105888 -14.657068 97.590027
v 83.405884 -14.657068 97.590027
v 82.755882 -14.657068 96.940025
v 75.805885 -14.657067 126.390022
v 75.805885 -14.657066 132.790039
v 82.205887 -14.657067 132.790039
v 82.205887 -14.657068 126.390022
v 76.555885 -14.657066 107.190025
v 75.805885 -14.657064 113.590027
v 82.205887 -14.657064 113.590027
v 83.705887 -14.657066 107.190025
v 82.205887 -14.657068 139.190033
v 88.605888 -14.657069 139.190033
v 88.605888 -14.657068 132.790039
v 88.605888 -14.657069 126.390022
v 82.205887 -14.657065 119.990021
v 88.605888 -14.657066 119.990021
v 88.605888 -14.657066 113.590027
v 88.605888 -14.657067 107.190025
v 85.455887 -14.657068 99.190025
v 88.605888 -14.657068 99.840027
v 89.905884 -14.657066 94.890022
v 95.005882 -14.657069 132.790039
v 95.005882 -14.657070 126.390022
v 95.005882 -14.657067 119.990021
v 95.005882 -14.657068 113.590027
v 95.005882 -14.657068 107.190025
v 95.005882 -14.657068 99.840027
v 95.005882 -14.657068 94.390022
v 101.405884 -14.657068 119.990021
v 101.405884 -14.657068 113.590027
v 101.405884 -14.657070 107.190025
v 102.005882 -14.657069 99.740021
v 102.655884 -14.657071 92.240021
v 107.805885 -14.657069 113.590027
v 107.805885 -14.657070 107.190025
v 108.155884 -14.657070 99.740021
v 109.155884 -14.657071 93.140022
v 114.205887 -14.657071 113.590027
v 114.205887 -14.657071 107.190025
v 114.655884 -14.657071 100.090027
v 115.605888 -14.657071 93.740021
v 114.205887 -14.657074 139.190033
v 120.605888 -14.657074 139.190033
v 120.605888 -14.657071 113.590027
v 120.605888 -14.657072 107.190025
v 120.505882 -14.657071 100.440025
v 121.755882 -14.657070 96.240021
v 127.005882 -14.657072 107.190025
v 127.005882 -14.657071 100.790024
v 128.355881 -14.657075 97.340027
v -145.194122 1.442967 28.340015
v -148.994125 7.592971 27.190020
v -149.094116 3.742972 34.090012
v -147.594116 6.692971 21.090019
v -151.894119 8.742969 20.990017
v -147.394119 6.892970 12.990014
v -152.394119 12.292972 11.290015
v -143.744125 7.942969 61.190010
v -149.094116 11.442967 61.490009
v -142.094116 12.942969 67.040009
v -137.094116 9.442967 65.240005
v 45.655888 36.592941 -171.210007
v 47.555889 36.592937 -174.410004
v 43.805893 44.542938 -174.410019
v 41.955887 36.592941 -171.210007
v 40.055889 36.592941 -174.410004
v -142.294113 10.692969 31.890017
v -139.194122 9.992968 28.340017
v -137.394119 7.942970 27.740019
v -141.744125 9.592971 31.840017
v -144.444122 14.542969 29.390013
v -142.294113 14.092967 26.390013
v -140.894119 14.442969 35.390022
v -139.694122 12.692969 36.690022
v -143.494125 17.542967 32.240021
v -146.094116 20.292973 28.290016
v -146.944122 18.992971 25.340017
v -136.844116 16.092966 34.040024
v -140.744125 18.892965 30.990017
v -143.594116 20.792973 27.990017
v -135.844116 13.242968 29.640013
v -140.044113 16.792971 27.390011
v -142.894119 19.792971 24.840017
v -142.544113 29.592964 53.340012
v -146.394119 24.842966 55.840015
v -145.044113 24.642967 56.990017
v -145.844116 24.992966 53.790016
v -144.194122 24.892965 53.640015
v -143.594116 20.792973 51.990021
v -143.694122 24.692966 55.640015
v -142.894119 19.792967 55.140018
v 114.355888 19.542933 -11.609987
v 114.405891 26.192932 -11.559986
v 110.055893 26.192934 -9.109986
v 110.055885 19.542934 -9.159987
v 105.105888 13.192932 -11.259987
v 105.755882 19.542933 -11.659987
v 105.805885 19.542929 -16.609983
v 105.105888 13.192931 -17.009987
v -39.394119 -14.657049 222.390015
v -39.394119 -14.657049 228.790009
v -32.994122 -14.657050 228.790009
v -32.994122 -14.657050 222.390015
v -39.394119 -14.657049 215.990005
v -32.994122 -14.657051 215.990005
v -39.394119 -14.657050 209.590012
v -32.994122 -14.657051 209.590012
v -39.394119 -14.657051 203.190002
v -32.994122 -14.657052 203.190002
v -39.394119 -14.657050 196.790009
v -32.994122 -14.657050 196.790009
v -26.594118 -14.657052 215.990005
v -26.594118 -14.657052 209.590012
v -122.594116 -17.307037 -40.009991
v -128.944122 -18.757038 -40.009991
v -128.944122 -18.307032 -33.609989
v -122.594116 -17.507032 -33.609989
v -116.194115 -16.657040 -40.009995
v -115.844116 -16.657032 -31.309982
v -122.594116 -17.307035 -27.209982
v -119.394119 -16.657036 -26.409983
v -124.244118 -16.657034 -21.859982
v -112.544121 -16.657036 -36.459995
v -110.044121 -16.657034 -41.959995
v -110.944115 -10.257037 -13.909986
v -115.094116 -10.257035 -18.759987
v -120.744118 -10.257035 -14.009987
v -117.244118 -10.257037 -8.609986
v -105.794121 -10.257038 -20.209988
v -110.544121 -10.257036 -24.509987
v -101.144119 -10.257035 -27.009987
v -106.444115 -10.257036 -30.659988
v -97.394119 -10.257037 -34.459980
v -103.144119 -10.257038 -37.259979
v -128.944122 -10.257030 -16.459988
v -127.094116 -10.257032 -10.259987
v -123.394119 -10.257035 -19.959988
v -118.294121 -10.257035 -24.759987
v -114.544121 -10.257035 -29.909988
v -111.094116 -10.257035 -35.259979
v -108.444115 -10.257035 -41.109978
v -100.294121 -10.257034 -44.059978
v -105.944115 -10.257036 -46.959980
v -117.194115 -3.857036 -8.659986
v -124.244118 -3.857032 -4.509984
v -124.244118 2.542968 -4.509984
v -117.194115 2.542964 -8.659987
v -110.894119 -3.857037 -13.909986
v -110.894119 2.542963 -13.909987
v -105.744118 -3.857038 -20.309984
v -105.744118 2.542963 -20.309988
v -101.144119 -3.857039 -27.059984
v -101.144119 2.542962 -27.059988
v -97.394119 -3.857040 -34.359982
v -97.394119 2.542961 -34.359985
v -113.144119 8.342966 -5.259984
v -107.394119 12.892962 -1.809986
v -100.444115 12.992961 -7.859986
v -106.444115 8.442964 -10.859987
v -94.644119 12.242964 -15.059985
v -100.944115 8.342964 -17.659983
v -89.494118 10.642962 -22.759983
v -96.044121 7.692962 -24.909983
v -85.344116 11.342959 -31.109983
v -92.094116 7.292961 -32.759991
v -81.844116 10.942961 -39.709995
v -88.744118 7.842962 -40.809990
v -52.194118 -5.057045 36.790020
v -52.194118 -5.057045 30.390017
v -58.594116 -5.707044 30.390018
v -58.594116 -5.757044 36.790020
v -52.194118 -5.057045 23.990017
v -58.594116 -6.157044 23.990011
v -50.744118 -5.057044 20.890017
v -58.594116 -5.057045 17.590017
v -52.194118 -5.057045 62.390018
v -52.094116 -5.057044 69.690018
v -45.794117 -5.057047 68.790016
v -45.794117 -5.057046 62.390018
v -45.794117 -5.057046 55.990021
v -52.194118 -5.907045 55.990021
v -45.794117 -5.057046 49.590019
v -52.194118 -5.057045 49.590019
v -45.794117 -5.057045 43.190018
v -52.194118 -5.057045 43.190018
v -45.794117 -5.057046 36.790020
v -45.794117 -5.057046 30.390017
v -46.394115 -5.057045 25.690018
v -36.694118 -5.057048 60.240021
v -39.394115 -5.057047 55.990021
v -39.394115 -5.057047 49.590019
v -39.394115 -5.057047 43.190018
v -39.394115 -5.057047 36.790020
v -35.244118 -5.057048 53.990021
v -34.794117 -5.057048 47.540020
v -35.744118 -5.057049 41.190018
v 108.155884 18.092928 -4.859984
v 108.255882 24.342928 -5.159985
v 111.455887 24.342930 -1.609985
v 111.205887 18.092930 -1.559985
v 105.455887 18.092934 3.690015
v 105.355888 24.342934 3.990015
v 102.155884 24.342932 0.440015
v 102.455887 18.092932 0.390015
v 108.405891 25.792933 1.190014
v 109.155891 25.792931 -1.109986
v 106.805893 26.692930 -0.609986
v 106.105896 25.792933 1.690014
v 104.455894 25.792933 -0.059986
v 105.205894 25.792931 -2.359986
v 107.555893 25.792931 -2.859986
v 110.055885 24.342932 2.940015
v 103.605888 24.342930 -4.109985
v 114.355888 19.542927 -16.559984
v 119.155884 23.392927 -16.809986
v 118.205887 22.392931 -22.409986
v 112.205887 17.192932 -21.309990
v 117.305885 21.842928 -26.909985
v 112.205887 17.442928 -27.909990
v 102.605888 7.742934 -110.109993
v 106.205887 7.742933 -104.159996
v 105.605888 14.142934 -104.159996
v 103.755882 14.142934 -109.659996
v 106.355888 14.142932 -99.309998
v 107.855888 14.142933 -91.209991
v 106.355888 17.342932 -94.459991
v 106.655884 17.992937 -99.859993
v 106.355888 17.342932 -105.309998
v 106.455887 -5.057067 -104.259987
v 102.905884 -5.057066 -110.209984
v 102.805885 -5.857067 -110.259987
v 106.355888 -5.857068 -104.359985
v -155.744125 -21.657032 -52.459991
v -160.994125 -21.307024 -52.809990
v -161.894119 -21.657026 -44.809990
v -154.644119 -21.657030 -48.109989
v -148.444122 -20.757029 -43.409988
v -147.494125 -21.657030 -47.409988
v -160.244125 4.342972 -49.459991
v -159.494125 4.542973 -54.209991
v -164.294113 4.692974 -54.459991
v -163.994125 4.542972 -49.609989
v -165.694122 -14.457026 -38.609993
v -166.944122 -15.257026 -45.959995
v -171.344116 -8.457028 -43.609982
v -169.044113 -8.507029 -37.759983
v -164.494125 -14.057025 -32.409992
v -166.194122 -8.507028 -31.709988
v -160.744125 -12.357028 -24.159986
v -162.394119 -7.557028 -24.459990
v -161.294113 -3.757029 -37.509983
v -159.594116 -0.907029 -38.259987
v -159.194122 -0.907028 -42.859985
v -160.694122 -3.757028 -43.959984
v -154.994125 -0.907029 -44.759987
v -151.244125 -0.907029 -42.109985
v -160.294113 -15.657029 -43.659992
v -160.844116 -15.657030 -37.709995
v -160.294113 -7.507029 -37.959984
v -159.794113 -7.507028 -43.309982
v -164.494125 -21.007027 -32.409988
v -160.744125 -19.457027 -24.159988
v -165.694122 -21.807030 -38.609989
v -166.944122 -21.657026 -45.959991
v 59.755890 13.092937 27.790012
v 53.255890 14.942939 30.290012
v 51.705887 15.792940 36.190022
v 60.555889 16.192936 34.690022
v 77.055885 7.242936 24.590019
v 71.455887 7.742937 25.040018
v 75.205887 12.942934 27.190014
v 80.805885 12.692935 25.190014
v 79.455887 1.342936 21.440016
v 74.755882 1.342935 23.640015
v 81.955887 7.692934 22.540018
v 85.155884 13.742934 22.340014
v 43.305885 4.642941 18.690014
v 44.455883 1.342940 18.540014
v 42.755886 1.342941 18.740015
v 41.705883 4.042942 18.840014
v 41.705883 4.042942 21.640013
v 42.755886 1.342939 21.640015
v -125.444115 -18.407032 -67.659981
v -125.444115 -16.957031 -67.659981
v -119.694115 -14.357034 -64.959976
v -119.694115 -17.357033 -64.959976
v -128.944122 -18.557034 -71.909981
v -148.194122 -19.757030 -84.809982
v -154.594116 -19.957029 -84.809982
v -152.544113 -19.857031 -83.859978
v -146.194122 -19.507029 -79.209976
v -141.794113 -19.357033 -84.809982
v -141.794113 -20.157028 -78.409981
v -135.394119 -18.807032 -84.809982
v -135.394119 -19.957027 -78.409981
v -141.794113 -20.957031 -72.009972
v -135.394119 -20.007034 -72.009979
v -153.144119 -18.057030 -96.509979
v -159.544113 -19.707027 -92.359978
v -154.594116 -19.307028 -91.209976
v -148.194122 -18.607029 -91.209976
v -141.794113 -18.357031 -91.209976
v -135.394119 -18.357031 -91.209976
v -161.394119 -20.207029 -87.209976
v -147.844116 -5.157028 -78.559990
v -149.294113 -2.807028 -77.909988
v -149.894119 -2.807029 -73.359985
v -148.594116 -5.157028 -72.409988
v -147.994125 -13.507030 -78.459976
v -152.794113 -13.507029 -82.109978
v -152.844116 -8.357028 -81.459976
v -148.594116 -8.357031 -78.209976
v -148.744125 -13.507030 -72.509979
v -149.244125 -8.357032 -72.909981
v -32.994118 -3.207046 -78.409988
v -25.044117 -4.207048 -80.809990
v -26.844116 -4.207046 -84.209984
v -32.994118 -3.757046 -84.809990
v -31.994116 -4.207049 -88.609985
v -32.894115 -4.207047 -92.209984
v -28.444117 -4.207049 -87.559990
v -24.744116 -4.207049 -87.459984
v -25.794117 -4.207046 -90.109985
v -20.894117 -4.207050 -87.259987
v -23.144117 -4.207048 -92.409988
v -13.794117 -4.207049 -85.259987
v -17.444117 -4.207050 -86.309990
v -19.144117 -4.207047 -83.859985
v -7.394117 -4.207049 -84.809990
v -11.044117 -4.207052 -87.909988
v -24.894117 -4.207046 -95.859985
v -26.694117 -4.207048 -93.709984
v -32.994118 -4.657046 -104.009987
v -32.994118 -5.057046 -110.409988
v -39.394115 -5.057045 -110.409988
v -39.394115 -4.657044 -104.009987
v -45.794117 -5.057044 -110.409988
v -45.794117 -4.657043 -104.009987
v -48.494118 -5.057045 -114.209984
v -51.844116 -5.057042 -108.809990
v -53.794117 -5.057043 -102.809990
v -45.794117 -3.657043 -72.009987
v -45.794117 -3.607044 -78.409988
v -52.194118 -4.457043 -78.409988
v -52.194118 -4.307043 -72.009987
v -39.394115 -3.207045 -72.009987
v -39.394115 -3.207045 -78.409988
v -32.994118 -3.207046 -72.009987
v -26.594116 -3.207047 -72.009987
v -20.194117 -3.157048 -72.009987
v -21.194117 -4.207048 -80.609985
v -45.794117 -4.507044 -84.809990
v -52.194118 -4.507043 -84.809990
v -39.394115 -3.757046 -84.809990
v -45.794117 -4.557044 -91.209984
v -52.194118 -4.557043 -91.209984
v -39.394115 -4.007045 -91.209984
v -45.794117 -4.607044 -97.609985
v -52.194118 -4.607043 -97.609985
v -39.394115 -4.607045 -97.609985
v -51.844116 1.342958 -108.809990
v -53.794117 1.342958 -102.809990
v -21.494116 -0.207049 -81.209984
v -19.794117 -0.207047 -83.909988
v -26.194117 -0.207046 -84.209984
v -24.694117 -0.207049 -81.359985
v -24.444117 -0.207049 -86.909988
v -21.244116 -0.207049 -86.759987
v -31.644117 -1.807045 -88.959984
v -28.594116 -1.807049 -88.059990
v -30.094116 -1.807048 -94.259987
v -32.394115 -1.807047 -92.059990
v -27.044117 -1.807048 -93.359985
v -26.244116 -1.807047 -90.259987
v -30.244116 -4.207049 -94.759987
v -19.594116 3.792951 -92.759987
v -17.844116 3.792951 -95.459984
v -24.244116 3.792951 -95.809990
v -22.794117 3.792951 -92.959984
v 127.005882 -14.657076 196.790009
v 127.005882 -14.657076 203.190002
v 133.405884 -14.657077 203.190002
v 133.405884 -14.657077 196.790009
v 133.405884 -14.657076 222.390015
v 133.405884 -14.657076 228.790009
v 139.805893 -14.657077 228.790009
v 139.805893 -14.657078 222.390015
v 133.405884 -14.657077 215.990005
v 139.805893 -14.657077 215.990005
v 133.405884 -14.657076 209.590012
v 139.805893 -14.657077 209.590012
v 139.805893 -14.657078 203.190002
v 139.805893 -14.657078 196.790009
v 146.205887 -14.657078 228.790009
v 146.205887 -14.657078 222.390015
v 146.205887 -14.657078 215.990005
v 146.205887 -14.657078 209.590012
v 146.205887 -14.657078 203.190002
v 146.205887 -14.657079 196.790009
v 152.605881 -14.657080 228.790009
v 152.605881 -14.657079 222.390015
v 152.605881 -14.657079 215.990005
v 152.605881 -14.657079 209.590012
v 152.605881 -14.657080 203.190002
v 152.605881 -14.657080 196.790009
v 159.005890 -14.657080 228.790009
v 159.005890 -14.657080 222.390015
v 159.005890 -14.657080 215.990005
v 159.005890 -14.657080 209.590012
v 159.005890 -14.657081 203.190002
v 159.005890 -14.657080 196.790009
v 165.405884 -14.657081 228.790009
v 165.405884 -14.657081 222.390015
v 165.405884 -14.657081 215.990005
v 165.405884 -14.657081 209.590012
v 165.405884 -14.657081 203.190002
v 165.405884 -14.657082 196.790009
v 171.805893 -14.657082 228.790009
v 171.805893 -14.657082 222.390015
v 171.805893 -14.657082 215.990005
v 171.805893 -14.657081 209.590012
v 171.805893 -14.657083 203.190002
v 171.805893 -14.657083 196.790009
v 178.205887 -14.657084 203.190002
v 178.205887 -14.657083 196.790009
v -159.894119 -20.157026 -80.959976
v -163.144119 -20.557026 -82.009972
v -166.194122 -21.007023 -76.409973
v -156.844116 1.942973 -97.859985
v -163.694122 0.192973 -93.009987
v -161.744125 -6.607027 -92.559990
v -155.094116 -4.757027 -97.309990
v -168.894119 -21.257027 -70.409973
v -160.894119 -21.007030 -73.059975
v -170.594116 -21.657032 -64.259972
v -167.394119 -21.207024 -65.609970
v -171.494125 6.742974 -87.759987
v -179.094116 11.242974 -89.559998
v -179.294113 11.842978 -79.709991
v -174.444122 6.092975 -79.209984
v -163.144119 -14.257027 -82.009979
v -161.394119 -13.407026 -87.209976
v -164.394119 -6.557027 -85.959984
v -166.944122 -7.557026 -79.659981
v -183.944122 12.592978 -75.159996
v -177.344116 6.292975 -74.009987
v -166.194122 -15.257027 -76.409981
v -170.794113 -8.457026 -74.759979
v -168.894119 -15.257027 -70.409981
v -173.294113 -8.457025 -69.109978
v -154.294113 -5.157027 -69.959984
v -154.144119 -2.807028 -71.559990
v -157.794113 -2.807029 -74.359985
v -159.244125 -5.157028 -73.709984
v -157.194122 -2.807027 -78.909988
v -158.494125 -5.157027 -79.859985
v -152.944122 -2.807029 -80.709984
v -152.744125 -5.157029 -82.259987
v -158.294113 -13.507026 -79.759979
v -159.044113 -13.507026 -73.809982
v -158.494125 -8.357027 -74.059982
v -157.844116 -8.357026 -79.409981
v -154.544113 -20.907028 -68.209969
v -154.294113 -13.507029 -70.209976
v -170.594116 -15.257026 -64.259979
v 76.405884 -1.607064 81.090019
v 78.005882 -1.607065 81.090019
v 78.405884 0.542935 81.090019
v 76.005882 0.542936 81.090019
v 76.355888 -1.257066 77.640015
v 78.055885 -1.257067 77.640015
v 80.105888 -2.357065 80.440018
v 81.655884 -1.757066 80.640015
v 78.255882 -0.157065 80.440018
v 78.055885 -1.257065 80.290016
v 81.155884 -5.057066 80.590019
v 82.855888 -5.057067 80.790016
v 74.305885 -2.357064 80.440018
v 76.355888 -1.257065 80.290016
v 76.105888 -0.157065 80.440018
v 72.705887 -1.757064 80.640015
v 80.105888 -2.357067 77.640015
v 81.155884 -5.057067 77.640015
v 74.305885 -2.357066 77.640015
v -109.794121 -8.757035 36.790020
v -109.794121 -8.857035 43.190018
v -103.394119 -8.207036 43.190018
v -103.394119 -8.007036 36.790020
v -96.994118 -7.007039 43.190018
v -96.994118 -7.007039 36.790020
v -96.994118 -7.007039 30.390011
v -103.394119 -7.457037 30.390011
v -96.994118 -6.857039 23.990011
v -103.394119 -7.007038 23.990011
v -90.594116 -7.007039 49.590019
v -90.594116 -7.007040 43.190018
v -96.994118 -7.007038 49.590019
v -90.594116 -7.007040 36.790020
v -90.594116 -7.007040 30.390011
v -90.594116 -6.507040 23.990011
v -84.194115 -5.807040 55.990021
v -84.194115 -7.007040 49.590019
v -91.394119 -5.707042 57.340019
v -84.194115 -7.007041 43.190018
v -84.194115 -7.007041 36.790020
v -84.194115 -7.007041 30.390011
v -84.194115 -6.207040 23.990011
v -77.794121 -5.557041 55.990021
v -77.794121 -7.007041 49.590019
v -77.794121 -7.007041 43.190018
v -77.794121 -7.007041 36.790020
v -77.794121 -7.007041 30.390011
v -77.794121 -6.107042 23.990011
v -71.394119 -5.407042 55.990021
v -71.394119 -6.457042 49.590019
v -71.394119 -6.407042 43.190018
v -71.394119 -6.507042 36.790020
v -71.394119 -6.457043 30.390011
v -71.394119 -5.957042 23.990011
v -64.994118 -5.357043 55.990021
v -64.994118 -6.507043 49.590019
v -64.994118 -6.307043 43.190018
v -64.994118 -6.407043 36.790020
v -64.994118 -6.557043 30.390011
v -64.994118 -6.107043 23.990011
v -64.994118 -5.057044 17.590017
v -71.044121 -5.057042 15.040014
v -58.594116 -5.307044 55.990021
v -58.594116 -5.907044 49.590019
v -58.594116 -5.657043 43.190018
v -67.794121 -7.157043 -83.259979
v -69.194115 -7.507041 -81.409981
v -70.144119 -1.157042 -81.559990
v -68.694115 -1.057039 -83.209984
v -65.744118 -6.707040 -84.609985
v -66.894119 -0.357040 -84.709984
v -63.594116 -6.007041 -85.009987
v -64.694115 0.342959 -85.409988
v -71.444115 2.042958 -81.409988
v -69.744118 2.292959 -83.709984
v -67.794121 2.942959 -85.509987
v -65.244118 3.642959 -86.459984
v -73.094116 3.992959 -86.609985
v -75.694115 3.542961 -83.309990
v -69.844116 4.642962 -89.459984
v -65.544121 5.442959 -90.859985
v -79.844116 1.792962 -84.809990
v -76.294121 2.492961 -89.809990
v -71.494118 3.142958 -93.659988
v -65.244118 4.042960 -95.409988
v -58.544117 4.642959 -95.859985
v -58.544117 6.242957 -92.459984
v -80.844116 -1.557038 -85.259987
v -76.944115 -0.757039 -90.909988
v -71.594116 -0.107042 -95.009987
v -64.694115 0.842960 -96.759987
v -58.544117 1.342958 -97.059990
v -81.244118 -8.007038 -85.559982
v -77.144119 -7.357040 -92.009979
v -71.044121 -6.407039 -96.209984
v -63.594116 -5.407041 -97.759987
v -63.594116 -5.707042 -91.409988
v -58.544117 -5.057044 -87.709984
v -58.544117 -5.057044 -95.059990
v -68.394119 -6.557040 -90.409988
v -72.494118 -7.257043 -87.659981
v -58.544117 1.342956 -95.309990
v -58.544117 -5.057042 -97.759987
v -70.344116 -7.007039 -58.159981
v -76.494118 -8.007040 -54.009983
v -77.844116 -1.757040 -54.659985
v -71.894119 -0.807039 -58.559986
v -66.194115 -6.807040 -64.259979
v -67.394119 -0.457044 -64.309990
v -65.444115 -6.807040 -71.859978
v -66.544121 -0.457040 -71.859985
v -73.244118 2.342960 -59.309986
v -68.794121 2.742960 -64.609985
v -67.894119 2.792959 -71.709984
v -72.994118 4.092960 -66.359985
v -76.594116 3.492959 -62.459991
v -72.394119 4.142959 -70.809990
v -79.444115 1.442961 -65.709984
v -76.794121 2.242959 -69.059990
v -77.894119 2.142961 -73.259987
v -74.194115 3.792958 -75.759987
v -80.244118 1.742961 -79.109985
v -75.944115 3.492960 -80.109985
v -79.744118 -1.907039 -66.609985
v -77.744118 -1.157041 -68.809990
v -78.694115 -1.157040 -72.409988
v -81.294121 -1.557039 -78.759987
v -79.244118 -8.307041 -67.209976
v -77.894119 -7.557039 -69.409981
v -78.994118 -7.557039 -71.659981
v -81.794121 -7.957039 -78.409981
v -71.694115 -7.157043 -70.559982
v -73.644119 -7.457041 -75.159981
v -72.044121 -7.207040 -66.809982
v -74.794121 -7.657041 -62.659981
v -75.544121 -7.807040 -79.759979
v -44.994114 13.442954 82.440010
v -50.044113 13.092953 84.990005
v -57.894112 14.242954 80.040009
v -49.744114 14.242952 79.590012
v -37.444115 14.242953 77.790009
v -53.744118 6.742954 90.490013
v -47.644115 6.742953 90.040016
v -55.844112 13.092954 85.340012
v -42.344116 6.742954 87.340019
v -37.044117 6.742953 82.690018
v -30.944115 6.742951 78.840019
v -31.244114 14.242953 72.840012
v -29.794117 0.592951 80.690018
v -35.894115 0.592951 84.540016
v -24.694115 6.742951 75.440018
v -25.594114 15.092951 71.540009
v -23.544117 0.592949 77.240013
v -28.644117 -5.507049 82.490013
v -22.394117 -5.507051 79.090019
v -21.294119 -11.607053 80.940025
v -27.494118 -11.607048 84.340027
v -16.194117 -5.507051 75.740013
v -17.344116 0.592950 73.890015
v -15.044118 -11.607051 77.540024
v -40.144115 -5.057049 65.690018
v -45.644115 -5.057046 68.740013
v -45.644115 1.342954 68.740013
v -40.144115 1.342952 65.690018
v -50.944118 10.742954 76.590012
v -43.194118 10.792953 75.840012
v -52.694118 6.342953 72.440018
v -45.444118 6.342952 71.790016
v -52.094116 1.342956 69.690018
v -36.244118 10.742954 72.490005
v -38.694118 6.342953 68.740013
v -30.994114 10.742952 65.690010
v -34.194118 6.342953 62.390011
v -36.694118 1.342952 60.240017
v -28.544115 10.692952 57.940006
v -32.444118 6.342952 55.590012
v -35.244118 1.342951 53.990017
v -24.294115 14.242950 57.540024
v -24.044115 14.242949 50.290024
v -28.294115 10.692948 50.690006
v -32.044117 6.342952 48.590012
v -34.794117 1.342951 47.540016
v -24.494114 14.242951 43.190022
v -28.694115 10.692952 43.540009
v -33.044117 6.342951 41.490013
v -35.744118 1.342951 41.190014
v -31.244114 10.692952 36.290009
v -35.244118 6.342950 34.490013
v -37.744118 1.342952 35.140015
v -93.444115 -0.507039 -58.109985
v -93.444115 1.642961 -57.709988
v -93.444115 1.642964 -60.109985
v -93.444115 -0.507037 -59.709988
v 38.005886 4.792942 18.240013
v 37.605885 6.942942 18.240019
v 40.005886 6.942942 18.240019
v 39.605885 4.792942 18.240013
v 37.955883 5.142942 21.640011
v 39.655884 5.142942 21.640011
v 35.905884 4.042943 18.840014
v 34.355885 4.642942 18.690014
v 37.755886 6.242941 18.890018
v 37.955883 5.142942 19.040010
v 34.855885 1.342942 18.740015
v 33.155884 1.342942 18.540014
v 35.905884 4.042943 21.640013
v 42.005886 7.742940 20.340019
v 35.605885 7.742941 20.340019
v 35.755886 12.342944 20.340015
v 41.855885 12.342943 20.340015
v 43.305885 4.642941 20.340014
v 39.855885 6.242940 20.340019
v 48.355885 7.742940 20.340019
v 21.405888 25.542942 -145.010010
v 27.805887 25.242943 -145.010010
v 27.805887 25.242949 -148.110001
v 21.405888 25.542948 -148.110001
v 15.005888 25.242945 -145.010010
v 15.005888 25.242950 -148.110001
v 66.855888 16.092934 56.140022
v 74.055885 14.792937 55.190022
v 75.555885 15.392936 46.540024
v 67.805885 16.592937 48.190022
v 77.055885 16.992937 37.890018
v 68.755882 16.592939 40.240025
v 59.955887 17.042940 49.490021
v 60.255890 16.742937 42.090023
v 52.105888 18.342941 50.390018
v 51.905888 17.692938 43.290020
v 44.455887 19.792942 50.690018
v 44.055889 18.692938 43.690018
v 15.005888 22.142948 -173.910004
v 21.405888 22.142948 -173.910004
v 21.405888 25.542948 -173.910004
v 15.005888 25.242949 -173.910004
v 8.605887 22.142950 -172.710007
v 8.605887 24.692949 -172.710007
v 34.205887 24.692944 -175.809998
v 34.205887 24.692945 -172.710007
v 42.005890 23.692945 -171.309998
v 40.205887 23.692944 -174.410004
v 27.805887 25.242945 -177.010010
v 27.805887 25.242947 -173.910004
v 21.405888 25.542946 -177.010010
v 15.005888 25.242947 -177.010010
v 8.605887 24.692947 -175.809998
v 27.805887 22.142946 -173.910004
v 34.205887 22.142946 -172.710007
v 41.955887 22.142946 -171.210007
v 2.655885 8.542949 31.890017
v 4.655885 10.192946 33.040009
v 4.955885 8.542945 28.190018
v 6.305883 -5.857056 28.240011
v 11.255883 -5.057053 26.640017
v 11.655883 -5.707056 20.290018
v 3.605883 -5.857054 23.240011
v -2.044117 -5.857053 23.040010
v -2.444117 -2.857052 19.940018
v -2.494117 -1.357052 19.440016
v -1.294116 0.692947 24.490015
v 0.605885 10.542945 28.040016
v 2.905885 8.542947 24.340017
v -1.444115 8.542949 24.240017
v 2.755884 0.692947 24.640015
v 4.655884 0.692945 28.190016
v 2.205884 -2.357055 16.090017
v 1.755884 -1.357055 15.940016
v 13.905883 -4.107054 -48.759983
v 18.805883 -3.907055 -44.959984
v 11.805883 -3.557054 -52.809982
v 9.505883 -4.057053 -52.909981
v 21.655884 -2.407056 -36.509987
v 15.605884 -3.057055 -39.509987
v 18.205885 -0.957056 -33.609985
v 24.605885 -3.907055 -46.409981
v 24.455885 -3.507055 -42.159981
v 10.155883 -4.007054 -43.609982
v 4.955884 -4.657053 -48.409981
v 5.405883 -2.857054 -40.009987
v 11.805884 -3.007056 -40.009987
v 31.005884 -3.857054 -46.409981
v 31.005884 -3.857055 -52.809982
v 31.005884 -3.407055 -65.609985
v 24.605885 -2.157055 -65.609985
v 31.005884 -3.557055 -59.209984
v 5.405884 -0.757054 -33.609985
v 11.805884 -0.857056 -33.609985
v 30.405884 -2.707058 -38.309986
v 37.405884 -4.757057 -52.809982
v 37.405884 -5.057059 -59.209984
v 37.405884 -4.057057 -46.409981
v 37.405884 -3.807060 -40.009983
v 35.455883 -2.407060 -33.209988
v 43.805885 -4.707057 -46.409981
v 43.805885 -5.107057 -52.809982
v 43.805885 -3.557061 -40.009983
v 33.155884 5.342943 -129.559982
v 34.005886 5.342944 -129.159988
v 32.505886 4.542943 -129.609985
v 18.205885 -4.557053 -110.409988
v 18.205885 -4.557054 -104.009987
v 24.605885 -4.607055 -104.009987
v 24.605885 -4.857055 -110.409988
v 18.205885 -4.657053 -116.809990
v 24.605885 -4.907054 -116.809990
v 31.005884 -4.507056 -110.409988
v 31.005884 -4.707056 -116.809990
v 18.205885 -4.807055 -123.209984
v 24.605885 -5.007056 -123.209984
v 25.305883 -5.057054 -131.409988
v 17.505884 -5.057054 -131.409988
v 31.905884 -4.857057 -123.309990
v 26.405884 6.192945 -123.159988
v 24.905886 6.892948 -118.959991
v 25.455887 7.692945 -118.909996
v 27.055885 6.992945 -123.109993
v 29.005884 5.392942 -126.809990
v 29.655884 6.192945 -126.759987
v 27.805883 4.542944 -129.609985
v 24.805883 5.292945 -122.859985
v 27.355885 5.242945 -122.859985
v 25.755884 5.842947 -118.659988
v 24.455885 4.592947 -126.509987
v 29.955885 4.592947 -126.509987
v 25.205885 1.342944 -130.709991
v 32.855885 1.342943 -130.709991
v 18.005884 5.292946 -122.859985
v 18.355885 4.592947 -126.509987
v 17.605885 1.342945 -130.709991
v 12.855885 4.592947 -126.509987
v 9.955884 1.342946 -130.709991
v 21.405886 10.942948 -145.009995
v 27.605886 10.942946 -145.009995
v 27.405886 17.342941 -145.010010
v 21.405886 17.342941 -145.010010
v 27.905886 6.992945 -122.759995
v 26.305885 7.692945 -118.559998
v 30.505884 6.192945 -126.409988
v 9.755883 -5.057053 -131.409988
v -149.344116 -17.557034 -16.909983
v -142.744125 -17.207033 -14.859986
v -141.144119 -18.057030 -21.359989
v -148.194122 -18.357029 -20.809990
v -135.394119 -17.657030 -20.809990
v -135.894119 -16.657036 -16.109982
v -146.144119 6.592968 3.740015
v -152.544113 6.042972 2.640014
v -150.844116 9.092972 6.690014
v -144.594116 10.092971 7.690013
v -157.144119 8.092971 5.740016
v -147.194122 2.242969 -0.459987
v -153.544113 1.892973 -3.709986
v -137.394119 7.742970 3.740014
v -140.044113 2.542969 -0.259987
v -147.194122 -4.157031 -0.459987
v -153.544113 -4.507030 -3.709987
v -139.994125 -3.857032 -0.259987
v -131.944122 -3.857033 -1.659987
v -131.944122 2.542967 -1.659987
v -133.894119 11.092970 7.490015
v -132.044113 12.892966 9.540013
v -120.844116 14.542968 8.740013
v -123.894119 11.442966 6.140015
v -128.794113 8.092969 2.240013
v -115.294121 11.942966 2.940015
v -120.644119 8.092966 -0.809987
v -144.144119 10.342969 9.740016
v 42.805885 4.592940 -7.759984
v 47.555885 4.592939 -9.209985
v 44.455883 3.392942 -10.909983
v 47.205883 3.392940 -7.309988
v 44.155884 3.392941 -6.359983
v 46.605885 -3.007061 -7.659986
v 46.855885 -3.007061 -9.009988
v 45.205883 7.442940 -8.509987
v 47.455883 5.342939 -8.009985
v 44.605885 5.342942 -10.309984
v 45.205883 4.592939 -8.509985
v 43.655884 5.342940 -6.809985
v 46.355885 -3.007061 -1.459984
v 46.355885 2.592940 -1.459987
v 44.505886 -3.007060 -7.009984
v 49.705883 3.392941 2.790015
v 51.955883 3.392940 0.540017
v 49.105885 2.592938 -3.109987
v 49.105885 -3.007061 -3.109984
v 53.955883 -3.007061 -7.759984
v 53.955883 2.592938 -7.759984
v 52.255886 3.392938 -14.159983
v 52.255886 -3.007062 -14.159986
v 46.855885 -3.007061 -14.159986
v 1.055886 17.242947 -144.010010
v 1.555885 10.842948 -143.159988
v 4.155885 10.842948 -147.609985
v 3.155886 17.242952 -147.610001
v -3.044114 17.242949 -144.010010
v -3.544115 10.842950 -143.159988
v -5.144114 17.242954 -147.610001
v -6.144115 10.842950 -147.609985
v 2.255885 4.542950 -142.009995
v 5.455884 4.542948 -147.609985
v 15.205886 10.942948 -145.009995
v 15.405887 17.342943 -145.010010
v 8.605886 17.342943 -146.210007
v 8.605886 10.942947 -146.209991
v 15.005885 4.542948 -145.009995
v 8.605885 4.542948 -146.209991
v -4.344114 17.242947 -146.260010
v -7.894114 15.842951 -145.760010
v -6.644115 9.492949 -143.059982
v -4.594112 23.692953 -147.610001
v -7.944113 21.042946 -145.809998
v -10.094112 23.542952 -149.760010
v -167.394119 -21.207026 -59.209991
v -171.144119 -21.657026 -57.909988
v -169.544113 -21.657030 -51.809990
v -167.394119 -21.207022 -52.809990
v -160.994125 -21.307032 -64.059975
v -160.994125 -21.307028 -60.909988
v -155.494125 -21.657030 -62.159988
v -169.544113 -15.257025 -51.809994
v -171.144119 -15.257025 -57.909992
v -173.944122 -8.457024 -55.809982
v -173.044113 -8.457028 -49.609982
v 103.655884 18.292933 -94.459991
v 106.505882 19.242933 -94.459991
v 106.355888 20.542936 -99.860001
v 103.005882 19.342936 -99.859993
v 103.655884 18.292934 -105.309998
v 106.505882 19.242933 -105.309998
v 101.755882 16.442934 -105.309998
v 104.255882 17.242937 -99.859993
v 102.905884 15.992932 -99.859993
v 101.755882 16.442932 -94.459991
v 108.005882 20.092930 -108.359993
v 108.005882 22.042933 -105.209999
v 107.955887 23.092936 -99.860001
v 108.005882 22.042931 -94.560005
v 108.005882 20.092932 -91.359993
v 111.155884 22.442930 -94.709999
v 111.155884 23.742937 -99.859970
v 111.155884 20.042933 -90.459991
v 54.855888 14.142940 24.340014
v 57.155888 14.142941 20.340014
v 55.005890 18.792938 20.340017
v 53.755890 18.792938 22.440018
v 56.755886 7.742939 20.340019
v 54.655884 7.742939 16.690020
v 54.855888 14.142938 16.340014
v 50.455883 7.742939 16.690020
v 50.255890 14.142940 16.340014
v 52.555889 25.542938 20.340014
v 51.305889 18.792940 22.440018
v 53.755890 18.792936 18.240017
v 57.155884 1.342939 20.340015
v 54.855885 1.342937 16.340015
v 50.255886 1.342938 16.340015
v 51.305889 18.792936 18.240017
v 47.955887 14.142941 20.340014
v 50.105888 18.792938 20.340017
v 56.355885 -5.057062 23.690018
v 58.305885 -5.057062 20.340017
v 54.855885 1.342939 24.340015
v 54.655884 7.742939 23.990019
v 69.105888 -5.057064 23.890017
v 63.655884 -5.057063 23.590017
v 63.655884 1.342937 23.590015
v 69.105888 1.342936 23.890015
v 22.755884 1.342944 24.340015
v 22.955887 7.742944 23.990019
v 20.855886 7.742944 20.340019
v 20.455885 1.342946 20.340015
v 22.755886 14.142944 24.340014
v 20.455887 14.142946 20.340014
v 27.355886 14.142943 24.340014
v 26.305885 18.792944 22.440018
v 23.855886 18.792944 22.440018
v 22.605886 18.792942 20.340017
v 22.755886 14.142942 16.340014
v 22.955887 7.742942 16.690020
v 27.355886 14.142942 16.340014
v 27.155886 7.742942 16.690020
v 25.055887 25.542942 20.340014
v 23.855886 18.792942 18.240017
v 22.755884 1.342942 16.340015
v 27.355885 1.342941 16.340015
v 29.255886 7.742944 20.340019
v 29.655884 1.342944 20.340015
v 26.305885 18.792940 18.240017
v 27.955885 -5.057056 15.390018
v 30.805883 -5.057056 20.340017
v 27.505886 18.792942 20.340017
v -45.244122 -14.657048 97.740021
v -44.994118 -11.607045 95.940025
v -51.894115 -11.607048 96.740021
v -52.394119 -14.657047 98.440025
v -38.944122 -14.657048 94.640022
v -38.944118 -11.607049 92.890022
v -33.594120 -14.657047 89.990021
v -33.594116 -11.607049 88.190025
v -52.494118 -5.507044 94.640015
v -45.894115 -5.507046 93.990013
v -46.744118 0.592953 91.990013
v -53.094116 0.592955 92.590019
v -40.094116 -5.507050 91.040016
v -41.244118 0.592951 89.190018
v -34.744118 -5.507048 86.340019
v -39.394119 -14.657047 100.790024
v -36.544121 -14.657049 98.540024
v -32.994122 -14.657049 94.390022
v -39.394119 -14.657050 126.390022
v -39.394119 -14.657049 132.790039
v -32.994122 -14.657050 132.790039
v -32.994122 -14.657051 126.390022
v -39.394119 -14.657047 119.990021
v -32.994122 -14.657049 119.990021
v -39.394119 -14.657046 113.590027
v -32.994122 -14.657048 113.590027
v -39.394119 -14.657047 107.190025
v -32.994122 -14.657049 107.190025
v -32.994122 -14.657048 100.790024
v 104.055885 -3.007067 -4.509984
v 103.855888 3.392933 -4.309988
v 96.755882 2.592934 -4.359983
v 96.755882 -3.007066 -4.359983
v 91.655884 3.392932 -3.409986
v 91.505882 -3.007066 -3.459985
v 86.955887 2.592933 -1.459987
v 90.305885 3.392934 -6.359983
v 84.205887 2.592933 -3.109987
v 86.955887 -3.007067 -1.459984
v 99.355888 -3.457067 2.190017
v 83.605888 -3.007066 2.790015
v 94.605888 -5.057067 7.890015
v 94.605888 1.342935 7.890014
v 100.455887 2.942933 1.690014
v 100.955887 12.292934 8.740015
v 94.305885 12.942934 12.840014
v 98.355888 18.542936 14.640015
v 104.955887 17.542931 10.490015
v 97.105888 6.992935 8.540014
v 90.655884 7.342934 12.840014
v 88.155884 1.342934 12.040014
v 93.405884 20.092930 19.240017
v 97.605888 21.292933 21.690018
v 102.505882 21.592936 16.840017
v 102.155884 6.442933 2.190015
v 89.555885 13.742933 17.340014
v 86.055885 8.342936 17.440020
v 84.455887 19.942936 26.790016
v 90.355888 21.142935 24.790016
v 88.605888 20.792934 23.690018
v 109.055885 22.242933 12.640017
v -100.944115 17.342962 0.190016
v -93.744118 20.392963 3.640013
v -88.494118 17.592960 0.040016
v -93.644119 16.442966 -6.009984
v -86.344116 16.242960 -3.909983
v -79.044121 16.042959 -1.809983
v -79.994118 16.292963 -9.359984
v -72.294121 14.142959 -5.209986
v -73.144119 16.842955 -16.809990
v -63.994114 15.642957 -12.159984
v -92.394119 12.392962 12.240015
v -85.794121 12.092960 11.090015
v -89.244118 17.192959 8.790016
v -96.344116 16.892962 9.890016
v -110.494118 -1.707035 15.590015
v -103.544121 -0.157039 16.190016
v -109.594116 4.092964 14.990017
v -116.844116 2.042966 14.390014
v -96.744118 1.192961 17.590015
v -102.644119 5.642962 16.390011
v -90.044121 1.342961 19.140015
v -95.294121 6.542962 17.890018
v -100.044121 11.542961 15.040015
v -105.144119 16.442965 12.640016
v -88.044121 7.092962 15.690014
v -83.194115 1.142959 17.590015
v -96.744118 -5.207038 17.590019
v -90.044121 -5.057039 19.140017
v -83.144119 -5.057040 19.290016
v -77.094116 -5.057042 17.090017
v -77.094116 1.342958 17.090015
v -75.594116 14.392957 3.290014
v -68.594116 13.342958 0.640014
v -84.344116 13.392962 5.890015
v -81.994118 5.892961 15.190016
v -99.544121 20.342958 6.740015
v 111.155884 22.442932 -57.259983
v 111.155884 19.992937 -53.009983
v 114.605888 21.292934 -52.909981
v 115.805885 23.442930 -59.259983
v 115.155884 19.242931 -46.109982
v 111.155884 18.142937 -52.859982
v 120.305885 24.092934 -53.859985
v 126.705894 27.442928 -61.459991
v 121.455894 26.092928 -60.459991
v 111.155884 18.242935 -41.709984
v 116.755882 19.642927 -39.459984
v 107.505882 18.692932 -47.059982
v 101.755882 16.442934 -56.959980
v 103.655884 18.292934 -56.959984
v 103.005882 19.342930 -62.409981
v 100.555885 16.942932 -62.409981
v 102.905884 15.992935 -62.409977
v 104.255882 17.242931 -62.409981
v 101.755882 16.442934 -67.859993
v 103.655884 18.292934 -67.859993
v 108.005882 20.092930 -70.909996
v 106.505882 19.242933 -67.859993
v 108.005882 22.042933 -67.760002
v 106.355888 20.542931 -62.409981
v 107.955887 23.092930 -62.409981
v -73.144119 16.692959 -59.260002
v -68.144119 16.092960 -53.860004
v -68.444115 14.292957 -59.060001
v -70.344116 14.192959 -65.060020
v -75.094116 17.642963 -65.210022
v -33.894115 -3.407047 -52.810005
v -26.794117 -3.307046 -52.510010
v -30.944117 -3.257047 -53.410011
v -32.944118 -3.257047 -55.210011
v -33.944118 -3.407048 -59.210007
v -30.144117 -3.357045 -58.360012
v -26.594116 -3.357049 -59.210011
v -28.144117 -3.257048 -56.510010
v -39.394115 -5.007046 -19.460009
v -39.394115 -5.057047 -25.860008
v -45.194118 -5.057045 -23.460009
v -44.844116 -5.057045 -17.160007
v -13.794117 -4.257049 -72.010010
v -20.194117 -3.157048 -72.010010
v -20.194117 -3.757048 -65.610008
v -13.794117 -4.107053 -65.610008
v -44.644115 -4.257044 -46.410007
v -45.794117 -4.207044 -52.810005
v -51.894115 -5.057043 -53.860008
v -49.194118 -5.057045 -48.160007
v -39.394115 -4.007045 -46.410007
v -39.394115 -3.757046 -52.810005
v -32.994118 -3.607046 -46.410007
v -26.594116 -3.407047 -46.410007
v -45.794117 -4.107044 -59.210007
v -54.294117 -5.057042 -59.710007
v -39.394115 -3.707047 -59.210007
v -39.394115 -4.007047 -32.260006
v -39.394115 -4.257048 -38.660007
v -45.344116 -5.057045 -36.110008
v -45.294117 -5.057045 -29.810009
v -45.794117 -4.007046 -65.610008
v -52.194118 -4.307047 -65.610008
v -39.394115 -3.757045 -65.610008
v -32.994118 -3.507046 -65.610008
v -26.594116 -3.507047 -65.610008
v -20.194117 -3.557050 -59.210007
v -45.794117 -3.657043 -72.010010
v -52.194118 -4.307043 -72.010010
v -39.394115 -3.207045 -72.010010
v -32.994118 -3.207046 -72.010010
v -26.594116 -3.207047 -72.010010
v -32.994118 -5.057049 -27.210009
v -32.994118 -4.007050 -33.610008
v -32.994118 -4.007047 -40.010006
v -26.594116 -3.907049 -40.010006
v -57.444118 -5.057042 -71.910011
v -56.244118 -5.057046 -65.710014
v -47.194118 -5.057045 -42.160007
v -45.194118 1.342955 -23.460011
v -44.844116 1.342956 -17.160009
v -45.294117 1.342955 -29.810011
v -45.344116 1.342955 -36.110012
v -47.194118 1.342956 -42.160011
v -49.194118 1.342956 -48.160011
v -51.894115 1.342957 -53.860012
v -54.294117 1.342957 -59.710011
v -56.244118 1.342958 -65.710014
v -57.444118 1.342957 -71.910011
v -53.644115 9.142956 -11.060008
v -51.944118 10.642956 -17.160007
v -56.144112 14.892957 -17.210012
v -58.294113 12.842956 -11.410011
v -56.394112 15.642956 -23.460014
v -61.444115 18.092957 -23.460007
v -61.294113 17.542953 -17.310015
v -52.294117 11.242954 -23.460009
v -48.694118 5.292955 -17.210014
v -49.044117 5.292956 -23.460014
v -56.444115 16.742962 -29.810015
v -61.494114 18.942961 -29.810009
v -52.394115 12.142956 -29.810011
v -49.144115 5.442955 -29.810015
v -56.544113 17.992958 -36.110008
v -61.594112 20.142958 -36.110008
v -52.444115 13.492955 -36.110004
v -49.244118 6.542955 -36.110016
v -58.394112 16.342958 -42.160004
v -63.444115 19.042961 -42.160007
v -54.294117 12.242956 -42.160004
v -51.044117 6.842954 -42.160015
v -60.544113 13.742956 -48.160004
v -65.444115 17.792957 -48.160007
v -56.294117 9.592957 -48.160015
v -53.094116 5.792955 -48.160015
v -63.194118 12.392957 -53.860004
v -59.044117 8.592957 -53.860016
v -55.794117 5.192957 -53.860016
v -65.594116 11.142958 -59.710018
v -61.394115 7.592959 -59.710014
v -58.194118 4.192959 -59.710014
v -67.544121 10.442958 -65.710022
v -63.344116 7.442959 -65.710022
v -60.094116 4.342954 -65.710014
v -61.344116 5.292959 -71.910011
v -64.544121 7.842959 -71.910019
v -28.444117 4.892953 -54.010014
v -26.794117 5.892954 -52.510014
v -26.794117 6.242953 -52.510014
v -28.644117 5.242952 -54.110016
v -29.194117 -3.307047 -54.610012
v -28.944117 -3.307047 -54.460011
v -28.594116 2.892953 -54.110012
v -28.794117 2.942953 -54.260010
v -28.644117 3.142952 -56.310009
v -27.944117 5.842952 -55.560013
v -29.944117 5.842952 -53.310013
v -30.794117 3.142954 -53.960011
v -32.994118 -4.957048 -20.810009
v -26.594116 -4.657048 -20.810009
v -26.594116 -4.457050 -27.210009
v -28.344114 6.942953 -52.110016
v -32.194118 3.142953 -54.960011
v -29.794117 3.142952 -57.610012
v -29.044115 6.392951 -56.710014
v -31.244114 6.392954 -54.260014
v -26.644115 8.042952 -54.260014
v -28.544115 8.042953 -52.110016
v -27.044115 6.942951 -50.910015
v -26.994114 8.042953 -50.710014
v -142.294113 -2.457030 -54.059986
v -147.394119 -2.457031 -51.309986
v -147.394119 -8.857028 -51.009983
v -142.094116 -8.857031 -53.909981
v -139.444122 -7.857032 -32.709984
v -139.844116 -5.607032 -32.309982
v -138.694122 -5.607030 -27.859982
v -138.144119 -7.857034 -27.659990
v -141.994125 -5.607031 -24.609982
v -141.844116 -7.857031 -24.009989
v -146.394119 -5.607030 -25.809982
v -144.294113 -5.607032 -33.509983
v -147.594116 -5.607030 -30.309982
v -148.294113 -12.207031 -30.509985
v -146.944122 -12.207032 -25.259985
v -146.844116 -7.857030 -25.409990
v -148.144119 -7.857030 -30.459990
v -141.794113 -12.207032 -23.859985
v -141.844116 -7.857031 -24.059990
v 69.655884 -5.057064 -125.409988
v 74.155884 -5.057062 -122.159988
v 78.605888 -5.057063 -127.559990
v 73.155884 -5.057063 -130.759995
v 37.405884 -4.307056 -116.809990
v 43.805885 -3.957058 -116.809990
v 43.805885 -4.557058 -123.209984
v 37.955883 -4.707057 -123.209984
v 45.255886 -5.057059 -129.509995
v 39.205883 -5.057055 -130.709991
v 84.605888 -5.057065 -124.209984
v 84.605888 1.342936 -124.209984
v 78.605888 1.342938 -127.559990
v 45.055885 0.942942 -129.059982
v 39.005886 1.342942 -130.159988
v 44.755886 3.442942 -128.359985
v 38.655884 4.242943 -129.259995
v 50.855885 -0.057058 -127.509987
v 50.605885 2.042943 -126.959984
v 56.405884 -1.657061 -125.409988
v 56.205883 0.142939 -125.109985
v 61.605885 -5.057060 -123.009987
v 61.555885 -3.257060 -122.909988
v 56.505886 -5.057057 -125.659988
v 61.455883 -2.207060 -122.759987
v 50.655888 15.942943 -144.610001
v 57.105888 14.092943 -143.809998
v 57.805889 21.492939 -145.059998
v 51.655888 22.542938 -145.760010
v 49.455883 9.492942 -143.059982
v 56.405884 8.792940 -142.709991
v 56.205883 6.492940 -141.359985
v 64.205887 21.792938 -142.410004
v 67.505890 26.842941 -146.860001
v 58.805889 26.442936 -146.309998
v 63.405888 14.542940 -141.059998
v 62.005886 8.442941 -139.709991
v 62.655884 4.292942 -139.059982
v 46.355885 10.842941 -143.159988
v 47.155888 17.242939 -146.260010
v 70.805885 21.392939 -139.610001
v 73.955894 26.192936 -142.660004
v 69.855888 14.242940 -138.410004
v 69.005882 8.242937 -137.059982
v 68.705887 2.542938 -136.259995
v 52.255890 25.392944 -146.610001
v 67.955887 2.542939 -134.959991
v 61.905884 4.292937 -137.759995
v 55.405884 6.492941 -140.059982
v 48.655884 9.492942 -141.759995
v 42.005890 23.692940 -144.510010
v 40.205887 23.692945 -147.610001
v 39.655888 17.242947 -147.610001
v 41.755890 17.242941 -144.010010
v 45.605888 23.692940 -144.510010
v 45.855888 17.242941 -144.010010
v 38.655884 10.842943 -147.609985
v 41.255886 10.842942 -143.159988
v 47.955887 17.242947 -147.610001
v 48.955883 10.842941 -147.609985
v 40.555885 4.542943 -142.009995
v 37.355885 4.542943 -147.609985
v 47.055885 4.542943 -142.009995
v 34.205887 24.692940 -146.210007
v 34.205887 17.342939 -146.210007
v 34.205883 10.942943 -146.209991
v 48.255886 3.442942 -140.859985
v 61.455883 0.192939 -136.909988
v 67.555885 -2.207061 -134.109985
v 55.005886 2.042943 -139.159988
v 64.505882 -2.207061 -128.409988
v 58.855885 0.192939 -131.009995
v 52.805885 2.042943 -133.059982
v 46.505886 3.442942 -134.609985
v 39.555885 4.242943 -135.609985
v 40.505890 30.142946 -147.610001
v 42.155888 30.142941 -144.760010
v 41.955887 36.592941 -144.360001
v 40.055889 36.592941 -147.610001
v 45.455887 30.142941 -144.760010
v 45.655888 36.592941 -144.360001
v 19.205883 -14.657057 110.890022
v 18.205883 -14.657056 113.590027
v 21.455883 -14.657057 112.140022
v 15.705882 -14.657055 107.190025
v 18.405882 -14.657059 108.390022
v 18.205883 -14.657055 100.790024
v 22.105883 -14.657058 105.140022
v 13.755882 -14.657056 134.540039
v 19.755882 -14.657059 138.140030
v 18.455883 -14.657059 134.190033
v 16.055882 -14.657057 130.040039
v 13.105882 -14.657057 128.940033
v 17.105883 -14.657058 121.990021
v 18.305882 -14.657056 124.390022
v 11.805882 -14.657056 132.790039
v 11.805882 -14.657058 139.190033
v 11.805882 -14.657058 126.390022
v 18.205883 -14.657056 119.990021
v 11.805882 -14.657054 119.990021
v 28.405882 -11.707059 105.290024
v 26.205883 -8.307058 104.990021
v 27.155882 -11.707058 106.890022
v 25.305882 -12.107058 107.090027
v 27.705883 -14.657057 107.890022
v 24.755882 -14.657056 108.140022
v 24.255882 -11.707059 105.290024
v 25.255882 -11.707059 103.490021
v 27.355883 -11.707059 103.490021
v 24.255882 -12.707058 111.340027
v 24.855883 -11.057058 110.090027
v 23.955883 -12.957058 110.140022
v 25.055882 -12.707058 109.290024
v 25.405882 -12.707058 112.040024
v 26.505882 -12.707058 109.440025
v 26.505882 -12.707058 111.190025
v 27.555882 -14.657058 111.740021
v 21.155882 -11.207058 110.790024
v 19.905882 -11.207058 110.090027
v 21.055882 -6.857057 109.340027
v 19.155882 -11.657059 108.640022
v 20.755882 -11.207056 107.940025
v 22.105883 -11.207058 108.490021
v 22.305882 -11.207058 109.940025
v 18.555882 -7.607056 129.890015
v 21.005884 -4.257058 129.440018
v 19.655882 -7.607059 127.990021
v 17.605883 -11.107057 129.840012
v 19.405882 -11.107059 126.740021
v 21.455883 -7.557057 128.740021
v 22.655882 -11.107059 127.540024
v 22.605883 -7.557057 129.890015
v 24.705883 -11.107058 129.840012
v 21.905882 -7.607059 131.840012
v 22.955883 -11.107059 132.940018
v 19.655882 -7.607056 131.840012
v 19.405882 -11.107058 132.940018
v 5.405881 -14.657057 126.390022
v 5.405881 -14.657056 132.790039
v 5.405881 -14.657054 119.990021
v 5.405881 -14.657054 113.590027
v 11.805882 -14.657054 113.590027
v 5.405881 -14.657054 107.190025
v 11.805882 -14.657055 107.190025
v 5.405881 -14.657054 100.790024
v 11.805882 -14.657055 100.790024
v 5.405881 -14.657055 94.390022
v 11.805882 -14.657055 94.390022
v -20.194118 -14.657049 119.990021
v -20.194118 -14.657053 126.390022
v -13.794118 -14.657055 126.390022
v -13.794118 -14.657052 119.990021
v -20.194118 -14.657050 113.590027
v -13.794118 -14.657051 113.590027
v -20.194118 -14.657050 107.190025
v -13.794118 -14.657051 107.190025
v -7.394119 -14.657053 107.190025
v -7.394119 -14.657053 113.590027
v -0.994118 -14.657053 113.590027
v -0.994118 -14.657053 107.190025
v -7.394119 -14.657052 100.790024
v -0.994118 -14.657053 100.790024
v -7.394119 -14.657053 94.390022
v -0.994118 -14.657054 94.390022
v 18.205883 -14.657056 94.390022
v -20.194118 -14.657050 100.790024
v -13.794118 -14.657052 100.790024
v -20.194118 -14.657052 94.390022
v -13.794118 -14.657052 94.390022
v -0.994118 -14.657056 126.390022
v -0.994118 -14.657056 132.790039
v -20.194118 -14.657052 132.790039
v -13.794118 -14.657052 132.790039
v -0.994118 -14.657054 87.990021
v 5.405881 -14.657055 87.990021
v -7.394119 -14.657056 126.390022
v -7.394119 -14.657055 132.790039
v -7.394119 -14.657052 119.990021
v -0.994118 -14.657054 119.990021
v -26.594118 -14.657050 113.590027
v -26.594118 -14.657049 119.990021
v -26.594118 -14.657050 94.390022
v -26.594118 -14.657049 100.790024
v -149.344116 -10.357027 -14.809986
v -155.194122 -10.357029 -18.509987
v -156.944122 -10.357030 -13.309986
v -151.344116 -10.357029 -9.909986
v -159.744125 -10.357030 -7.409987
v -153.544113 -10.357028 -3.709987
v -170.694122 9.992973 -11.609984
v -174.144119 11.092975 -18.609983
v -179.994125 15.592977 -15.609982
v -178.744125 15.042977 -9.059983
v -168.894119 8.092976 -3.509987
v -174.944122 13.242973 -1.059986
v -168.444122 6.142973 -19.709982
v -166.394119 5.042972 -12.059984
v -161.044113 -4.657028 -18.709984
v -159.644119 -5.257028 -13.209987
v -170.194122 12.792974 4.790015
v -163.644119 8.592973 0.590013
v 97.205887 -5.857066 -81.609985
v 87.705887 -5.857066 -83.259987
v 88.455887 -5.857064 -77.859985
v -39.394119 -14.657052 190.390015
v -32.994122 -14.657052 190.390015
v -39.394119 -14.657049 139.190033
v -32.994122 -14.657050 139.190033
v -26.594118 -14.657053 190.390015
v -26.594118 -14.657051 145.590027
v -26.594118 -14.657051 139.190033
v 87.555885 -5.057065 -55.209984
v 88.605888 -5.407065 -52.809982
v 82.855888 -5.057062 -59.359982
v 108.005882 7.742933 -66.059998
v 107.955887 7.742933 -60.009991
v 108.005882 14.142930 -67.109993
v 107.955887 1.342932 -59.609985
v 87.555885 -4.257065 -55.209984
v 82.855888 -4.257065 -59.359982
v 102.255882 -5.057068 -69.409988
v 98.505882 -5.057067 -75.009987
v 108.105888 -5.057070 -59.759983
v 90.155884 -5.857064 -72.609985
v 108.005882 20.092936 -53.909981
v 106.505882 19.242935 -56.959984
v 107.955887 17.342936 -53.709984
v 111.155884 20.042936 -53.009983
v 106.355888 17.342934 -67.859993
v -76.494118 21.492962 -103.510002
v -74.744118 21.642958 -96.360001
v -59.744118 5.892959 -96.859985
v -57.244118 1.342958 -97.059990
v -55.144115 -5.057044 -87.709984
v -55.144115 -5.057045 -95.059990
v -58.544117 6.242959 -90.309990
v -55.144115 6.942958 -90.159996
v -55.144115 6.942957 -92.609993
v -55.144115 4.792956 -92.209984
v -55.144115 4.792957 -90.559990
v -58.544117 5.142958 -90.509987
v -55.594116 4.642959 -95.859985
v -55.794117 6.242957 -92.459984
v -55.644115 1.342956 -95.309990
v -55.444118 1.342958 -97.059990
v -55.144115 -5.057042 -97.759987
v -57.244118 -5.057042 -97.759987
v -130.194122 -3.807035 28.940018
v -131.344116 0.292965 27.790014
v -135.394119 -4.607032 26.640017
v -138.394119 0.142970 26.990015
v -122.694115 3.392964 41.590012
v -110.144119 -6.107039 39.990021
v -111.694115 -6.457037 35.840019
v -131.294113 -3.507033 44.490021
v -131.544113 -1.907035 41.040016
v -114.844116 -6.607037 47.140018
v -131.394119 -4.107033 37.090019
v -131.644119 -3.007033 39.140015
v -131.394119 -4.107034 42.890018
v -134.244125 -3.157032 39.140015
v -131.344116 0.292966 52.190014
v -138.944122 0.442966 52.440014
v 71.055885 12.942938 72.440010
v 72.555885 13.792935 63.790024
v 22.055887 19.442947 63.790020
v 37.255890 20.942940 57.790020
v 29.605888 22.392942 57.540020
v 71.155884 -14.657065 93.790024
v 72.005882 -11.457067 92.340027
v 23.255882 -14.657056 88.490021
v 30.005882 -14.657059 87.240021
v 23.255882 -14.657057 81.490021
v 60.705879 -14.657063 89.540024
v 71.605888 -11.407065 86.940025
v 70.805885 -11.457066 81.090027
v 73.505882 -11.457067 81.090027
v 71.055885 7.492937 75.890007
v 76.855888 7.492936 76.740005
v 76.855888 12.942933 73.340012
v 72.705887 -1.757066 77.640015
v 71.555885 -5.057065 80.790016
v 23.255882 -11.207059 79.990021
v 75.805885 -14.657066 177.590027
v 75.805885 -14.657067 139.190033
v 107.805885 -14.657073 190.390015
v 114.205887 -14.657074 190.390015
v 120.605888 -14.657075 190.390015
v 127.005882 -14.657076 190.390015
v 127.005882 -14.657072 183.990036
v 127.005882 -14.657073 177.590027
v 127.005882 -14.657073 171.190033
v 127.005882 -14.657074 164.790039
v 127.005882 -14.657073 158.390030
v 127.005882 -14.657074 151.990036
v 127.005882 -14.657074 145.590027
v -211.194122 35.842979 -52.809978
v -214.494125 35.892975 -56.009979
v -213.244125 35.792988 -60.609978
v -206.644119 35.792976 -54.159977
v -200.094116 26.092978 -69.159973
v -193.944122 22.692978 -59.359982
v -201.444122 22.642979 -47.059982
v -193.644119 21.542976 -48.909981
v 178.205887 -14.657080 183.990036
v 178.205887 -14.657084 190.390015
v 178.205887 -14.657081 177.590027
v 178.205887 -14.657081 171.190033
v 178.205887 -14.657082 164.790039
v 178.205887 -14.657083 158.390030
v 178.205887 -14.657082 151.990036
v 178.205887 -14.657083 145.590027
v 178.205887 -14.657082 139.190033
v 70.805885 -11.457064 77.640022
v 71.555885 -5.057066 77.640015
v 83.605888 -11.457067 77.640022
v 82.855888 -5.057067 77.640015
v 81.655884 -1.757067 77.640015
v 70.805885 -5.057064 53.640018
v 77.205887 -5.057066 53.640018
v 73.505882 -11.457065 77.640022
v 77.205887 -11.457065 77.640022
v 80.905884 -11.457067 77.640022
v 76.105888 -0.157066 77.640015
v 78.255882 -0.157067 77.640015
v -147.394119 -1.907031 -51.959988
v -154.494125 3.942971 -60.759991
v -154.694122 3.942972 -53.809990
v -153.044113 9.192971 -59.909988
v -152.094116 3.942971 -60.709991
v -153.044113 8.792971 -58.959991
v -153.094116 8.792971 -55.509991
v -153.194122 9.592971 -57.259991
v -76.394119 20.992962 -90.260002
v -58.544117 4.642958 -86.909988
v -58.544117 1.342956 -87.459984
v -58.544117 1.342958 -85.709984
v -58.544117 4.042955 -88.459984
v -55.644115 1.342955 -87.459984
v -55.444118 1.342957 -85.709984
v -57.244118 -5.057042 -85.009987
v -55.144115 -5.057042 -85.009987
v -58.144115 -5.057042 -78.159988
v -57.444118 -5.057042 -71.909988
v -142.344116 3.942970 -54.059990
v -152.394119 -8.857031 -60.259983
v -152.194122 -2.457029 -60.109985
v -141.294113 -14.707033 -60.109993
v -147.044113 -15.057030 -64.209976
v -141.044113 10.342969 -60.459995
v -141.244125 10.342970 -53.409992
v -147.044113 10.342971 -64.109993
v -150.494125 15.092970 -55.309978
v -153.244125 10.342971 -60.759995
v -5.144114 17.242952 -174.410004
v -3.044114 17.242954 -170.860001
v -4.594112 23.692951 -174.410004
v 0.855887 22.142952 -171.210007
v -138.444122 4.942970 59.540012
v -131.844116 6.292968 63.440010
v -65.694115 14.242957 77.840012
v 13.405890 47.192951 -161.009964
v 15.755891 47.192947 -166.659958
v 21.405891 47.192944 -169.009964
v 27.055891 47.192944 -166.659958
v 32.605892 47.192947 -158.959961
v 31.405891 54.692944 -161.009964
v 9.005891 47.192951 -161.009964
v 58.005886 -5.057062 23.940018
v 69.355888 -4.357064 17.690018
v 50.205883 -4.007061 4.790018
v 49.705883 -3.007061 2.790015
v -144.544113 4.742971 -122.859985
v -172.294113 11.842974 -113.959991
v -160.944122 10.642971 -107.809998
v -155.294113 7.592972 -104.859993
v -150.894119 2.442972 -102.909988
v -148.844116 -3.957028 -101.709984
v -147.244125 -10.357031 -101.209976
v -141.344116 -16.657028 -102.509979
v -141.194122 -10.357030 -104.609978
v -147.394119 -16.657034 -99.109978
v -134.594116 -16.657030 -104.209976
v -134.244125 -10.357032 -106.459976
v -127.994118 -10.357032 -106.209976
v 96.505882 -3.007067 -7.559988
v 96.505882 2.592932 -7.559987
v 90.455887 -3.007066 -6.309988
v 104.405884 -3.007068 -10.959988
v 102.305885 -3.007067 -10.459988
v 104.405884 3.192932 -11.509984
v 104.405884 5.642932 -11.759985
v 104.405884 6.542931 -14.159986
v 105.705887 7.192930 -15.009987
v 102.305885 8.942934 -15.359982
v 24.605883 -14.657060 228.790009
v 24.605883 -14.657060 209.590012
v 24.605883 -14.657062 203.190002
v 24.605883 -14.657061 196.790009
v 24.605883 -14.657062 190.390015
v 63.005882 -14.657066 190.390015
v 69.405884 -14.657067 190.390015
v 75.805885 -14.657067 228.790009
v 70.105888 -4.707061 -108.009987
v 43.805885 -5.057059 -59.209984
v 45.805885 -5.057059 -61.209984
v 43.955883 -5.057060 -65.609985
v 54.605885 -5.057059 -70.009987
v 46.805885 -2.657060 -69.009987
v 50.205883 -2.657061 -70.409988
v 53.605885 -2.657061 -69.009987
v 37.405884 -4.807056 -72.009987
v 31.005884 -3.857055 -78.409988
v 32.105885 -4.007056 -84.909988
v 37.405884 -4.857056 -65.609985
v 31.005884 -3.607055 -72.009987
v 88.755882 -5.057064 -108.759987
v 88.605888 -5.057064 -110.409988
v 66.205887 -5.057059 -120.009987
v 88.605888 -5.057065 -116.809990
v 81.705887 -5.007065 -118.209984
v 51.005886 -5.057057 -127.809990
v 50.205883 -4.457059 -123.209984
v 50.205883 -3.707059 -116.809990
v 63.005886 -5.057060 -72.009987
v 78.705887 -4.257066 -65.309990
v 80.705887 -4.257064 -66.909988
v 80.705887 -5.857064 -66.909988
v 75.955887 -4.257061 -95.309990
v 85.405884 -4.257064 -103.709984
v 104.405884 -3.007067 -17.359983
v 104.405884 -2.607068 -11.359983
v 104.405884 -2.607067 -16.959984
v 96.505882 -3.007068 -14.159986
v 96.505882 -3.007069 -20.809984
v 86.455887 -3.007067 -14.159986
v 86.455887 -3.007067 -9.009988
v 90.455887 -3.007067 -14.159986
v 86.455887 -3.007066 -19.359983
v 90.455887 -3.007065 -22.059984
v 76.205887 -3.007063 -23.709984
v 71.455887 -3.007063 -24.059984
v 79.305885 -3.007066 -20.559984
v 76.555885 -3.007064 -18.959984
v 53.955883 -3.007062 -20.559984
v 56.755886 -3.007061 -18.959984
v 77.705887 -3.007062 3.390016
v 81.055885 -3.007066 -14.159986
v 84.205887 -3.007066 -3.109984
v 81.355888 -3.007065 0.540016
v 51.955883 -3.007060 0.540016
v 57.105885 -3.007060 -4.659986
v 60.105885 -3.007064 -34.209988
v 55.555885 -3.007061 -31.709984
v 51.955883 -3.007059 -28.859983
v 49.105885 -3.007060 -25.259983
v 84.205887 -3.007066 -25.259983
v 77.705887 -3.007064 -31.709984
v 81.355888 -3.007063 -28.859983
v 55.455883 -3.007062 -14.159986
v 77.855888 -3.007065 -14.159986
v 56.755886 -3.007062 -9.359987
v 66.655884 -3.007063 -25.359983
v 61.855885 -3.007060 -4.259984
v 66.655884 -3.007064 -2.959985
v 90.005882 -5.057068 40.840019
v 90.005882 -5.057069 34.440018
v 64.405884 -5.057063 47.240021
v 64.405884 -5.057063 53.640018
v 64.405884 -5.057062 40.840019
v 64.405884 -5.057065 34.440018
v 64.405884 -5.057064 28.040016
v 81.705887 4.642936 53.640011
v 77.205887 6.242935 53.640011
v 82.855888 1.342933 53.640015
v 70.805885 6.142935 40.840012
v 77.205887 6.142934 47.240013
v 69.355888 4.642938 45.340012
v 69.355888 4.642937 36.390011
v 88.605888 -4.507064 -40.009983
v 88.605888 -4.757064 -46.409981
v 43.805885 -2.907057 -27.209984
v 46.355885 -3.007061 -26.909985
v 49.705883 -3.007060 -31.159985
v 43.805885 -2.607061 -33.609985
v 95.805885 -5.257065 -45.459984
v 50.205883 -3.707062 -40.009983
v 78.705887 -5.057062 -65.309990
v 49.705883 3.392940 -31.159988
v 51.955883 3.392941 -28.859987
v 55.555885 2.592939 -31.709988
v 60.405884 3.392938 -33.859989
v 72.905884 3.392934 -33.859989
v 66.355888 2.592939 -34.759987
v 60.255886 2.592937 -26.859987
v 66.655884 3.392939 -28.559988
v 73.055885 2.592935 -26.859987
v 35.105885 -5.057056 21.640017
v 32.405884 -5.057056 21.640017
v 45.205883 -5.057058 21.640017
v 42.505886 -5.057058 21.640017
v 45.205883 -5.057062 28.040016
v 49.155884 -5.057063 33.990021
v 51.605885 -5.057063 34.490021
v 44.455883 1.342939 28.040014
v 45.005886 4.642941 43.990013
v 37.755886 6.242941 21.640018
v 39.855885 6.242941 21.640018
v 38.805885 6.242940 28.040018
v 44.455883 1.342939 21.640015
v 43.305885 4.642939 28.040012
v 43.305885 4.642942 21.640013
v 34.855885 1.342940 21.640015
v 46.705883 -5.057062 39.890018
v 42.555885 6.242941 37.090012
v 46.705883 6.242938 39.890011
v 39.805885 6.242942 32.940010
v 51.605885 6.242938 40.840012
v 178.205887 -14.657083 228.790009
v 13.205889 34.392952 -161.010010
v 10.205890 37.592953 -158.960007
v 9.005890 37.592953 -161.010010
v 9.455891 42.642952 -161.010025
v 10.455891 42.642952 -159.310013
v 15.755890 40.642952 -155.360016
v 13.405890 40.642952 -161.010025
v 15.605888 34.392952 -155.210007
v 14.905888 27.992947 -154.510010
v -116.194115 -16.957031 -78.409981
v -135.394119 -17.457033 -97.609978
v -141.794113 -17.307034 -97.609978
v -121.594116 -17.507034 -71.009979
v -115.494118 -16.907036 -71.009979
v -148.194122 -17.257032 -97.609978
v -93.094116 -3.857039 -82.009987
v -93.094116 2.542961 -82.009987
v -87.494118 10.592960 -83.659996
v -79.644119 15.642962 -81.009995
v -83.494118 16.342960 -94.159996
v 43.805885 -4.007061 -1.609987
v 43.805885 -4.307059 4.790018
v 31.005884 -4.907058 11.190014
v 44.705883 -3.007058 -10.059987
v 44.705883 -3.007060 -14.159986
v 44.705883 -3.007059 -18.309984
v 43.555885 -3.007061 -20.359983
v 39.355885 -3.007059 -26.209984
v 44.505886 -3.007058 -21.359983
v 11.755883 -5.907054 13.890018
v 4.055883 -5.857055 16.790010
v 5.405884 3.142945 -20.809988
v 5.405884 1.692945 -27.209988
v 1.205884 -2.357054 10.190016
v -4.394117 -2.357051 8.090015
v 115.055893 32.392925 -11.209984
v 110.055893 38.042927 -10.459989
v 110.055893 32.392925 -8.359983
v 106.905891 38.042942 -12.309987
v 105.105896 32.392925 -11.259984
v 106.905891 38.042938 -15.909987
v 105.105896 32.392937 -17.009983
v 110.105896 38.042938 -17.759987
v -30.344116 -5.057045 -130.759995
v -23.394117 -5.057046 -120.009987
v -12.194117 2.042953 -139.159988
v -12.594115 6.492951 -140.059982
v -13.394115 6.492951 -141.359985
v -14.494115 14.542953 -144.510010
v -14.594113 19.542948 -144.760010
v -13.644115 8.492950 -142.759995
v -16.744112 22.042953 -148.710007
v 18.205883 -14.657059 139.190033
v 24.605883 -14.657057 183.990036
v 24.605883 -14.657059 177.590027
v 24.605883 -14.657058 171.190033
v 24.605883 -14.657059 145.590027
v 24.605883 -14.657059 139.190033
v -7.394119 -14.657056 190.390015
v -0.994118 -14.657057 190.390015
v -13.794118 -14.657052 139.190033
v -20.194118 -14.657052 139.190033
v 171.605881 -11.607079 83.590027
v 135.255890 -4.907075 89.490013
v 128.755890 -4.957072 87.790016
v 184.605881 -14.657083 81.590027
v 184.605881 -14.657082 87.990021
v 191.005890 -14.657083 87.990021
v 191.005890 -14.657084 81.590027
v 139.805893 -14.657077 139.190033
v 146.205887 -14.657079 139.190033
v 152.605881 -14.657079 139.190033
v 159.005890 -14.657080 190.390015
v 159.005890 -14.657081 139.190033
v 165.405884 -14.657081 139.190033
v 171.805893 -14.657082 139.190033
v 107.855888 -5.107068 -91.259987
v 107.905884 -5.107067 -84.809990
v 107.905884 1.342933 -84.809990
v 107.855888 1.342933 -91.259987
v 107.905884 -5.107067 -78.409988
v 107.955887 1.342933 -78.409988
v 107.955887 -5.107067 -71.959984
v 107.955887 1.342934 -71.959984
v 122.455887 -4.657069 -84.509987
v 122.455887 -5.057070 -78.409988
v 122.455887 -4.657069 -78.709984
v 120.355888 -5.057069 -77.909988
v 123.805885 6.242928 -82.709984
v 120.355888 6.942929 -82.809998
v 121.005882 6.242932 -80.559990
v -2.644112 30.142952 -150.460007
v 2.605887 23.692951 -147.610001
v 0.805887 23.692945 -144.510010
v -2.794113 23.692945 -144.510010
v -4.294112 30.142954 -147.610001
v -133.394119 -10.207033 30.290012
v -134.394119 -4.757035 28.440018
v -130.094116 -5.157034 28.690020
v -131.094116 -7.557034 46.390018
v -130.944122 -6.807034 45.640018
v -127.994118 -6.557033 48.990021
v -131.094116 -7.557032 33.590019
v -130.944122 -6.807035 34.340019
v -131.094116 -7.557034 36.290020
v -131.144119 -6.807034 36.040020
v -131.094116 -7.557033 43.690018
v -131.144119 -6.807033 43.940018
v -133.394119 -10.207031 49.690022
v -113.394119 -5.857038 45.640018
v -113.194115 -5.907036 42.090019
v -113.194115 -5.907035 37.890018
v -132.394119 -7.157033 37.190018
v -132.444122 -7.507033 37.190018
v -132.444122 -7.557034 42.540020
v -132.394119 -7.007034 42.490021
v -132.394119 -7.007034 42.190018
v -132.694122 -7.007033 37.490021
v -144.944122 18.692968 23.240017
v -61.294113 17.542953 -17.309990
v -68.894119 16.392954 -40.609978
v -63.444115 19.042961 -42.159981
v 107.905884 7.792933 -78.409996
v 107.855888 1.342933 -91.209984
v 111.155884 1.342932 -72.009987
v 117.405884 1.342932 -72.009987
v 123.805885 5.142929 -82.459984
v -144.944122 18.692966 56.740021
v -146.944122 18.992968 54.640018
v -146.094116 20.292973 51.690018
v -26.594118 -14.657051 222.390015
v -26.594118 -14.657050 228.790009
v 39.655888 17.242945 -174.410004
v 47.955887 17.242945 -174.410004
v 41.755890 17.242947 -170.860001
v 40.505890 30.142944 -174.410004
v 42.155888 30.142946 -171.559998
v -153.194122 9.192971 -54.559990
v -153.344116 10.342971 -57.259995
v 111.155884 17.342932 -90.259995
v 111.155884 16.942930 -84.159996
v 111.155884 16.942934 -78.109993
v 111.155884 17.342930 -72.009995
v 123.805893 27.242931 -66.759972
v 131.305893 28.242929 -68.159973
v 104.405884 3.142932 -11.859983
v 104.405884 5.392932 -12.059984
v 104.405884 6.242932 -14.159985
v 109.705887 13.242932 -28.459988
v 93.405884 14.292935 -122.759995
v 92.155884 7.642935 -121.159996
v 90.605888 1.342937 -120.759987
v 74.305885 1.342939 -132.959991
v -113.144119 -9.457036 39.990021
v -113.144119 -9.157037 33.940018
v -113.794121 -5.957037 35.640018
v -113.794121 -5.707037 39.990021
v -113.794121 -5.507035 33.140018
v -113.794121 -5.507038 46.840019
v -115.594116 -5.407037 46.740021
v -113.794121 -5.957035 44.340019
v -115.594116 -5.407033 33.240021
v -121.744118 -9.607035 32.690018
v -113.144119 -9.157037 46.040020
v -121.744118 -9.607034 47.290020
v -109.794121 -8.607036 30.390013
v -116.194115 -9.757035 30.390013
v -109.794121 -8.757033 49.590019
v -110.544121 -8.407040 56.290020
v -136.094116 -10.557032 22.790012
v -130.544113 -10.307032 55.490025
v -104.094116 -7.007038 56.040020
v -103.394119 -7.707037 49.590019
v -116.194115 -9.507034 23.990013
v -117.544121 -9.407037 15.440014
v 12.555888 22.192947 -152.210007
v 21.405888 22.192947 -173.510010
v 30.255888 22.192947 -169.860001
v 76.555885 2.592936 -18.959988
v 79.305885 2.592934 -20.559988
v 71.455887 2.592937 -24.059988
v 66.655884 3.392937 -25.359987
v 61.855885 2.592939 -24.059988
v 53.955883 2.592938 -20.559988
v 56.755886 2.592939 -18.959988
v -130.544113 -4.107033 56.140018
v -123.294121 -2.407034 57.190014
v -116.894119 -1.907035 56.440014
v -110.544121 -1.357036 56.290016
v -104.094116 -0.007037 56.040016
v -97.644119 -5.907038 56.090019
v -97.644119 1.142962 56.090015
v -91.394119 1.342961 57.340015
v -134.844116 0.192968 58.040016
v -128.594116 1.492966 60.690014
v -58.394115 -5.057044 68.440018
v 82.205887 -13.057065 102.240021
v 24.605883 -14.657059 116.340027
v 25.705883 -14.657057 113.340027
v 23.555882 -14.657057 112.140022
v 24.605883 -14.657058 98.440025
v 25.155882 -14.657057 101.640022
v 24.605883 -14.657058 94.390022
v 75.805885 -14.657064 119.990021
v 77.205887 -14.657065 100.190025
v 77.205887 -14.657067 93.790024
v 77.205887 -11.457067 92.340027
v 83.255882 -14.657067 93.790024
v 82.405884 -11.457067 92.340027
v 45.855888 17.242947 -170.860001
v 19.505884 -2.807057 -51.709988
v 23.305883 -2.807057 -51.709988
v 18.255884 1.342945 -48.759987
v 17.055883 -2.807054 -54.109985
v 23.305883 -2.807055 -60.309986
v 24.555883 1.342943 -63.259987
v 25.755884 -2.807054 -57.909985
v 19.505884 -2.807055 -60.309986
v 17.055883 -2.807054 -57.909985
v 18.255884 1.342944 -63.259987
v 25.755884 -2.807055 -54.109985
v 101.555885 -5.057065 -72.009987
v 97.205887 -5.057066 -81.609985
v 98.505882 -5.057068 -88.209984
v 102.255882 -5.057068 -93.809990
v 107.855888 -5.057067 -97.609985
v -179.544113 4.542974 -48.109989
v -178.194122 6.492975 -42.509991
v -180.744125 13.642976 -53.559978
v -180.844116 15.242976 -56.959980
v -183.594116 14.142975 -58.959980
v -183.694122 15.242975 -59.159977
v -183.644119 14.142977 -57.259979
v -183.794113 13.642977 -62.559978
v -214.244125 22.642982 -66.310005
v -218.994125 10.292982 -68.709991
v -193.544113 27.492979 -68.059975
v 58.005886 -5.057062 40.840019
v 58.005886 -5.057062 47.240021
v 58.005886 -5.057063 34.490021
v 51.605885 -5.057062 40.840019
v 58.005886 4.642940 45.340012
v 51.605885 4.642941 45.340012
v 58.005886 6.242938 40.840012
v 58.005886 1.342937 46.540016
v 58.005886 4.642939 36.390011
v 58.005886 1.342937 35.190014
v 64.405884 4.642938 36.390011
v 64.405884 6.242936 40.840012
v 64.405884 1.342936 35.190014
v 64.405884 4.642938 45.340012
v 64.405884 1.342935 46.540016
v 107.905884 12.942930 -78.409996
v 107.905884 12.942929 -84.809998
v 107.955887 14.142930 -72.009995
v 107.605888 7.742932 -98.409996
v 107.705887 1.342933 -97.609985
v 107.955887 17.342932 -91.209991
v 107.955887 17.342930 -71.109993
v 107.955887 15.642932 -78.409996
v 107.905884 15.642930 -84.809998
v 178.205887 -14.657083 132.790039
v 178.205887 -14.657081 94.390022
v 178.205887 -14.657081 87.990021
v -136.094116 -4.157033 22.790016
v -138.094116 -0.257034 16.340015
v -139.094116 -0.457033 22.240015
v -142.594116 3.442970 14.190017
v -117.544121 -3.007037 15.440013
v -128.194122 9.142966 10.590017
v -122.694115 5.692965 11.490016
v -120.944115 12.192966 9.740015
v -141.294113 -10.257030 -6.509987
v -145.244125 -10.357032 -6.859987
v -147.094116 -10.357031 -0.459987
v -139.844116 -10.257031 -0.259987
v -142.694122 -10.357031 -12.709987
v -132.344116 -10.257033 -1.559987
v -133.994125 -10.257033 -7.709987
v -124.394119 -10.257032 -4.459987
v -135.594116 -10.257033 -13.909986
v 77.555885 1.192933 77.190018
v 83.955887 1.192933 77.740013
v 73.255882 -5.057066 77.640015
v 105.755890 26.192932 -11.609986
v 105.755890 26.192928 -16.609987
v -17.194117 -4.207047 -95.409988
v -15.594117 -4.207050 -92.659988
v -11.944118 -4.207050 -91.559990
v -32.994118 -4.607046 -97.609985
v 24.555885 6.392946 -114.459984
v 11.805883 -4.307052 -97.609985
v 31.005884 -4.457055 -97.609985
v 31.005884 -4.407056 -104.009987
v -12.394116 2.192951 -91.159988
v -19.294117 3.792952 -98.309990
v -19.294117 -4.207049 -92.209984
v -13.794117 -4.557050 -123.209984
v 31.255884 -4.457056 -91.209984
v -7.394117 -4.307051 -123.209984
v -8.194118 -5.057050 -127.809990
v 11.805883 -3.357053 -91.209984
v -7.394117 -4.257050 -91.209984
v 45.205883 -5.057060 18.240017
v 45.205883 -5.057060 20.340017
v 46.805885 -5.057060 20.340017
v 43.805885 -5.407060 11.190014
v 42.505886 -5.057060 18.240017
v 32.405884 -5.057057 18.240017
v 32.405884 -5.057056 20.340017
v 35.105885 -5.057058 18.240017
v -173.144119 -0.607026 -73.809990
v -169.394119 -0.207025 -78.709984
v -175.294113 -1.657026 -68.259987
v -176.044113 -2.457025 -60.759987
v -204.344116 24.042984 -76.359970
v -204.794113 21.092978 -85.810005
v -201.744125 22.842978 -83.910004
v -200.894119 10.192979 -85.459991
v -199.194122 35.542980 -71.259979
v -201.594116 35.592976 -75.809982
v -200.144119 35.542973 -80.509979
v -195.444122 35.392971 -79.109978
v -194.394119 24.042978 -81.659973
v -189.294113 12.592978 -85.209991
v -190.944122 26.592974 -74.109970
v -184.194122 3.942976 -64.509987
v -183.944122 10.342977 -63.759995
v 127.005882 -14.657075 215.990005
v 127.005882 -14.657075 209.590012
v -176.344116 10.942974 -23.809984
v -181.394119 16.892977 -21.609989
v -173.894119 3.942975 -54.309990
v -176.244125 -1.707025 -48.209988
v -176.194122 -2.457025 -54.959988
v -173.994125 -0.557025 -42.509987
v -171.294113 5.742973 -24.559990
v -166.894119 -0.557027 -24.759985
v -164.894119 0.142973 -19.059986
v -173.694122 3.942975 -61.309990
v -169.094116 4.542974 -54.459991
v -173.894119 -0.257025 -54.459988
v -173.694122 -0.257026 -61.159985
v -78.844116 1.442960 -55.709988
v -89.994118 -0.657040 -63.409985
v -89.994118 0.942962 -60.009987
v -80.794121 2.742961 -59.859985
v -89.994118 -1.257039 -61.859985
v -89.994118 -0.157038 -59.809986
v -89.994118 -0.157040 -58.059986
v -89.994118 -1.257039 -56.009987
v -89.994118 -3.957038 -55.009983
v 11.155883 -4.557054 -123.209984
v 11.805883 -4.257053 -116.809990
v 21.405886 6.892948 -118.959991
v 21.405884 4.542945 -129.609985
v 15.005885 4.542947 -142.409988
v 8.605885 4.542948 -142.409988
v 15.005885 4.542945 -136.009995
v 21.405884 4.542944 -136.009995
v -4.244116 4.542952 -142.009995
v -5.444116 3.442950 -140.859985
v -5.844115 9.492949 -141.759995
v -141.194122 -13.557032 -57.659992
v -140.394119 -17.507029 -53.159988
v -138.844116 -21.657034 -52.309990
v -141.444122 -14.707031 -53.709995
v 35.755890 12.992943 24.340014
v 29.005886 14.992943 30.190014
v 35.505890 14.542942 30.190014
v 29.655886 14.142944 20.340014
v 33.155884 1.342944 20.340015
v 34.355885 4.642942 20.340014
v 37.755886 6.242940 20.340019
v 18.505884 2.442945 -69.659988
v 18.205885 -1.157053 -65.609985
v 11.805884 -1.757053 -66.509987
v -1.694117 -4.657051 -53.959984
v -11.594116 2.192948 -88.059990
v -18.344116 -4.207047 -90.009987
v 11.805884 -2.557055 -59.209988
v 127.005882 -14.657076 126.390022
v -1.694115 8.542950 31.740017
v -1.694115 10.892948 34.390007
v -19.344116 0.692951 7.090014
v -21.494116 0.692950 10.490015
v -20.144117 -5.857050 5.640015
v -1.494116 1.642946 -20.809986
v -17.694115 14.342949 38.790024
v -12.094114 13.192947 34.140022
v -3.544114 12.942947 36.540024
v 0.155884 -0.107053 11.090014
v 0.855884 -1.357054 10.490016
v 0.905884 -0.107055 15.640015
v -141.794113 -21.407032 -46.409988
v -135.394119 -21.457027 -52.809990
v -135.344116 -20.507032 -46.409988
v -141.744125 -19.907036 -40.009991
v -135.344116 -19.657036 -40.009991
v -137.444122 -19.007030 -34.659988
v -147.444122 -15.057028 -49.959995
v -148.894119 -16.157026 -30.659983
v -147.394119 -16.157032 -24.859982
v -137.344116 -16.157034 -27.459982
v -137.944122 -12.207030 -27.609985
v -141.594116 -16.157032 -23.259981
v -145.144119 -19.707029 -36.759991
v -150.794113 -20.057026 -31.159988
v -135.444122 -18.407034 -26.959990
v 76.005882 -4.357065 17.490017
v 83.705887 -5.057066 16.690018
v 81.405884 -4.057066 11.040013
v 74.755882 -5.057065 23.640017
v 88.155884 -5.057066 12.040014
v 55.555885 2.592941 3.390013
v 60.405884 3.392937 5.540012
v 59.455883 3.392939 8.590017
v 83.605888 3.392936 2.790015
v 81.355888 3.392936 0.540017
v 55.455883 3.392938 -14.159983
v 56.755886 2.592938 -9.359987
v -13.894114 15.942947 61.990025
v -14.844113 17.192947 56.190018
v -20.244114 15.092950 63.590023
v -26.594114 14.242951 65.240005
v -25.344118 -14.657052 90.890022
v -20.194118 -14.657051 87.990021
v -21.294119 -14.657050 82.740021
v -27.544119 -14.657051 86.140022
v 11.805882 -14.657056 87.990021
v 16.405882 -14.657056 87.840027
v 90.605888 -5.057065 -120.759987
v 102.605888 1.342934 -110.109985
v 96.855888 1.342935 -115.309990
v 97.755882 8.042935 -116.409996
v 99.305885 14.292934 -116.709991
v 107.805885 -5.857067 -97.609985
v 100.555885 16.942936 -99.859993
v 88.255882 -5.857064 -90.859985
v -73.144119 16.692959 -59.259979
v -74.344116 13.792961 -39.059978
v -119.694115 -14.357035 -59.209995
v -121.144119 -17.457033 -46.759991
v -115.444115 -16.657036 -46.759995
v -93.444115 -10.357037 -52.559978
v -93.444115 -10.357039 -55.259979
v -93.444115 -10.357037 -62.609978
v -93.444115 -10.357038 -65.309982
v -91.294121 -10.357038 -65.309982
v -91.294121 -10.357038 -52.559978
v -91.294121 -3.957038 -53.259983
v -91.294121 -3.957040 -64.609985
v 20.905886 14.992945 30.140013
v 43.605888 16.542940 36.690022
v 42.755890 14.242941 30.240013
v 36.955887 21.592943 50.690018
v 4.055886 12.742948 36.240025
v 10.255886 13.192946 35.390022
v 10.655886 10.792945 30.690018
v 14.905886 14.392944 32.540024
v 83.005882 -11.407067 86.940025
v 86.855888 -11.457067 88.690025
v 89.655884 -11.607068 82.090027
v 83.605888 -11.457068 81.090027
v 80.905884 -11.457068 81.090027
v 82.855888 -5.057066 79.240013
v 109.155884 -14.657070 86.740021
v -135.394119 -21.207031 -60.609989
v -141.794113 -21.707027 -65.609970
v -146.994125 -21.657028 -66.759972
v -135.394119 -20.557030 -65.609970
v -149.294113 -20.207029 -35.859989
v -148.594116 -18.657030 -23.709988
v -155.194122 -18.257029 -20.609989
v -152.294113 3.942972 -53.709991
v -147.394119 3.942969 -51.359989
v -147.444122 10.342973 -50.059994
v -153.444122 10.342972 -53.709995
v -152.344116 -2.457028 -54.309986
v -152.594116 -8.857030 -54.209984
v -153.544113 -15.057029 -53.659992
v -149.494125 -3.757029 -42.909981
v -151.644119 -0.907030 -37.509987
v -155.844116 -0.907028 -35.609985
v -156.044113 -3.757028 -33.759983
v -155.944122 -7.507028 -34.859982
v -155.994125 -15.657029 -34.209995
v -154.694122 -0.257028 -53.909985
v -147.344116 15.092970 -53.409977
v -125.094116 7.692966 29.040018
v -126.894119 11.692965 27.590017
v -125.244118 8.192966 33.990013
v -131.344116 6.192966 29.090019
v -142.844116 6.742969 29.090019
v -146.594116 9.092969 34.090012
v -150.744125 3.842971 39.990013
v -126.894119 11.692966 52.390007
v -130.844116 9.592968 30.340017
v -131.344116 6.192968 50.890011
v -142.844116 6.742970 50.890011
v -145.794113 1.342970 51.040016
v -149.094116 3.742972 45.890011
v -124.244118 7.292967 38.790012
v -59.944118 -5.057043 9.790014
v -23.144117 -5.857050 10.440014
v -64.944115 -5.057043 13.540014
v -71.044121 1.342958 15.040014
v -65.894119 11.992956 -2.559985
v -61.394115 12.192957 -6.309985
v -58.294113 12.842956 -11.409986
v -41.594116 -5.057046 30.040016
v -35.394115 10.692952 29.640017
v 88.105888 -14.657066 89.740021
v -143.094116 3.192968 21.790012
v 43.805893 44.542938 -147.610016
v 47.555889 36.592937 -147.610001
v 45.655888 36.592937 -150.860001
v 41.955887 36.592937 -150.860001
v 110.105888 19.542934 -19.059984
v 34.205883 4.542944 -142.409988
v 34.205883 4.542945 -146.209991
v 27.805883 4.542946 -145.009995
v 27.805883 4.542945 -142.409988
v -77.994118 13.992960 -30.159988
v -128.994125 -17.957035 -27.209990
v -128.994125 -16.657032 -20.809982
v -129.544113 -16.657030 -18.509981
v -109.144119 16.492968 5.090015
v -87.694115 14.692960 -13.509985
v -82.294121 14.292961 -21.509987
v -58.594116 -5.057044 62.390018
v 109.855888 18.092932 2.740016
v 103.805885 18.092930 -3.909986
v 113.305885 22.592934 5.840016
v 116.805885 22.542929 -3.059985
v 118.455887 22.992933 -10.109985
v 116.905884 21.292933 -32.609982
v 112.105888 18.142933 -35.009983
v 106.205887 1.342933 -104.159988
v -159.994125 3.542972 -49.409988
v -159.194122 2.442973 -54.209988
v -164.594116 3.042974 -54.459988
v -164.194122 3.742972 -49.659988
v -169.094116 2.442974 -54.559986
v -92.794121 -1.257038 -56.009987
v -92.944115 -0.657037 -54.459988
v -92.744118 0.942961 -57.859985
v -92.644119 -0.157039 -58.059986
v -92.894119 -3.957038 -55.009983
v -93.094116 -3.957038 -53.259983
v 66.405884 13.242936 28.390013
v 69.705887 17.042934 32.290020
v 78.555885 18.242939 29.240019
v 79.455887 -5.057064 21.440018
v 83.705887 1.342933 16.690016
v 39.855885 6.242941 18.890018
v 44.455883 1.342942 20.340015
v -147.194122 -20.907030 -71.309975
v -154.194122 -8.357029 -70.809982
v -154.294113 -5.157027 -70.009987
v -147.844116 -5.157028 -78.509987
v -22.494116 3.792952 -98.509987
v -159.094116 8.192972 -99.359993
v -168.544113 7.492976 -95.909996
v -175.744125 12.392973 -108.209991
v -165.394119 11.092977 -102.459991
v -178.494125 12.892974 -101.859993
v -173.944122 10.692975 -98.409996
v -153.144119 -10.707031 -96.509979
v -159.544113 -12.357026 -92.359978
v -167.094116 0.692973 -85.859985
v -173.994125 -8.457025 -62.309982
v -185.444122 13.542978 -91.059998
v 77.305885 -10.857066 86.940025
v 77.205887 -11.457067 81.090027
v 73.255882 -5.057065 80.590019
v -109.794121 -8.057035 23.990011
v -103.544121 -6.557039 16.190012
v -110.494118 -8.107037 15.590016
v -64.994118 -5.057043 62.390018
v -68.294121 -7.407040 -78.659981
v -69.194115 -1.007041 -78.609985
v -58.544117 -5.057042 -85.009987
v -70.394119 2.242960 -78.109985
v -75.194115 -7.757039 -83.459976
v -37.744118 -5.057048 35.140018
v -92.794121 -1.257039 -61.859985
v -92.644119 -0.157037 -59.809986
v -92.744118 0.942963 -60.009987
v -92.944115 -0.657039 -63.409985
v -93.094116 -3.957040 -64.609985
v -92.894119 -3.957039 -62.859982
v 39.655884 5.142941 19.040010
v 50.255890 14.142940 24.340014
v 41.855888 12.992942 24.340014
v 47.955883 1.342942 20.340015
v 34.205887 24.692945 -149.360001
v 8.605887 24.692944 -146.210007
v 8.605887 24.692949 -149.360001
v 19.305883 -5.057055 20.340017
v 16.405884 -5.057056 23.940018
v 22.205885 -5.057057 25.290016
v 10.855885 7.192945 28.690020
v 11.255884 1.342947 26.640015
v 17.655886 11.242944 28.340017
v 16.405884 1.342944 23.940016
v -0.994117 -4.007051 -46.959984
v 33.705883 4.492943 -129.559982
v 37.405884 -3.957057 -110.409988
v 33.055885 -5.057055 -131.409988
v 27.805883 4.542943 -136.009995
v 33.355885 4.542943 -136.009995
v 21.405884 4.542946 -142.409988
v 21.405884 4.542947 -145.009995
v 105.355888 13.292933 3.990014
v 102.155884 11.842933 0.440015
v 103.605888 11.842934 -4.109985
v -159.044113 -5.307029 -6.959986
v -161.594116 12.492971 9.390015
v -165.344116 4.742973 -4.909985
v -159.644119 5.492971 -0.859984
v -159.044113 1.092972 -6.959986
v 53.905884 2.592939 6.090014
v -153.344116 -15.057032 -60.809994
v -154.494125 -0.257029 -60.659985
v 111.155884 17.342930 -109.459991
v 107.955887 17.342930 -108.559998
v 111.155884 20.042931 -71.809998
v 104.405884 17.042936 -113.159996
v 100.805885 16.742933 -117.759995
v 59.055885 6.742939 25.040018
v 58.005886 1.342938 23.940016
v 65.155884 7.242937 25.790018
v 18.055885 6.692945 26.140018
v -26.594118 -14.657051 132.790039
v -26.594118 -14.657052 126.390022
v -26.594118 -14.657049 107.190025
v -115.194115 15.692967 8.440017
v -107.144119 18.092960 8.390015
v -115.094116 8.242966 12.090014
v -107.994118 9.992966 13.490016
v -56.144112 14.892957 -17.209988
v -113.694115 14.192966 11.140014
v 108.005882 22.042934 -57.059982
v -144.444122 -7.857028 -34.109982
v 73.555885 -5.007063 -112.259987
v 75.305885 -5.007064 -117.459984
v 43.805885 -3.407058 -110.409988
v 47.405888 23.692945 -147.610001
v 42.155888 30.142944 -150.460007
v 45.455887 30.142944 -150.460007
v 47.105888 30.142946 -147.610001
v -162.144119 0.342971 -13.259986
vn -0.0000 1.0000 -0.0000
vn 0.7189 -0.0000 -0.6952
vn 0.3958 -0.0000 -0.9183
vn -0.9799 0.0264 0.1975
vn -0.9761 0.0443 0.2130
vn -0.9575 0.1886 0.2182
vn 0.9803 -0.0065 0.1976
vn 0.9786 -0.0230 0.2045
vn 0.9605 -0.1637 0.2248
vn -0.9799 0.0264 -0.1975
vn -0.9761 0.0443 -0.2130
vn -0.9575 0.1886 -0.2182
vn 0.9803 -0.0065 -0.1976
vn 0.9786 -0.0230 -0.2045
vn 0.9605 -0.1637 -0.2248
vn -0.9330 -0.3476 -0.0928
vn 0.1578 0.9873 0.0209
vn 0.1581 0.9873 0.0133
vn 0.1622 0.9848 0.0619
vn -0.0000 -0.8812 0.4728
vn 0.7708 0.5005 0.3942
vn 0.6786 0.6552 0.3321
vn 0.8411 0.5137 0.1694
vn 0.7120 0.6158 0.3376
vn 0.7052 0.6327 0.3201
vn 0.7586 0.5743 0.3077
vn 0.7397 0.6095 0.2853
vn 0.6960 0.5778 0.4263
vn 0.6425 0.5527 0.5308
vn 0.6674 0.5729 0.4758
vn 0.4381 0.7636 0.4743
vn 0.3045 0.8153 0.4925
vn 0.3032 0.9192 0.2514
vn 0.3032 0.9192 -0.2514
vn 0.3045 0.8153 -0.4925
vn 0.4085 0.8829 -0.2314
vn 0.3358 0.8740 -0.3513
vn 0.8779 -0.4665 -0.1085
vn -0.2192 -0.7644 0.6063
vn -0.2352 -0.9720 -0.0000
vn -0.0732 -0.7497 -0.6578
vn 0.0253 -0.9997 -0.0000
vn -0.0110 -0.8416 0.5399
vn 0.2907 -0.7337 0.6142
vn 0.2952 -0.7227 -0.6250
vn -0.3674 0.9297 -0.0260
vn 0.3026 0.9266 0.2234
vn -0.3674 0.9297 0.0260
vn 0.3026 0.9266 -0.2234
vn 0.2015 -0.0089 -0.9794
vn 0.1784 -0.1594 0.9710
vn 0.4381 0.7636 -0.4743
vn -0.2425 0.9701 -0.0000
vn 0.0103 -0.1784 0.9839
vn -0.2120 -0.9773 -0.0000
vn -0.1986 -0.9797 0.0286
vn -0.0465 0.9379 0.3438
vn 0.0357 0.9149 0.4021
vn 0.0010 0.8655 0.5009
vn -0.0553 0.7511 0.6578
vn -0.1811 0.5633 0.8062
vn 0.0777 0.9669 0.2429
vn 0.1868 0.9383 0.2909
vn -0.8332 0.4693 0.2924
vn 0.1287 0.5918 0.7958
vn -0.0108 0.2515 0.9678
vn 0.1543 0.3414 0.9272
vn -0.0373 0.6005 0.7987
vn 0.0716 0.3079 0.9487
vn -0.0398 0.2920 0.9556
vn -0.0798 0.3193 0.9443
vn 0.0140 0.2906 0.9568
vn 0.0199 0.3877 0.9216
vn -0.0997 0.4355 0.8946
vn -0.0637 0.2347 0.9700
vn 0.0498 0.3503 0.9353
vn -0.1155 0.6228 0.7738
vn -0.2274 0.5274 0.8186
vn -0.1757 0.3716 0.9116
vn -0.1535 0.1992 0.9679
vn -0.1064 0.2516 0.9620
vn -0.0654 0.5679 0.8205
vn -0.0880 0.5395 0.8374
vn 0.0916 0.3759 0.9221
vn -0.0079 0.1993 0.9799
vn 0.0608 0.1433 0.9878
vn -0.0307 0.8328 0.5528
vn 0.0556 0.5201 0.8523
vn -0.1452 0.3743 0.9159
vn -0.0546 0.2074 0.9767
vn -0.1279 0.1457 0.9810
vn -0.0369 0.8318 0.5538
vn 0.0187 0.2852 0.9583
vn 0.1073 0.5267 0.8432
vn 0.1402 0.4610 0.8763
vn -0.6161 0.4894 0.6172
vn -0.5019 0.5087 0.6996
vn -0.8829 0.4462 -0.1463
vn -0.7782 0.6274 -0.0286
vn -0.2541 0.4151 -0.8735
vn -0.1797 0.5960 -0.7826
vn 0.6315 0.4500 -0.6315
vn 0.7547 0.4764 -0.4512
vn 0.8285 0.5187 0.2109
vn 0.8842 0.4669 0.0180
vn 0.7897 0.4304 -0.4371
vn -0.4216 0.3071 -0.8532
vn 0.9931 -0.1130 -0.0303
vn 0.9446 -0.3169 -0.0850
vn 0.3375 -0.9097 -0.2421
vn -0.3385 -0.9088 -0.2438
vn -0.0000 0.9658 0.2591
vn -0.9931 -0.1130 -0.0303
vn -0.9402 -0.3291 -0.0883
vn 0.9931 -0.1130 -0.0301
vn 0.9446 -0.3164 -0.0868
vn 0.3352 -0.9111 -0.2398
vn -0.9431 -0.3193 -0.0926
vn -0.3376 -0.9090 -0.2446
vn -0.0000 0.9664 0.2572
vn -0.9932 -0.1120 -0.0307
vn 0.9385 -0.3334 -0.0894
vn 0.3409 -0.9080 -0.2436
vn -0.3375 -0.9092 -0.2439
vn -0.9435 -0.3201 -0.0852
vn -0.0000 -1.0000 -0.0000
vn -0.5415 0.1171 0.8325
vn -0.5480 -0.0000 0.8365
vn 0.9996 -0.0000 0.0294
vn -0.9995 -0.0000 -0.0312
vn -0.4234 -0.6266 0.6543
vn -0.9920 0.1221 -0.0310
vn -0.4950 0.1224 -0.8602
vn -0.7695 -0.6381 -0.0275
vn -0.3831 -0.6286 -0.6769
vn 0.4782 -0.0000 0.8783
vn 0.6372 0.7255 0.2601
vn 0.6085 0.7932 -0.0237
vn 0.5879 0.8071 -0.0534
vn 0.9959 -0.0441 -0.0793
vn 0.7771 0.6083 -0.1616
vn 0.5802 0.8123 -0.0599
vn 0.8374 0.5465 -0.0084
vn 0.5142 0.8570 0.0343
vn 0.6211 0.7794 -0.0820
vn 0.7093 0.7004 -0.0794
vn 0.7920 0.5597 0.2439
vn 0.5251 0.7925 0.3102
vn 0.7111 0.6899 0.1355
vn 0.6972 0.7063 0.1230
vn 0.7607 0.6490 -0.0095
vn 0.7195 0.6944 -0.0010
vn 0.7109 0.6697 0.2146
vn 0.5179 0.0401 -0.8545
vn 0.5221 0.0107 -0.8528
vn -0.4407 0.3685 -0.8185
vn 0.4800 0.3694 -0.7957
vn 0.9297 0.3674 0.0251
vn 0.9998 0.0196 -0.0000
vn 0.9995 0.0322 -0.0000
vn -0.9994 0.0335 -0.0000
vn -0.9992 0.0387 -0.0000
vn -0.0000 0.9897 0.1434
vn -0.0660 0.5319 -0.8443
vn -0.1331 0.4750 -0.8699
vn -0.0863 0.5209 -0.8492
vn 0.1264 0.6885 -0.7142
vn 0.1760 0.7999 -0.5737
vn 0.2200 0.8158 -0.5349
vn -0.0389 0.8988 -0.4367
vn -0.1296 0.8003 -0.5855
vn 0.2120 0.7653 -0.6077
vn 0.2325 0.8239 -0.5168
vn 0.8170 0.4615 0.3457
vn 0.3327 0.4591 0.8238
vn -0.3327 0.4590 0.8238
vn -0.8170 0.4615 0.3457
vn -0.8170 0.4615 -0.3457
vn -0.3457 0.4615 -0.8170
vn 0.3457 0.4615 -0.8170
vn 0.8170 0.4615 -0.3457
vn 0.2941 0.6430 0.7072
vn -0.2941 0.6429 0.7072
vn -0.0000 0.5335 0.8458
vn -0.0000 0.5427 -0.8399
vn -0.1533 0.9834 0.0967
vn -0.1116 0.9388 0.3260
vn -0.0000 0.9997 0.0238
vn 0.2931 0.7926 0.5347
vn 0.3210 0.8936 0.3137
vn 0.3666 0.9198 0.1401
vn 0.2005 0.9761 -0.0842
vn 0.4289 0.8720 0.2360
vn 0.5413 0.8409 -0.0021
vn 0.7476 0.5697 -0.3414
vn 0.9453 -0.0000 -0.3262
vn 0.9246 0.0516 -0.3775
vn 0.2373 -0.0000 0.9714
vn 0.2260 0.1633 0.9603
vn 0.6256 -0.0000 0.7802
vn 0.6256 -0.0061 0.7801
vn -0.1269 0.7371 0.6637
vn -0.0743 0.8269 0.5574
vn -0.4129 -0.0000 0.9108
vn -0.1293 -0.0000 0.9916
vn 0.1031 -0.0000 0.9947
vn -0.0739 0.7341 0.6750
vn -0.0673 0.7824 0.6191
vn -0.0261 0.6384 0.7693
vn -0.6965 0.5888 -0.4102
vn -0.8159 0.5601 0.1436
vn -0.9362 0.0146 -0.3511
vn -0.9347 0.1623 -0.3163
vn -0.0292 0.1177 0.9926
vn -0.0000 0.3417 0.9398
vn -0.0000 0.9048 0.4258
vn 0.0060 -0.1935 0.9811
vn -0.9825 -0.1062 -0.1528
vn -0.9931 0.0027 -0.1168
vn -0.0156 0.9834 0.1810
vn 0.0047 0.9889 0.1483
vn -0.0848 0.9866 0.1394
vn -0.0537 0.9810 0.1862
vn 0.1033 0.9678 0.2296
vn 0.1764 0.9331 0.3134
vn 0.0848 0.9945 0.0611
vn 0.1373 0.9892 0.0522
vn 0.0420 0.9989 -0.0187
vn 0.0891 0.9913 0.0966
vn 0.1328 0.9903 0.0395
vn -0.0562 0.9983 0.0160
vn -0.0684 0.9956 0.0637
vn 0.0416 0.9986 0.0323
vn 0.0411 0.9989 0.0202
vn 0.0971 0.9952 -0.0149
vn 0.0995 0.9795 0.1750
vn -0.0856 0.9956 0.0389
vn -0.0000 0.9975 0.0701
vn 0.0564 0.9980 0.0297
vn 0.0623 0.9966 -0.0545
vn 0.1363 0.9907 0.0049
vn -0.0000 0.9999 0.0156
vn 0.0596 0.9974 0.0399
vn -0.0545 0.9970 0.0545
vn 0.1007 0.9913 0.0852
vn 0.0700 0.9951 -0.0700
vn 0.0004 0.9999 0.0153
vn 0.0855 0.9949 -0.0544
vn -0.0540 0.9872 0.1501
vn -0.0078 1.0000 -0.0000
vn -0.0545 0.9970 -0.0545
vn 0.0234 0.9986 0.0468
vn 0.0920 0.9938 0.0621
vn 0.0476 0.9986 0.0234
vn 0.0125 0.9996 0.0234
vn 0.0100 0.9999 0.0078
vn 0.0967 0.9929 0.0698
vn 0.0533 0.9949 -0.0855
vn 0.0145 0.9980 0.0613
vn -0.9903 -0.0000 0.1388
vn 0.9901 -0.0000 -0.1404
vn -0.9993 -0.0000 0.0377
vn 0.9994 -0.0000 -0.0347
vn -0.7149 -0.0000 -0.6992
vn 0.1030 0.9947 0.0077
vn -0.7034 -0.7108 -0.0000
vn -0.0000 -0.7071 0.7071
vn -0.0000 -0.2425 0.9701
vn -0.0000 -0.9800 0.1991
vn -0.0074 -0.7071 0.7071
vn 0.7066 -0.7076 0.0064
vn 0.0063 -0.7076 -0.7066
vn 0.7071 -0.7071 -0.0000
vn -0.0000 -0.7071 -0.7071
vn 0.9398 -0.3417 -0.0000
vn -0.0063 -0.7076 -0.7066
vn 0.0176 0.9538 -0.2999
vn 0.1086 0.9842 -0.1399
vn 0.0466 0.9946 -0.0932
vn -0.0321 0.9936 -0.1087
vn 0.0183 0.9966 -0.0806
vn 0.0995 0.9794 -0.1760
vn 0.8123 0.4778 0.3345
vn 0.3386 0.4866 0.8054
vn -0.0002 1.0000 0.0076
vn 0.0155 0.9940 -0.1087
vn 0.0621 0.9930 -0.1008
vn 0.0078 0.9995 0.0312
vn -0.1009 0.9934 -0.0543
vn -0.0078 0.9999 0.0078
vn 0.0156 0.9968 -0.0779
vn 0.0156 0.9999 -0.0000
vn 0.1010 0.9949 0.0078
vn -0.3162 -0.0000 -0.9487
vn 0.6133 -0.0000 -0.7899
vn -0.1270 0.9890 -0.0762
vn 0.2127 -0.0000 -0.9771
vn -0.8214 -0.1117 0.5593
vn 0.8266 -0.1141 -0.5511
vn 0.9732 -0.1158 -0.1986
vn 0.7867 -0.3258 -0.5244
vn 0.9293 -0.3207 -0.1831
vn -0.1738 -0.3327 0.9269
vn -0.5262 -0.3367 0.7809
vn -0.7827 -0.3217 0.5329
vn -0.0000 -0.5394 0.8420
vn 0.5712 -0.7497 0.3343
vn 0.9408 0.0441 0.3360
vn -0.9382 -0.0440 0.3432
vn -0.0000 0.5487 0.8360
vn 0.9374 0.0609 0.3429
vn 0.8507 -0.0168 -0.5254
vn -0.0000 0.0790 -0.9969
vn 0.9236 0.0313 0.3822
vn 0.3839 0.0295 0.9229
vn -0.3839 0.0295 -0.9229
vn 0.3839 0.0295 -0.9229
vn 0.9229 0.0295 -0.3839
vn 0.3785 0.1414 -0.9147
vn -0.8508 0.0093 0.5255
vn -0.8508 0.0094 -0.5255
vn -0.0000 -0.0876 -0.9962
vn 0.8583 -0.0915 -0.5049
vn 0.8605 0.0767 0.5037
vn -0.0000 0.0691 0.9976
vn -0.9374 0.0609 0.3429
vn -0.9398 0.0638 -0.3357
vn 0.8657 0.0771 -0.4947
vn -0.1539 0.9851 0.0770
vn -0.1240 0.9922 0.0159
vn -0.1240 0.9923 -0.0000
vn -0.1614 0.9839 0.0769
vn -0.0000 0.9997 0.0234
vn -0.0091 0.9999 -0.0081
vn -0.0090 0.9999 -0.0128
vn -0.0121 0.9999 0.0101
vn -0.9229 -0.0000 0.3850
vn -0.8504 -0.0000 0.5261
vn -0.7567 -0.0000 0.6538
vn -0.7618 0.5961 0.2535
vn -0.5659 0.7611 0.3171
vn -0.6637 0.6431 0.3820
vn -0.4326 0.8257 0.3619
vn -0.5763 0.6575 0.4853
vn -0.3529 0.6693 0.6539
vn -0.3539 0.7548 0.5523
vn -0.4090 0.6420 0.6486
vn -0.5137 0.5822 0.6302
vn -0.2649 0.8945 0.3601
vn -0.8112 0.3147 0.4929
vn -0.7248 0.3292 0.6052
vn -0.4603 0.3481 0.8167
vn 0.0279 0.9854 0.1681
vn 0.0535 0.9826 0.1779
vn 0.0148 0.9827 0.1847
vn -0.0300 0.9839 0.1760
vn -0.0336 0.9885 0.1473
vn -0.0986 0.9890 0.1105
vn 0.0189 0.9997 -0.0134
vn -0.0683 0.9810 0.1818
vn -0.0343 0.9807 0.1923
vn -0.0000 1.0000 0.0085
vn -0.0338 0.9993 -0.0154
vn 0.2495 0.9682 0.0186
vn 0.1574 0.9832 -0.0929
vn 0.2231 0.9717 0.0771
vn 0.0262 0.9932 0.1138
vn -0.0177 0.9958 0.0903
vn -0.0133 0.9928 0.1188
vn 0.0446 0.9990 -0.0055
vn 0.1398 0.9895 -0.0375
vn 0.1303 0.9807 0.1456
vn -0.0405 0.9905 0.1315
vn 0.0934 0.9199 0.3809
vn 0.0483 0.8877 0.4579
vn 0.1758 0.9786 -0.1070
vn 0.1758 0.9786 0.1070
vn 0.2461 0.8750 0.4170
vn 0.1150 0.9203 0.3739
vn 0.2777 0.9606 -0.0150
vn 0.3445 0.9186 0.1938
vn 0.2852 0.9128 0.2924
vn 0.1189 0.9511 0.2851
vn 0.1313 0.9889 0.0695
vn 0.1491 0.9887 0.0133
vn 0.7071 -0.0000 0.7071
vn 0.3550 0.7982 0.4867
vn 0.3816 0.8004 0.4624
vn 0.5408 0.6144 0.5744
vn 0.6556 0.4701 0.5909
vn 0.5496 0.5998 0.5815
vn 0.2239 0.5905 0.7753
vn 0.3330 0.5224 0.7850
vn 0.4172 0.4765 0.7739
vn 0.6619 0.5887 0.4640
vn -0.0078 1.0000 -0.0014
vn 0.3454 0.1934 0.9183
vn -0.1573 0.9834 0.0907
vn -0.2208 0.9670 0.1274
vn 0.2486 0.4489 0.8583
vn 0.3785 0.4541 0.8066
vn 0.3634 0.1996 0.9100
vn 0.5205 0.4205 0.7432
vn 0.4520 0.4613 0.7635
vn 0.4752 0.1613 0.8650
vn 0.0684 0.8613 0.5034
vn 0.1901 0.9354 0.2980
vn 0.6185 0.2998 0.7264
vn 0.6424 0.1351 0.7544
vn 0.3680 0.5140 0.7748
vn 0.3950 0.3423 0.8525
vn 0.4168 0.1542 0.8958
vn 0.1046 0.7175 0.6887
vn 0.1228 0.3581 0.9256
vn 0.1269 0.1683 0.9775
vn -0.2792 0.8275 0.4872
vn -0.2210 0.2187 0.9504
vn -0.3572 0.1607 0.9201
vn 0.0785 0.6567 0.7501
vn 0.0911 0.4299 0.8983
vn 0.2193 0.1232 0.9679
vn 0.0479 0.5322 0.8453
vn 0.0566 0.4362 0.8981
vn 0.5801 0.4340 0.6893
vn -1.0000 -0.0000 -0.0000
vn -1.0000 -0.0001 -0.0000
vn -0.3989 -0.3195 -0.8595
vn -0.3878 -0.3216 0.8638
vn -0.2308 -0.0860 0.9692
vn -0.4451 -0.7702 0.4567
vn 0.0017 0.1163 -0.9932
vn -0.0000 0.3291 -0.9443
vn -0.9961 -0.0425 0.0775
vn -0.9931 0.0044 0.1168
vn -0.9985 0.0524 0.0185
vn 0.8639 -0.0603 -0.5001
vn 0.8639 -0.0603 0.5001
vn -0.0000 -0.0619 0.9981
vn -0.0000 0.3784 -0.9256
vn -0.7995 0.3771 -0.4674
vn 0.1292 -0.6117 0.7805
vn 0.3250 0.1887 0.9267
vn 0.1929 -0.9394 0.2833
vn -0.2806 -0.7221 0.6323
vn 0.9998 0.0043 0.0216
vn 0.9998 -0.0043 -0.0211
vn -0.4238 0.6664 -0.6134
vn -0.8080 0.5624 0.1756
vn -0.0924 -0.0311 0.9952
vn 0.9058 -0.3346 0.2599
vn 0.6942 0.1658 -0.7004
vn -0.0746 0.9794 0.1877
vn -0.0743 0.9883 0.1329
vn -0.3018 0.9433 -0.1384
vn 0.1222 -0.9925 -0.0010
vn 0.1240 -0.9923 -0.0000
vn 0.1240 -0.9923 -0.0010
vn -0.0639 -0.9980 -0.0000
vn -0.0634 -0.9980 0.0005
vn -0.0629 -0.9980 0.0005
vn -0.0000 -0.0000 1.0000
vn -0.0017 0.1156 0.9933
vn 0.0159 0.3417 0.9397
vn 0.0043 -0.1890 0.9820
vn -0.6737 -0.6286 0.3886
vn -0.8364 -0.1731 -0.5200
vn -0.0500 0.7031 -0.7094
vn 0.6958 0.6646 0.2724
vn 0.7016 0.6602 0.2681
vn 0.0531 0.3232 0.9448
vn 0.4220 -0.0735 0.9036
vn -0.0000 0.0696 -0.9976
vn -0.0000 0.0387 -0.9992
vn 0.8685 0.0394 -0.4941
vn 0.8641 0.0402 0.5017
vn -0.0000 -0.0542 -0.9985
vn 0.7697 -0.6378 0.0257
vn 0.0533 -0.0415 -0.9977
vn 0.0539 0.9974 -0.0477
vn 0.9475 0.2961 -0.1209
vn -0.9738 0.2035 -0.1011
vn -0.0000 -0.0000 -1.0000
vn -0.1957 0.9685 -0.1541
vn -0.4611 0.8738 -0.1546
vn -0.3554 0.9338 0.0417
vn -0.5420 0.8402 0.0155
vn -0.3797 0.9179 -0.1154
vn -0.5163 0.8302 0.2102
vn -0.3207 0.9459 0.0498
vn -0.1823 0.9738 0.1358
vn -0.2699 0.9608 -0.0634
vn -0.1919 0.9802 -0.0495
vn -0.0597 0.9934 -0.0982
vn -0.1868 0.9074 -0.3764
vn -0.0725 0.9832 -0.1675
vn -0.2451 0.9684 0.0463
vn -0.3578 0.9320 0.0576
vn -0.2135 0.9593 0.1849
vn -0.5852 0.6305 0.5099
vn -0.4164 0.8951 -0.1596
vn -0.2129 0.9757 -0.0510
vn -0.4180 0.7910 -0.4467
vn -0.4092 0.9020 0.1377
vn -0.7975 0.5943 -0.1038
vn -0.1404 0.9879 -0.0653
vn 0.1174 0.9916 0.0546
vn 0.1690 -0.0000 -0.9856
vn -0.9228 0.3790 0.0689
vn -0.8941 0.4183 -0.1597
vn 0.4108 -0.0000 -0.9117
vn -0.1120 0.9937 -0.0089
vn 0.0205 -0.0000 -0.9998
vn -0.9429 0.0173 0.3328
vn -0.9397 0.0837 0.3316
vn -0.7914 0.6112 0.0131
vn -0.1954 0.9671 -0.1631
vn -0.0713 0.9974 -0.0050
vn -0.0587 0.9958 -0.0700
vn 0.0069 0.9413 -0.3376
vn 0.1305 0.9482 -0.2897
vn 0.0645 0.9244 -0.3760
vn -0.0000 0.9975 -0.0701
vn -0.0000 0.9997 -0.0234
vn -0.9997 -0.0000 0.0234
vn -0.9956 -0.0000 -0.0941
vn -0.9975 -0.0000 -0.0701
vn -0.8608 0.5086 0.0202
vn -0.9332 0.3325 0.1364
vn -0.9329 0.3325 -0.1379
vn -0.8378 -0.0000 0.5460
vn -0.9674 -0.0000 0.2534
vn -0.6345 -0.0785 0.7689
vn -0.9512 -0.0000 -0.3087
vn -0.0292 0.1177 -0.9926
vn -0.0000 0.9048 -0.4258
vn -0.9961 -0.0411 0.0780
vn -0.9956 0.0005 0.0935
vn -0.9989 0.0468 -0.0000
vn 0.1236 0.9920 0.0254
vn -0.2352 -0.0000 0.9720
vn -0.0550 -0.0000 0.9985
vn -0.9509 -0.0221 -0.3086
vn 0.0196 0.7890 0.6141
vn -0.4129 0.2184 0.8842
vn -0.4478 0.3211 0.8345
vn -0.3527 0.7880 0.5047
vn -0.7513 -0.0052 0.6600
vn -0.7334 0.3114 0.6044
vn -0.1374 0.8601 0.4912
vn -0.0473 0.9751 0.2167
vn -0.1141 0.8526 -0.5099
vn -0.1697 0.8890 0.4253
vn -0.0234 0.9990 0.0390
vn -0.1719 0.9849 -0.0223
vn 0.8172 0.4657 0.3395
vn 0.3419 0.4629 0.8178
vn -0.8172 0.4676 -0.3370
vn -0.1300 0.9020 0.4117
vn 0.1690 0.8229 -0.5424
vn 0.9782 -0.1016 -0.1811
vn 0.5645 0.4383 0.6995
vn 0.3711 -0.8067 0.4598
vn 0.2639 0.4817 -0.8357
vn 0.1641 -0.8386 -0.5195
vn -0.8631 0.4474 0.2343
vn -0.5607 -0.8139 0.1522
vn 0.0885 0.9851 -0.1476
vn -0.0661 0.5337 -0.8431
vn -0.1319 0.5038 -0.8537
vn -0.0941 0.5275 -0.8443
vn 0.1399 0.6119 -0.7785
vn 0.3207 0.6919 -0.6468
vn 0.1841 0.6814 -0.7084
vn 0.1602 0.6414 -0.7503
vn 0.2515 -0.0000 -0.9679
vn 0.4441 -0.0000 -0.8960
vn 0.2851 -0.0000 -0.9585
vn 0.2350 0.5664 -0.7899
vn 0.2257 0.5497 -0.8043
vn 0.2614 0.5345 -0.8037
vn 0.9530 0.3026 0.0131
vn -0.0000 0.9999 0.0103
vn -0.0000 0.9995 0.0312
vn -0.0000 0.9999 0.0104
vn -0.0000 0.9999 -0.0104
vn -0.0000 0.9995 -0.0312
vn -0.0000 0.9986 -0.0520
vn -0.0000 -0.9986 -0.0526
vn -0.0000 -0.9995 -0.0319
vn -0.0000 -0.9986 0.0526
vn 1.0000 -0.0000 -0.0000
vn -0.0000 0.3065 -0.9519
vn -0.7523 0.3150 -0.5787
vn 0.7999 0.3859 -0.4595
vn -0.9015 0.3334 -0.2760
vn 0.7841 0.4270 0.4504
vn 0.3019 0.4943 -0.8152
vn -0.1046 0.4782 0.8720
vn -0.6695 0.6217 0.4065
vn -0.8725 0.2412 0.4250
vn 0.7088 0.5569 0.4330
vn 0.5606 0.8078 0.1821
vn -0.0686 0.9953 -0.0686
vn 0.7034 0.1018 0.7034
vn -0.7064 -0.0094 0.7077
vn -0.7000 -0.1419 -0.7000
vn 0.7070 -0.0186 -0.7070
vn -0.0687 0.9956 0.0641
vn 0.7034 0.1018 -0.7034
vn -0.7071 -0.0093 -0.7071
vn -0.7000 -0.1419 0.7000
vn 0.7070 -0.0186 0.7070
vn 0.9994 0.0335 -0.0000
vn 0.9992 0.0387 -0.0000
vn -0.9998 0.0196 -0.0000
vn -0.9998 0.0196 0.0028
vn 0.2480 0.9357 0.2510
vn 0.2562 0.9666 -0.0000
vn -0.8944 0.4472 -0.0000
vn -0.6212 0.4678 -0.6288
vn -0.0000 0.4472 -0.8944
vn -0.0097 0.9974 0.0712
vn 0.6280 0.4390 -0.6426
vn 0.8944 0.4472 -0.0000
vn 0.5892 0.4606 0.6638
vn -0.2480 0.9357 0.2510
vn -0.2562 0.9666 -0.0000
vn -0.2545 0.9600 -0.1171
vn 0.6088 -0.4901 0.6238
vn 0.8716 -0.4903 -0.0000
vn -0.8716 -0.4903 -0.0000
vn 0.9099 0.3857 -0.1524
vn 0.9868 -0.1615 0.0111
vn -0.6499 0.3595 0.6696
vn 0.4363 0.2994 0.8485
vn -0.3274 0.8319 0.4481
vn -0.6932 0.6704 0.2648
vn -0.3796 0.4875 -0.7863
vn -0.2968 0.6881 -0.6621
vn 0.5515 0.4204 -0.7205
vn -0.7958 0.4983 -0.3441
vn 0.8685 0.3362 0.3642
vn 0.8135 0.4709 0.3412
vn 0.2159 0.2795 0.9356
vn 0.2038 0.4228 0.8830
vn -0.5948 0.4135 0.6894
vn -0.5706 0.4868 0.6614
vn -0.4532 0.2960 0.8408
vn 0.9421 0.2671 0.2028
vn 0.2920 0.2271 0.9291
vn 0.5764 0.8053 -0.1385
vn 0.2003 -0.1065 -0.9739
vn -1.0000 -0.0000 0.0078
vn -0.0616 0.1581 0.9855
vn -0.0937 0.5191 0.8496
vn 0.2279 -0.0000 0.9737
vn 0.5028 -0.1038 -0.8582
vn -0.0619 0.9905 -0.1226
vn 0.9162 -0.4008 -0.0022
vn 0.9159 -0.4007 -0.0219
vn 0.8933 0.4466 -0.0508
vn 0.8944 0.4472 -0.0070
vn 0.8942 0.4471 0.0244
vn -0.0000 0.9970 -0.0779
vn -0.0000 0.9985 0.0546
vn -0.0000 0.9941 0.1087
vn -0.9836 0.1566 -0.0891
vn -0.8944 0.4472 -0.0070
vn -0.8942 0.4471 0.0244
vn -0.0000 -0.9997 -0.0234
vn -0.0000 -0.9985 -0.0546
vn -0.0000 0.9967 -0.0810
vn -0.8486 -0.5137 0.1263
vn -0.8983 -0.4392 0.0140
vn -0.9159 -0.4007 -0.0219
vn -0.9146 -0.4001 -0.0581
vn 0.0156 0.9996 -0.0234
vn -0.0742 0.9972 -0.0107
vn -0.0468 0.9981 0.0390
vn -0.0624 0.9979 0.0156
vn -0.0624 0.9980 0.0122
vn -0.0622 0.9955 -0.0719
vn -0.0390 0.9981 0.0468
vn 0.0310 0.9908 -0.1316
vn 0.9045 0.2675 0.3322
vn -0.8674 0.2718 -0.4168
vn -0.9166 0.0610 -0.3952
vn 0.1455 0.2375 -0.9604
vn 0.1451 0.2493 -0.9575
vn 0.2825 0.9559 -0.0804
vn 0.4590 0.8616 -0.2167
vn 0.9990 0.0312 0.0312
vn 0.9992 -0.0000 0.0408
vn 0.9990 -0.0317 0.0317
vn 0.7070 0.6661 -0.2378
vn 0.8501 0.5007 -0.1632
vn 0.9986 0.0490 0.0185
vn 0.9792 -0.1016 0.1757
vn 0.9893 -0.0057 0.1455
vn -0.0236 0.1153 0.9931
vn 0.4658 -0.7582 0.4563
vn 0.4539 -0.8909 0.0130
vn 0.4876 -0.7672 -0.4167
vn 0.6590 -0.0666 -0.7492
vn 0.2587 0.0579 -0.9642
vn 0.9138 -0.4061 -0.0000
vn 0.6303 -0.0681 0.7734
vn 0.6303 -0.0687 0.7733
vn -0.0014 -0.1350 -0.9908
vn 0.0388 -0.3519 -0.9352
vn 0.1894 -0.8884 -0.4181
vn 0.1798 -0.2996 0.9370
vn 0.0167 -0.1087 0.9939
vn 0.2273 -0.0457 0.9727
vn -0.1768 0.9840 -0.0209
vn -0.1720 0.9851 -0.0000
vn -0.1521 0.9884 -0.0000
vn -0.1930 0.9812 -0.0000
vn -0.4538 -0.5055 0.7338
vn -0.0550 0.4092 -0.9108
vn -0.4090 -0.2780 -0.8691
vn 0.0402 0.9981 -0.0468
vn 0.0247 0.9959 -0.0875
vn 0.0778 0.9959 0.0467
vn -0.0272 0.9901 -0.1373
vn -0.0468 0.9978 -0.0468
vn 0.1939 -0.0798 0.9778
vn 0.1897 -0.2858 0.9393
vn 0.2922 -0.2747 0.9161
vn 0.3955 -0.1936 0.8978
vn 0.4602 -0.0620 0.8857
vn 0.4723 -0.1686 0.8651
vn -0.0000 0.9569 -0.2905
vn -0.0000 0.9768 -0.2141
vn 0.7577 0.5435 -0.3612
vn 0.6238 0.5420 -0.5631
vn 0.4908 0.4456 -0.7487
vn -0.3174 0.9327 0.1713
vn -0.2524 0.9600 0.1215
vn -0.1995 0.9773 0.0719
vn -0.1099 0.9935 0.0308
vn -0.0479 0.9988 0.0068
vn -0.0586 0.9881 -0.1424
vn -0.0686 0.9836 -0.1667
vn -0.0890 0.9779 -0.1890
vn -0.8773 -0.2973 0.3767
vn 0.5072 -0.2646 -0.8202
vn 0.9836 -0.0942 0.1537
vn 0.9982 0.0270 0.0540
vn 0.9958 0.0829 0.0398
vn -0.0370 -0.1655 0.9855
vn 0.5274 -0.0000 -0.8496
vn 0.9634 -0.2667 0.0283
vn -0.5245 -0.2569 0.8117
vn -0.5003 -0.0000 -0.8659
vn -0.1015 -0.9948 -0.0000
vn -0.0305 -0.3238 0.9456
vn -0.0235 -0.8764 0.4811
vn -0.0322 0.0464 0.9984
vn -0.2136 0.0957 -0.9722
vn 0.0305 -0.3219 -0.9463
vn 0.0256 0.0372 -0.9990
vn 0.0118 -0.8752 -0.4837
vn 0.4563 -0.2659 0.8492
vn -0.9986 0.0018 -0.0526
vn -0.4947 -0.3887 -0.7773
vn -0.6555 -0.6412 -0.3990
vn -0.6811 -0.6461 0.3446
vn -0.3890 -0.9212 -0.0122
vn -0.1495 -0.1809 0.9721
vn 0.9991 0.0268 0.0330
vn 0.9987 0.0317 0.0400
vn 0.9994 0.0333 -0.0000
vn -0.4854 -0.2628 -0.8339
vn -0.9817 0.1784 0.0663
vn 0.0184 0.9907 0.1347
vn -0.2985 0.9261 -0.2308
vn 0.0404 0.9990 -0.0167
vn 0.0239 0.9991 0.0362
vn 0.1434 0.9786 -0.1478
vn -0.1666 0.9639 0.2076
vn -0.1156 0.9826 0.1455
vn -0.1038 0.9911 0.0830
vn -0.0553 0.9954 -0.0776
vn -0.1220 0.9751 -0.1850
vn 0.0923 0.9546 -0.2831
vn 0.9081 -0.4162 -0.0449
vn 0.8990 -0.4308 -0.0783
vn 0.8966 -0.4323 -0.0962
vn 0.8916 0.4458 0.0801
vn -0.0000 0.9913 0.1317
vn 0.0221 0.9834 0.1804
vn -0.8930 0.4465 0.0558
vn -0.8916 0.4458 0.0801
vn -0.0000 -0.9913 -0.1317
vn -0.0000 0.9923 0.1240
vn -0.0000 0.9821 0.1883
vn -0.9059 -0.4152 -0.0835
vn -0.0221 0.9834 0.1804
vn -0.2196 0.9690 -0.1136
vn 0.0392 0.9990 0.0234
vn 0.1826 0.9738 -0.1355
vn 0.0221 0.9997 -0.0091
vn -0.1159 0.9889 -0.0927
vn -0.0682 0.9974 -0.0234
vn 0.2195 0.9690 -0.1136
vn -0.2401 0.9707 0.0076
vn -0.1841 0.9820 -0.0409
vn 0.3963 0.3830 0.8344
vn 0.1302 0.4211 0.8976
vn -0.2008 0.4343 0.8781
vn 0.0948 0.4225 0.9014
vn 0.1069 0.3178 0.9421
vn 0.1629 0.9821 -0.0943
vn 0.1868 0.9814 -0.0436
vn 0.1112 0.9913 -0.0705
vn 0.2740 0.0459 -0.9606
vn 0.2736 0.0446 -0.9608
vn 0.0119 0.8890 -0.4577
vn 0.4056 0.8884 -0.2151
vn 0.8828 0.0392 -0.4681
vn 0.8631 0.2139 -0.4575
vn -0.1732 0.9637 0.2033
vn -0.1147 0.9786 0.1709
vn -0.0627 0.9923 0.1070
vn -0.1720 0.9574 0.2319
vn -0.1178 0.9663 0.2287
vn 0.6993 0.3242 -0.6371
vn 0.1363 0.8845 -0.4463
vn 0.7683 0.0343 -0.6392
vn -0.5448 0.5270 -0.6522
vn 0.2634 0.1388 -0.9547
vn 0.0160 0.9997 -0.0183
vn -0.0155 0.9997 0.0177
vn -0.0952 0.9953 0.0194
vn -0.7999 -0.0112 0.6000
vn 0.7996 0.0308 -0.5997
vn -0.6757 -0.0000 0.7372
vn -0.8828 -0.0824 -0.4625
vn -0.9045 -0.3185 -0.2835
vn -0.1607 -0.0747 -0.9842
vn -0.5669 -0.0822 -0.8197
vn 0.6142 -0.7516 -0.2404
vn -0.3131 -0.8871 0.3392
vn 0.3191 -0.8820 -0.3468
vn -0.6247 -0.7465 0.2290
vn -0.0334 -0.7717 -0.6351
vn 0.7365 0.1124 0.6670
vn 0.7026 0.3411 0.6245
vn 0.3228 0.9000 0.2928
vn 0.7438 -0.1521 0.6508
vn -0.7371 -0.1910 -0.6482
vn 0.6213 -0.3975 -0.6753
vn -0.1196 0.9836 0.1346
vn 0.6152 -0.0380 -0.7875
vn 0.6017 0.0119 -0.7986
vn 0.6783 0.0451 -0.7334
vn 0.7488 -0.0521 -0.6607
vn -0.7484 -0.0856 0.6577
vn -0.7490 -0.0009 0.6626
vn -0.7467 0.0790 0.6605
vn -0.0377 0.9871 0.1553
vn 0.1240 0.9923 -0.0000
vn 0.8643 -0.0000 -0.5029
vn 0.2638 -0.0000 0.9646
vn 0.2127 -0.0000 0.9771
vn 0.3239 -0.0000 0.9461
vn -0.1031 0.9941 0.0321
vn 0.1128 0.9912 -0.0690
vn -0.0733 -0.0000 -0.9973
vn -0.2198 0.8356 0.5035
vn -0.1484 0.7468 0.6482
vn -0.0259 0.8129 0.5819
vn 0.2210 0.4957 0.8399
vn 0.3753 0.2467 0.8935
vn 0.2615 0.2823 0.9230
vn 0.0031 0.3498 0.9368
vn 0.0081 0.2916 0.9565
vn 0.1714 0.3141 0.9338
vn -0.0028 0.3713 0.9285
vn -0.0142 0.1717 0.9851
vn -0.0083 0.2520 0.9677
vn -0.0624 0.4382 0.8967
vn -0.2903 0.4182 0.8607
vn -0.3122 0.3528 0.8821
vn -0.3401 0.1643 0.9259
vn -0.3420 0.2554 0.9043
vn -0.3053 0.3690 0.8779
vn -0.3040 0.3955 0.8667
vn -0.3117 0.3553 0.8812
vn -0.3369 0.1762 0.9249
vn -0.3264 0.2509 0.9113
vn -0.3222 0.3880 0.8635
vn 0.0182 0.5166 0.8560
vn 0.8861 -0.0277 0.4627
vn 0.3468 -0.0000 0.9379
vn -0.1657 -0.0000 -0.9862
vn -0.9799 0.0275 0.1975
vn -0.9757 0.0444 0.2147
vn -0.9571 0.1887 0.2201
vn 0.9803 -0.0054 0.1976
vn 0.9783 -0.0229 0.2061
vn 0.9601 -0.1635 0.2267
vn -0.2296 0.9733 -0.0000
vn -0.1053 0.9943 -0.0167
vn -0.0905 0.9959 -0.0000
vn -0.1815 -0.0000 0.9834
vn -0.0753 -0.0000 0.9972
vn -0.1767 -0.0000 -0.9843
vn -0.0659 -0.0000 -0.9978
vn -0.0286 0.9995 -0.0114
vn -0.0249 0.9997 0.0041
vn 0.0036 0.9998 0.0194
vn -0.9378 -0.0000 -0.3471
vn -0.9368 -0.0000 -0.3498
vn -0.9836 -0.0000 0.1805
vn -0.9859 -0.0000 0.1676
vn -0.2828 0.9586 -0.0320
vn -0.6681 0.7370 -0.1020
vn -0.7977 0.6025 0.0250
vn -0.6816 0.7313 0.0238
vn -0.8011 0.5835 0.1330
vn -0.6823 0.7220 0.1146
vn -0.9465 0.2821 0.1565
vn -0.9431 0.2836 0.1735
vn -0.1389 0.9868 0.0829
vn -0.2317 0.9713 0.0539
vn -0.1993 0.9788 0.0467
vn -0.1292 0.9910 0.0359
vn 0.0447 0.9554 -0.2920
vn -0.1370 0.9341 -0.3297
vn -0.2344 0.9142 -0.3305
vn -0.1764 0.9324 -0.3155
vn -0.0676 0.9662 -0.2489
vn -0.0183 0.9872 -0.1587
vn 0.0537 0.8747 -0.4816
vn -0.0033 0.8129 -0.5824
vn -0.1834 0.7777 -0.6013
vn -0.2382 0.7645 -0.5990
vn -0.1649 0.7796 -0.6041
vn -0.0486 0.8663 -0.4971
vn -0.2252 0.4891 0.8427
vn -0.2856 0.2368 0.9286
vn -0.2863 0.5976 0.7489
vn -0.0798 0.2890 0.9540
vn -0.3036 0.2337 0.9237
vn -0.3759 0.2681 0.8870
vn -0.2732 0.3050 0.9123
vn -0.2495 0.4763 0.8431
vn -0.0234 0.3444 0.9385
vn 0.0101 0.1503 0.9886
vn -0.0713 0.3484 0.9346
vn -0.0148 0.2436 0.9698
vn -0.2231 0.3753 0.8996
vn -0.0287 0.2670 0.9633
vn -0.0284 0.2851 0.9581
vn -0.1726 0.1868 0.9671
vn -0.3481 0.3471 0.8708
vn -0.3498 0.4357 0.8293
vn -0.1509 0.1729 0.9733
vn -0.1920 0.2509 0.9488
vn -0.1953 0.4425 0.8753
vn -0.0329 0.4933 0.8692
vn -0.2290 0.4518 0.8622
vn -0.2350 0.4027 0.8847
vn 0.0080 0.5293 0.8484
vn -0.4158 0.9095 -0.0000
vn -0.4120 0.9112 -0.0000
vn 0.4250 -0.0000 0.9052
vn 0.7682 -0.0000 0.6402
vn -0.0768 0.9947 -0.0681
vn -0.0916 0.9766 -0.1943
vn 0.5670 -0.2556 -0.7830
vn 0.9651 -0.2460 0.0902
vn 0.5742 0.0723 -0.8155
vn 0.9936 0.0649 0.0929
vn -0.0312 -0.9981 -0.0532
vn 0.9358 0.3513 -0.0307
vn 0.9815 0.1865 -0.0438
vn 0.3424 0.9021 -0.2627
vn 0.6278 0.7308 -0.2678
vn 0.9595 0.2787 0.0397
vn 0.9376 0.3284 0.1143
vn -0.3899 0.8972 0.2076
vn -0.2865 0.8576 0.4271
vn 0.4460 0.8920 -0.0743
vn 0.0143 0.4571 -0.8893
vn 0.7523 0.6448 -0.1352
vn -0.9291 0.2329 0.2872
vn 0.8800 0.2262 0.4176
vn -0.2074 0.9541 -0.2162
vn 0.0543 0.9985 -0.0058
vn -0.0271 0.9980 0.0578
vn 0.0134 0.8586 0.5125
vn 0.0562 0.9962 0.0668
vn 0.3560 0.9342 0.0219
vn 0.0267 0.9992 -0.0288
vn 0.0042 0.9972 -0.0746
vn 0.0546 0.9984 -0.0156
vn 0.0701 0.9973 -0.0234
vn -0.0078 0.9985 0.0546
vn -0.0921 0.9826 0.1612
vn 0.0072 0.9999 -0.0072
vn -0.0000 0.9866 -0.1632
vn -0.0000 0.9829 -0.1843
vn -0.1811 0.9660 -0.1846
vn 0.0621 0.9937 -0.0932
vn -0.1341 0.9539 -0.2683
vn -0.0922 0.9838 -0.1537
vn -0.2969 0.9469 -0.1234
vn -0.0273 0.9994 -0.0234
vn 0.0252 0.9995 0.0201
vn 0.0545 0.9970 0.0545
vn -0.1240 0.9922 0.0078
vn -0.0078 0.9998 0.0156
vn -0.1858 0.9610 -0.2047
vn -0.2049 0.9712 0.1214
vn 0.0624 0.9981 -0.0000
vn -0.2962 0.9448 0.1402
vn -0.2134 0.9755 0.0533
vn 0.1640 0.9862 -0.0213
vn 0.0146 0.9338 -0.3575
vn -0.0778 0.9959 -0.0467
vn -0.0930 0.9920 0.0853
vn -0.2053 0.9732 -0.1037
vn -0.0932 0.9937 -0.0621
vn -0.0273 0.9995 -0.0156
vn -0.1693 0.9851 0.0308
vn -0.1839 0.9805 0.0689
vn -0.1449 0.9884 0.0463
vn 0.0779 0.9967 0.0234
vn -0.0000 0.9930 0.1178
vn -0.0696 0.9968 -0.0389
vn 0.3911 -0.0000 -0.9203
vn -0.1378 0.9859 -0.0948
vn 0.4058 0.8386 0.3633
vn 0.8730 -0.0000 0.4876
vn 0.9344 -0.0000 0.3563
vn 0.9627 -0.0000 0.2705
vn 0.7962 -0.0000 0.6051
vn 0.3526 0.7904 0.5008
vn 0.5806 0.6355 0.5090
vn 0.5012 0.7554 0.4221
vn 0.6733 0.6401 0.3700
vn 0.6614 0.6756 0.3257
vn 0.6946 0.6689 0.2649
vn 0.7153 0.6058 0.3483
vn 0.7070 0.6808 0.1917
vn 0.5450 0.6404 0.5412
vn 0.6373 0.6899 -0.3432
vn 0.0390 0.9982 0.0461
vn -0.1238 0.8457 -0.5191
vn 0.0150 0.8316 -0.5551
vn -0.0468 0.9984 -0.0312
vn -0.0571 0.9971 -0.0493
vn 0.0156 0.9975 -0.0691
vn -0.0234 0.9997 0.0078
vn -0.0932 0.9942 0.0544
vn -0.0641 0.9978 -0.0180
vn -0.0078 0.9992 -0.0390
vn -0.0479 0.9987 -0.0183
vn 0.0854 0.9939 0.0699
vn -0.0122 0.9995 0.0286
vn 0.0545 0.9966 -0.0623
vn 0.8300 -0.0429 -0.5561
vn -0.9658 -0.0000 -0.2591
vn -0.7911 -0.0000 -0.6117
vn -0.3714 -0.0000 -0.9285
vn 0.0153 -0.0000 -0.9999
vn -0.6014 0.4450 0.6636
vn -0.4887 0.7227 0.4887
vn -0.6636 0.4846 0.5699
vn -0.6531 0.4723 0.5919
vn -0.2954 0.9400 0.1705
vn -0.8990 0.4292 0.0873
vn -0.8059 0.5689 0.1638
vn -0.2601 0.9640 -0.0547
vn -0.8412 0.4878 -0.2332
vn -0.7894 0.5735 -0.2188
vn -0.2161 0.9722 -0.0901
vn -0.7411 0.5360 -0.4043
vn -0.7634 0.4689 -0.4443
vn -0.0805 0.9826 -0.1673
vn -0.2638 0.8159 -0.5145
vn -0.4217 0.3822 -0.8223
vn 0.0401 0.9651 -0.2590
vn 0.1258 0.7080 -0.6949
vn 0.0139 0.4128 -0.9107
vn 0.6364 0.1502 -0.7566
vn 0.0964 0.6884 -0.7189
vn 0.2443 0.7810 -0.5748
vn -0.0346 0.9988 0.0342
vn 0.1152 0.9894 -0.0884
vn 0.0357 0.8322 -0.5533
vn 0.1652 0.8042 -0.5710
vn 0.1789 0.9767 -0.1187
vn 0.0026 0.9910 -0.1335
vn 0.1074 0.9412 -0.3203
vn 0.3778 0.1698 -0.9102
vn 0.1265 0.9536 -0.2732
vn 0.1149 0.6618 0.7408
vn 0.2164 0.8730 0.4370
vn 0.3214 0.6897 0.6489
vn 0.8614 0.0735 -0.5025
vn 0.8584 0.0732 0.5078
vn -0.0000 0.0387 0.9992
vn 0.8648 0.0395 0.5006
vn -0.8583 -0.0599 0.5096
vn -0.0000 -0.0542 0.9985
vn 0.8642 -0.0539 0.5003
vn -0.0000 -0.9999 0.0105
vn -0.7250 0.4401 -0.5298
vn -0.7686 0.2860 -0.5723
vn 0.0008 0.2652 -0.9642
vn -0.0000 0.2198 -0.9755
vn 0.8358 0.1649 -0.5237
vn 0.7243 0.2377 -0.6472
vn 0.8368 0.2668 0.4782
vn 0.7071 0.3172 0.6319
vn -0.0000 0.4524 0.8918
vn -0.1136 0.2348 0.9654
vn -0.7307 0.5401 0.4176
vn -0.6941 0.2870 0.6602
vn -0.0000 0.4356 -0.9002
vn 0.7989 0.3844 0.4625
vn -0.8668 0.3399 -0.3649
vn -0.0889 0.4022 0.9112
vn 0.7940 0.3977 -0.4597
vn -0.8100 0.3727 0.4527
vn -0.0784 0.9958 -0.0477
vn -0.1465 0.9892 -0.0100
vn 0.0664 0.9956 0.0664
vn -0.7028 0.1110 -0.7027
vn 0.7057 -0.0188 -0.7082
vn 0.6990 -0.1511 0.6990
vn -0.7070 -0.0186 0.7070
vn 0.0664 0.9956 -0.0664
vn -0.7027 0.1110 0.7027
vn 0.6990 -0.1511 -0.6990
vn -0.7070 -0.0186 -0.7070
vn 0.7806 0.5409 0.3131
vn 0.8358 0.5374 0.1125
vn 0.4295 0.9025 0.0329
vn 0.2494 0.7003 -0.6689
vn 0.7968 0.3759 0.4731
vn -0.0000 0.3734 0.9277
vn -0.7968 0.3759 0.4731
vn -0.7399 -0.3436 -0.5783
vn -0.6219 -0.6661 -0.4118
vn -0.8316 -0.1799 0.5254
vn -0.8637 -0.1754 0.4726
vn -0.9160 -0.1958 0.3502
vn -0.0223 0.7033 0.7105
vn -0.0853 0.7905 0.6065
vn 0.6892 0.6762 -0.2604
vn 0.7053 0.6634 -0.2499
vn 0.4220 -0.0735 -0.9036
vn -0.4238 0.6664 0.6134
vn -0.8080 0.5624 -0.1756
vn -0.0924 -0.0311 -0.9952
vn 0.9676 0.2023 -0.1508
vn 0.9058 -0.3346 -0.2599
vn 0.6942 0.1658 0.7004
vn 0.4950 -0.0103 0.8688
vn -0.9948 0.1018 -0.0000
vn -0.1249 0.9917 0.0310
vn -0.1266 0.9919 0.0051
vn -0.1002 0.9923 -0.0726
vn -0.1562 0.9736 -0.1664
vn -0.5073 -0.0000 -0.8618
vn -0.6402 -0.0000 -0.7682
vn -0.6402 0.0050 -0.7682
vn -0.7791 -0.0000 -0.6269
vn -0.7791 -0.0037 -0.6269
vn -0.8264 -0.0000 -0.5631
vn -0.8263 -0.0044 -0.5631
vn -0.8895 -0.0000 -0.4569
vn -0.8932 0.0070 -0.4496
vn -0.3799 0.8137 -0.4400
vn -0.4765 0.6679 -0.5718
vn -0.4387 0.8204 -0.3669
vn -0.5757 0.6737 -0.4633
vn -0.3895 0.8559 -0.3400
vn -0.6018 0.6854 -0.4101
vn -0.3404 0.9147 -0.2179
vn -0.6069 0.7311 -0.3117
vn -0.4835 0.8637 -0.1422
vn -0.6543 0.2923 -0.6975
vn -0.7772 0.2810 -0.5631
vn -0.8082 0.2802 -0.5179
vn -0.8761 0.2719 -0.3982
vn -0.1087 0.9940 0.0078
vn -0.1010 0.9949 -0.0000
vn -0.1670 0.9717 0.1670
vn -0.1305 0.9828 0.1305
vn 0.7339 -0.0348 -0.6783
vn -0.7392 -0.0441 0.6720
vn 0.3777 0.9177 0.1232
vn 0.0837 0.9191 0.3851
vn -0.2881 0.9183 0.2716
vn -0.3801 0.9166 -0.1239
vn -0.0838 0.9153 -0.3941
vn 0.2941 0.9172 -0.2689
vn 0.5517 0.8166 0.1698
vn 0.1252 0.8187 0.5604
vn -0.4299 0.8155 0.3875
vn -0.5521 0.8150 -0.1759
vn -0.1268 0.8177 -0.5616
vn 0.4276 0.8177 -0.3854
vn -0.6607 0.7473 -0.0707
vn -0.6562 0.7541 0.0286
vn -0.8498 0.1165 0.5141
vn -0.9964 0.0710 -0.0468
vn -0.9713 0.2367 0.0252
vn -0.8580 0.0432 0.5119
vn 0.0676 0.9976 -0.0171
vn 0.0210 0.9765 -0.2147
vn 0.0512 0.9974 0.0501
vn 0.8077 0.4995 -0.3133
vn 0.8589 0.3141 -0.4046
vn 0.8410 0.2594 -0.4748
vn -0.8688 0.4885 -0.0808
vn -0.9937 0.0649 -0.0919
vn 0.9104 -0.0000 -0.4138
vn 0.9818 -0.0000 -0.1900
vn 0.9858 -0.0000 -0.1677
vn 0.0967 0.9037 -0.4172
vn -0.3074 0.3105 -0.8995
vn -0.3913 0.3045 -0.8684
vn -0.5725 0.2773 -0.7716
vn -0.0935 0.0005 -0.9956
vn -0.9320 -0.3624 -0.0000
vn 0.4250 -0.0000 -0.9052
vn 0.7719 -0.0000 -0.6357
vn -0.0303 0.9990 -0.0338
vn 0.1231 0.9847 0.1231
vn -0.0843 0.9807 0.1762
vn -0.0312 0.9995 0.0078
vn -0.1240 0.9728 0.1955
vn -0.1070 0.9786 0.1758
vn -0.0386 0.9873 0.1543
vn -0.0721 0.9923 0.1008
vn 0.8590 0.5011 0.1048
vn 0.6039 0.1087 -0.7897
vn 0.9866 0.1054 0.1244
vn 0.5827 0.2706 -0.7663
vn 0.0810 0.9931 -0.0853
vn 0.2245 0.9729 -0.0561
vn 0.0323 0.9935 -0.1092
vn -0.0000 0.9981 -0.0624
vn -0.0525 0.9985 -0.0171
vn -0.1010 0.9949 0.0078
vn -0.0701 0.9975 0.0078
vn 0.0957 0.9908 -0.0957
vn -0.0078 0.9934 -0.1143
vn -0.1304 0.9818 -0.1381
vn -0.0621 0.9944 -0.0855
vn -0.0000 0.9963 -0.0856
vn -0.0000 1.0000 -0.0078
vn -0.1163 0.9925 -0.0388
vn -0.0000 0.9992 -0.0390
vn -0.0853 0.9920 -0.0930
vn 0.9510 -0.0000 0.3091
vn -0.0464 0.1401 0.9891
vn -0.8759 0.1423 0.4610
vn -0.8313 0.1364 -0.5388
vn 0.0464 0.1279 -0.9907
vn 0.8807 0.1374 -0.4533
vn 0.8372 0.1420 0.5281
vn -0.9536 0.1838 0.2384
vn -0.6786 0.1902 -0.7095
vn 0.2785 0.1782 -0.9438
vn 0.9569 0.1645 -0.2392
vn 0.6808 0.1899 0.7075
vn -0.2785 0.1782 0.9438
vn -0.8897 0.0695 0.4513
vn -0.1257 0.9920 0.0112
vn 0.5299 0.2059 0.8227
vn -0.0625 0.9931 0.0989
vn -0.1270 0.9915 0.0294
vn 0.7174 0.6308 0.2955
vn 0.8507 0.3426 0.3987
vn 0.6960 0.6187 0.3644
vn 0.7115 0.3309 0.6198
vn 0.8132 0.4574 0.3598
vn -0.5221 0.5025 0.6891
vn -0.8590 0.5011 -0.1048
vn -0.3323 0.5057 -0.7962
vn -0.9883 0.0945 -0.1201
vn -0.5938 0.2238 0.7729
vn -0.9599 0.2528 -0.1210
vn 0.9639 -0.0000 0.2664
vn 0.8782 -0.0000 0.4783
vn 0.9119 -0.0000 0.4104
vn -0.0000 -0.9949 -0.1009
vn -0.1313 -0.1105 0.9852
vn -0.1168 0.0027 0.9931
vn 0.0949 -0.0777 0.9924
vn -0.4728 -0.8812 -0.0000
vn 0.4728 -0.8812 -0.0000
vn -0.1163 0.9927 0.0310
vn -0.1842 0.9824 0.0307
vn -0.1538 0.9845 0.0846
vn -0.0700 0.9951 0.0700
vn -0.0177 0.9858 -0.1672
vn -0.0000 0.9970 0.0779
vn -0.0381 0.9746 -0.2208
vn -0.0231 0.9865 -0.1619
vn -0.0856 0.9963 -0.0000
vn -0.0933 0.9955 -0.0156
vn -0.0779 0.9970 -0.0000
vn -0.0848 0.9867 0.1388
vn -0.0077 0.9842 -0.1768
vn 0.0078 0.9999 0.0078
vn -0.0156 0.9998 -0.0156
vn -0.0156 0.9996 -0.0234
vn 0.0156 0.9974 0.0701
vn 0.0231 0.9865 0.1619
vn -0.0078 0.9956 -0.0933
vn -0.0933 0.9952 0.0311
vn -0.7439 -0.1043 -0.6601
vn -0.6069 -0.1223 -0.7853
vn -0.2704 -0.1071 -0.9568
vn -0.7032 -0.3155 -0.6371
vn -0.5753 -0.3375 -0.7451
vn -0.2483 -0.3310 -0.9104
vn -0.2022 -0.9364 -0.2870
vn -0.1137 -0.9327 -0.3424
vn 0.0477 -0.9233 -0.3810
vn 0.3494 -0.9295 0.1179
vn 0.3067 -0.9422 0.1349
vn 0.2516 -0.9385 0.2364
vn 0.1090 -0.8994 0.4233
vn 0.7904 -0.3323 0.5147
vn 0.6001 -0.3225 0.7320
vn 0.2996 -0.3738 0.8778
vn 0.0734 -0.3408 0.9373
vn 0.8449 -0.0770 0.5293
vn 0.5750 -0.1044 0.8115
vn 0.2632 -0.1583 0.9517
vn -0.1277 0.9918 -0.0000
vn -0.1165 0.9901 0.0788
vn -0.3018 0.9523 0.0446
vn -0.0980 0.9918 0.0820
vn -0.1531 0.9836 0.0954
vn -0.5287 -0.1856 -0.8283
vn -0.8140 -0.1582 -0.5590
vn -0.9807 -0.1699 -0.0968
vn -0.7205 -0.3702 -0.5864
vn -0.9202 -0.3775 -0.1036
vn -0.1026 -0.9646 -0.2431
vn -0.2869 -0.9567 -0.0494
vn 0.4569 -0.8764 0.1521
vn 0.4111 -0.9105 0.0452
vn 0.3701 -0.9260 -0.0749
vn 0.3598 -0.9295 -0.0810
vn 0.7920 -0.1784 0.5839
vn 0.9286 -0.2860 -0.2364
vn 0.8871 -0.3178 -0.3346
vn 0.8496 0.0170 0.5271
vn 0.8945 -0.0932 -0.4373
vn 0.9238 -0.0870 -0.3728
vn -0.0708 0.9969 -0.0350
vn -0.0630 0.9980 0.0074
vn -0.0542 0.9985 0.0083
vn -0.1514 0.9884 0.0069
vn -0.1055 0.9936 -0.0392
vn -0.0451 0.9982 -0.0404
vn -0.0384 -0.9769 -0.2102
vn -0.0322 -0.9750 -0.2200
vn 0.0464 0.6384 0.7683
vn 0.3113 0.6381 0.7042
vn 0.4096 0.5142 0.7535
vn 0.4615 0.5023 0.7312
vn 0.5031 0.3339 0.7971
vn 0.3875 0.5853 0.7122
vn 0.4566 0.3275 0.8272
vn 0.4562 0.3299 0.8265
vn 0.4535 0.3326 0.8269
vn 0.4478 0.3357 0.8287
vn 0.4511 0.3298 0.8293
vn -0.4850 -0.0000 -0.8745
vn -0.0763 0.6638 -0.7440
vn -0.0639 0.6981 -0.7132
vn -0.1244 0.5203 -0.8448
vn -0.2703 0.7741 -0.5724
vn -0.2857 0.7200 -0.6324
vn -0.4021 0.5590 -0.7252
vn -0.5692 0.7165 -0.4034
vn -0.7076 0.5464 -0.4480
vn -0.6838 0.7081 -0.1760
vn -0.8287 0.5256 -0.1923
vn -0.6421 0.7663 -0.0221
vn -0.7464 0.6641 -0.0427
vn -0.8692 0.4908 -0.0606
vn -0.6387 0.7686 0.0357
vn -0.7271 0.6788 0.1024
vn -0.8756 0.4650 0.1310
vn -0.7620 0.6016 0.2395
vn -0.8439 0.4582 0.2790
vn -0.0000 -0.9947 0.1024
vn 0.1528 -0.1062 -0.9825
vn 0.1168 0.0027 -0.9931
vn 0.0468 0.9989 -0.0000
vn -0.0468 0.9989 -0.0000
vn 0.1878 0.9786 0.0840
vn 0.1569 0.9874 0.0187
vn 0.0508 0.9980 -0.0384
vn 0.1521 0.9838 -0.0944
vn 0.1776 0.9706 -0.1627
vn 0.1843 -0.0000 0.9829
vn 0.1644 0.9864 -0.0000
vn 0.0856 0.9963 -0.0000
vn -0.1843 -0.0000 0.9829
vn -0.1767 -0.0000 0.9843
vn -0.4942 0.8132 -0.3072
vn -0.1359 0.9880 0.0734
vn 0.9787 -0.0693 -0.1933
vn 0.3977 0.8836 0.2472
vn 0.0108 0.8825 -0.4703
vn 0.4137 0.8833 -0.2203
vn 0.8812 -0.0337 -0.4716
vn 0.0370 -0.0389 -0.9986
vn 0.0346 0.2122 -0.9766
vn 0.8601 0.2109 -0.4645
vn 0.5962 0.2717 0.7554
vn -0.2301 0.9413 0.2471
vn -0.2162 0.9462 0.2406
vn 0.0819 0.9270 -0.3660
vn -0.0236 0.9952 -0.0945
vn 0.0225 0.9606 -0.2771
vn 0.0506 0.9561 -0.2888
vn 0.0203 0.9832 -0.1814
vn -0.0165 0.9994 -0.0314
vn -0.0638 0.9958 -0.0658
vn 0.1916 0.9812 0.0230
vn 0.0148 0.9501 -0.3117
vn 0.0543 0.9465 -0.3180
vn -0.0078 0.9955 -0.0940
vn 0.1391 0.9892 0.0464
vn 0.0312 0.9995 -0.0000
vn 0.1229 0.9838 -0.1306
vn 0.1128 0.9791 -0.1692
vn 0.1004 0.9890 -0.1082
vn -0.0390 0.9985 -0.0390
vn 0.4090 -0.2780 -0.8692
vn 0.0468 0.9981 -0.0390
vn 0.0390 0.9992 -0.0078
vn -0.0312 0.9995 -0.0078
vn 0.0312 0.9990 -0.0331
vn 0.0390 0.9990 -0.0234
vn -0.0312 0.9994 -0.0156
vn -0.7095 0.5996 -0.3702
vn -0.6238 0.5420 -0.5631
vn -0.4908 0.4456 -0.7487
vn -0.0194 -0.9908 0.1341
vn -0.0192 -0.9816 0.1901
vn -0.0000 -0.7909 0.6120
vn -0.0000 -0.9821 0.1883
vn 0.8773 -0.2973 0.3767
vn 0.7525 -0.2955 0.5886
vn -0.0000 -0.1087 0.9941
vn 0.0586 0.9881 -0.1424
vn 0.0686 0.9836 -0.1667
vn 0.0807 0.9773 -0.1959
vn 0.0096 0.9801 -0.1982
vn -0.0475 0.9760 -0.2127
vn -0.0146 0.7512 -0.6599
vn -0.0389 0.8060 -0.5907
vn 0.2414 0.7945 -0.5572
vn -0.0091 0.6957 -0.7183
vn 0.4556 -0.0000 -0.8902
vn 0.0280 0.0002 -0.9996
vn -0.1713 -0.0000 -0.9852
vn -0.1004 0.7639 -0.6375
vn -0.1086 0.7935 -0.5988
vn -0.1349 0.7982 -0.5871
vn -0.1301 0.6453 -0.7527
vn -0.1855 0.8484 -0.4957
vn -0.0944 0.9905 -0.1001
vn -0.1251 0.9036 -0.4097
vn 0.1690 0.8229 0.5424
vn 0.9782 -0.1016 0.1811
vn 0.5645 0.4383 -0.6995
vn 0.3711 -0.8067 -0.4598
vn 0.2639 0.4817 0.8357
vn 0.1641 -0.8385 0.5195
vn -0.8631 0.4474 -0.2343
vn -0.5607 -0.8139 -0.1522
vn -0.9487 -0.0000 0.3162
vn -0.0758 0.9891 -0.1264
vn 0.0441 0.9889 0.1416
vn 0.8764 -0.0000 -0.4815
vn -0.9665 -0.0000 0.2567
vn 0.8561 0.1332 0.4994
vn -0.0000 0.1317 0.9913
vn -0.8561 0.1332 0.4994
vn 0.8486 0.1848 0.4958
vn -0.1789 -0.0000 0.9839
vn -0.3001 -0.0000 0.9539
vn -0.4061 -0.0000 0.9138
vn -0.1298 0.3662 0.9214
vn 0.1353 0.0108 0.9907
vn -0.2602 0.7456 0.6135
vn -0.1191 0.9929 -0.0000
vn 0.0635 0.9980 -0.0000
vn 0.8650 0.4858 -0.1256
vn 0.9673 -0.0000 -0.2537
vn -0.3087 0.9260 0.2172
vn -0.3088 0.9264 -0.2153
vn 0.6832 -0.7017 -0.2021
vn 0.6830 -0.7014 0.2039
vn -0.8406 0.4605 -0.2851
vn -0.8712 0.4716 -0.1365
vn -0.8418 0.4610 0.2809
vn -0.8417 0.5281 0.1126
vn -0.1145 0.9743 0.1941
vn -0.1257 0.8639 0.4878
vn 0.7944 0.3811 0.4729
vn 0.8655 -0.0541 -0.4980
vn -0.0000 -0.0546 -0.9985
vn -0.0000 0.2971 0.9549
vn 0.8203 0.2977 0.4883
vn 0.8047 0.3721 -0.4627
vn 0.8656 0.0543 -0.4977
vn -0.0000 0.0546 -0.9985
vn -0.0000 0.3782 -0.9257
vn 0.8203 0.2977 -0.4883
vn -0.0000 0.2971 -0.9549
vn -0.8051 0.3709 -0.4629
vn -0.8281 0.3006 -0.4732
vn -0.8281 0.3006 0.4732
vn 0.8570 0.1508 0.4928
vn 0.8656 0.0543 0.4977
vn 0.8656 -0.0543 0.4977
vn 0.0550 -0.0000 -0.9985
vn -0.8656 0.0543 0.4977
vn -0.8655 -0.0541 0.4980
vn -0.0000 0.3782 0.9257
vn -0.8047 0.3721 0.4627
vn -0.8655 -0.0541 -0.4980
vn -0.8203 0.2977 0.4883
vn -0.8047 0.3721 -0.4627
vn -0.8656 0.0543 -0.4977
vn 0.8655 0.0541 -0.4980
vn -0.8203 0.2977 -0.4883
vn 0.8563 0.1539 -0.4930
vn 0.8281 0.3006 -0.4732
vn 0.8281 0.3006 0.4732
vn 0.0858 0.4743 0.8762
vn 0.4006 0.4560 0.7947
vn 0.6020 0.3974 0.6926
vn 0.0890 0.3251 0.9415
vn 0.1092 0.3173 0.9420
vn 0.4275 0.3349 0.8397
vn 0.4241 0.3351 0.8413
vn 0.6225 0.3323 0.7086
vn 0.0205 -0.0000 0.9998
vn 0.1690 -0.0000 0.9856
vn -0.0688 0.9910 0.1147
vn 0.0217 0.9985 0.0494
vn 0.0110 0.9979 0.0642
vn 0.0014 0.9977 0.0680
vn 0.4024 -0.0000 0.9155
vn 0.1345 0.9852 0.1060
vn -0.7348 0.0736 -0.6743
vn -0.8696 -0.0118 -0.4936
vn -0.3865 0.5430 -0.7455
vn -0.4622 0.3662 -0.8077
vn -0.5137 0.3189 -0.7965
vn -0.0509 0.9286 -0.3676
vn -0.7189 0.3847 -0.5790
vn -0.4648 0.5573 -0.6880
vn -0.5979 0.3897 -0.7004
vn -0.1982 0.9802 0.0034
vn -0.0587 0.9745 -0.2166
vn -0.2532 0.7684 -0.5878
vn -0.2049 0.9051 -0.3726
vn 0.1040 0.9571 -0.2705
vn 0.2700 0.9629 -0.0021
vn 0.0130 0.9741 0.2258
vn 0.1075 0.5328 0.8394
vn -0.1155 0.1199 0.9860
vn -0.1968 -0.0033 0.9804
vn -0.1999 -0.0008 0.9798
vn 0.2110 0.5982 0.7730
vn 0.2061 0.6250 0.7529
vn 0.2299 0.4407 0.8677
vn -0.2254 -0.0000 0.9743
vn 0.2207 -0.0000 0.9753
vn 0.3307 0.2520 0.9095
vn 0.2089 0.9630 0.1702
vn -0.0143 0.9485 0.3166
vn 0.1858 0.6187 0.7634
vn 0.6430 0.7606 0.0899
vn 0.1562 0.4137 0.8969
vn 0.0411 0.8644 0.5012
vn -0.0717 0.9488 0.3077
vn -0.3443 0.8909 0.2964
vn -0.8625 0.0409 0.5044
vn -0.1954 0.9475 0.2531
vn -0.3990 0.8888 0.2255
vn -0.3812 0.8762 0.2950
vn -0.0887 0.9857 0.1434
vn -0.6835 0.6977 0.2145
vn 0.6832 -0.7017 0.2021
vn -0.6811 0.6996 -0.2160
vn 0.4421 0.8394 -0.3161
vn 0.5878 0.8065 -0.0639
vn -0.0202 0.9888 0.1480
vn -0.0414 0.9981 0.0460
vn -0.1530 0.9882 0.0012
vn -0.0050 0.9993 -0.0362
vn -0.0068 0.9996 -0.0284
vn -0.0103 0.9990 -0.0429
vn -0.0090 1.0000 0.0005
vn 0.0546 0.9982 -0.0234
vn -0.1885 0.9812 0.0415
vn -0.0475 0.9981 0.0390
vn -0.0623 0.9973 0.0399
vn -0.0312 0.9994 0.0174
vn -0.1406 0.9899 0.0155
vn -0.0701 0.9974 0.0156
vn -0.0635 0.9980 0.0005
vn -0.1747 0.9846 0.0014
vn -0.1156 0.9897 0.0847
vn -0.0550 0.9985 -0.0078
vn -0.0068 0.9998 -0.0166
vn 0.0312 0.9992 -0.0234
vn -0.0390 0.9977 0.0546
vn -0.0389 0.9956 0.0856
vn -0.0000 0.9989 0.0468
vn 0.0389 0.9949 0.0933
vn 0.0341 0.9862 0.1618
vn -0.0082 0.9992 -0.0390
vn -0.1034 0.9922 0.0700
vn -0.0322 0.9990 0.0322
vn -0.0156 0.9979 0.0624
vn -0.1821 0.9833 -0.0000
vn -0.1832 0.9813 0.0595
vn -0.1973 0.9781 0.0658
vn -0.2031 0.9772 0.0621
vn 0.9985 -0.0000 -0.0555
vn 0.9999 -0.0000 -0.0157
vn 1.0000 -0.0000 -0.0079
vn 0.9563 -0.0000 -0.2924
vn 0.9487 -0.0000 -0.3162
vn 0.9037 -0.0000 -0.4281
vn 0.9252 -0.0000 -0.3796
vn 0.9510 -0.0000 -0.3091
vn 0.5347 0.7147 0.4508
vn 0.4544 0.8864 0.0882
vn 0.7108 0.7028 0.0274
vn 0.8535 0.5189 -0.0478
vn 0.7158 0.6972 -0.0398
vn 0.4315 0.8894 0.1507
vn 0.7290 0.6793 0.0848
vn 0.8776 0.4794 -0.0025
vn 0.7161 0.6979 -0.0113
vn 0.3934 0.9030 0.1729
vn 0.7437 0.6548 0.1344
vn 0.8980 0.4356 0.0618
vn 0.7290 0.6845 -0.0058
vn 0.3673 0.8627 -0.3476
vn 0.6943 0.6326 -0.3430
vn 0.8813 0.4058 -0.2421
vn 0.7771 0.5828 -0.2376
vn 0.4129 0.7724 -0.4827
vn 0.6170 0.6170 -0.4885
vn 0.7622 0.4587 -0.4567
vn 0.7903 0.5532 -0.2634
vn 0.5746 0.6952 -0.4318
vn 0.6341 0.6494 -0.4198
vn 0.7027 0.5917 -0.3951
vn 0.7084 0.6209 -0.3356
vn 0.5716 0.7647 -0.2977
vn 0.6276 0.6854 -0.3693
vn 0.6677 0.6383 -0.3831
vn 0.6751 0.6838 -0.2769
vn 0.6763 0.6735 -0.2984
vn 0.6293 0.7445 -0.2231
vn 0.7122 0.6703 -0.2088
vn 0.5795 0.7929 -0.1883
vn 0.6899 0.7233 -0.0283
vn 0.6103 0.7833 -0.1181
vn -0.6209 -0.1341 0.7724
vn -0.6010 -0.0063 0.7992
vn -0.4826 -0.0256 0.8755
vn 0.8732 -0.0828 0.4804
vn 0.8988 -0.3171 0.3027
vn 0.1407 -0.0736 0.9873
vn 0.5620 -0.0821 0.8230
vn -0.0095 0.9999 -0.0078
vn -0.0468 0.9988 -0.0156
vn -0.1653 -0.7391 0.6530
vn -0.7405 0.1162 -0.6619
vn -0.6998 0.3399 -0.6284
vn -0.3235 0.9020 -0.2859
vn -0.6732 -0.1224 0.7293
vn 0.7490 0.0106 -0.6625
vn 0.7467 0.0790 -0.6605
vn -0.6031 -0.0504 0.7961
vn -0.5921 -0.0076 0.8058
vn -0.6681 0.0493 0.7424
vn 0.4743 0.0354 0.8796
vn 0.9469 0.2098 -0.2438
vn 0.6834 0.2303 0.6928
vn -0.9680 0.0305 0.2492
vn -0.2605 0.0393 0.9647
vn -0.0545 0.9963 -0.0669
vn -0.0256 0.9984 -0.0509
vn -0.4875 -0.0000 0.8731
vn -0.1939 -0.0798 0.9778
vn -0.1897 -0.2858 0.9393
vn -0.2922 -0.2747 0.9161
vn -0.3955 -0.1936 0.8978
vn -0.4602 -0.0620 0.8857
vn -0.4723 -0.1686 0.8651
vn -0.0803 0.1829 0.9798
vn -0.0507 0.2423 0.9689
vn 0.0075 0.5057 0.8627
vn -0.3771 0.2977 0.8770
vn -0.4041 0.1894 0.8949
vn -0.4470 0.2380 0.8623
vn -0.3035 0.1009 0.9475
vn -0.2400 0.4473 0.8616
vn -0.2318 0.7240 0.6497
vn -0.3711 0.2094 0.9047
vn -0.3334 0.2760 0.9015
vn -0.3798 0.1481 0.9131
vn -0.0579 0.2965 0.9533
vn 0.2208 0.9670 0.1274
vn 0.2642 0.9507 0.1626
vn 0.3507 0.9113 0.2158
vn -0.8615 0.0724 0.5026
vn -0.0000 0.0773 0.9970
vn 0.8557 0.1337 0.4999
vn -0.8546 0.1764 0.4884
vn -0.0000 0.1796 0.9837
vn 0.2484 -0.0212 0.9684
vn 0.3001 -0.0000 0.9539
vn 0.3817 0.8939 0.2349
vn -0.0000 0.7226 0.6912
vn -0.4700 0.1077 0.8761
vn -0.3542 0.2270 0.9072
vn -0.2607 0.2138 0.9414
vn -0.1754 0.1562 0.9720
vn 0.3806 0.9021 0.2036
vn 0.3421 0.9257 0.1615
vn 0.2974 0.9414 0.1591
vn 0.2886 0.9518 0.1041
vn 0.2399 0.9650 0.1057
vn 0.2184 0.9739 0.0612
vn 0.1864 0.9802 0.0672
vn 0.1274 0.9917 0.0181
vn 0.1358 0.9900 0.0380
vn -0.8639 -0.0603 0.5001
vn 0.6863 0.4914 0.5362
vn -0.0105 0.4856 0.8741
vn 0.0786 0.3650 0.9277
vn -0.7194 0.4586 0.5216
vn -0.6670 0.4561 0.5892
vn -0.7946 0.4168 -0.4415
vn -0.0000 0.4036 -0.9149
vn 0.7681 0.4575 -0.4481
vn -0.8941 0.4271 0.1346
vn -0.6261 0.2774 -0.7287
vn -0.3989 0.6415 0.6553
vn 0.0922 0.4434 -0.8915
vn -0.0679 0.5949 -0.8009
vn 0.7071 0.7071 -0.0000
vn 0.8629 0.5043 0.0336
vn 0.4034 0.7515 0.5221
vn -0.4652 0.2872 0.8373
vn -0.8828 0.2962 0.3647
vn -0.9316 0.2081 0.2981
vn -0.4521 0.3014 -0.8395
vn -0.6226 0.3316 -0.7088
vn 0.3641 0.2625 -0.8936
vn 0.6304 0.5408 -0.5569
vn 0.9574 0.2569 -0.1320
vn -0.4706 0.2693 0.8403
vn 0.5721 0.2712 0.7740
vn 0.7296 0.6764 -0.1006
vn 0.4270 0.4097 -0.8061
vn -0.7533 0.4923 -0.4361
vn -0.8407 0.2344 -0.4882
vn -0.8199 0.4702 -0.3265
vn 0.3676 0.2407 -0.8983
vn 0.2212 0.3786 -0.8987
vn 0.6866 0.2393 -0.6866
vn 0.6805 0.4111 -0.6065
vn 0.8375 0.4486 0.3121
vn 0.7763 0.4531 0.4382
vn -0.0000 0.5824 0.8129
vn -0.0000 0.2998 0.9540
vn -0.7125 0.5751 0.4019
vn -0.8447 0.2145 0.4904
vn -0.8015 0.3777 0.4635
vn 0.5022 0.8574 -0.1128
vn 0.6552 0.7548 0.0314
vn 0.7460 0.6576 -0.1053
vn 0.8492 0.4440 0.2858
vn 0.2647 0.8563 -0.4434
vn -0.0753 0.9815 0.1761
vn 0.1239 0.9908 -0.0542
vn -0.0556 0.9965 0.0629
vn -1.0000 -0.0014 -0.0083
vn -1.0000 -0.0006 -0.0083
vn -0.9873 -0.0099 -0.1588
vn -0.9901 -0.0228 -0.1388
vn 0.2352 -0.0000 -0.9720
vn 0.0447 -0.0084 -0.9990
vn -0.6619 -0.0000 0.7496
vn -0.3930 -0.0000 0.9195
vn -0.8309 -0.0000 0.5564
vn -0.5462 0.1365 0.8265
vn -0.9858 -0.0000 -0.1678
vn -0.9689 0.2422 0.0497
vn -0.9040 0.3590 0.2321
vn 0.9051 -0.3592 0.2274
vn -0.9041 0.3588 -0.2320
vn 0.9051 -0.3592 -0.2274
vn -0.9015 0.0477 0.4301
vn -0.2728 0.0757 0.9591
vn -0.8213 0.4025 0.4043
vn -0.8937 -0.4371 0.1013
vn -0.9856 -0.0192 -0.1678
vn -0.9999 -0.0000 0.0171
vn 0.1567 0.9863 0.0522
vn 0.3365 0.9393 -0.0664
vn 0.6448 0.6637 0.3791
vn 0.8000 0.4567 -0.3892
vn -0.2017 0.9795 -0.0000
vn -0.1024 -0.9947 -0.0000
vn 0.9825 -0.1062 0.1528
vn 0.9935 0.0039 0.1135
vn 0.9902 0.0818 0.1132
vn -0.0000 -0.3473 0.9377
vn -0.0000 0.0390 0.9992
vn -0.0057 -0.1829 -0.9831
vn -0.0000 0.1087 -0.9941
vn -0.0000 0.3417 -0.9398
vn 0.8257 -0.0000 0.5641
vn 0.6419 0.7194 0.2655
vn 0.8455 0.4521 0.2840
vn 0.7061 0.6456 0.2908
vn 0.6895 0.5805 0.4332
vn 0.5286 0.6498 0.5462
vn 0.4920 0.6923 0.5279
vn 0.3262 -0.1683 -0.9302
vn 0.4181 -0.1347 -0.8984
vn 0.3358 0.8740 0.3513
vn 0.4085 0.8829 0.2314
vn 0.8379 -0.4726 0.2731
vn 0.8779 -0.4665 0.1085
vn 0.8379 -0.4726 -0.2731
vn -0.0267 -0.8386 -0.5441
vn -0.0813 0.0203 -0.9965
vn -0.0813 0.0203 0.9965
vn 0.1373 0.0004 -0.9905
vn 0.1401 -0.0041 0.9901
vn 0.9862 -0.0618 0.1534
vn 0.9977 0.0118 -0.0668
vn 0.9231 -0.3846 -0.0000
vn 0.0049 -0.1928 -0.9812
vn -0.0177 -0.7769 0.6294
vn -0.1482 -0.7569 -0.6365
vn 0.3451 -0.1985 0.9173
vn 0.3463 -0.1620 0.9240
vn -0.1986 -0.9797 -0.0286
vn -0.0212 0.9616 0.2737
vn -0.0433 0.7537 0.6557
vn 0.2124 0.9681 0.1328
vn 0.0491 0.9913 0.1222
vn 0.2123 0.9121 0.3507
vn 0.1570 0.8988 0.4092
vn 0.0207 0.8942 0.4471
vn -0.5312 0.4347 0.7272
vn -0.0068 0.9999 0.0098
vn -0.0279 0.9995 -0.0154
vn -0.0000 1.0000 -0.0085
vn -0.1300 0.5303 0.8378
vn -0.9443 0.3291 -0.0000
vn -0.9932 0.1164 -0.0000
vn 0.1221 0.2763 0.9533
vn 0.0880 0.3972 0.9135
vn -0.0474 0.5343 0.8440
vn 0.0909 0.3768 0.9218
vn -0.0479 0.2122 0.9761
vn 0.3860 0.2901 0.8757
vn -0.6497 0.3486 0.6755
vn -0.9136 0.3167 -0.2551
vn -0.4149 0.3154 -0.8534
vn 0.2714 0.3350 0.9023
vn 0.7643 0.5820 -0.2777
vn 0.7903 0.3508 0.5023
vn 0.7266 0.5233 0.4452
vn -0.4412 0.3069 -0.8433
vn 0.9927 -0.1163 -0.0310
vn 0.9392 -0.3273 -0.1034
vn -0.9931 -0.1117 -0.0353
vn -0.9396 -0.3206 -0.1195
vn 0.9932 -0.1122 -0.0299
vn -0.9932 -0.1122 -0.0299
vn -0.0000 0.9664 0.2571
vn 0.4035 -0.8573 -0.3197
vn -0.4035 -0.8573 -0.3197
vn -0.0000 -0.9220 -0.3872
vn 0.4765 0.1208 0.8708
vn 0.3585 -0.6411 0.6785
vn -0.9834 -0.1672 -0.0704
vn 0.5181 0.1191 -0.8470
vn 0.4032 -0.6347 -0.6593
vn 0.9648 -0.2140 -0.1530
vn 0.8396 0.1418 -0.5243
vn 0.5368 0.0213 0.8435
vn 0.6837 0.6978 0.2135
vn 0.5820 0.8132 0.0027
vn 0.4535 0.8913 -0.0000
vn 0.6780 0.4720 0.5635
vn 0.5025 0.8190 0.2769
vn 0.7920 0.5524 -0.2599
vn -0.0000 -0.3473 -0.9377
vn -0.0000 -0.8812 -0.4728
vn -0.0000 0.0390 -0.9992
vn -0.0039 -0.1789 0.9839
vn -0.0000 0.1087 0.9941
vn 0.9938 -0.0000 -0.1113
vn 0.9915 -0.0000 0.1303
vn 0.7997 0.5469 0.2477
vn 0.6453 0.7325 0.2166
vn 0.3949 0.9167 0.0617
vn 0.9996 0.0076 0.0259
vn -0.4743 0.0354 -0.8796
vn 0.9989 0.0386 0.0258
vn 0.5690 0.1418 -0.8100
vn -0.4733 -0.0749 -0.8777
vn 0.9848 -0.1719 0.0257
vn 0.5141 -0.1746 -0.8398
vn -0.9297 0.3676 -0.0251
vn -0.4059 0.5204 -0.7513
vn 0.4436 0.5211 -0.7292
vn 0.8529 0.5215 0.0242
vn -0.8584 0.0732 0.5078
vn 0.9998 0.0195 -0.0029
vn -0.0000 0.9895 -0.1445
vn 0.2248 0.7382 -0.6360
vn 0.0422 0.6257 -0.7789
vn -0.0386 0.6209 -0.7829
vn -0.0701 0.5899 -0.8045
vn -0.1337 0.5133 -0.8477
vn -0.0931 0.5579 -0.8247
vn 0.1053 0.7404 -0.6639
vn 0.1288 0.8338 -0.5369
vn 0.2307 0.8458 -0.4810
vn 0.1501 0.8178 -0.5555
vn 0.2101 0.8130 -0.5430
vn 0.7047 0.6439 0.2981
vn -0.7084 0.6413 0.2947
vn -0.7084 0.6413 -0.2947
vn -0.2947 0.6413 -0.7084
vn 0.2947 0.6413 -0.7084
vn 0.7084 0.6413 -0.2947
vn 0.8319 0.2662 0.4870
vn -0.0000 0.2637 0.9646
vn -0.9041 0.2411 0.3528
vn -0.9068 0.2418 -0.3454
vn -0.0000 0.2696 -0.9630
vn 0.8366 0.2677 -0.4780
vn -0.7278 0.5374 0.4260
vn 0.8082 0.4973 0.3154
vn 0.8101 0.4985 -0.3086
vn -0.7309 0.5398 -0.4177
vn -0.1088 0.9920 0.0637
vn -0.0749 0.9895 0.1233
vn -0.0062 0.9937 0.1119
vn -0.3834 0.7842 0.4879
vn -0.3038 0.9424 0.1399
vn 0.4328 0.8118 0.3920
vn 0.1865 0.9805 -0.0619
vn 0.3842 0.8594 0.3372
vn 0.4764 0.8792 -0.0033
vn 0.6742 0.6827 0.2816
vn 0.9537 0.2916 -0.0741
vn 0.9399 0.2142 -0.2660
vn 0.4719 0.2687 0.8397
vn 0.2328 0.3025 0.9243
vn -0.1294 0.7754 0.6180
vn -0.2325 0.7445 0.6258
vn -0.0943 0.6787 0.7284
vn -0.1369 0.8206 0.5548
vn -0.1069 0.7736 0.6246
vn -0.1188 0.6483 0.7520
vn -0.4688 -0.3739 0.8002
vn -0.0198 0.0003 -0.9998
vn -0.2023 -0.0000 -0.9793
vn -0.9973 0.0104 -0.0733
vn -0.9885 -0.1513 -0.0000
vn -0.2308 -0.0860 -0.9692
vn -0.3849 -0.3221 -0.8649
vn -0.5722 -0.7679 -0.2880
vn -0.4472 -0.8944 -0.0000
vn 0.9908 -0.1351 -0.0000
vn -0.9095 -0.4158 -0.0000
vn 0.1801 0.9836 -0.0000
vn -0.9898 0.0819 -0.1164
vn 0.0423 0.9979 -0.0494
vn -0.3386 0.4866 -0.8054
vn 0.3345 0.4778 -0.8123
vn 0.0234 0.9997 -0.0000
vn 0.1468 0.9892 0.0020
vn 0.0390 0.9992 0.0078
vn 0.1842 0.9821 -0.0384
vn 0.0055 1.0000 0.0058
vn 0.0886 0.9868 -0.1359
vn 0.0056 1.0000 0.0014
vn 0.0643 0.9902 -0.1238
vn 0.1020 0.9947 0.0092
vn 0.0473 0.9915 -0.1211
vn 0.0388 0.9925 -0.1163
vn 0.0543 0.9934 -0.1009
vn -0.0000 1.0000 0.0078
vn 0.9255 -0.0000 -0.3786
vn 0.8547 -0.0000 -0.5192
vn -0.9899 -0.0000 -0.1414
vn 0.9932 -0.0000 0.1160
vn -0.8847 -0.0000 -0.4661
vn -0.5215 -0.0000 -0.8533
vn 0.0076 0.9947 -0.1029
vn -0.1029 0.9947 -0.0076
vn -0.0995 0.9950 -0.0000
vn 0.0727 0.9972 -0.0197
vn 0.0727 0.9972 0.0197
vn -0.0000 0.9950 -0.0995
vn -0.0197 0.9972 0.0727
vn -0.0000 0.9950 0.0995
vn -0.0197 0.9972 -0.0727
vn -0.0087 0.9946 0.1034
vn -0.3329 -0.9364 -0.1111
vn -0.9436 -0.3288 -0.0399
vn -0.9931 -0.1164 -0.0141
vn 0.3457 -0.9296 -0.1276
vn 0.9390 -0.3414 -0.0414
vn 0.9931 -0.1164 -0.0141
vn -0.9719 -0.2354 -0.0000
vn -0.1991 -0.9800 -0.0000
vn -0.0000 -0.2354 0.9719
vn 0.1991 -0.9800 -0.0000
vn 0.9719 -0.2354 -0.0000
vn -0.0000 -0.9800 -0.1991
vn -0.0000 -0.2354 -0.9719
vn 0.9701 -0.2425 -0.0000
vn 0.7054 -0.7085 0.0210
vn 0.7190 -0.6950 -0.0000
vn 0.7054 -0.7086 -0.0206
vn -0.9932 -0.1164 -0.0000
vn 0.9932 -0.1164 -0.0000
vn -0.9443 -0.3291 -0.0000
vn -0.3206 -0.9471 0.0148
vn 0.3383 -0.9410 -0.0000
vn 0.0451 0.9621 -0.2688
vn -0.0632 0.9798 -0.1896
vn -0.0874 0.9200 -0.3822
vn 0.0076 0.9764 -0.2160
vn 0.1105 0.9802 -0.1641
vn 0.0390 0.9985 -0.0390
vn -0.8123 0.4778 -0.3345
vn 0.8054 0.4866 -0.3386
vn -0.3345 0.4778 0.8123
vn -0.8054 0.4866 0.3386
vn 0.0336 0.9983 0.0468
vn -0.0626 0.9929 -0.1008
vn 0.0310 0.9936 -0.1087
vn -0.0647 0.9945 -0.0823
vn -0.8202 -0.0000 0.5721
vn -0.9264 -0.0000 0.3766
vn -0.6178 -0.0000 -0.7863
vn 0.1280 0.9888 -0.0768
vn -0.1130 0.9913 0.0678
vn 0.4815 -0.0000 0.8764
vn 0.6207 -0.0000 0.7840
vn 0.3162 -0.0000 -0.9487
vn 0.1138 0.9912 0.0683
vn -0.6154 -0.0000 0.7882
vn -0.4815 -0.0000 0.8764
vn -0.2228 -0.0000 -0.9749
vn -0.1031 0.9941 -0.0321
vn 0.1141 0.9935 0.0036
vn -0.0806 -0.0000 0.9967
vn 0.0877 -0.0000 0.9962
vn -0.2567 -0.0000 -0.9665
vn 0.2567 -0.0000 -0.9665
vn -0.1777 -0.1152 0.9773
vn -0.5556 -0.1078 0.8244
vn -0.9774 -0.1145 0.1777
vn 0.5545 -0.1098 -0.8249
vn 0.5261 -0.3326 -0.7826
vn 0.3378 -0.9396 -0.0554
vn -0.4207 -0.9072 -0.0000
vn -0.9307 -0.3243 0.1692
vn 0.1920 -0.9386 -0.2867
vn 0.2843 -0.9396 -0.1904
vn 0.3376 -0.9389 -0.0665
vn -0.0657 -0.9385 0.3390
vn -0.1938 -0.9381 0.2872
vn -0.2882 -0.9388 0.1886
vn -0.3344 -0.9404 0.0627
vn -0.5712 -0.7497 0.3343
vn -0.9408 0.0441 0.3360
vn 0.9382 -0.0440 0.3432
vn -0.0000 -0.5487 -0.8360
vn -0.8599 -0.0851 0.5033
vn -0.0000 -0.0767 0.9971
vn 0.9294 -0.0688 0.3627
vn 0.8508 0.0094 -0.5255
vn -0.8583 -0.0915 -0.5049
vn -0.8605 0.0767 0.5037
vn -0.8590 0.0825 -0.5053
vn 0.9233 -0.0000 0.3840
vn 0.3840 -0.0000 0.9233
vn -0.3840 -0.0000 0.9233
vn -0.9233 -0.0000 0.3840
vn -0.9233 -0.0000 -0.3840
vn -0.3840 -0.0000 -0.9233
vn 0.3840 -0.0000 -0.9233
vn 0.9233 -0.0000 -0.3840
vn -0.3822 0.0313 0.9236
vn -0.9229 0.0295 0.3839
vn -0.9236 0.0313 -0.3822
vn 0.3797 0.1428 0.9140
vn -0.3785 0.1414 0.9147
vn -0.3797 0.1428 -0.9140
vn 0.8587 -0.0860 0.5051
vn -0.0546 0.9982 0.0234
vn -0.0188 0.9998 -0.0046
vn -0.0000 0.9903 0.1393
vn -0.0979 0.9952 0.0025
vn 0.0776 0.9874 0.1381
vn 0.0312 0.9918 0.1240
vn -0.0063 0.9921 0.1256
vn -0.0000 0.9992 0.0390
vn -0.0218 0.9997 0.0083
vn -0.9462 -0.0000 0.3235
vn -0.5145 -0.0000 0.8575
vn -0.6073 0.7712 0.1909
vn -0.7703 0.5870 0.2493
vn -0.4120 0.8926 0.1832
vn -0.6656 0.7192 0.1995
vn -0.4815 0.8595 0.1718
vn -0.5938 0.7182 0.3628
vn -0.3749 0.6493 0.6617
vn -0.0539 0.8091 0.5852
vn -0.8929 0.2980 0.3376
vn -0.3744 0.3493 0.8590
vn -0.0470 0.3383 0.9399
vn 0.0505 0.9976 0.0468
vn -0.0703 0.9915 0.1095
vn 0.0076 1.0000 -0.0000
vn -0.1092 0.9940 -0.0000
vn -0.1176 0.9909 0.0660
vn -0.1171 0.9926 -0.0328
vn -0.0612 0.9938 0.0931
vn -0.0545 0.9969 0.0572
vn -0.0480 0.9988 0.0079
vn -0.0000 0.9989 -0.0476
vn 0.1004 0.9890 0.1082
vn 0.1325 0.9898 0.0533
vn 0.0795 0.9906 0.1115
vn 0.0911 0.9712 -0.2200
vn -0.1954 0.8933 0.4048
vn -0.0224 0.9552 0.2952
vn -0.0513 0.9622 0.2674
vn 0.0789 0.9185 -0.3875
vn 0.2631 0.9102 -0.3200
vn 0.8863 0.4391 -0.1468
vn 0.3159 0.4401 -0.8405
vn 0.4711 0.3079 0.8266
vn -0.4813 0.3054 0.8216
vn -0.9528 0.3036 -0.0000
vn -0.4712 0.3073 -0.8267
vn 0.4813 0.3054 -0.8216
vn 0.9496 0.3133 0.0130
vn 0.6324 -0.0000 0.7747
vn 0.5408 -0.0000 0.8412
vn 0.5031 0.5982 0.6238
vn 0.5794 0.4166 0.7005
vn 0.5012 0.6022 0.6215
vn 0.0095 0.9999 -0.0061
vn 0.3374 0.3597 0.8700
vn 0.2633 0.2235 0.9385
vn -0.2689 0.9506 0.1551
vn 0.2989 0.4151 0.8592
vn 0.3184 0.3035 0.8981
vn 0.2240 0.3094 0.9242
vn -0.0240 0.8388 0.5440
vn 0.6407 0.1527 0.7525
vn 0.6144 0.3194 0.7215
vn 0.1470 0.1494 0.9778
vn -0.2182 0.5165 0.8280
vn -0.2410 0.3531 0.9040
vn -0.2501 0.1828 0.9508
vn -0.9999 0.0078 0.0078
vn -0.5828 -0.7469 -0.3201
vn -0.0000 0.9072 -0.4207
vn -0.9138 -0.4061 -0.0000
vn -0.9852 -0.1105 -0.1314
vn -0.9956 0.0005 -0.0935
vn -0.9892 0.0896 -0.1164
vn 0.8641 0.0402 -0.5017
vn -0.0000 -0.0619 -0.9981
vn 0.8647 0.0395 0.5006
vn -0.8647 0.0395 0.5006
vn -0.8648 0.0395 -0.5006
vn -0.8639 -0.0603 -0.5001
vn 0.7995 0.3771 -0.4674
vn 0.7995 0.3771 0.4674
vn -0.0000 0.3784 0.9256
vn -0.7995 0.3771 0.4674
vn 0.4471 -0.5223 -0.7262
vn -0.0907 -0.9953 -0.0326
vn 0.0857 0.8914 -0.4450
vn -0.1520 -0.9447 0.2904
vn 0.3714 0.1956 -0.9076
vn 0.5258 0.1924 -0.8285
vn 0.9629 -0.2612 0.0686
vn 0.5871 -0.2102 0.7818
vn 0.9877 0.1046 0.1162
vn 0.9947 0.0593 0.0844
vn 0.9806 -0.1961 -0.0000
vn 0.9911 0.0645 -0.1166
vn 0.4500 -0.5276 0.7205
vn 0.5533 0.1846 0.8123
vn 0.1929 -0.9394 -0.2833
vn -0.1675 -0.9661 0.1965
vn -0.6105 -0.6687 -0.4244
vn -0.2806 -0.7221 -0.6323
vn -0.1675 -0.9661 -0.1966
vn -0.6105 -0.6687 0.4244
vn -0.6894 -0.6439 0.3317
vn -0.8556 -0.5123 0.0743
vn -0.3843 -0.7866 -0.4833
vn -0.1625 -0.9763 -0.1430
vn -0.6894 -0.6439 -0.3317
vn -0.8556 -0.5123 -0.0743
vn -0.3843 -0.7866 0.4833
vn -0.1625 -0.9763 0.1430
vn 0.4494 -0.2873 0.8458
vn 0.5510 -0.0787 0.8308
vn 0.6432 -0.1271 -0.7551
vn 0.6430 -0.2251 -0.7320
vn 0.6712 -0.6160 -0.4124
vn 0.7557 -0.6549 -0.0000
vn 0.8182 -0.5289 0.2253
vn 0.9997 -0.0199 0.0166
vn 0.9959 -0.0906 -0.0000
vn 0.9996 -0.0206 -0.0172
vn 0.6791 -0.0970 0.7276
vn -0.6515 -0.0428 -0.7574
vn -0.9588 0.1408 0.2469
vn 0.0283 0.4065 0.9132
vn 0.9676 0.2023 0.1508
vn 0.7057 0.0430 -0.7072
vn 0.0081 0.9960 0.0889
vn -0.4434 0.8959 -0.0273
vn -0.2943 0.9548 0.0426
vn -0.9999 -0.0077 0.0078
vn -0.0000 -0.2216 -0.9751
vn 0.1988 0.9800 -0.0000
vn -0.7399 -0.3437 0.5783
vn -0.6388 -0.6824 0.3554
vn -0.7312 -0.3910 -0.5590
vn -0.8723 -0.1621 -0.4613
vn 0.0191 0.6046 -0.7963
vn -0.1118 0.7881 -0.6053
vn 0.7053 0.6634 0.2499
vn 0.5572 -0.1628 0.8143
vn -0.8662 0.0681 -0.4950
vn -0.8685 0.0394 -0.4941
vn -0.8641 0.0402 0.5017
vn -0.8679 -0.0537 -0.4938
vn 0.8679 -0.0537 -0.4938
vn -0.8642 -0.0539 0.5003
vn -0.3808 -0.1812 -0.9067
vn -0.9821 -0.1865 -0.0249
vn -0.9806 -0.1961 0.0058
vn -0.8532 0.5209 -0.0244
vn -0.8531 0.5213 -0.0231
vn -0.9811 -0.1913 -0.0280
vn -0.9842 -0.1769 -0.0078
vn 0.9506 -0.2399 0.1968
vn 0.7183 -0.6955 0.0180
vn -0.3611 0.8120 0.4585
vn -0.6216 0.7050 -0.3413
vn -0.4294 0.8891 -0.1585
vn -0.6709 0.7415 -0.0000
vn -0.1625 0.9707 -0.1772
vn -0.5048 0.5790 0.6403
vn -0.2337 0.9422 0.2401
vn -0.1116 0.9750 -0.1924
vn -0.4620 -0.3602 -0.8105
vn -0.2023 -0.0000 0.9793
vn -0.0267 -0.0000 0.9996
vn -0.4557 -0.0000 0.8901
vn 0.1432 0.9849 -0.0970
vn 0.1281 0.9866 -0.1010
vn 0.1159 0.9889 -0.0927
vn 0.1161 0.9911 -0.0648
vn -0.8703 0.4781 -0.1181
vn -0.9057 0.4237 0.0110
vn -0.7325 0.3984 0.5521
vn -0.3929 -0.7938 0.4643
vn -0.0073 0.9995 0.0303
vn 0.7854 -0.0000 -0.6190
vn 0.0758 0.9891 0.1264
vn -0.7840 -0.0000 0.6207
vn -0.9438 0.3057 -0.1259
vn -0.5262 0.3966 0.7522
vn -0.4548 0.3786 0.8061
vn -0.4908 0.1746 0.8536
vn -0.4811 0.1614 0.8617
vn -0.7634 0.1727 0.6224
vn -0.0267 0.9477 -0.3179
vn 0.9853 0.1708 -0.0098
vn 0.9827 0.1822 0.0328
vn 0.0207 0.8681 0.4960
vn 0.0644 0.9821 -0.1768
vn -0.3979 0.7831 -0.4779
vn -0.3047 0.8026 -0.5129
vn -0.0201 0.5025 -0.8643
vn 0.0644 0.9821 0.1768
vn -0.3979 0.7831 0.4779
vn -0.5239 0.7414 0.4194
vn -0.5410 0.8396 0.0483
vn -0.5410 0.8396 -0.0483
vn 0.1523 -0.2244 -0.9625
vn 0.1500 -0.1542 -0.9766
vn 0.1165 -0.1928 -0.9743
vn 0.9809 0.1941 -0.0096
vn 0.9827 0.1822 -0.0328
vn 0.0559 0.9747 -0.2166
vn 0.3070 0.9517 -0.0000
vn 0.0559 0.9747 0.2166
vn 0.2062 -0.1188 0.9713
vn 0.1499 -0.1488 0.9774
vn 0.1040 -0.1952 0.9752
vn 0.9958 -0.0911 -0.0009
vn -0.0314 0.9896 -0.1403
vn -0.0610 0.9756 -0.2108
vn -0.0228 0.9742 -0.2245
vn 0.0296 0.9265 -0.3752
vn -0.1468 0.9888 0.0271
vn -0.0612 0.9798 0.1904
vn -0.0071 0.9777 0.2099
vn -0.0884 0.9891 -0.1173
vn 0.0218 0.9990 0.0390
vn -0.0322 0.9994 -0.0095
vn -0.2143 0.9739 -0.0749
vn -0.0623 0.9973 0.0390
vn -0.0624 0.9978 0.0215
vn -0.0709 0.9975 0.0041
vn -0.0234 0.9996 -0.0185
vn 0.9147 0.1414 0.3785
vn -0.9140 0.1428 0.3797
vn -0.9147 0.1414 -0.3785
vn 0.9140 0.1428 -0.3797
vn -0.3419 0.4629 0.8178
vn -0.8177 0.4652 0.3391
vn -0.3370 0.4676 -0.8172
vn 0.3370 0.4676 -0.8172
vn 0.8171 0.4676 -0.3370
vn 0.4366 -0.1017 0.8939
vn -0.8679 -0.0986 0.4869
vn -0.7563 -0.0959 -0.6471
vn -0.7854 -0.0000 -0.6190
vn -0.9487 -0.0000 -0.3162
vn -0.0758 0.9891 0.1264
vn 0.7840 -0.0000 0.6207
vn 0.8764 -0.0000 0.4815
vn -0.5029 -0.0000 -0.8643
vn 0.8682 -0.0000 0.4961
vn -0.8682 -0.0000 0.4961
vn 0.2614 -0.0000 0.9652
vn -0.2614 -0.0000 0.9652
vn 0.4961 -0.0000 -0.8682
vn 0.1433 -0.0000 -0.9897
vn -0.1164 -0.0000 -0.9932
vn -0.0236 -0.0000 -0.9997
vn -0.0387 -0.0000 -0.9992
vn 0.0078 -0.0000 -1.0000
vn 0.1961 -0.0000 -0.9806
vn 0.2087 0.5887 -0.7809
vn -0.0383 0.6381 -0.7690
vn -0.0858 0.5250 -0.8467
vn -0.1390 0.6163 -0.7752
vn -0.0743 0.6522 -0.7544
vn -0.1579 0.6106 -0.7760
vn -0.1072 0.6345 -0.7655
vn 0.1100 0.7364 -0.6676
vn -0.0556 0.5738 -0.8171
vn 0.3199 0.6415 -0.6972
vn 0.1980 0.6862 -0.7000
vn 0.2239 0.6915 -0.6868
vn 0.3099 -0.0000 -0.9508
vn 0.3093 -0.0000 -0.9510
vn 0.1631 0.4941 -0.8540
vn 0.4730 0.3021 0.8277
vn -0.4776 0.2991 -0.8261
vn -0.9538 0.3004 -0.0000
vn 0.4827 0.3024 -0.8219
vn -0.4831 0.3002 0.8225
vn -0.0000 -0.9999 -0.0105
vn -0.0000 -0.9995 0.0316
vn -0.0000 0.4127 0.9109
vn 0.9994 0.0334 -0.0049
vn -0.9995 0.0322 -0.0000
vn 0.2545 0.9600 -0.1171
vn 0.0237 0.9979 0.0609
vn -0.5421 0.5859 0.6024
vn -0.0000 -0.5794 0.8151
vn -0.0000 -0.4763 0.8793
vn -0.5666 -0.5847 0.5806
vn 0.5683 -0.5835 -0.5801
vn -0.5683 -0.5835 -0.5801
vn -0.0000 -0.5794 -0.8151
vn -0.8151 -0.5794 -0.0000
vn 0.5683 -0.5835 0.5801
vn 0.8151 -0.5794 -0.0000
vn -0.0000 0.9926 -0.1211
vn 0.6281 -0.4373 -0.6436
vn -0.6088 -0.4901 0.6238
vn -0.6281 -0.4373 -0.6436
vn 0.8774 0.3462 -0.3321
vn -0.0064 0.9050 0.4253
vn 0.9950 0.0958 0.0293
vn 0.8129 0.5174 -0.2674
vn 0.9231 0.3589 -0.1384
vn 0.7781 0.6279 0.0181
vn 0.1629 0.9812 0.1033
vn -0.6328 0.4190 0.6511
vn -0.8519 0.2615 -0.4538
vn -0.8977 0.2756 -0.3438
vn -0.2617 0.3215 -0.9100
vn 0.1527 0.5156 0.8431
vn 0.1204 0.4787 0.8697
vn -0.8378 0.2746 -0.4719
vn -0.8289 0.2475 -0.5017
vn -0.5385 0.3340 0.7736
vn 0.6407 0.4643 -0.6115
vn 0.6709 0.3235 -0.6672
vn 0.8794 0.4511 0.1520
vn 0.9935 0.0797 0.0812
vn 0.4036 0.4305 0.8073
vn 0.2992 0.0631 0.9521
vn -0.0875 0.9899 0.1114
vn -0.2587 0.8508 0.4575
vn -0.7325 0.2638 0.6275
vn -0.0000 -0.9422 -0.3350
vn -0.0000 -0.3417 -0.9398
vn -0.0000 -0.1087 -0.9941
vn -0.0000 -0.9410 0.3383
vn -0.0000 -0.3417 0.9398
vn 0.1898 -0.3355 -0.9227
vn -0.0148 -0.9471 -0.3205
vn -0.0000 -0.1164 0.9932
vn 0.0684 -0.9400 -0.3342
vn -0.9999 -0.0000 0.0102
vn -1.0000 -0.0000 0.0084
vn -0.9699 -0.1642 0.1796
vn -0.9993 -0.0113 0.0347
vn -0.9995 -0.0234 0.0234
vn -0.8968 0.0280 0.4415
vn -0.9999 -0.0029 0.0102
vn -0.9998 0.0185 0.0043
vn -0.9995 0.0312 0.0005
vn 0.7570 0.6360 0.1499
vn 0.2738 0.5102 0.8153
vn 0.3161 0.6726 0.6691
vn 0.2896 0.7192 0.6316
vn 0.2419 0.5256 0.8156
vn -0.0544 0.0861 0.9948
vn -0.0617 0.2228 0.9729
vn -0.0594 0.2121 0.9754
vn -0.0523 0.1724 0.9836
vn 0.0251 0.2933 0.9557
vn 0.9075 -0.0000 0.4201
vn -0.0376 -0.0000 0.9993
vn -0.0139 0.9999 0.0032
vn -0.0244 0.9996 -0.0106
vn -0.0162 0.9998 -0.0125
vn -0.1411 0.2293 0.9631
vn -0.0823 0.2765 0.9575
vn -0.0000 0.3162 0.9487
vn 0.0295 0.2875 0.9573
vn 0.9945 -0.1043 -0.0000
vn 0.4880 -0.1048 0.8665
vn -0.4999 -0.1040 0.8598
vn -0.9945 -0.1043 -0.0000
vn -0.4954 -0.1075 -0.8620
vn 0.0662 0.9972 -0.0336
vn 0.0164 0.9984 -0.0545
vn -0.1194 0.9898 -0.0783
vn -0.0280 0.9948 -0.0979
vn 0.8949 -0.4375 0.0883
vn 0.9078 -0.4161 -0.0526
vn 0.8930 0.4465 0.0558
vn 0.0468 0.9989 0.0078
vn -0.0000 -0.9991 0.0431
vn -0.0000 -0.9941 -0.1087
vn 0.2876 0.0799 -0.9544
vn 0.8897 0.0695 -0.4513
vn 0.8372 0.0687 0.5426
vn 0.0468 0.9974 0.0545
vn -0.1055 0.9735 -0.2030
vn -0.0600 0.9950 -0.0800
vn -0.0159 0.9999 0.0006
vn -0.0779 0.9969 0.0078
vn 0.0308 0.9958 -0.0865
vn -0.0546 0.9982 -0.0234
vn -0.0382 0.9788 -0.2013
vn -0.0592 0.9982 -0.0078
vn 0.0546 0.9982 0.0234
vn -0.0156 0.9955 -0.0933
vn 0.0617 0.9873 -0.1465
vn -0.0390 0.9992 0.0078
vn 0.0104 0.9999 0.0078
vn -0.0569 0.9957 -0.0725
vn -0.0390 0.9981 -0.0468
vn -0.0000 0.9988 -0.0496
vn -0.0156 0.9996 0.0244
vn -0.0000 0.9991 0.0423
vn -0.0463 0.9881 0.1467
vn -0.0000 0.9996 0.0290
vn -0.0282 0.9986 -0.0440
vn 0.7728 0.4824 0.4124
vn 0.9035 0.2957 0.3103
vn 0.8075 0.4375 0.3956
vn 0.8041 0.5773 0.1420
vn 0.8474 0.4311 0.3100
vn -0.9021 0.2679 0.3384
vn -0.5204 0.0815 -0.8500
vn -0.2580 0.9586 -0.1206
vn 0.4652 0.1384 -0.8743
vn -0.8393 0.3144 0.4436
vn -0.8839 -0.0069 0.4677
vn 0.8286 0.2593 -0.4961
vn 0.8278 0.3017 -0.4731
vn 0.8310 0.3901 0.3966
vn -0.8685 0.1849 0.4600
vn 0.2828 0.2688 -0.9207
vn 0.2524 0.2204 -0.9422
vn 0.2698 0.1350 -0.9534
vn 0.8714 0.1484 -0.4676
vn 0.8692 0.1836 -0.4592
vn 0.7771 0.4744 -0.4137
vn 0.4661 0.7654 0.4437
vn 0.8400 0.4434 -0.3127
vn 0.0236 0.1176 -0.9928
vn 0.5355 0.6527 -0.5360
vn 0.8492 0.4527 -0.2717
vn 0.8994 0.4350 -0.0417
vn 0.8017 0.4776 -0.3596
vn 0.7272 0.6265 -0.2804
vn 0.7715 0.5580 -0.3055
vn 0.6646 0.6876 -0.2923
vn 0.7254 0.5209 -0.4499
vn 0.5600 0.7313 -0.3894
vn 0.8239 0.4502 -0.3444
vn -0.0361 -0.2246 0.9738
vn 0.0203 -0.1731 -0.9847
vn 0.9944 -0.0811 -0.0674
vn 0.9961 -0.0018 -0.0879
vn 0.9853 0.0903 0.1449
vn -0.0142 0.3413 0.9398
vn -0.1237 0.9923 -0.0038
vn -0.1935 0.9811 -0.0040
vn 0.3859 -0.0329 0.9219
vn 0.4413 -0.0320 -0.8968
vn 0.0143 0.3296 -0.9440
vn 0.0064 0.9050 -0.4253
vn -0.1697 -0.1381 -0.9758
vn -0.1071 -0.3400 -0.9343
vn 0.1845 -0.8893 0.4185
vn 0.2144 -0.9767 -0.0000
vn 0.1224 -0.9403 -0.3175
vn 0.2385 -0.9024 0.3587
vn 0.0980 -0.3014 0.9484
vn -0.1575 0.9873 -0.0205
vn -0.6059 -0.2554 0.7534
vn 0.0468 0.9978 0.0468
vn -0.0112 0.9951 -0.0981
vn 0.0377 0.9966 -0.0739
vn 0.0604 0.9973 -0.0408
vn -0.0453 0.9872 -0.1531
vn -0.0254 0.9977 -0.0624
vn -0.0468 0.9978 0.0468
vn 0.3629 -0.0789 0.9285
vn 0.2829 -0.0659 0.9569
vn 0.1126 -0.0886 0.9897
vn 0.0848 -0.3047 0.9487
vn 0.5452 -0.0616 0.8360
vn 0.5679 -0.1692 0.8055
vn -0.0000 0.9861 -0.1663
vn -0.0000 0.9864 -0.1644
vn -0.5680 -0.4131 0.7119
vn 0.1973 0.2113 0.9573
vn 0.7216 0.6364 -0.2725
vn -0.3507 0.9113 0.2158
vn -0.3638 0.9020 0.2324
vn -0.3806 0.9021 0.2036
vn -0.2974 0.9414 0.1591
vn -0.2399 0.9650 0.1057
vn -0.1864 0.9802 0.0672
vn -0.1358 0.9900 0.0380
vn 0.0029 0.9989 0.0464
vn -0.0000 0.9806 -0.1961
vn -0.7548 -0.2714 0.5972
vn -0.9404 -0.2892 0.1788
vn 0.6051 0.1561 0.7807
vn 0.0157 -0.1961 -0.9805
vn -0.2890 0.0873 0.9533
vn -0.0223 0.1846 0.9826
vn -0.0104 0.9053 0.4247
vn -0.1768 0.9842 -0.0059
vn 0.0218 0.1943 -0.9807
vn 0.0104 0.9053 -0.4245
vn 0.9861 0.1627 0.0326
vn 0.9925 0.1178 0.0331
vn 0.9948 0.0871 0.0524
vn 0.0668 0.9652 -0.2529
vn 0.1352 0.9878 0.0778
vn -0.0000 -0.9855 -0.1694
vn 0.2209 0.9748 -0.0305
vn 0.2204 0.9730 0.0684
vn -0.0853 0.9923 0.0902
vn 0.9506 0.3043 0.0619
vn -0.0184 0.9907 0.1347
vn 0.8889 -0.4444 -0.1111
vn -0.0000 0.9972 0.0742
vn -0.8889 -0.4444 -0.1111
vn 0.1165 0.9903 0.0755
vn 0.0623 0.9972 -0.0410
vn 0.0698 0.9968 -0.0401
vn 0.1203 0.9640 -0.2370
vn 0.0804 0.9874 -0.1360
vn 0.0392 0.9963 -0.0765
vn 0.9800 0.1815 0.0818
vn -0.8905 0.4452 0.0941
vn -0.0000 -0.9923 -0.1240
vn -0.0000 -0.9819 -0.1894
vn -0.9081 -0.4162 -0.0449
vn -0.8976 -0.4301 -0.0967
vn 0.1491 0.9539 0.2604
vn -0.9684 0.0853 0.2343
vn -0.6888 0.0837 -0.7201
vn 0.9680 0.0776 -0.2387
vn 0.6915 0.0835 0.7176
vn -0.2819 0.0870 0.9555
vn -0.0545 0.9966 -0.0623
vn 0.1834 0.9783 -0.0959
vn 0.0111 0.9815 -0.1911
vn 0.0082 0.9935 0.1136
vn -0.0185 0.9882 0.1517
vn -0.1239 0.9908 -0.0542
vn -0.0701 0.9975 -0.0078
vn 0.2203 0.9725 -0.0760
vn 0.4143 0.2005 0.8878
vn 0.1362 0.2468 0.9595
vn -0.3328 0.3813 0.8625
vn 0.0973 0.3124 0.9450
vn 0.1011 0.2745 0.9562
vn -0.2584 0.2750 0.9261
vn -0.2580 0.3610 0.8962
vn 0.0470 0.9985 0.0286
vn 0.6125 0.7268 -0.3108
vn 0.9210 0.1974 -0.3359
vn 0.2813 0.7180 -0.6367
vn 0.0570 0.9947 0.0861
vn 0.3970 0.8832 0.2498
vn -0.0130 0.8768 0.4806
vn -0.4214 0.8780 0.2269
vn -0.4007 0.8872 -0.2289
vn -0.8537 -0.0329 -0.5197
vn 0.8500 0.0422 0.5250
vn -0.8450 0.0237 -0.5343
vn 0.0374 0.0378 -0.9986
vn 0.0343 0.2120 -0.9767
vn -0.2120 0.9753 0.0623
vn 0.0087 0.9963 0.0856
vn 0.0087 0.9932 0.1164
vn 0.0093 0.9813 0.1922
vn 0.2059 0.9785 0.0060
vn 0.3807 0.8901 -0.2506
vn 0.0883 0.9730 -0.2133
vn 0.2473 0.7986 -0.5486
vn 0.2233 0.9625 -0.1539
vn 0.6284 0.6726 -0.3907
vn 0.3005 0.5443 -0.7832
vn -0.6287 0.2851 -0.7235
vn 0.3275 0.3603 -0.8734
vn -0.0560 0.9962 -0.0673
vn 0.0555 0.9961 0.0679
vn -0.4296 0.6280 -0.6489
vn -0.0334 0.9977 -0.0590
vn -0.0783 0.9862 -0.1458
vn -0.0387 0.9906 -0.1316
vn -0.1392 0.9898 0.0305
vn -0.1389 0.9879 -0.0695
vn 0.4677 0.3155 0.8257
vn -0.9591 0.1363 0.2480
vn -0.6961 0.1336 -0.7054
vn 0.9589 0.1362 -0.2489
vn 0.6906 0.1427 0.7090
vn -0.2602 0.1266 0.9572
vn -0.6338 0.4325 -0.6413
vn 0.2276 0.5171 -0.8251
vn 0.7701 0.6060 -0.1992
vn 0.5517 0.6515 0.5208
vn 0.0162 0.9997 -0.0178
vn -0.0158 0.9997 0.0173
vn 0.1386 0.9771 0.1615
vn 0.0034 0.9935 0.1138
vn -0.0380 0.9824 0.1831
vn -0.0916 0.9824 0.1627
vn -0.0922 0.9887 0.1181
vn 0.1345 0.9909 0.0060
vn 0.1219 0.9800 0.1572
vn 0.6207 -0.0000 -0.7840
vn 0.4815 -0.0000 -0.8764
vn -0.8643 -0.0000 -0.5029
vn -0.2614 -0.0000 -0.9652
vn 0.2614 -0.0000 -0.9652
vn -0.2638 -0.0000 0.9646
vn -0.2228 -0.0000 0.9749
vn 0.6133 -0.0000 0.7899
vn 0.1140 0.9935 -0.0036
vn -0.1048 0.9890 0.1048
vn 0.0797 -0.0000 -0.9968
vn -0.6154 -0.0000 -0.7882
vn -0.4815 -0.0000 -0.8764
vn -0.5029 -0.0000 0.8643
vn -0.0000 0.9923 -0.1240
vn -0.9652 -0.0000 0.2614
vn -0.9652 -0.0000 -0.2614
vn 0.9646 -0.0000 -0.2638
vn 0.9646 -0.0000 0.2638
vn 0.9652 -0.0000 -0.2614
vn 0.9652 -0.0000 0.2614
vn -0.1671 0.8533 0.4940
vn 0.0084 0.9327 0.3605
vn -0.1563 0.8819 0.4447
vn -0.2197 0.8751 0.4312
vn -0.1914 0.9044 0.3814
vn -0.1146 0.9463 0.3022
vn -0.0769 0.9720 0.2221
vn -0.1334 0.9911 -0.0029
vn -0.0323 0.9300 0.3661
vn 0.2955 0.4820 0.8249
vn 0.3245 0.3276 0.8874
vn 0.3242 0.3300 0.8866
vn 0.3208 0.3274 0.8888
vn -0.0363 0.4149 0.9091
vn -0.0037 0.2517 0.9678
vn -0.1640 0.3474 0.9233
vn -0.1999 0.2848 0.9375
vn -0.1855 0.3918 0.9011
vn 0.7149 -0.0000 0.6992
vn 0.5180 -0.0000 0.8554
vn 0.1718 -0.0828 0.9816
vn -0.3443 -0.0000 -0.9389
vn -0.6707 -0.0000 0.7417
vn -0.6572 -0.0000 0.7537
vn -0.7680 0.2193 0.6017
vn 0.1104 0.9870 -0.1165
vn -0.5649 -0.0000 -0.8251
vn -0.8309 -0.0000 -0.5564
vn -0.9036 0.3588 0.2341
vn 0.9047 -0.3590 0.2294
vn -0.6308 0.2916 0.7191
vn -0.6433 0.2051 0.7377
vn -0.0142 0.9923 0.1234
vn -0.3992 0.9089 0.1207
vn -0.3714 0.9285 -0.0000
vn 0.1378 -0.0000 0.9905
vn 0.1293 -0.0000 -0.9916
vn -0.1007 0.9941 -0.0403
vn -0.0083 0.9999 -0.0148
vn -0.0438 0.9990 -0.0000
vn -0.0962 0.9953 0.0073
vn -0.0083 0.9998 0.0170
vn 0.0297 0.9995 0.0057
vn 0.0357 0.9994 -0.0000
vn 0.0235 0.9995 0.0190
vn -0.0000 0.9994 -0.0345
vn -0.9996 -0.0030 -0.0277
vn -0.9342 0.3550 -0.0358
vn -0.9844 -0.0913 -0.1503
vn -0.9979 -0.0457 0.0461
vn -0.9973 -0.0079 0.0736
vn -0.9761 0.0379 -0.2139
vn -0.5269 0.8483 -0.0521
vn -0.6163 0.7559 0.2207
vn -0.7855 0.6173 -0.0426
vn -0.9772 -0.0000 0.2124
vn -0.3282 0.9162 -0.2300
vn -0.3856 0.9107 -0.1481
vn -0.6472 0.7237 -0.2396
vn -0.4036 0.9099 0.0963
vn -0.4181 0.9072 0.0461
vn -0.6815 0.7210 0.1252
vn -0.8029 0.5961 -0.0056
vn -0.5872 0.7355 0.3378
vn -0.6779 0.7203 0.1474
vn -0.8959 0.2686 -0.3538
vn -0.9141 0.2908 0.2824
vn 0.0014 0.9749 -0.2225
vn 0.0646 0.9329 -0.3544
vn 0.0410 0.9310 -0.3627
vn -0.0649 0.9851 -0.1590
vn 0.1941 0.9765 0.0942
vn 0.0386 0.9953 0.0888
vn -0.0913 0.9953 0.0321
vn 0.1512 0.9544 -0.2575
vn 0.1057 0.9486 -0.2982
vn 0.0639 0.9112 -0.4070
vn 0.0798 0.9383 -0.3366
vn -0.1105 0.9403 0.3219
vn -0.0743 0.9723 0.2217
vn -0.1435 0.9887 -0.0429
vn -0.3466 0.9352 0.0729
vn -0.2012 0.9357 -0.2897
vn -0.3441 0.9339 -0.0966
vn 0.0158 0.9690 -0.2467
vn -0.0479 0.7768 -0.6280
vn -0.1172 0.9233 -0.3659
vn -0.2637 0.8498 -0.4564
vn -0.3589 0.9113 -0.2018
vn -0.1718 0.9671 -0.1876
vn 0.0084 0.9999 0.0102
vn 0.0195 0.9997 -0.0144
vn -0.0000 0.0712 0.9975
vn -0.0000 0.5293 0.8484
vn 0.9398 0.3417 -0.0000
vn 0.9932 0.1164 -0.0000
vn -0.3815 0.3464 0.8570
vn -0.3078 0.1974 0.9308
vn -0.0372 0.4101 0.9113
vn -0.1747 0.4777 0.8610
vn -0.0900 0.1679 0.9817
vn -0.0732 0.5492 0.8325
vn 0.0422 0.1599 0.9862
vn -0.2299 0.2652 0.9364
vn -0.2308 0.2451 0.9416
vn -0.3967 0.2797 0.8743
vn -0.1384 0.9904 -0.0035
vn -0.0729 0.9968 0.0319
vn -0.0583 0.9983 -0.0031
vn 0.0147 0.9996 -0.0231
vn -0.2948 0.9476 0.1232
vn -0.4101 0.9121 -0.0000
vn -0.2915 0.9566 -0.0000
vn -0.1418 0.9864 -0.0829
vn 0.5296 0.3502 -0.7726
vn 0.9906 0.1039 -0.0892
vn -0.1295 0.9889 -0.0729
vn -0.0678 0.9840 -0.1649
vn -0.0077 0.9736 -0.2281
vn 0.0412 0.9910 -0.1276
vn -0.0619 0.9901 -0.1256
vn -0.0387 0.9900 -0.1355
vn 0.0291 0.9864 -0.1618
vn -0.0741 0.9742 -0.2134
vn 0.0112 0.9945 -0.1044
vn 0.1889 0.9459 -0.2636
vn -0.5175 -0.0930 0.8506
vn -0.5179 0.0401 0.8545
vn -0.5184 0.1468 0.8424
vn -0.5168 -0.0759 0.8527
vn -0.4953 0.3164 0.8091
vn -0.9830 -0.1766 -0.0501
vn 0.4988 0.5042 -0.7050
vn 0.8596 0.5035 0.0866
vn 0.3629 0.4893 0.7930
vn 0.3967 -0.2486 0.8836
vn 0.4159 0.0698 0.9067
vn 0.5542 0.2710 -0.7871
vn 0.9552 0.2802 0.0955
vn 0.4014 0.2741 0.8739
vn -0.9836 -0.1763 -0.0378
vn -0.0416 -0.0238 0.9989
vn -0.8529 0.5216 -0.0240
vn -0.4436 0.5211 0.7292
vn -0.8924 0.4109 0.1863
vn 0.9671 0.1390 0.2129
vn 0.7053 0.6759 0.2140
vn 0.9339 0.1379 0.3299
vn 0.8446 0.5352 0.0094
vn 0.7053 0.6759 -0.2140
vn 0.9339 0.1379 -0.3299
vn -0.0457 -0.9159 -0.3988
vn 0.4303 0.8606 0.2724
vn 0.0305 -0.1599 -0.9867
vn -0.0091 -0.2925 -0.9562
vn 0.1056 0.2140 -0.9711
vn -0.1528 0.2046 -0.9668
vn -0.3899 0.8972 -0.2076
vn 0.0142 0.9754 -0.2200
vn -0.6821 0.3900 -0.6186
vn 0.2347 0.0632 -0.9700
vn -0.2645 0.1259 -0.9561
vn -0.8774 0.4100 -0.2489
vn -0.0457 -0.9159 0.3988
vn -0.0312 -0.9981 0.0532
vn 0.4303 0.8606 -0.2724
vn 0.7523 0.6448 0.1352
vn 0.2883 0.8912 -0.3502
vn -0.0928 0.3556 -0.9300
vn -0.3121 0.7193 -0.6206
vn -0.2865 0.8576 -0.4271
vn 0.3175 0.2040 0.9261
vn 0.0363 0.2150 0.9759
vn -0.1826 0.1268 0.9750
vn 0.0142 0.9754 0.2200
vn 0.2128 -0.0179 0.9769
vn -0.2560 0.0786 0.9635
vn 0.3424 0.9021 0.2627
vn 0.6278 0.7308 0.2678
vn -0.8755 0.4124 0.2518
vn 0.2329 0.9201 0.3149
vn -0.0928 0.3556 0.9300
vn -0.3529 0.7166 0.6015
vn 0.0303 0.9992 -0.0243
vn 0.0139 0.4573 0.8892
vn -0.9136 -0.4063 0.0134
vn -0.8840 -0.4569 0.0985
vn -0.9228 -0.3850 -0.0109
vn -0.9785 -0.1959 -0.0648
vn 0.0415 -0.3239 0.9452
vn -0.0033 0.9874 -0.1581
vn -0.1279 0.4198 0.8986
vn -0.8108 0.3948 0.4320
vn -0.8608 0.4313 -0.2702
vn -0.9282 0.2347 -0.2888
vn -0.1304 0.3704 0.9197
vn 0.8997 0.2642 0.3474
vn -0.2090 0.2311 0.9502
vn 0.6481 -0.1576 -0.7451
vn 0.2249 -0.0000 0.9744
vn 0.5963 0.0045 0.8027
vn 0.7232 -0.0000 0.6907
vn 0.6786 0.6759 0.2874
vn 0.3186 0.8461 0.4274
vn 0.4490 0.8104 0.3762
vn 0.1554 -0.0007 -0.9878
vn 0.2000 0.9718 0.1250
vn -0.8286 0.2127 -0.5179
vn 0.0813 0.9924 0.0919
vn -0.6715 -0.0000 0.7410
vn -0.7410 -0.0000 0.6715
vn -0.9800 -0.0000 0.1992
vn -0.5369 0.6644 0.5199
vn -0.5825 0.4775 0.6578
vn 0.1155 0.6599 0.7424
vn -0.8614 0.0735 -0.5025
vn -0.8675 0.0404 -0.4957
vn 0.8617 -0.0601 -0.5038
vn 0.5629 0.4605 0.6863
vn 0.8154 0.4414 0.3746
vn -0.6821 0.3898 0.6187
vn 0.3806 0.6647 -0.6430
vn 0.7304 0.4489 -0.5147
vn 0.2165 0.8176 -0.5335
vn 0.4350 0.7122 -0.5510
vn 0.9385 0.0566 -0.3405
vn -0.0886 0.9873 0.1315
vn 0.8239 0.5343 -0.1889
vn 0.2390 0.9163 0.3214
vn 0.7482 0.0692 -0.6599
vn 0.6062 0.7926 0.0660
vn 0.6593 0.7394 0.1368
vn -0.5893 -0.6593 -0.4670
vn 0.0347 0.5961 0.8021
vn 0.5954 0.7750 -0.2120
vn 0.0531 0.3232 -0.9448
vn 0.5572 -0.1628 -0.8143
vn -0.7274 -0.0716 0.6825
vn -0.9658 0.1468 -0.2136
vn 0.0283 0.4065 -0.9132
vn 0.7057 0.0430 0.7072
vn -0.5026 -0.0065 0.8645
vn -0.9999 -0.0075 -0.0101
vn -0.4950 -0.0065 -0.8688
vn 0.5070 -0.0065 -0.8619
vn 0.4921 0.1088 0.8637
vn -0.5025 0.1081 0.8578
vn -0.4923 0.1087 -0.8636
vn 0.5041 0.1080 -0.8569
vn -0.4815 0.8106 -0.3334
vn -0.1411 0.9886 -0.0523
vn -0.1390 0.9902 -0.0154
vn -0.0716 0.9959 -0.0550
vn -0.1010 0.9944 -0.0311
vn -0.0999 0.9836 -0.1503
vn -0.5073 -0.0028 -0.8618
vn -0.9238 -0.0000 -0.3829
vn -0.9234 0.0048 -0.3838
vn -0.2652 0.7593 -0.5942
vn -0.3943 0.7700 -0.5017
vn -0.2938 0.8445 -0.4478
vn -0.3764 0.6704 -0.6394
vn -0.4064 0.7930 -0.4538
vn -0.3405 0.8667 -0.3646
vn -0.2412 0.9054 -0.3495
vn -0.4286 0.8928 -0.1382
vn -0.3385 0.9273 -0.1597
vn -0.6033 0.7573 -0.2500
vn -0.5086 0.3064 -0.8046
vn -0.8849 0.2706 -0.3792
vn 0.0929 0.9913 -0.0929
vn -0.1316 0.9906 0.0387
vn -0.0933 0.9956 -0.0000
vn 0.7332 0.0576 -0.6776
vn 0.2109 -0.0380 0.9768
vn -0.9533 -0.0401 -0.2993
vn -0.2132 -0.0381 -0.9763
vn 0.9535 -0.0357 0.2993
vn -0.8557 0.4775 -0.1993
vn 1.0000 -0.0075 -0.0000
vn -0.8549 0.4995 0.1398
vn -0.6959 0.6841 -0.2185
vn -0.6340 0.7683 -0.0879
vn -0.6257 0.7801 -0.0000
vn -0.8602 0.5095 0.0193
vn -0.5770 0.8120 0.0882
vn -0.8546 -0.0481 0.5171
vn -0.9777 -0.0414 0.2058
vn -0.9840 -0.0923 0.1522
vn -0.9716 -0.0000 0.2366
vn -0.8556 -0.0000 0.5177
vn -0.9732 0.0955 0.2091
vn -0.1704 0.9825 0.0757
vn -0.0097 0.9990 0.0426
vn -0.0466 0.9989 -0.0044
vn 0.9814 0.1402 0.1314
vn -0.9689 0.2380 0.0673
vn -0.0573 0.0444 0.9974
vn 0.8489 0.3410 -0.4039
vn 0.7820 0.5826 -0.2216
vn 0.8809 0.3256 -0.3435
vn 0.7941 0.4791 -0.3741
vn 0.7567 0.4668 -0.4578
vn 0.7473 0.5751 -0.3328
vn 0.6266 0.6268 -0.4632
vn -0.9808 -0.1928 -0.0276
vn -0.3604 0.4998 -0.7876
vn -0.5070 0.4892 0.7097
vn -0.9648 -0.2471 -0.0897
vn -0.4032 -0.2477 -0.8810
vn -0.5627 -0.2448 0.7896
vn -0.4164 0.0642 -0.9069
vn -0.5792 0.0640 0.8127
vn -0.9581 0.2725 -0.0886
vn -0.3987 0.2714 -0.8760
vn -0.5576 0.2781 0.7821
vn 0.5388 -0.0000 -0.8424
vn 0.9138 -0.0000 -0.4061
vn 0.0371 -0.0475 0.9982
vn -0.0807 -0.0237 0.9965
vn -0.3278 0.9357 0.1304
vn -0.4627 0.8695 0.1730
vn -0.4621 0.8811 -0.1007
vn -0.9914 -0.0701 -0.1102
vn -0.9935 0.0039 -0.1135
vn -0.9895 0.0895 -0.1131
vn -0.2241 0.7860 -0.5762
vn -0.3406 0.5186 -0.7842
vn -0.0626 0.1824 -0.9812
vn -0.0442 -0.0000 -0.9990
vn -0.4239 -0.0000 -0.9057
vn -0.7452 -0.0000 -0.6668
vn -0.6783 0.4286 -0.5969
vn -0.7587 0.3158 -0.5697
vn 0.0583 0.9905 0.1246
vn -0.0000 0.0468 -0.9989
vn -0.9992 0.0390 -0.0000
vn 0.4207 0.9072 -0.0000
vn 0.9443 0.3291 -0.0000
vn -0.1965 0.9798 0.0374
vn -0.1692 0.9774 0.1271
vn -0.0444 0.9990 -0.0093
vn -0.1009 0.9938 0.0466
vn -0.0775 0.9393 0.3344
vn -0.2195 0.9755 0.0167
vn -0.1413 0.9900 -0.0010
vn -0.1116 0.9724 0.2051
vn 0.0077 0.9868 0.1619
vn -0.0162 0.9931 0.1164
vn -0.1463 0.9856 0.0847
vn -0.2962 0.9551 -0.0000
vn -0.1008 0.9925 0.0698
vn 0.5218 0.5002 -0.6910
vn 0.3816 -0.2129 0.8995
vn 0.5939 -0.2120 -0.7761
vn 0.9692 -0.2155 0.1192
vn 0.3809 0.0997 0.9192
vn 0.3782 0.2296 0.8968
vn 0.9603 0.2274 0.1618
vn 0.0737 0.9962 0.0465
vn 0.0066 0.9999 -0.0078
vn -0.0239 0.9929 -0.1163
vn -0.0697 0.9949 -0.0724
vn 0.0623 0.9961 -0.0623
vn 0.1687 0.9814 -0.0920
vn 0.0163 0.9955 -0.0933
vn -0.1828 0.9831 -0.0077
vn -0.1573 0.9875 -0.0077
vn -0.1671 0.9859 -0.0000
vn -0.1833 0.9831 -0.0000
vn -0.1487 0.9881 -0.0398
vn -0.1021 0.9938 -0.0447
vn -0.1418 0.9896 -0.0232
vn 0.9953 0.0010 -0.0967
vn 0.9989 0.0468 -0.0000
vn 0.8498 -0.0000 0.5272
vn 0.7855 -0.0000 0.6189
vn -0.0622 0.0712 0.9955
vn -0.8372 0.0687 -0.5426
vn 0.0622 0.0712 -0.9955
vn -0.0066 0.9955 0.0945
vn 0.7748 0.3970 0.4920
vn 0.2635 0.5022 0.8236
vn 0.1037 0.9946 0.0026
vn 0.0321 0.9858 0.1651
vn 0.3955 0.9017 0.1749
vn 0.1292 0.8415 0.5246
vn 0.4120 -0.0000 0.9112
vn 0.5441 -0.0000 0.8390
vn -0.1295 0.9913 0.0231
vn 0.5190 0.3152 0.7945
vn 0.5282 0.2809 0.8013
vn 0.5229 0.2286 0.8211
vn 0.0075 0.9994 0.0334
vn 0.0196 0.9918 0.1260
vn 0.0672 0.9849 0.1594
vn 0.4146 0.8802 0.2311
vn 0.7239 0.6209 0.3008
vn 0.8650 0.3168 0.3892
vn 0.8796 0.3212 0.3508
vn 0.7293 0.6093 0.3113
vn 0.9089 0.2609 0.3252
vn 0.7777 0.1592 0.6082
vn 0.8963 0.2151 0.3879
vn 0.9483 0.2915 0.1259
vn 0.9010 0.4239 0.0927
vn 0.3401 0.5081 0.7913
vn -0.5878 -0.2228 0.7777
vn -0.9698 -0.2136 -0.1178
vn -0.3705 -0.2144 -0.9037
vn -0.6008 0.1027 0.7928
vn -0.3905 0.1115 -0.9138
vn -0.3822 0.2315 -0.8946
vn 0.9411 -0.0000 0.3381
vn 0.9478 -0.0000 0.3190
vn 0.3420 0.9290 0.1413
vn 0.1065 0.9926 -0.0583
vn 0.1053 0.9929 -0.0561
vn -0.0000 0.9939 0.1104
vn -0.0960 0.9952 0.0163
vn -0.0000 0.9948 -0.1020
vn 0.0960 0.9945 -0.0429
vn 0.4258 0.9048 -0.0000
vn -0.4258 0.9048 -0.0000
vn 0.9831 -0.1829 -0.0056
vn -0.9751 -0.2216 -0.0084
vn -0.0000 0.9800 -0.1988
vn -0.1164 0.0819 0.9898
vn 0.1263 0.0060 0.9920
vn -0.0000 0.0468 0.9989
vn 0.9320 -0.3624 -0.0000
vn 0.9992 0.0390 -0.0000
vn -0.1905 0.9816 0.0153
vn -0.1593 0.9860 0.0489
vn -0.1023 0.9946 -0.0155
vn -0.1762 0.9807 0.0843
vn -0.1767 0.9835 0.0384
vn -0.1614 0.9839 -0.0769
vn -0.1659 0.9783 -0.1242
vn -0.1087 0.9941 -0.0000
vn -0.0227 0.9683 0.2488
vn 0.0015 0.9862 -0.1653
vn -0.0524 0.9584 0.2806
vn -0.0258 0.9774 -0.2098
vn -0.0449 0.9585 0.2815
vn 0.0356 0.9968 -0.0718
vn -0.0152 0.9720 0.2344
vn 0.0193 0.9970 -0.0743
vn -0.0232 0.9887 0.1481
vn -0.1616 0.9850 0.0599
vn -0.0101 0.9990 -0.0445
vn -0.1010 0.9948 -0.0155
vn -0.1313 0.9889 0.0695
vn 0.0077 0.9855 0.1694
vn -0.2209 0.9752 0.0126
vn -0.9413 -0.1335 0.3099
vn -0.0308 -0.1087 -0.9936
vn -0.8783 -0.3709 0.3017
vn -0.0121 -0.3417 -0.9397
vn 0.1135 -0.9935 -0.0000
vn 0.1112 -0.9171 -0.3828
vn 0.0075 -0.1087 0.9940
vn -0.1849 0.9828 -0.0000
vn -0.0691 0.9976 -0.0000
vn -0.0623 0.9962 0.0608
vn -0.0672 0.9949 0.0753
vn -0.0448 0.9990 0.0093
vn -0.9101 -0.1311 0.3930
vn -0.4612 -0.3877 -0.7981
vn -0.8536 -0.3714 0.3654
vn -0.0114 -0.9557 -0.2940
vn -0.2542 -0.9539 0.1599
vn -0.2763 -0.9448 0.1763
vn -0.3168 -0.9477 -0.0396
vn 0.3516 -0.8934 0.2797
vn 0.3806 -0.9246 0.0186
vn 0.5448 -0.2627 0.7963
vn 0.9538 -0.2934 0.0644
vn 0.5763 -0.0175 0.8171
vn 0.9943 -0.0735 0.0770
vn -0.0406 0.9980 -0.0479
vn -0.1783 0.9840 0.0058
vn -0.1620 0.9868 -0.0024
vn -0.0259 0.9996 -0.0090
vn -0.0522 0.9985 -0.0192
vn -0.1715 0.9796 -0.1049
vn 0.4806 0.4457 0.7552
vn 0.4256 0.4547 0.7824
vn 0.4270 0.4596 0.7787
vn 0.5037 0.3305 0.7981
vn 0.5026 0.3363 0.7964
vn 0.4366 0.4189 0.7962
vn 0.4482 0.3333 0.8295
vn 0.1946 -0.0000 -0.9809
vn -0.1457 -0.0000 -0.9893
vn -0.8449 -0.0000 -0.5349
vn -0.9741 -0.0000 -0.2260
vn -0.9976 -0.0000 -0.0696
vn -0.9890 -0.0000 0.1480
vn -0.9495 -0.0000 0.3139
vn -0.7981 -0.0000 0.6025
vn 0.0902 0.7842 -0.6139
vn 0.1109 0.6598 -0.7432
vn 0.1696 0.4905 -0.8548
vn -0.5088 0.7661 -0.3928
vn -0.6223 0.7564 -0.2016
vn -0.6139 0.7593 0.2159
vn -0.5855 0.7236 0.3654
vn -0.6947 0.5247 0.4921
vn -0.7075 0.4627 0.5341
vn -0.9995 0.0312 -0.0000
vn -0.9959 -0.0441 0.0793
vn -0.9953 0.0010 0.0967
vn -0.9985 0.0546 -0.0000
vn 0.1009 -0.9949 -0.0000
vn -0.0104 -0.1789 -0.9838
vn 0.0056 -0.1829 0.9831
vn -0.9831 -0.1829 0.0093
vn -0.0000 0.9487 0.3162
vn 0.9846 -0.1749 0.0035
vn -0.0775 -0.0425 -0.9961
vn 0.1165 0.0819 -0.9898
vn -0.9398 0.3417 -0.0000
vn -0.0657 0.9928 -0.1004
vn 0.0419 0.9761 -0.2132
vn -0.0000 0.9871 -0.1604
vn -0.2796 0.9477 -0.1540
vn -0.1406 0.9867 0.0817
vn 0.0513 0.9947 0.0889
vn 0.1925 0.9788 0.0695
vn 0.1885 0.9794 0.0727
vn 0.2326 0.9694 0.0789
vn 0.1846 0.9600 -0.2104
vn -0.0332 0.9981 0.0525
vn 0.0015 0.9973 -0.0741
vn 0.0722 0.9630 -0.2597
vn -0.0000 0.0696 0.9976
vn 0.1896 0.0693 0.9794
vn -0.1644 0.9864 -0.0000
vn -0.0912 0.6415 -0.7617
vn -0.0333 0.9991 -0.0268
vn -0.0191 0.9998 -0.0013
vn -0.0551 0.9929 -0.1051
vn 0.9756 -0.0386 -0.2162
vn -0.0161 0.8838 0.4677
vn -0.4115 0.8840 0.2220
vn -0.3999 0.8822 -0.2486
vn 0.1835 0.4852 -0.8550
vn -0.2461 0.3055 -0.9198
vn -0.2735 0.6750 -0.6853
vn -0.2286 -0.0000 -0.9735
vn -0.4643 -0.0000 -0.8857
vn 0.9169 0.3675 -0.1554
vn 0.8341 0.5342 -0.1375
vn 0.5344 0.5352 0.6542
vn 0.5542 0.6328 0.5409
vn 0.0377 0.9992 0.0126
vn 0.0703 0.9231 -0.3780
vn -0.0754 0.9807 0.1805
vn -0.2163 0.9646 0.1507
vn 0.0176 0.9886 0.1496
vn 0.1107 0.9936 0.0235
vn 0.1068 0.9808 -0.1634
vn -0.0063 0.9810 -0.1941
vn 0.1557 0.9860 0.0600
vn 0.1547 0.9745 0.1623
vn -0.1079 0.9882 0.1083
vn -0.1125 0.9870 0.1149
vn -0.0051 0.9779 0.2088
vn -0.1024 0.9828 0.1536
vn 0.1849 0.9817 0.0460
vn 0.0412 0.9855 0.1649
vn 0.0515 0.9939 -0.0974
vn 0.2209 0.9750 0.0229
vn 0.0140 0.9801 -0.1978
vn 0.0232 0.9889 -0.1468
vn 0.0273 0.9972 0.0703
vn 0.0305 0.9995 0.0007
vn 0.0545 0.9974 -0.0468
vn -0.0461 0.9832 -0.1767
vn 0.0550 0.4092 -0.9108
vn 0.6059 -0.2554 0.7534
vn 0.4538 -0.5055 0.7338
vn 0.0701 0.9973 0.0234
vn 0.0624 0.9979 -0.0156
vn -0.0546 0.9977 -0.0390
vn -0.0000 0.9981 -0.0609
vn -0.0623 0.9976 -0.0317
vn -0.0856 0.9962 -0.0156
vn -0.0207 0.9998 -0.0079
vn -0.0623 0.9976 -0.0312
vn 0.0354 0.9981 -0.0504
vn -0.7916 0.5595 -0.2457
vn -0.0000 -0.9915 0.1298
vn 0.0194 -0.9908 0.1341
vn -0.0000 -0.9845 0.1753
vn 0.8386 -0.4553 0.2992
vn 0.0685 0.9837 -0.1664
vn -0.7669 0.1978 0.6105
vn 0.2107 0.0566 0.9759
vn -0.7505 0.0413 0.6596
vn -0.9519 0.0433 -0.3034
vn -0.2315 0.0385 -0.9721
vn -0.2729 0.1927 -0.9425
vn -0.9527 -0.0108 -0.3036
vn 0.5190 0.2393 -0.8206
vn 0.2887 0.2848 -0.9141
vn 0.5087 -0.0000 -0.8609
vn -0.0498 0.9941 -0.0960
vn -0.0574 0.9911 -0.1204
vn -0.1514 0.9687 -0.1968
vn 0.0083 0.9800 -0.1986
vn -0.1543 0.9873 -0.0369
vn -0.2309 0.4959 0.8371
vn -0.1435 0.9857 -0.0887
vn -0.0417 0.8136 -0.5800
vn 0.4553 0.0073 -0.8903
vn 0.0277 0.0007 -0.9996
vn -0.3471 -0.0000 -0.9378
vn -0.3471 0.0008 -0.9378
vn -0.1713 -0.0047 -0.9852
vn -0.2637 0.6503 -0.7124
vn 0.2817 0.7911 -0.5429
vn 0.4156 0.7917 -0.4477
vn 0.2128 0.8022 -0.5578
vn 0.1299 0.9048 -0.4056
vn -0.1619 0.3276 -0.9308
vn -0.3355 0.3157 -0.8876
vn 0.1670 0.9717 0.1670
vn -0.1597 0.9742 0.1597
vn -0.5998 0.6456 0.4727
vn -0.3670 0.9292 0.0436
vn 0.4366 -0.1017 -0.8939
vn -0.8729 -0.0976 -0.4780
vn -0.7028 -0.1098 0.7028
vn -0.7854 -0.0000 0.6190
vn -0.6178 -0.0000 0.7863
vn -0.3239 -0.0000 0.9461
vn -0.1121 0.9913 -0.0685
vn 0.1272 0.9888 0.0778
vn 0.7882 -0.0000 -0.6154
vn 0.4961 -0.0000 0.8682
vn -0.9665 -0.0000 -0.2567
vn 0.8624 0.0735 0.5008
vn -0.8624 0.0735 0.5008
vn -0.1738 -0.0000 0.9848
vn -0.2484 -0.0212 0.9684
vn -0.3817 0.8939 0.2349
vn -0.0461 0.5690 0.8211
vn 0.1758 0.0527 0.9830
vn 0.0014 0.2781 0.9606
vn -0.0945 0.8171 0.5686
vn 0.0639 0.9980 0.0016
vn -0.1228 0.9924 -0.0106
vn -0.0559 -0.9873 0.1486
vn -0.9989 0.0386 -0.0258
vn -0.4751 0.1432 -0.8682
vn -0.4511 0.3187 -0.8336
vn -0.9491 0.3142 -0.0245
vn -0.9875 0.1542 -0.0326
vn 0.9372 0.3480 0.0242
vn 0.9239 0.3826 -0.0071
vn 0.0888 -0.0474 -0.9949
vn -0.0242 -0.0267 -0.9994
vn 0.6851 -0.7281 0.0205
vn 0.4893 -0.8720 0.0157
vn 0.1334 -0.9910 0.0043
vn -0.1104 -0.9939 -0.0026
vn -0.5104 -0.8599 -0.0120
vn -0.6849 -0.7284 -0.0177
vn 0.0208 -0.0238 -0.9995
vn -0.0470 -0.9877 -0.1489
vn -0.0312 0.9995 -0.0010
vn 0.0312 0.9995 0.0010
vn 0.1241 0.9923 0.0038
vn 0.9963 -0.0000 0.0863
vn -0.9113 -0.0304 0.4107
vn -0.5393 0.7991 -0.2655
vn -0.9958 0.0786 -0.0459
vn -0.9959 0.0786 0.0454
vn -0.6832 0.6974 0.2164
vn 0.3090 -0.9270 -0.2126
vn 0.3089 -0.9266 0.2145
vn -0.9015 0.0477 -0.4301
vn -0.9037 0.0397 0.4264
vn -0.2729 0.0747 -0.9591
vn -0.2734 0.0573 0.9602
vn -0.1257 0.8638 -0.4878
vn -0.2701 0.0711 -0.9602
vn -0.6154 0.6593 0.4320
vn -0.6389 0.6465 0.4170
vn -0.0637 0.9720 -0.2263
vn -0.3719 0.9283 0.0029
vn -0.0758 0.9638 0.2554
vn -0.5873 0.5719 0.5727
vn -0.3286 0.8678 0.3728
vn -0.2340 0.9648 0.1202
vn 0.0108 0.9992 0.0385
vn -0.0000 0.9911 -0.1333
vn 0.2509 0.9660 -0.0624
vn -0.8057 0.3725 0.4604
vn -0.8656 -0.0543 -0.4977
vn -0.8655 0.0541 -0.4980
vn 0.8526 0.1532 -0.4995
vn -0.0000 0.1468 -0.9892
vn -0.8566 0.1534 -0.4926
vn 0.2923 0.3527 -0.8889
vn -0.1229 0.2210 -0.9675
vn 0.0744 0.3834 -0.9206
vn 0.0887 0.3281 -0.9405
vn -0.1062 0.4443 -0.8895
vn -0.1326 0.2223 -0.9659
vn 0.1498 -0.0000 -0.9887
vn -0.0618 -0.0000 -0.9981
vn 0.0621 -0.1518 -0.9865
vn -0.0000 0.9896 -0.1438
vn -0.8526 0.1532 0.4995
vn 0.8051 0.3709 0.4629
vn -0.8526 0.1532 -0.4995
vn 0.8051 0.3709 -0.4629
vn -0.2817 0.3975 -0.8733
vn -0.4141 0.4525 -0.7898
vn -0.6411 0.7032 -0.3075
vn -0.6251 0.0231 -0.7802
vn -0.3947 -0.0379 -0.9180
vn 0.0893 0.3129 0.9456
vn 0.4283 0.3297 0.8413
vn 0.6203 0.3256 0.7136
vn -0.6952 0.4681 -0.5455
vn -0.7157 0.5636 -0.4125
vn -0.4475 0.4016 -0.7990
vn -0.1048 0.9945 -0.0077
vn 0.1175 0.9916 -0.0538
vn -0.4683 -0.0179 -0.8834
vn 0.1062 0.9805 0.1651
vn -0.7225 -0.0000 -0.6914
vn -0.5411 -0.0000 -0.8410
vn -0.6237 0.7017 -0.3445
vn -0.7932 0.4447 -0.4161
vn -0.5370 0.5235 -0.6615
vn -0.6223 0.3525 -0.6989
vn -0.5964 0.4225 -0.6825
vn 0.1277 0.9843 0.1222
vn 0.7854 -0.0000 0.6190
vn 0.0758 0.9891 -0.1264
vn -0.7882 -0.0000 -0.6154
vn -0.2046 0.9691 -0.1380
vn -0.2760 0.9199 -0.2787
vn -0.3239 0.9134 -0.2465
vn -0.2979 0.8904 -0.3441
vn -0.0492 0.9779 0.2032
vn -0.1283 0.9817 -0.1405
vn -0.2087 0.9706 -0.1203
vn -0.1098 0.4963 0.8611
vn -0.0667 0.2120 0.9750
vn -0.2018 0.3902 0.8983
vn -0.2557 0.3028 0.9181
vn -0.2405 0.3160 0.9178
vn -0.1708 0.8887 0.4254
vn -0.0213 -0.0000 0.9998
vn -0.0860 -0.0000 0.9963
vn -0.2017 -0.0000 0.9795
vn 0.3209 -0.0000 0.9471
vn 0.2567 0.9660 -0.0302
vn 0.1508 0.9138 0.3773
vn 0.3783 0.8611 0.3397
vn 0.3365 0.8125 0.4761
vn 0.4862 0.6623 0.5701
vn 0.5139 0.7875 0.3402
vn 0.3423 0.7766 0.5289
vn 0.3785 0.6730 0.6354
vn 0.0593 0.7224 0.6890
vn 0.0043 0.2589 0.9659
vn -0.0311 0.3925 0.9192
vn -0.2405 0.2080 0.9481
vn -0.2320 0.7899 0.5677
vn -0.2254 0.2245 0.9480
vn 0.0174 0.9974 0.0692
vn -0.2319 0.9685 0.0903
vn -0.4179 0.9077 0.0371
vn -0.8926 0.4506 0.0100
vn -0.2616 0.9638 0.0515
vn -0.8871 0.4430 0.1297
vn -0.1850 0.9606 -0.2075
vn -0.9959 0.0786 -0.0454
vn -0.3088 0.9264 0.2153
vn 0.3090 -0.9270 0.2126
vn -0.8406 0.4605 0.2851
vn -0.8418 0.5282 0.1115
vn -0.1932 0.9513 0.2401
vn -0.1932 0.9513 -0.2401
vn 0.4746 0.0037 0.8802
vn 0.4784 0.0830 0.8742
vn 0.4644 -0.1728 0.8686
vn 0.9844 0.1140 0.1338
vn 0.4416 0.3641 0.8200
vn -0.4808 0.3652 0.7972
vn 0.4059 0.5204 0.7513
vn -0.9458 0.2150 0.2435
vn -0.6834 0.2303 -0.6928
vn 0.2623 0.2323 -0.9366
vn -0.2630 0.2196 0.9395
vn -0.7019 0.0326 -0.7115
vn 0.2685 0.0314 -0.9628
vn 0.9671 0.0416 -0.2511
vn 0.6968 0.0409 0.7161
vn 0.0037 1.0000 -0.0066
vn 0.1380 0.9895 0.0422
vn 0.0527 0.9985 0.0177
vn 0.0483 0.9986 -0.0224
vn 0.0301 0.9985 -0.0460
vn -0.0012 0.9999 -0.0103
vn -0.0856 0.9956 -0.0389
vn -0.0665 0.9969 -0.0425
vn -0.0156 0.9965 -0.0827
vn -0.0389 0.9956 -0.0856
vn -0.0243 0.9993 -0.0281
vn -0.4985 -0.0000 0.8669
vn -0.5063 -0.0000 0.8623
vn -0.3629 -0.0789 0.9285
vn -0.2829 -0.0659 0.9569
vn -0.1126 -0.0886 0.9897
vn -0.0848 -0.3047 0.9487
vn -0.5452 -0.0616 0.8360
vn -0.5679 -0.1692 0.8055
vn -0.3434 0.2051 0.9165
vn -0.4320 0.6683 0.6056
vn -0.4228 0.2044 0.8829
vn -0.4494 0.2562 0.8558
vn -0.4734 0.1686 0.8646
vn -0.3002 0.3301 0.8949
vn 0.1573 0.9834 0.0907
vn 0.1789 -0.0000 0.9839
vn 0.4061 -0.0000 0.9138
vn 0.1738 -0.0000 0.9848
vn 0.5680 -0.4131 0.7119
vn -0.2618 0.1913 0.9460
vn 0.4057 0.8874 0.2190
vn 0.0484 0.9988 0.0064
vn -0.0029 0.9989 0.0464
vn -0.8641 0.0402 -0.5017
vn -0.8618 -0.0580 -0.5038
vn 0.8648 0.0395 -0.5006
vn 0.8618 -0.0580 0.5038
vn 0.6512 0.4090 0.6393
vn -0.6907 0.4009 -0.6019
vn 0.0956 0.4767 -0.8738
vn 0.7200 0.5119 -0.4686
vn -0.4347 0.4523 0.7788
vn -0.9103 0.3870 0.1469
vn 0.5597 0.5176 0.6472
vn -0.0000 0.5377 0.8432
vn 0.5444 0.5823 0.6038
vn 0.2441 0.4816 -0.8417
vn 0.6410 0.4488 -0.6227
vn 0.7653 0.3556 0.5365
vn -0.0000 0.3321 0.9432
vn 0.6179 0.7858 0.0261
vn 0.6551 0.6777 -0.3340
vn 0.8980 0.3992 -0.1850
vn 0.6706 0.7388 -0.0675
vn 0.4922 0.8697 -0.0358
vn 0.9954 -0.0000 -0.0956
vn 0.9871 -0.1283 -0.0958
vn 0.3371 0.7192 -0.6076
vn -0.9811 -0.0000 -0.1933
vn -0.9811 -0.0000 0.1933
vn -0.9771 0.0160 0.2122
vn -0.9756 0.0413 0.2158
vn -0.9576 0.1651 0.2360
vn 0.9789 -0.0111 0.2042
vn 0.9738 -0.0420 0.2236
vn 0.9586 -0.1692 0.2292
vn -0.9771 0.0160 -0.2122
vn -0.9756 0.0413 -0.2158
vn -0.9576 0.1651 -0.2360
vn 0.9789 -0.0111 -0.2042
vn 0.9738 -0.0420 -0.2236
vn 0.9586 -0.1692 -0.2292
vn -0.9440 -0.3024 -0.1324
vn 0.1638 0.9863 0.0176
vn 0.8027 0.4701 0.3670
vn 0.7230 0.6235 0.2976
vn 0.6402 0.7044 0.3065
vn 0.7253 0.6046 0.3292
vn 0.7401 0.5994 0.3048
vn 0.6137 0.6943 0.3760
vn 0.5719 0.7359 0.3624
vn 0.6859 0.5863 0.4310
vn 0.7023 0.5051 0.5016
vn 0.6208 0.6126 0.4891
vn 0.3314 0.7875 0.5196
vn 0.3191 0.9076 0.2729
vn 0.3191 0.9076 -0.2729
vn 0.3314 0.7875 -0.5196
vn 0.4118 0.8786 -0.2418
vn 0.4393 0.7663 -0.4688
vn 0.8428 -0.4981 -0.2039
vn -0.1792 -0.7487 0.6383
vn -0.2275 -0.8164 -0.5309
vn 0.3153 -0.8520 0.4180
vn -0.1209 0.8347 -0.5374
vn -0.0805 0.9561 -0.2817
vn -0.1209 0.8347 0.5374
vn -0.0805 0.9561 0.2817
vn 0.3173 -0.1662 -0.9337
vn 0.3621 -0.0266 0.9318
vn 0.0049 -0.1928 0.9812
vn 0.0526 0.9562 0.2879
vn 0.0784 0.9241 0.3739
vn 0.1285 0.8990 0.4187
vn 0.1415 0.8429 0.5192
vn 0.0738 0.7450 0.6630
vn 0.1951 0.9728 0.1249
vn 0.1317 0.9618 0.2401
vn -0.8434 0.4301 0.3219
vn 0.2226 0.4814 0.8478
vn 0.1459 0.4471 0.8825
vn -0.0028 0.2103 0.9776
vn -0.1542 0.4599 0.8745
vn -0.0451 0.4453 0.8942
vn 0.0610 0.2096 0.9759
vn -0.0451 0.3560 0.9334
vn -0.0732 0.4460 0.8920
vn -0.0622 0.4645 0.8834
vn 0.0205 0.3086 0.9510
vn -0.1210 0.2901 0.9493
vn -0.0644 0.2503 0.9660
vn 0.0441 0.2916 0.9555
vn -0.0860 0.3841 0.9193
vn -0.2373 0.4279 0.8721
vn -0.1830 0.2312 0.9555
vn -0.1533 0.2092 0.9658
vn -0.0981 0.6242 0.7751
vn 0.0652 0.6771 0.7330
vn -0.0693 0.2254 0.9718
vn 0.0935 0.3063 0.9473
vn -0.0083 0.2046 0.9788
vn 0.1250 0.5715 0.8110
vn -0.1084 0.6756 0.7293
vn -0.0069 0.2263 0.9740
vn -0.1479 0.3197 0.9359
vn -0.0541 0.2124 0.9757
vn -0.1959 0.6253 0.7554
vn 0.0946 0.2044 0.9743
vn 0.1108 0.4793 0.8706
vn -0.6312 0.4015 0.6636
vn -0.7454 0.6629 -0.0705
vn -0.2310 0.5622 -0.7941
vn 0.6713 0.3144 -0.6713
vn 0.9201 0.3140 0.2342
vn 0.3351 -0.9100 -0.2441
vn -0.3409 -0.9085 -0.2418
vn 0.9932 -0.1120 -0.0307
vn 0.9385 -0.3355 -0.0817
vn -0.9402 -0.3286 -0.0901
vn -0.9931 -0.1130 -0.0301
vn 0.9390 -0.3324 -0.0885
vn 0.3474 -0.9043 -0.2480
vn -0.3440 -0.9055 -0.2483
vn -0.9431 -0.3211 -0.0861
vn -0.5441 0.1199 0.8304
vn -0.4242 -0.6282 0.6522
vn -0.9917 0.1258 -0.0263
vn -0.4966 0.1209 -0.8595
vn -0.7743 -0.6325 -0.0206
vn -0.3860 -0.6333 -0.6708
vn 0.5699 0.8057 0.1613
vn 0.6649 0.7459 0.0389
vn 0.6086 0.7927 -0.0344
vn 0.9825 -0.1062 -0.1528
vn 0.8233 0.5545 -0.1213
vn 0.5114 0.8523 -0.1100
vn 0.7904 0.6101 -0.0544
vn 0.5513 0.8320 0.0625
vn 0.7177 0.6963 -0.0081
vn 0.6997 0.7088 -0.0897
vn 0.7569 0.5889 0.2833
vn 0.7129 0.6880 0.1357
vn 0.7221 0.6802 0.1258
vn 0.7314 0.6763 0.0872
vn 0.8047 0.5895 -0.0705
vn 0.6593 0.7484 -0.0724
vn 0.3955 0.9182 0.0206
vn 0.5238 0.0338 -0.8512
vn 0.5183 0.0067 -0.8552
vn 0.9998 0.0196 0.0028
vn -0.9994 0.0334 0.0048
vn -0.1261 0.4733 -0.8718
vn 0.1204 0.6903 -0.7134
vn 0.1886 0.7967 -0.5742
vn 0.1660 0.8324 -0.5287
vn 0.1787 0.8018 -0.5703
vn 0.0133 0.7438 -0.6683
vn 0.2341 0.7541 -0.6136
vn 0.2883 0.8092 -0.5119
vn 0.2854 0.6473 0.7068
vn -0.2854 0.6473 0.7068
vn -0.1275 0.9832 0.1303
vn -0.1496 0.9439 0.2945
vn -0.0773 0.9898 0.1193
vn 0.6737 0.4264 0.6035
vn 0.2049 0.9317 0.2999
vn 0.1232 0.9765 0.1769
vn 0.1917 0.9774 0.0892
vn 0.4542 0.8603 0.2315
vn 0.5593 0.8257 0.0727
vn 0.9514 0.2400 0.1930
vn 0.9060 0.0892 -0.4138
vn 0.2303 -0.0076 0.9731
vn 0.3999 -0.0000 0.9165
vn 0.4635 0.1895 0.8656
vn 0.4809 0.1655 0.8610
vn -0.0662 0.7823 0.6194
vn -0.1439 0.7414 0.6554
vn -0.0201 0.8019 0.5971
vn -0.0790 0.7687 0.6347
vn 0.0719 0.7168 0.6936
vn -0.7469 0.5673 -0.3469
vn -0.9270 0.1405 -0.3476
vn -0.0000 0.1240 0.9923
vn -0.0000 -0.1789 0.9839
vn -0.9959 -0.0441 -0.0793
vn -0.9954 -0.0005 -0.0961
vn -0.0154 0.9833 0.1811
vn -0.0467 0.9960 0.0768
vn -0.0408 0.9891 0.1415
vn -0.0531 0.9715 0.2310
vn -0.0620 0.9980 0.0123
vn -0.0433 0.9990 0.0123
vn 0.0357 0.9989 0.0295
vn 0.0563 0.9981 0.0254
vn 0.0222 0.9994 -0.0260
vn 0.0923 0.9790 0.1818
vn -0.1009 0.9934 0.0543
vn -0.0156 0.9962 0.0856
vn 0.0856 0.9958 -0.0311
vn -0.0004 0.9999 0.0153
vn 0.0501 0.9975 0.0490
vn 0.0545 0.9970 -0.0545
vn 0.1348 0.9909 -0.0045
vn 0.2540 0.9658 -0.0528
vn -0.0545 0.9974 0.0468
vn 0.0234 0.9995 0.0234
vn 0.0586 0.9982 0.0084
vn 0.0364 0.9993 -0.0014
vn 0.0698 0.9932 0.0934
vn 0.0855 0.9947 -0.0573
vn 0.0234 0.9973 0.0701
vn -0.0076 0.9947 -0.1029
vn 0.0881 0.9102 -0.4047
vn 0.0620 0.9922 -0.1085
vn -0.0466 0.9941 -0.0982
vn 0.0233 0.9961 -0.0856
vn 0.0078 0.9963 -0.0856
vn 0.8054 0.4866 0.3386
vn 0.3345 0.4778 0.8123
vn 0.0078 0.9998 0.0156
vn 0.0078 0.9949 -0.1010
vn 0.0156 0.9994 0.0312
vn 0.0156 0.9984 -0.0546
vn -0.1007 0.9919 -0.0775
vn -0.0078 0.9985 -0.0546
vn 0.0234 0.9997 0.0078
vn 0.1240 0.9922 -0.0155
vn -0.3920 -0.0859 -0.9160
vn -0.1224 0.9852 -0.1198
vn 0.1433 -0.0935 -0.9853
vn -0.8272 -0.1077 0.5515
vn 0.8254 -0.1162 -0.5525
vn 0.9731 -0.1140 -0.2001
vn 0.7866 -0.3221 -0.5268
vn 0.9227 -0.3355 -0.1898
vn -0.1684 -0.3369 0.9264
vn -0.5231 -0.3329 0.7846
vn -0.7881 -0.3359 0.5158
vn 0.8507 -0.0168 0.5254
vn 0.9398 0.0638 -0.3357
vn 0.9229 0.0295 0.3839
vn 0.3822 0.0313 0.9236
vn -0.3822 0.0313 -0.9236
vn 0.3822 0.0313 -0.9236
vn 0.9236 0.0313 -0.3822
vn 0.3797 0.1428 -0.9140
vn -0.9294 -0.0688 0.3627
vn -0.9320 -0.0722 -0.3551
vn 0.8651 -0.0855 -0.4943
vn 0.8593 0.0776 0.5055
vn -0.8507 -0.0168 0.5254
vn -0.8507 -0.0168 -0.5254
vn 0.8590 0.0825 -0.5053
vn -0.1239 0.9912 0.0465
vn -0.0534 0.9910 0.1225
vn -0.1618 0.9861 0.0385
vn -0.1540 0.9856 0.0693
vn -0.0544 0.9955 0.0778
vn -0.0088 0.9999 -0.0102
vn -0.0137 0.9999 0.0084
vn -0.0111 0.9999 -0.0082
vn -0.7078 0.6418 0.2953
vn -0.6333 0.7204 0.2827
vn -0.6385 0.6604 0.3951
vn -0.5610 0.7608 0.3263
vn -0.5658 0.6640 0.4889
vn -0.4279 0.6381 0.6401
vn -0.2848 0.7814 0.5553
vn -0.3901 0.6521 0.6501
vn -0.4137 0.7061 0.5747
vn -0.4826 0.7800 0.3984
vn -0.8116 0.3156 0.4916
vn -0.7243 0.3284 0.6062
vn -0.4615 0.3496 0.8154
vn -0.0109 0.9702 0.2419
vn 0.0271 0.9844 0.1739
vn -0.0417 0.9895 0.1386
vn -0.0403 0.9835 0.1763
vn -0.0123 0.9871 0.1598
vn -0.0435 0.9974 0.0572
vn 0.2356 0.9718 0.0107
vn -0.0170 0.9956 0.0922
vn -0.0157 0.9957 0.0916
vn 0.0156 0.9894 0.1446
vn 0.0236 0.9997 0.0069
vn 0.0359 0.9992 0.0200
vn 0.0890 0.9905 0.1045
vn 0.0949 0.9951 0.0277
vn 0.1465 0.8930 0.4256
vn 0.1503 0.9159 0.3721
vn 0.0856 0.9962 -0.0156
vn 0.2653 0.9434 0.1990
vn 0.1182 0.9457 0.3029
vn 0.0186 0.9575 0.2879
vn 0.3504 0.9343 0.0657
vn 0.2953 0.9450 0.1403
vn 0.1230 0.9838 0.1307
vn -0.0289 0.9898 0.1392
vn 0.1872 0.9822 0.0123
vn 0.5743 0.6532 0.4935
vn 0.4195 0.6295 0.6541
vn 0.6052 0.5640 0.5618
vn 0.5969 0.5133 0.6166
vn 0.5752 0.5816 0.5752
vn 0.1323 0.9295 0.3443
vn 0.3279 0.4235 0.8445
vn 0.4023 0.3875 0.8294
vn 0.5544 0.1644 0.8159
vn -0.0025 1.0000 -0.0057
vn 0.3542 0.2270 0.9072
vn 0.2347 0.4223 0.8755
vn 0.2812 0.3041 0.9102
vn 0.4160 0.3281 0.8481
vn 0.5288 0.4395 0.7261
vn 0.5300 0.3915 0.7522
vn 0.4941 0.1921 0.8479
vn 0.0715 0.8599 0.5054
vn 0.2005 0.8756 0.4395
vn 0.6151 0.2958 0.7309
vn 0.6391 0.1305 0.7580
vn 0.3529 0.4985 0.7918
vn 0.4020 0.3493 0.8464
vn 0.4178 0.1554 0.8952
vn -0.0395 0.5524 0.8326
vn 0.1351 0.3692 0.9195
vn 0.1281 0.1696 0.9772
vn -0.1586 0.7142 0.6818
vn -0.3357 0.3368 0.8797
vn -0.3554 0.1586 0.9212
vn 0.3315 0.8041 0.4935
vn 0.2482 0.2280 0.9415
vn 0.1735 0.1694 0.9702
vn 0.1896 0.6453 0.7400
vn 0.0521 0.4304 0.9011
vn 0.5812 0.4353 0.6876
vn -0.6462 -0.0661 -0.7603
vn -0.6342 -0.0670 0.7703
vn -0.6226 0.0791 0.7785
vn -0.5828 -0.7469 0.3201
vn -0.0000 0.1155 -0.9933
vn -0.9825 -0.1062 0.1528
vn -0.9898 0.0819 0.1165
vn 0.8618 -0.0580 -0.5038
vn 0.9997 -0.0182 0.0152
vn 0.9998 -0.0161 -0.0134
vn 0.0031 0.9994 0.0344
vn -0.0634 -0.9980 -0.0000
vn -0.0000 0.1164 0.9932
vn -0.0000 0.3291 0.9443
vn -0.6219 -0.6661 0.4118
vn -0.8637 -0.1754 -0.4726
vn -0.0223 0.7033 -0.7105
vn 0.5954 0.7750 0.2120
vn 0.6892 0.6762 0.2604
vn 0.3050 0.2411 0.9213
vn 0.4689 -0.0645 0.8809
vn 0.8675 0.0404 -0.4957
vn 0.7743 -0.6325 0.0194
vn 0.0512 -0.0475 -0.9976
vn 0.0312 0.9991 -0.0276
vn 0.9896 0.1158 -0.0860
vn -0.9478 0.2962 -0.1179
vn -0.1498 0.9586 -0.2420
vn -0.3735 0.8036 -0.4633
vn -0.5537 0.8318 0.0388
vn -0.3513 0.9234 -0.1545
vn -0.2636 0.9581 -0.1120
vn -0.2674 0.9624 -0.0482
vn -0.2581 0.9650 0.0468
vn -0.2063 0.9639 -0.1685
vn -0.1861 0.9808 -0.0577
vn -0.2075 0.9622 -0.1766
vn -0.3621 0.9274 -0.0942
vn -0.3481 0.9374 -0.0127
vn -0.3537 0.9340 0.0509
vn -0.5071 0.6786 0.5314
vn -0.5348 0.8430 0.0583
vn -0.3673 0.9010 -0.2310
vn -0.3526 0.8617 -0.3648
vn -0.6812 0.7321 -0.0038
vn -0.0688 0.9910 -0.1147
vn 0.1528 0.9882 0.0121
vn 0.1813 -0.0119 -0.9834
vn -0.8849 0.4503 -0.1188
vn -0.9986 -0.0325 -0.0410
vn 0.3939 -0.0164 -0.9190
vn -0.1048 0.9945 0.0078
vn -0.0035 -0.0313 -0.9995
vn -0.9389 0.3343 -0.0821
vn -0.2538 0.9578 -0.1347
vn -0.1500 0.9879 0.0386
vn -0.2133 0.9770 0.0050
vn -0.1123 0.9613 -0.2518
vn -0.0000 0.9381 -0.3464
vn 0.1153 0.9837 -0.1383
vn -0.9058 0.4175 -0.0718
vn -0.9045 0.4255 0.0272
vn -0.8608 0.5084 0.0259
vn -0.9029 0.3376 0.2660
vn -0.9395 0.3361 -0.0661
vn -0.3849 -0.3221 0.8649
vn -0.0552 0.9960 0.0708
vn -0.0000 0.1240 -0.9923
vn -0.9837 -0.1001 0.1497
vn -0.9898 0.0819 0.1164
vn 0.1195 0.9922 0.0359
vn -0.9435 -0.0000 -0.3315
vn 0.0221 0.7896 0.6133
vn -0.2885 0.3168 0.9035
vn -0.3829 0.3737 0.8448
vn -0.1567 0.8676 0.4719
vn -0.5602 0.2472 0.7906
vn -0.7205 0.2833 0.6330
vn -0.2304 0.8305 0.5071
vn -0.0274 0.9719 0.2338
vn 0.0896 0.9443 -0.3167
vn 0.0159 0.9722 0.2338
vn -0.0620 0.9914 -0.1149
vn 0.8177 0.4652 0.3391
vn 0.3396 0.4651 0.8175
vn -0.8175 0.4651 -0.3396
vn 0.1700 0.8253 -0.5384
vn 0.9885 -0.0870 -0.1239
vn 0.0441 0.9889 -0.1416
vn -0.0870 0.5245 -0.8469
vn 0.1382 0.6127 -0.7781
vn 0.3009 0.7035 -0.6439
vn 0.2009 0.6712 -0.7135
vn 0.1896 0.6261 -0.7563
vn 0.1129 0.6622 -0.7408
vn 0.2869 0.6063 -0.7417
vn 0.2229 0.5649 -0.7945
vn 0.2981 0.4611 -0.8358
vn 0.8600 0.3084 -0.4065
vn -0.7882 0.1058 -0.6063
vn 0.7577 0.4553 0.4675
vn 0.2521 0.2022 0.9464
vn -0.8391 0.1910 0.5094
vn 0.4403 0.8800 0.1781
vn -0.0687 0.9956 -0.0641
vn 0.7266 0.1103 0.6782
vn -0.7071 -0.0093 0.7071
vn 0.7324 -0.0234 -0.6805
vn -0.0686 0.9953 0.0686
vn 0.7266 0.1103 -0.6782
vn -0.7064 -0.0094 -0.7077
vn 0.7324 -0.0234 0.6805
vn 0.9994 0.0334 0.0048
vn -0.6280 0.4390 -0.6426
vn -0.0237 0.9979 0.0609
vn 0.6212 0.4678 -0.6288
vn 0.5421 0.5859 0.6024
vn 0.6113 -0.4868 0.6240
vn 0.9710 0.0870 -0.2225
vn -0.6502 0.3601 0.6690
vn -0.2932 0.7862 0.5439
vn -0.5118 0.8323 -0.2129
vn -0.3191 0.6791 -0.6610
vn 0.8055 0.4479 0.3879
vn 0.2853 0.4828 0.8280
vn -0.2691 0.6243 0.7334
vn -0.5563 0.2284 0.7990
vn 0.9561 0.2419 0.1653
vn 0.4267 0.2994 0.8534
vn 0.1988 -0.1082 -0.9740
vn -0.0905 0.5188 0.8501
vn 0.5071 -0.1083 -0.8551
vn 0.0046 0.9961 -0.0881
vn 0.8983 -0.4392 0.0140
vn 0.7198 0.6855 -0.1098
vn -0.8851 0.4426 -0.1439
vn -0.8949 -0.4375 0.0883
vn -0.9162 -0.4008 -0.0022
vn -0.9078 -0.4161 -0.0526
vn -0.0544 0.9942 -0.0932
vn -0.0602 0.9979 -0.0234
vn -0.0592 0.9982 0.0124
vn -0.0742 0.9970 0.0234
vn 0.0487 0.9981 0.0390
vn -0.0468 0.9974 0.0545
vn 0.0742 0.9933 -0.0887
vn 0.9070 0.2973 0.2983
vn -0.9015 0.0530 -0.4295
vn 0.1779 0.2413 -0.9540
vn 0.3191 0.9477 0.0071
vn 0.9989 -0.0309 0.0354
vn 0.9991 0.0274 0.0329
vn 0.7546 0.6269 -0.1938
vn 0.7806 0.5629 -0.2717
vn 0.9929 0.0810 -0.0876
vn 0.9931 -0.0448 0.1087
vn 0.9926 -0.0100 0.1207
vn -0.0276 0.1176 0.9927
vn 0.5885 -0.7341 0.3387
vn 0.5992 -0.7444 -0.2946
vn 0.4307 -0.3082 -0.8483
vn 0.6590 -0.0659 -0.7493
vn 0.9216 -0.3877 0.0192
vn 0.2092 0.0561 0.9763
vn 0.3818 -0.3175 0.8680
vn 0.0214 -0.1087 -0.9938
vn 0.0444 -0.3414 -0.9389
vn 0.1061 -0.9423 -0.3176
vn 0.1975 -0.2786 0.9399
vn 0.0343 -0.0877 0.9956
vn 0.1621 -0.0879 0.9828
vn -0.2314 0.9724 0.0282
vn -0.1603 0.9869 -0.0204
vn -0.1839 0.9827 -0.0213
vn 0.0468 0.9981 -0.0404
vn 0.0402 0.9964 -0.0741
vn 0.0247 0.9944 -0.1026
vn 0.1839 -0.0899 0.9788
vn 0.1785 -0.3112 0.9334
vn 0.2878 -0.2901 0.9127
vn 0.3847 -0.2765 0.8807
vn 0.4550 -0.0786 0.8870
vn 0.4723 -0.1957 0.8594
vn 0.7095 0.5996 -0.3702
vn -0.3421 0.9257 0.1615
vn -0.2886 0.9518 0.1041
vn -0.2184 0.9739 0.0612
vn -0.1274 0.9917 0.0181
vn -0.0484 0.9988 0.0064
vn -0.0807 0.9773 -0.1959
vn -0.8799 -0.2823 0.3822
vn 0.5084 -0.2658 -0.8191
vn 0.9991 -0.0031 0.0422
vn 0.9989 0.0249 0.0400
vn 0.9966 0.0782 0.0256
vn -0.0252 -0.1873 0.9820
vn 0.9639 -0.2644 0.0315
vn -0.5290 -0.2615 0.8073
vn -0.0463 -0.3143 0.9482
vn -0.0124 -0.8823 0.4706
vn -0.0263 0.0443 0.9987
vn 0.0231 -0.3174 -0.9480
vn 0.0322 0.0348 -0.9989
vn 0.0130 -0.8759 -0.4823
vn 0.4615 -0.2620 0.8476
vn -0.1039 -0.1807 -0.9780
vn -0.3714 -0.9285 -0.0000
vn -0.5266 -0.3848 0.7580
vn 0.9873 -0.1002 -0.1234
vn 0.9990 0.0331 0.0305
vn 0.9996 0.0059 0.0294
vn -0.4830 -0.2604 -0.8360
vn -0.9506 0.3043 0.0619
vn -0.0276 0.9890 0.1454
vn -0.2226 0.9587 0.1770
vn -0.2148 0.9488 0.2315
vn -0.1237 0.9913 0.0457
vn -0.0534 0.9963 -0.0677
vn 0.0379 0.9879 -0.1503
vn 0.0653 0.9723 -0.2243
vn 0.9059 -0.4152 -0.0835
vn 0.8976 -0.4301 -0.0967
vn -0.0000 0.9842 0.1770
vn -0.8990 -0.4308 -0.0783
vn -0.1591 0.9587 0.2359
vn 0.1509 0.9834 -0.1005
vn -0.0850 0.9896 -0.1160
vn -0.1542 0.9872 -0.0411
vn -0.0914 0.9958 0.0078
vn 0.1837 0.9800 -0.0766
vn -0.2410 0.9705 0.0089
vn -0.3097 0.9250 -0.2202
vn 0.3925 0.3723 0.8410
vn 0.1266 0.4138 0.9015
vn -0.1899 0.4126 0.8909
vn 0.0629 0.4701 0.8804
vn 0.0470 0.4208 0.9060
vn -0.1448 0.9854 -0.0894
vn 0.0928 0.9783 -0.1853
vn 0.2883 0.0653 -0.9553
vn 0.8811 0.0370 -0.4716
vn 0.8607 0.2167 -0.4607
vn -0.2008 0.9521 0.2306
vn -0.1725 0.9599 0.2211
vn -0.1151 0.9819 0.1501
vn -0.3352 0.8582 0.3889
vn -0.1702 0.9475 0.2708
vn 0.7880 0.2099 -0.5788
vn 0.6177 0.6731 -0.4067
vn 0.5282 0.2737 -0.8038
vn -0.5406 0.5333 -0.6506
vn 0.2661 0.1349 -0.9545
vn -0.7071 -0.0057 0.7071
vn 0.7071 -0.0000 -0.7071
vn -0.6800 -0.0227 0.7329
vn -0.9955 0.0760 -0.0560
vn -0.9968 -0.0678 -0.0420
vn -0.3776 -0.3126 -0.8716
vn -0.1754 0.0802 -0.9812
vn 0.6294 -0.7769 -0.0177
vn -0.6385 -0.7689 0.0331
vn 0.1760 -0.7449 -0.6435
vn 0.7422 0.1179 0.6597
vn 0.6982 0.3455 0.6270
vn 0.3231 0.9008 0.2901
vn 0.7247 -0.1993 0.6596
vn -0.7283 -0.1324 -0.6723
vn 0.6051 -0.4128 -0.6808
vn -0.1201 0.9838 0.1330
vn 0.5624 -0.0905 -0.8219
vn 0.5812 0.0161 -0.8136
vn 0.5792 0.0833 -0.8109
vn 0.7191 -0.0144 -0.6947
vn -0.7352 -0.0679 0.6744
vn -0.7526 -0.0000 0.6585
vn -0.6677 0.0444 0.7431
vn -0.1420 0.9864 -0.0826
vn 0.1420 0.9864 -0.0826
vn 0.1432 -0.0935 0.9853
vn 0.4015 -0.0886 0.9116
vn -0.1208 0.9927 0.0038
vn 0.1446 0.9885 -0.0450
vn -0.1214 -0.0589 -0.9909
vn -0.0826 0.9864 0.1420
vn -0.2232 0.8362 0.5010
vn -0.3199 0.7908 0.5218
vn 0.0066 0.7988 0.6015
vn 0.1636 0.3718 0.9138
vn 0.3289 0.2874 0.8996
vn 0.0315 0.5106 0.8592
vn 0.0592 0.2977 0.9528
vn 0.1387 0.1653 0.9764
vn 0.1289 0.2609 0.9567
vn 0.0199 0.3516 0.9359
vn -0.0012 0.1592 0.9873
vn -0.0132 0.2566 0.9664
vn -0.0080 0.3638 0.9314
vn -0.3465 0.4632 0.8157
vn -0.3009 0.3417 0.8903
vn -0.3312 0.1546 0.9308
vn -0.3347 0.2474 0.9093
vn -0.3237 0.4030 0.8560
vn -0.3262 0.4132 0.8503
vn -0.3097 0.3531 0.8828
vn -0.3275 0.1651 0.9303
vn -0.3303 0.2558 0.9086
vn -0.3136 0.3679 0.8754
vn 0.0260 0.5099 0.8599
vn 0.8897 -0.0000 0.4566
vn -0.9767 0.0160 0.2139
vn -0.9752 0.0413 0.2176
vn -0.9571 0.1650 0.2381
vn 0.9785 -0.0111 0.2059
vn 0.9734 -0.0420 0.2254
vn 0.9581 -0.1691 0.2312
vn -0.0944 0.9955 0.0045
vn -0.1758 0.0033 0.9844
vn -0.1717 0.0034 -0.9852
vn -0.0079 0.9999 -0.0147
vn 0.0009 0.9999 0.0153
vn 0.0154 0.9999 -0.0024
vn -0.9378 0.0035 -0.3471
vn -0.9869 -0.0173 0.1605
vn -0.9835 0.0103 0.1806
vn -0.7558 0.5676 0.3264
vn -0.6594 0.7439 -0.1092
vn -0.7872 0.6153 0.0404
vn -0.6764 0.7358 0.0313
vn -0.7996 0.5851 0.1355
vn -0.6849 0.7200 0.1114
vn -0.9466 0.2810 0.1578
vn -0.9431 0.2830 0.1744
vn -0.1358 0.9869 0.0867
vn -0.2120 0.9738 0.0818
vn -0.1950 0.9794 0.0532
vn -0.1256 0.9912 0.0410
vn 0.0111 0.9659 -0.2586
vn -0.1720 0.9416 -0.2894
vn -0.2289 0.9179 -0.3240
vn -0.1904 0.9228 -0.3349
vn -0.1178 0.9391 -0.3228
vn -0.0814 0.9656 -0.2469
vn 0.1463 0.9019 -0.4063
vn -0.1363 0.8695 -0.4747
vn -0.2167 0.7928 -0.5696
vn -0.2450 0.7670 -0.5930
vn -0.1763 0.7842 -0.5949
vn 0.0174 0.8332 -0.5528
vn -0.2502 0.5125 0.8215
vn -0.3831 0.3361 0.8604
vn -0.1528 0.3692 0.9167
vn -0.2715 0.4831 0.8324
vn -0.3048 0.2350 0.9230
vn -0.2942 0.3532 0.8881
vn -0.3690 0.1943 0.9089
vn -0.3024 0.5958 0.7440
vn 0.0340 0.2912 0.9561
vn -0.0740 0.2357 0.9690
vn -0.0093 0.2966 0.9549
vn -0.0551 0.3027 0.9515
vn -0.1691 0.3378 0.9259
vn -0.1579 0.1528 0.9756
vn -0.0944 0.3471 0.9331
vn -0.1108 0.2494 0.9621
vn -0.3328 0.3631 0.8703
vn -0.1478 0.2633 0.9533
vn -0.2508 0.2761 0.9279
vn -0.2548 0.1913 0.9479
vn -0.2137 0.4726 0.8549
vn -0.1705 0.3660 0.9149
vn -0.0506 0.2739 0.9604
vn -0.0062 0.1760 0.9844
vn 0.0478 0.4930 0.8687
vn -0.0548 0.9853 -0.1617
vn 0.5633 -0.2464 -0.7887
vn 0.9652 -0.2454 0.0898
vn 0.5853 0.0631 -0.8083
vn 0.9926 0.0694 0.0993
vn -0.3596 -0.9242 -0.1282
vn 0.9595 0.2787 -0.0397
vn 0.9376 0.3284 -0.1143
vn 0.4484 0.8718 -0.1972
vn 0.9333 0.3576 -0.0313
vn 0.9358 0.3513 0.0307
vn 0.9815 0.1865 0.0438
vn -0.4012 0.8815 0.2490
vn 0.0303 0.9992 0.0243
vn 0.0139 0.4573 -0.8892
vn -0.1419 0.1959 0.9703
vn -0.2286 0.9437 -0.2390
vn 0.0701 0.9971 -0.0312
vn 0.0779 0.9965 -0.0311
vn 0.0156 0.9968 0.0779
vn 0.0312 0.9990 -0.0312
vn -0.0156 0.9998 0.0156
vn 0.0549 0.9757 -0.2120
vn -0.1324 0.9418 -0.3090
vn -0.2020 0.9578 -0.2042
vn 0.0156 0.9988 -0.0468
vn -0.2206 0.9109 -0.3487
vn -0.1219 0.9755 -0.1829
vn -0.0201 0.9996 0.0201
vn -0.1869 0.9531 -0.2380
vn -0.0288 0.9994 -0.0216
vn 0.1616 0.9810 -0.1073
vn 0.0156 0.9998 0.0156
vn -0.1691 0.9841 0.0538
vn -0.1195 0.9558 -0.2688
vn -0.2258 0.9636 0.1430
vn -0.1245 0.9747 -0.1854
vn -0.3629 0.9290 0.0719
vn -0.2757 0.9538 0.1192
vn 0.0491 0.9959 0.0755
vn -0.0216 0.9211 -0.3886
vn -0.1822 0.9715 -0.1518
vn -0.2093 0.9568 0.2018
vn -0.2263 0.9657 -0.1271
vn 0.0091 0.9865 -0.1632
vn -0.0565 0.9981 0.0234
vn -0.1841 0.9818 0.0460
vn -0.1164 0.9932 -0.0000
vn -0.0777 0.9950 -0.0622
vn -0.2763 0.9558 -0.1006
vn 0.0546 0.9985 -0.0000
vn 0.0278 0.9972 0.0694
vn -0.0382 0.9975 0.0595
vn -0.2336 0.9607 0.1498
vn 0.4957 0.7519 0.4346
vn 0.6348 0.6035 0.4825
vn 0.6523 0.6679 0.3585
vn 0.6683 0.6435 0.3733
vn 0.7323 0.6211 0.2793
vn 0.8326 0.5036 0.2306
vn 0.7008 0.6856 0.1969
vn 0.5618 0.6297 0.5366
vn -0.0018 0.9931 0.1171
vn 0.2033 0.7429 -0.6378
vn 0.4456 0.6610 -0.6038
vn -0.0234 0.9990 -0.0390
vn -0.0144 0.9994 -0.0312
vn 0.0389 0.9968 0.0701
vn -0.1236 0.9887 0.0850
vn -0.0383 0.9969 -0.0691
vn 0.0855 0.9949 0.0544
vn -0.0559 0.9984 -0.0000
vn -0.0467 0.9970 -0.0623
vn -0.0467 0.9972 0.0591
vn 0.8611 -0.0000 -0.5084
vn -0.5904 0.4547 0.6668
vn -0.5687 0.6974 0.4362
vn -0.6081 0.5103 0.6081
vn -0.6765 0.4526 0.5810
vn -0.5404 0.8282 -0.1485
vn -0.7196 0.5719 0.3939
vn -0.8629 0.4983 0.0838
vn -0.8363 0.5192 -0.1761
vn -0.7946 0.5684 -0.2132
vn -0.3175 0.8192 -0.4777
vn -0.6576 0.5560 -0.5084
vn -0.1123 0.9896 -0.0903
vn -0.2481 0.8200 -0.5158
vn -0.3335 0.4402 -0.8337
vn 0.4979 0.8328 -0.2420
vn -0.3397 0.5944 -0.7289
vn 0.0337 0.3945 -0.9183
vn 0.7619 0.2171 -0.6102
vn 0.6531 0.4205 -0.6298
vn 0.0080 0.9919 -0.1270
vn 0.3581 0.7657 -0.5343
vn 0.0077 0.9924 -0.1226
vn -0.1501 0.9743 -0.1680
vn 0.3244 0.9027 -0.2826
vn 0.5226 0.7773 -0.3502
vn 0.0714 0.9588 -0.2749
vn 0.0722 0.6800 0.7297
vn 0.4631 0.7313 0.5007
vn 0.4701 0.6152 0.6329
vn 0.8662 0.0681 -0.4950
vn 0.8628 0.0684 0.5010
vn 0.8583 -0.0599 0.5096
vn -0.7746 0.2823 -0.5660
vn -0.0137 0.2282 -0.9735
vn 0.7744 0.3172 -0.5475
vn 0.8475 0.2171 0.4843
vn -0.0000 0.1799 0.9837
vn -0.8536 0.1829 0.4878
vn -0.0429 0.4000 -0.9155
vn 0.7942 0.3680 0.4835
vn -0.6740 0.5311 -0.5135
vn -0.0631 0.4258 0.9026
vn 0.7774 0.3016 -0.5519
vn -0.8092 0.3688 0.4574
vn 0.0561 0.9572 -0.2839
vn -0.7027 0.1110 -0.7027
vn -0.7082 -0.0188 0.7057
vn 0.7057 -0.0188 0.7082
vn -0.7082 -0.0188 -0.7057
vn 0.4307 0.9018 -0.0342
vn 0.6800 0.6992 0.2208
vn 0.3850 0.6451 -0.6600
vn -0.6972 -0.4485 -0.5592
vn -0.6737 -0.6286 -0.3886
vn -0.7312 -0.3910 0.5590
vn -0.8364 -0.1731 0.5200
vn -0.8723 -0.1621 0.4613
vn -0.0500 0.7031 0.7094
vn -0.1118 0.7881 0.6053
vn 0.7016 0.6602 -0.2681
vn 0.7436 0.6670 -0.0465
vn 0.4689 -0.0645 -0.8809
vn 0.9585 0.1791 -0.2217
vn 0.4907 -0.0066 0.8713
vn -0.9939 0.1102 -0.0100
vn -0.2221 0.9726 -0.0684
vn -0.1010 0.9944 0.0311
vn -0.1916 0.9810 -0.0307
vn -0.6438 -0.0009 -0.7652
vn -0.7742 0.0060 -0.6329
vn -0.8255 -0.0024 -0.5645
vn -0.8895 -0.0036 -0.4569
vn -0.3934 0.8080 -0.4386
vn -0.4866 0.6618 -0.5703
vn -0.3665 0.8477 -0.3835
vn -0.5647 0.6806 -0.4668
vn -0.2778 0.8865 -0.3700
vn -0.5440 0.7192 -0.4322
vn -0.4775 0.8630 -0.1650
vn -0.5740 0.7507 -0.3271
vn -0.3759 0.9059 -0.1951
vn -0.6551 0.2937 -0.6961
vn -0.7763 0.2791 -0.5652
vn -0.8073 0.2779 -0.5206
vn -0.8763 0.2730 -0.3970
vn -0.1690 0.9832 -0.0691
vn -0.1305 0.9828 -0.1305
vn 0.7421 -0.0440 -0.6689
vn -0.7421 -0.0410 0.6690
vn 0.5382 0.8243 0.1755
vn 0.1212 0.8214 0.5573
vn -0.4103 0.8258 0.3868
vn -0.5466 0.8182 -0.1782
vn -0.1181 0.8234 -0.5550
vn 0.4283 0.8144 -0.3916
vn -0.6264 0.7788 -0.0328
vn -0.6505 0.7585 0.0374
vn -0.9441 -0.0885 0.3176
vn -0.9478 -0.2660 0.1755
vn -0.9835 0.0984 0.1521
vn -0.8545 0.0747 0.5141
vn 0.0210 0.9987 0.0461
vn 0.0297 0.9991 0.0291
vn 0.7905 0.5798 -0.1975
vn 0.8424 0.5022 -0.1954
vn 0.8386 0.3131 -0.4457
vn -0.8650 0.4961 -0.0752
vn -0.9936 0.0642 -0.0929
vn -0.0717 0.9844 -0.1607
vn -0.0373 0.4047 -0.9137
vn -0.4048 0.2971 -0.8648
vn -0.3880 0.3604 -0.8483
vn -0.1168 0.0044 -0.9931
vn -0.0312 0.9988 -0.0378
vn -0.0624 0.9978 -0.0223
vn -0.0310 0.9918 0.1240
vn -0.1457 0.9817 0.1227
vn -0.0311 0.9944 0.1010
vn -0.0614 0.9824 0.1765
vn -0.0846 0.9845 0.1538
vn -0.0948 0.9935 0.0624
vn 0.8497 0.5153 0.1120
vn 0.6019 0.1057 -0.7915
vn 0.9866 0.1091 0.1210
vn 0.5649 0.2398 -0.7895
vn 0.1076 0.9926 -0.0570
vn 0.0765 0.9964 -0.0365
vn -0.0165 0.9979 -0.0624
vn -0.1316 0.9910 -0.0232
vn -0.0624 0.9981 -0.0000
vn 0.0063 0.9925 -0.1219
vn -0.1153 0.9837 -0.1383
vn -0.0856 0.9963 -0.0078
vn 0.0214 0.9979 -0.0604
vn -0.0600 0.9959 -0.0677
vn -0.0513 0.1444 0.9882
vn -0.8751 0.1403 0.4633
vn -0.8322 0.1352 -0.5377
vn 0.0514 0.1323 -0.9899
vn 0.8833 0.1335 -0.4494
vn 0.8376 0.1427 0.5274
vn -0.9572 0.1734 0.2316
vn -0.6813 0.1862 -0.7080
vn 0.2790 0.1791 -0.9434
vn 0.9534 0.1749 -0.2460
vn 0.6733 0.1712 0.7192
vn -0.2790 0.1791 0.9434
vn -0.8891 0.0700 0.4523
vn 0.5300 0.2064 0.8225
vn -0.0205 0.9993 0.0324
vn 0.5163 0.8554 -0.0416
vn 0.8802 0.3218 0.3488
vn 0.5666 0.6788 0.4671
vn 0.8179 0.2895 0.4972
vn 0.8100 0.4595 0.3645
vn -0.5231 0.5113 0.6819
vn -0.8496 0.5153 -0.1120
vn -0.3382 0.4979 -0.7986
vn -0.9872 0.0994 -0.1244
vn -0.5879 0.2295 0.7757
vn -0.9685 0.2291 -0.0979
vn -0.0966 -0.0812 0.9920
vn -0.1297 0.0046 0.9915
vn 0.1286 -0.1052 0.9861
vn -0.1010 0.9948 0.0155
vn -0.1544 0.9880 -0.0000
vn -0.0701 0.9975 -0.0000
vn -0.0234 0.9995 0.0234
vn -0.0465 0.9912 0.1239
vn -0.0155 0.9901 0.1392
vn -0.0835 0.9719 -0.2202
vn -0.0933 0.9956 0.0078
vn -0.0856 0.9963 0.0078
vn -0.0234 0.9967 0.0779
vn 0.0077 0.9868 -0.1619
vn -0.0156 0.9994 0.0312
vn 0.0156 0.9998 0.0078
vn 0.0234 0.9967 0.0779
vn -0.0415 0.9943 0.0984
vn -0.0919 0.9801 -0.1761
vn -0.1010 0.9941 0.0388
vn -0.7785 -0.1310 -0.6139
vn -0.5374 -0.0724 -0.8402
vn -0.1682 -0.0460 -0.9847
vn -0.7572 -0.2800 -0.5901
vn -0.5444 -0.2882 -0.7878
vn -0.2076 -0.2836 -0.9362
vn -0.2350 -0.9323 -0.2750
vn -0.0906 -0.9013 -0.4236
vn 0.0859 -0.8982 -0.4312
vn 0.3182 -0.9401 0.1225
vn 0.2983 -0.9300 0.2149
vn 0.2178 -0.9287 0.3001
vn 0.1757 -0.9376 0.3001
vn 0.8028 -0.3082 0.5105
vn 0.6128 -0.3606 0.7032
vn 0.2746 -0.3333 0.9019
vn 0.0954 -0.3730 0.9229
vn 0.8250 -0.1171 0.5529
vn 0.6128 -0.1479 0.7762
vn 0.2173 -0.1168 0.9691
vn -0.1648 0.9852 0.0465
vn -0.1542 0.9834 0.0959
vn -0.1162 0.9901 0.0787
vn -0.1073 0.9900 0.0921
vn -0.5150 -0.1980 -0.8340
vn -0.7597 -0.2292 -0.6085
vn -0.9765 -0.1854 -0.1099
vn -0.6745 -0.4317 -0.5989
vn -0.9057 -0.4073 -0.1177
vn -0.2038 -0.9485 -0.2427
vn -0.2952 -0.9544 -0.0441
vn 0.3341 -0.9279 0.1656
vn 0.3676 -0.9275 -0.0681
vn 0.3596 -0.9296 -0.0806
vn 0.7578 -0.2317 0.6099
vn 0.9289 -0.2776 -0.2451
vn 0.8882 -0.3041 -0.3445
vn 0.7509 -0.0791 0.6557
vn 0.9669 0.0013 -0.2552
vn 0.9216 -0.0926 -0.3768
vn -0.0142 0.9999 0.0069
vn -0.0654 0.9978 -0.0065
vn -0.1594 0.9602 0.2295
vn -0.0893 0.9948 0.0487
vn -0.0370 0.9975 -0.0606
vn -0.0115 -0.9779 -0.2089
vn 0.0569 0.6345 0.7708
vn 0.3407 0.6607 0.6689
vn 0.5123 0.6297 0.5839
vn 0.5231 0.5451 0.6552
vn 0.1402 0.4314 0.8912
vn 0.4505 0.3334 0.8282
vn 0.4501 0.3358 0.8274
vn 0.4483 0.3325 0.8297
vn -0.1130 0.6250 -0.7724
vn -0.0740 0.6914 -0.7186
vn -0.0787 0.4732 -0.8775
vn -0.4480 0.6961 -0.5611
vn -0.3016 0.7101 -0.6362
vn -0.3574 0.4967 -0.7909
vn -0.5706 0.6931 -0.4405
vn -0.7029 0.5077 -0.4981
vn -0.6996 0.6780 -0.2255
vn -0.8336 0.5090 -0.2145
vn -0.7375 0.6749 -0.0254
vn -0.8646 0.5000 -0.0494
vn -0.6430 0.7648 0.0408
vn -0.7669 0.6404 0.0429
vn -0.8802 0.4581 0.1240
vn -0.7413 0.6184 0.2607
vn -0.8542 0.4452 0.2685
vn 0.0793 -0.0441 -0.9959
vn 0.0961 -0.0005 -0.9954
vn 0.1726 0.9801 0.0979
vn 0.0043 0.9832 0.1826
vn 0.0181 0.9998 0.0022
vn 0.1079 0.9935 -0.0359
vn 0.1211 0.9882 -0.0939
vn 0.1412 0.9866 -0.0820
vn -0.1896 0.0693 0.9794
vn -0.0571 0.9928 -0.1052
vn 0.9756 -0.0394 -0.2158
vn 0.8821 -0.0348 -0.4697
vn 0.0230 -0.0314 -0.9992
vn 0.0362 0.2134 -0.9763
vn 0.8613 0.2135 -0.4610
vn 0.5899 0.3729 0.7163
vn 0.0746 0.9742 -0.2128
vn -0.0230 0.9857 -0.1672
vn -0.0389 0.9836 -0.1762
vn -0.0583 0.9956 0.0738
vn 0.0222 0.9477 -0.3184
vn 0.0147 0.9399 -0.3410
vn -0.0402 0.9889 -0.1434
vn 0.2280 0.9726 -0.0456
vn 0.1384 0.9845 -0.1077
vn 0.0312 0.9988 -0.0390
vn 0.0078 1.0000 -0.0000
vn 0.0468 0.9988 -0.0156
vn -0.0546 0.9980 -0.0312
vn -0.0000 1.0000 -0.0061
vn 0.0312 0.9994 -0.0156
vn -0.0209 0.9994 -0.0260
vn -0.7577 0.5435 -0.3612
vn 0.8799 -0.2823 0.3822
vn 0.7548 -0.2714 0.5972
vn 0.0890 0.9779 -0.1890
vn -0.0532 0.9884 -0.1423
vn -0.1071 0.9821 -0.1548
vn 0.0371 0.7907 -0.6110
vn 0.0659 0.6848 -0.7257
vn -0.0833 0.6339 -0.7689
vn 0.0278 -0.0000 -0.9996
vn -0.1703 -0.0013 -0.9854
vn -0.0846 0.7810 -0.6188
vn -0.1544 0.7197 -0.6770
vn -0.1053 0.8159 -0.5685
vn -0.1586 0.6264 -0.7632
vn -0.2377 0.8268 -0.5097
vn -0.1807 0.8142 -0.5518
vn 0.1674 0.8193 0.5483
vn 0.9881 -0.0877 0.1266
vn -0.9140 -0.0902 0.3956
vn -0.1213 0.9852 -0.1213
vn 0.0885 0.9851 0.1476
vn 0.9049 -0.0618 -0.4211
vn -0.8557 0.1337 0.4999
vn 0.8546 0.1764 0.4884
vn -0.1738 0.0054 0.9848
vn -0.1789 0.0056 0.9839
vn -0.2479 -0.0387 0.9680
vn -0.2983 -0.0615 0.9525
vn -0.0431 0.4312 0.9012
vn 0.3320 0.2056 0.9206
vn -0.1832 0.9819 0.0480
vn 0.8732 0.4303 -0.2290
vn -0.3282 0.9163 0.2297
vn -0.3284 0.9167 -0.2277
vn 0.6641 -0.7172 -0.2113
vn 0.6638 -0.7169 0.2131
vn -0.8418 0.5282 -0.1115
vn -0.8710 0.4715 0.1377
vn -0.0834 0.8510 0.5186
vn 0.8047 0.3721 0.4627
vn 0.8656 -0.0543 -0.4977
vn 0.7944 0.3811 -0.4729
vn -0.8057 0.3725 -0.4604
vn 0.8540 0.1535 0.4971
vn 0.8655 0.0541 0.4980
vn 0.8655 -0.0541 0.4980
vn -0.8655 0.0541 0.4980
vn -0.8656 -0.0543 0.4977
vn -0.7944 0.3811 0.4729
vn -0.7944 0.3811 -0.4729
vn 0.8566 0.1534 -0.4926
vn 0.0998 0.4996 0.8605
vn 0.3959 0.4424 0.8047
vn 0.6033 0.4053 0.6868
vn 0.0928 0.3219 0.9422
vn 0.0924 0.3322 0.9387
vn 0.4271 0.3352 0.8398
vn 0.4277 0.3319 0.8408
vn -0.0035 -0.0313 0.9995
vn 0.1813 -0.0119 0.9834
vn -0.1413 0.9879 0.0647
vn 0.3855 -0.0162 0.9226
vn -0.0361 0.9696 0.2421
vn -0.7682 -0.0000 -0.6402
vn -0.8179 0.0963 -0.5673
vn -0.4060 0.5324 -0.7428
vn -0.5105 0.3328 -0.7929
vn -0.5127 0.3198 -0.7968
vn -0.4157 0.8315 -0.3686
vn -0.6922 0.4201 -0.5869
vn -0.5377 0.5237 -0.6607
vn -0.6103 0.3827 -0.6935
vn -0.1274 0.9594 -0.2515
vn -0.4489 0.6648 -0.5972
vn 0.2294 0.9016 -0.3667
vn 0.0185 0.9994 0.0308
vn 0.1544 0.9647 0.2132
vn 0.1707 0.4987 0.8498
vn -0.1118 0.1194 0.9865
vn -0.2012 -0.0026 0.9796
vn -0.2255 0.0065 0.9742
vn 0.2172 0.5948 0.7740
vn 0.1795 0.6359 0.7506
vn 0.2097 0.4484 0.8689
vn -0.0210 0.2642 0.9642
vn 0.0817 -0.0000 0.9967
vn 0.2301 0.8605 0.4545
vn 0.1612 0.6279 0.7614
vn 0.5127 0.8546 0.0830
vn 0.0591 0.4382 0.8969
vn 0.2909 0.7781 0.5567
vn -0.3227 0.8200 0.4727
vn -0.3790 0.9019 0.2073
vn -0.6811 0.6996 0.2160
vn 0.6641 -0.7172 0.2113
vn -0.6835 0.6977 -0.2145
vn 0.4544 0.8766 -0.1585
vn -0.0032 1.0000 -0.0078
vn 0.1687 0.9814 0.0920
vn -0.1496 0.9862 0.0709
vn -0.0701 0.9973 0.0204
vn -0.0635 0.9972 0.0390
vn -0.0155 0.9993 0.0334
vn -0.1137 0.9924 0.0466
vn -0.0624 0.9980 0.0078
vn -0.0550 0.9985 0.0078
vn -0.1494 0.9880 -0.0386
vn -0.0468 0.9988 0.0156
vn -0.0390 0.9992 -0.0078
vn -0.0390 0.9990 -0.0214
vn 0.0390 0.9988 -0.0312
vn -0.0699 0.9939 0.0854
vn -0.0078 0.9989 0.0468
vn -0.1078 0.9811 0.1610
vn -0.0390 0.9992 -0.0000
vn -0.0475 0.9983 0.0322
vn -0.0623 0.9961 0.0623
vn -0.0311 0.9965 0.0779
vn -0.1409 0.9897 0.0273
vn 0.6648 0.6611 0.3478
vn 0.4354 0.8975 0.0696
vn 0.7306 0.6808 0.0525
vn 0.8776 0.4794 -0.0031
vn 0.7155 0.6974 -0.0401
vn 0.3966 0.9103 0.1187
vn 0.7462 0.6570 0.1079
vn 0.8987 0.4359 0.0476
vn 0.7290 0.6845 0.0047
vn 0.3862 0.9072 0.1667
vn 0.7338 0.6685 0.1210
vn 0.9053 0.4168 0.0821
vn 0.7966 0.5975 0.0917
vn 0.4510 0.8436 -0.2913
vn 0.6545 0.6545 -0.3786
vn 0.8039 0.4839 -0.3458
vn 0.8009 0.5606 -0.2105
vn 0.5969 0.7222 -0.3494
vn 0.6124 0.6272 -0.4812
vn 0.7164 0.6033 -0.3504
vn 0.7048 0.6177 -0.3489
vn 0.5306 0.7099 -0.4631
vn 0.6068 0.6626 -0.4390
vn 0.6542 0.6254 -0.4253
vn 0.6505 0.6590 -0.3775
vn 0.6363 0.6586 -0.4018
vn 0.5935 0.7021 -0.3935
vn 0.6738 0.6342 -0.3791
vn 0.5515 0.7547 -0.3553
vn 0.7548 0.6068 -0.2491
vn 0.5591 0.7828 -0.2731
vn 0.6708 0.7032 -0.2356
vn 0.6055 0.7770 -0.1723
vn 0.6217 0.7801 -0.0700
vn 0.7111 0.7021 -0.0358
vn -0.6541 -0.0000 0.7564
vn -0.5144 -0.0194 0.8573
vn -0.5992 0.0049 0.8006
vn 0.9940 0.0752 0.0801
vn 0.9954 -0.0692 0.0661
vn 0.3807 -0.3280 0.8646
vn 0.1558 0.0810 0.9845
vn -0.0033 0.9999 -0.0156
vn 0.0431 -0.7644 0.6433
vn -0.7365 0.1124 -0.6670
vn -0.6981 0.3362 -0.6322
vn -0.3231 0.9008 -0.2901
vn -0.6667 -0.1039 0.7381
vn 0.7236 0.0041 -0.6902
vn 0.6769 0.0483 -0.7344
vn -0.5519 -0.1003 0.8279
vn -0.5812 -0.0054 0.8137
vn -0.5792 0.0833 0.8109
vn 0.4796 0.0411 0.8765
vn 0.9462 0.2117 -0.2445
vn 0.6831 0.2286 0.6936
vn -0.9680 0.0308 0.2489
vn -0.2621 0.0413 0.9642
vn -0.0255 0.9953 -0.0933
vn 0.0150 0.9970 -0.0757
vn -0.1839 -0.0899 0.9788
vn -0.1785 -0.3112 0.9334
vn -0.2878 -0.2901 0.9127
vn -0.3847 -0.2764 0.8807
vn -0.4550 -0.0786 0.8870
vn -0.4723 -0.1957 0.8594
vn -0.0723 0.1728 0.9823
vn -0.0284 0.2067 0.9780
vn 0.0177 0.6545 0.7559
vn -0.3824 0.2098 0.8999
vn -0.4005 0.2847 0.8709
vn -0.3872 0.4915 0.7801
vn 0.0652 0.2217 0.9729
vn -0.3634 0.6577 0.6598
vn -0.3643 0.2010 0.9093
vn -0.3576 0.2529 0.8990
vn -0.3503 0.0911 0.9322
vn -0.0858 0.2602 0.9617
vn 0.2689 0.9506 0.1551
vn -0.8486 0.1848 0.4958
vn 0.2272 -0.0000 0.9738
vn 0.2479 -0.0387 0.9680
vn -0.6051 0.1561 0.7807
vn -0.3454 0.1934 0.9183
vn -0.2633 0.2235 0.9385
vn -0.1973 0.2113 0.9573
vn 0.3352 0.9163 0.2193
vn 0.3174 0.9327 0.1713
vn 0.3295 0.9329 0.1452
vn 0.2524 0.9600 0.1215
vn 0.2617 0.9605 0.0944
vn 0.1995 0.9773 0.0719
vn 0.2032 0.9775 0.0569
vn 0.1099 0.9935 0.0308
vn 0.1052 0.9925 0.0630
vn -0.8618 -0.0580 0.5038
vn 0.0316 0.3262 0.9448
vn -0.7593 0.3810 0.5276
vn 0.0894 0.4957 -0.8639
vn 0.8805 0.4741 -0.0000
vn -0.4678 0.2886 0.8354
vn -0.8873 0.2672 0.3760
vn -0.4367 0.1826 -0.8809
vn 0.2805 0.6687 -0.6886
vn 0.2511 0.7912 0.5576
vn -0.8411 0.2353 -0.4870
vn -0.8164 0.3298 -0.4740
vn 0.3611 0.2907 -0.8861
vn 0.6380 0.4313 -0.6380
vn 0.8738 0.3636 0.3230
vn -0.8489 0.2236 0.4789
vn -0.8013 0.3761 0.4653
vn 0.5942 0.8030 -0.0460
vn 0.5183 0.8535 -0.0541
vn 0.6231 0.7593 -0.1878
vn 0.6961 0.7110 -0.0996
vn 0.5162 0.7774 -0.3594
vn 0.0015 0.9976 0.0687
vn -0.0154 0.9884 0.1509
vn -1.0000 -0.0005 -0.0083
vn -0.9858 -0.0000 -0.1680
vn -0.9873 -0.0000 -0.1588
vn 0.0468 -0.0000 -0.9989
vn -0.5650 -0.0000 0.8251
vn -0.9659 0.1811 -0.1850
vn -0.9041 0.3588 0.2320
vn 0.9107 -0.3491 0.2210
vn -0.9040 0.3590 -0.2321
vn 0.9107 -0.3491 -0.2210
vn -0.8949 0.0707 0.4406
vn -0.2734 0.0747 0.9590
vn -0.9466 -0.3224 -0.0078
vn -0.9856 -0.0193 -0.1679
vn -0.9997 -0.0232 -0.0083
vn 0.1228 0.9910 0.0526
vn 0.1610 0.9789 -0.1256
vn 0.3376 0.9357 -0.1023
vn 0.9959 -0.0441 0.0793
vn 0.9953 0.0010 0.0967
vn -0.0039 -0.1789 -0.9839
vn 0.8561 -0.0562 0.5137
vn 0.7271 0.6493 0.2232
vn 0.6716 0.6218 0.4029
vn 0.7696 0.5874 0.2501
vn 0.6948 0.5758 0.4310
vn 0.6431 0.5708 0.5105
vn 0.5868 0.6357 0.5015
vn 0.3267 -0.1692 -0.9299
vn 0.1087 0.1411 -0.9840
vn 0.4393 0.7663 0.4688
vn 0.4118 0.8786 0.2418
vn 0.7395 -0.5417 0.3996
vn 0.8428 -0.4981 0.2039
vn 0.7395 -0.5417 -0.3996
vn 0.3153 -0.8520 -0.4180
vn -0.1172 -0.0199 -0.9929
vn -0.1172 -0.0199 0.9929
vn 0.1403 -0.0036 -0.9901
vn 0.1373 0.0004 0.9905
vn 0.9977 0.0119 0.0668
vn 0.9862 -0.0618 -0.1534
vn 0.0103 -0.1784 -0.9839
vn -0.0316 -0.7840 0.6200
vn -0.0482 -0.8382 -0.5433
vn 0.3267 -0.1692 0.9299
vn 0.0355 0.1539 0.9874
vn 0.2124 0.9682 0.1320
vn 0.2442 0.5770 0.7794
vn 0.1945 0.9699 0.1467
vn 0.0544 0.9916 0.1177
vn 0.1528 0.9434 0.2945
vn 0.1065 0.9265 0.3609
vn -0.0106 0.9092 0.4163
vn -0.5085 0.4638 0.7255
vn -0.0124 0.9999 -0.0069
vn -0.1234 0.5253 0.8420
vn 0.1510 0.3048 0.9404
vn 0.1152 0.4442 0.8885
vn -0.0633 0.5198 0.8519
vn -0.0456 0.2314 0.9718
vn 0.0186 0.2756 0.9611
vn 0.6700 0.6446 -0.3681
vn 0.7186 0.5283 0.4522
vn -0.4232 0.2967 -0.8560
vn 0.9931 -0.1117 -0.0353
vn 0.9442 -0.3087 -0.1151
vn -0.9927 -0.1163 -0.0310
vn -0.9344 -0.3398 -0.1073
vn 0.3375 -0.9117 -0.2344
vn -0.3409 -0.9093 -0.2387
vn 0.4746 0.1226 0.8716
vn 0.3721 -0.6317 0.6800
vn -0.9831 -0.1789 -0.0378
vn 0.5232 0.1247 -0.8430
vn 0.4022 -0.6328 -0.6616
vn 0.5734 0.0161 -0.8191
vn 0.7960 0.1409 0.5886
vn 0.6452 0.7215 0.2514
vn 0.6658 0.7390 0.1026
vn 0.3659 0.8421 0.3963
vn 0.3633 0.9157 -0.1719
vn -0.0057 -0.1829 0.9831
vn 0.9929 0.0129 0.1184
vn 0.8070 0.5393 0.2404
vn 0.7103 0.6858 0.1584
vn 0.6653 0.7455 -0.0401
vn 0.9996 0.0078 0.0261
vn -0.4796 0.0411 -0.8765
vn 0.9989 0.0320 0.0330
vn 0.5226 0.0754 -0.8492
vn -0.3872 0.0072 -0.9220
vn 0.9843 -0.1740 0.0279
vn 0.5115 -0.1773 -0.8408
vn -0.4046 0.5214 -0.7513
vn 0.4400 0.5237 -0.7295
vn 0.8535 0.5206 0.0231
vn -0.8628 0.0684 0.5010
vn -0.9994 0.0334 -0.0049
vn 0.2206 0.7395 -0.6360
vn 0.1111 0.5754 -0.8103
vn 0.0507 0.5579 -0.8284
vn -0.1405 0.5146 -0.8458
vn 0.1089 0.7397 -0.6640
vn 0.1989 0.8027 -0.5623
vn 0.2114 0.8530 -0.4771
vn 0.1719 0.7739 -0.6095
vn 0.7084 0.6413 0.2947
vn -0.7047 0.6439 0.2981
vn -0.7046 0.6439 -0.2981
vn -0.2981 0.6439 -0.7046
vn 0.2981 0.6439 -0.7046
vn 0.7046 0.6439 -0.2981
vn -0.0009 0.9931 0.1169
vn -0.0741 0.9482 0.3088
vn 0.0803 0.9303 0.3580
vn 0.1128 0.9935 -0.0143
vn 0.3437 0.8744 0.3424
vn 0.4951 0.8640 0.0914
vn 0.6594 0.7489 0.0664
vn 0.9227 -0.0000 0.3854
vn 0.9943 0.0735 -0.0772
vn 0.2442 0.3141 0.9174
vn -0.2250 0.7083 0.6691
vn -0.1303 0.8174 0.5611
vn -0.0535 0.8157 0.5760
vn -0.0971 0.6608 0.7443
vn -0.0200 -0.0000 -0.9998
vn -0.1915 -0.0122 -0.9814
vn -0.6226 0.0791 -0.7785
vn -0.6345 -0.0785 -0.7689
vn -0.3929 -0.7938 -0.4643
vn 0.0319 0.9983 -0.0488
vn -0.3345 0.4778 -0.8123
vn 0.3386 0.4866 -0.8054
vn 0.0390 0.9991 0.0156
vn 0.0645 0.9955 0.0699
vn 0.0305 0.9995 -0.0007
vn 0.1468 0.9892 -0.0000
vn 0.0615 0.9837 -0.1691
vn 0.0072 1.0000 -0.0000
vn 0.0530 0.9897 -0.1328
vn 0.0855 0.9947 0.0580
vn 0.0463 0.9912 -0.1237
vn 0.0389 0.9956 -0.0856
vn 0.9919 -0.0310 0.1231
vn 0.0087 0.9946 0.1034
vn 0.1029 0.9947 -0.0076
vn -0.0727 0.9972 -0.0197
vn 0.0995 0.9950 -0.0000
vn -0.0727 0.9972 0.0197
vn 0.0197 0.9972 -0.0727
vn 0.0197 0.9972 0.0727
vn -0.1030 0.9947 0.0077
vn -0.3423 -0.9309 -0.1278
vn -0.9425 -0.3311 -0.0454
vn 0.3363 -0.9352 -0.1110
vn 0.9379 -0.3438 -0.0472
vn -0.0101 -0.2425 0.9701
vn 0.9703 -0.2416 0.0087
vn 0.0087 -0.2416 -0.9703
vn -0.3350 -0.9422 -0.0000
vn 0.3239 -0.9460 0.0148
vn -0.0087 -0.2416 -0.9703
vn -0.0286 0.8874 -0.4601
vn 0.0880 0.9605 -0.2640
vn 0.0389 0.9949 -0.0933
vn -0.0995 0.9794 -0.1760
vn -0.8054 0.4866 -0.3386
vn 0.8123 0.4778 -0.3345
vn -0.3386 0.4866 0.8054
vn -0.8123 0.4778 0.3345
vn 0.0510 0.9979 0.0402
vn -0.1005 0.9898 -0.1005
vn 0.0682 0.9976 0.0084
vn 0.0156 0.9955 -0.0933
vn 0.0309 0.9889 -0.1453
vn 0.1234 0.9850 -0.1207
vn -0.1433 0.9887 0.0446
vn 0.4138 -0.0690 0.9077
vn 0.3945 -0.0888 -0.9146
vn 0.1446 0.9885 0.0450
vn -0.4170 -0.0659 0.9065
vn -0.1511 -0.0923 -0.9842
vn -0.1207 0.9927 -0.0038
vn 0.1273 0.9911 -0.0396
vn -0.1288 -0.0592 0.9899
vn 0.1413 -0.0607 0.9881
vn -0.1988 -0.1066 0.9742
vn -0.5371 -0.1166 0.8354
vn -0.9778 -0.1138 0.1760
vn 0.5527 -0.1120 -0.8258
vn 0.5254 -0.3294 -0.7845
vn 0.4258 -0.9048 -0.0000
vn -0.3345 -0.9408 -0.0549
vn -0.9312 -0.3201 0.1746
vn 0.1922 -0.9391 -0.2848
vn 0.2868 -0.9389 -0.1901
vn 0.3344 -0.9399 -0.0683
vn -0.0633 -0.9391 0.3377
vn -0.1913 -0.9386 0.2870
vn -0.2885 -0.9382 0.1911
vn -0.3377 -0.9387 0.0689
vn -0.8587 -0.0860 0.5051
vn 0.8508 0.0093 0.5255
vn 0.9320 -0.0722 -0.3551
vn -0.8651 -0.0855 -0.4943
vn -0.8593 0.0776 0.5055
vn -0.8657 0.0771 -0.4947
vn -0.3839 0.0295 0.9229
vn -0.9236 0.0313 0.3822
vn -0.9229 0.0295 -0.3839
vn 0.3785 0.1414 0.9147
vn -0.3797 0.1428 0.9140
vn -0.3785 0.1414 -0.9147
vn 0.8599 -0.0851 0.5033
vn -0.1084 0.9911 0.0774
vn -0.0468 0.9986 0.0234
vn -0.1087 0.9941 -0.0055
vn 0.0072 0.9271 0.3747
vn 0.0232 0.9908 0.1336
vn -0.0000 0.9927 0.1203
vn -0.1001 0.9853 0.1386
vn -0.0108 0.9997 0.0234
vn -0.5783 0.7880 0.2112
vn -0.7596 0.5963 0.2597
vn -0.4962 0.8621 0.1034
vn -0.5864 0.7698 0.2521
vn -0.4060 0.8861 0.2235
vn -0.4024 0.8071 0.4321
vn -0.2972 0.6942 0.6556
vn -0.2078 0.5218 0.8274
vn -0.8926 0.2965 0.3397
vn -0.3747 0.3496 0.8587
vn -0.0375 0.3458 0.9375
vn 0.0744 0.9948 0.0689
vn 0.0066 1.0000 0.0036
vn -0.0219 0.9962 -0.0839
vn -0.1115 0.9905 0.0801
vn -0.1148 0.9928 -0.0353
vn -0.0334 0.9994 0.0094
vn -0.0970 0.9901 0.1017
vn 0.0303 0.9975 0.0632
vn -0.0546 0.9985 -0.0040
vn 0.0929 0.9906 0.1006
vn 0.1136 0.9928 0.0383
vn 0.0496 0.9869 0.1535
vn -0.0233 0.9938 -0.1087
vn -0.1638 0.9115 0.3774
vn -0.1938 0.8860 0.4212
vn -0.0227 0.9702 0.2413
vn 0.0147 0.9433 -0.3316
vn 0.0638 0.9900 -0.1257
vn 0.8831 0.4446 -0.1497
vn 0.3151 0.4412 -0.8403
vn 0.4722 0.3071 0.8263
vn -0.4821 0.3061 0.8209
vn -0.9528 0.3035 -0.0000
vn -0.4756 0.3117 -0.8226
vn 0.4821 0.3061 -0.8209
vn 0.9528 0.3036 -0.0000
vn 0.7742 0.3257 0.5427
vn 0.5009 0.5997 0.6241
vn 0.5721 0.4222 0.7032
vn 0.5070 0.5977 0.6211
vn 0.2618 0.1913 0.9460
vn 0.2607 0.2138 0.9414
vn -0.2642 0.9507 0.1626
vn 0.0565 0.0510 0.9971
vn 0.3190 0.3044 0.8975
vn 0.2675 0.5748 0.7733
vn 0.6374 0.1490 0.7560
vn 0.1209 0.1253 0.9847
vn -0.2215 0.5196 0.8252
vn -0.3094 0.4155 0.8554
vn -0.2841 0.1448 0.9478
vn -0.6339 0.0845 -0.7688
vn -0.4569 -0.7694 -0.4463
vn -0.0076 0.9048 -0.4258
vn -0.9957 -0.0597 -0.0710
vn -0.9931 0.0044 -0.1168
vn -0.9985 0.0543 0.0010
vn 0.0256 -0.3171 -0.9480
vn 0.9623 -0.2628 -0.0703
vn 0.5646 -0.2176 -0.7962
vn 0.0943 0.8863 0.4534
vn -0.1716 -0.9384 -0.2999
vn 0.9911 0.0645 0.1166
vn 0.9877 0.1046 -0.1162
vn 0.9947 0.0593 -0.0844
vn 0.1035 -0.3644 0.9255
vn 0.6851 -0.0622 0.7258
vn 0.6034 0.2881 0.7436
vn 0.7122 0.2643 -0.6504
vn 0.7604 -0.0865 -0.6436
vn 0.8542 -0.4915 -0.1697
vn 0.6270 -0.6520 0.4263
vn 0.9997 -0.0244 -0.0000
vn 0.6499 -0.1781 0.7389
vn -0.7274 -0.0716 -0.6825
vn -0.9658 0.1468 0.2136
vn -0.0623 0.3647 0.9290
vn 0.9585 0.1791 0.2217
vn 0.6226 -0.0224 -0.7823
vn -0.2564 0.9053 -0.3386
vn -0.4456 0.8944 -0.0378
vn -0.9999 -0.0078 0.0078
vn 0.0071 0.9070 0.4210
vn -0.0113 -0.1957 -0.9806
vn -0.6972 -0.4485 0.5592
vn -0.5893 -0.6593 0.4670
vn -0.8316 -0.1799 -0.5254
vn -0.9160 -0.1958 -0.3502
vn 0.0347 0.5961 -0.8021
vn -0.0853 0.7905 -0.6065
vn 0.7436 0.6670 0.0465
vn 0.6534 -0.1338 0.7451
vn -0.8648 0.0395 0.5006
vn -0.8617 -0.0601 -0.5038
vn -0.4734 -0.0919 -0.8761
vn -0.9800 -0.1960 -0.0336
vn -0.9898 -0.1311 -0.0552
vn -0.5045 0.8368 0.2126
vn -0.6074 0.7127 0.3507
vn -0.4184 0.8905 -0.1788
vn -0.6807 0.7324 0.0150
vn -0.3423 0.9301 0.1335
vn -0.3200 0.9366 0.1426
vn -0.1915 -0.0122 0.9814
vn -0.0206 0.0081 0.9998
vn -0.4683 -0.0179 0.8834
vn 0.1161 0.9908 -0.0697
vn 0.0468 0.9986 -0.0234
vn 0.0784 0.9944 -0.0706
vn 0.0155 0.9991 0.0390
vn -0.7959 0.6040 0.0405
vn -0.8715 0.4852 -0.0710
vn -0.7468 0.3855 0.5419
vn -0.5722 -0.7679 0.2880
vn 0.0171 0.9987 0.0484
vn -0.0090 -0.2001 -0.9797
vn 0.1237 0.9849 0.1210
vn -0.8370 0.4750 -0.2717
vn -0.3956 0.5229 0.7550
vn -0.5496 0.2917 0.7828
vn -0.4905 0.1749 0.8537
vn -0.4699 0.1720 0.8658
vn -0.7689 0.1843 0.6123
vn -0.1488 0.9653 -0.2145
vn 0.9809 0.1941 0.0096
vn -0.3418 0.9158 0.2107
vn -0.3418 0.9158 -0.2107
vn 0.2062 -0.1188 -0.9713
vn 0.2083 -0.2370 -0.9489
vn 0.9853 0.1708 0.0098
vn -0.3070 0.9517 -0.0000
vn 0.0432 0.9990 0.0093
vn 0.1722 -0.1863 0.9673
vn 0.1812 -0.1880 0.9653
vn 0.8792 0.4732 -0.0561
vn -0.1768 0.9841 -0.0144
vn -0.0338 0.9916 0.1246
vn -0.1465 0.9869 -0.0680
vn -0.0664 0.9975 -0.0226
vn -0.0091 0.9997 0.0217
vn -0.1607 0.9792 -0.1237
vn -0.1046 0.9945 -0.0036
vn -0.0320 0.9992 -0.0231
vn 0.9140 0.1428 0.3797
vn -0.9147 0.1414 0.3785
vn -0.9140 0.1428 -0.3797
vn 0.9147 0.1414 -0.3785
vn -0.3396 0.4651 0.8175
vn -0.8172 0.4657 0.3395
vn -0.3396 0.4651 -0.8175
vn 0.3396 0.4651 -0.8175
vn 0.8175 0.4651 -0.3396
vn 0.4907 -0.0738 0.8682
vn -0.8947 -0.0738 0.4405
vn -0.7207 -0.1089 -0.6846
vn -0.9140 -0.0902 -0.3956
vn -0.1237 0.9849 0.1210
vn 0.9049 -0.0618 0.4211
vn 0.1424 0.9865 0.0814
vn -0.1424 0.9865 0.0814
vn 0.2238 0.1016 -0.9693
vn 0.3553 0.5155 -0.7797
vn 0.2181 0.5686 -0.7932
vn -0.0299 0.4816 -0.8759
vn -0.0876 0.5968 -0.7976
vn -0.1516 0.6088 -0.7787
vn -0.1135 0.6364 -0.7630
vn 0.1152 0.7343 -0.6690
vn 0.2607 0.6793 -0.6860
vn 0.2911 0.6331 -0.7173
vn 0.1272 0.7421 -0.6581
vn 0.2175 0.5526 -0.8046
vn -0.9998 0.0195 -0.0029
vn 0.0097 0.9974 0.0712
vn -0.5892 0.4606 0.6638
vn -0.5683 -0.5835 0.5801
vn 0.5666 -0.5847 -0.5806
vn -0.5666 -0.5847 -0.5806
vn 0.5666 -0.5847 0.5806
vn 0.5916 -0.4810 -0.6470
vn -0.6113 -0.4868 0.6240
vn -0.5916 -0.4810 -0.6470
vn 0.7786 0.6243 0.0637
vn -0.0073 0.9047 0.4260
vn 0.9961 0.0853 0.0232
vn 0.9270 0.2718 -0.2585
vn 0.8613 0.4463 -0.2429
vn 0.1780 0.9684 0.1746
vn -0.6297 0.4163 0.6559
vn -0.8872 0.3881 -0.2495
vn -0.8108 0.3957 -0.4313
vn -0.4022 0.3897 -0.8285
vn 0.2553 0.4735 0.8430
vn 0.1534 0.5093 0.8468
vn -0.8180 0.2927 -0.4951
vn 0.6898 0.3094 -0.6546
vn 0.9489 0.2333 0.2124
vn 0.5143 0.2795 0.8108
vn 0.3352 0.9229 -0.1897
vn -0.9620 0.2729 -0.0044
vn 0.0078 -0.1164 0.9932
vn 0.1889 -0.3336 -0.9236
vn -0.0148 -0.9460 0.3237
vn 0.0657 -0.9385 -0.3390
vn -1.0000 0.0014 0.0084
vn -1.0000 0.0005 0.0078
vn -0.9994 -0.0000 0.0347
vn -0.7807 -0.4927 -0.3844
vn -0.9998 0.0185 0.0078
vn 0.5663 0.7712 0.2907
vn 0.4094 0.3909 0.8244
vn 0.3106 0.6744 0.6698
vn 0.1734 0.7614 0.6247
vn 0.1731 0.5687 0.8041
vn -0.0239 0.1903 0.9814
vn -0.0600 0.2227 0.9730
vn -0.0527 0.1725 0.9836
vn -0.0577 0.3930 0.9177
vn -0.0247 0.9997 -0.0071
vn 0.0307 0.0746 0.9967
vn -0.0117 -0.0248 0.9996
vn -0.0315 0.0669 0.9973
vn 0.4927 -0.1004 0.8644
vn -0.5029 -0.1012 0.8584
vn -0.4925 -0.1045 -0.8640
vn 0.0639 0.9973 -0.0372
vn 0.0624 0.9980 -0.0078
vn 0.8486 -0.5137 0.1263
vn 0.9146 -0.4001 -0.0581
vn 0.0312 0.9990 0.0312
vn -0.0546 0.9980 0.0312
vn 0.2820 0.0830 -0.9558
vn 0.8891 0.0700 -0.4523
vn 0.8339 0.0712 0.5473
vn 0.0156 0.9996 0.0234
vn -0.1012 0.9938 -0.0466
vn -0.0777 0.9940 0.0772
vn -0.1086 0.9933 0.0388
vn -0.0546 0.9985 0.0021
vn -0.0589 0.9868 -0.1507
vn -0.0570 0.9983 -0.0100
vn 0.0386 0.9884 -0.1467
vn 0.0464 0.9902 -0.1315
vn -0.0701 0.9973 -0.0234
vn -0.0468 0.9983 -0.0352
vn -0.0515 0.9956 -0.0789
vn -0.0778 0.9959 0.0467
vn 0.1611 0.9867 -0.0193
vn -0.0418 0.9987 0.0296
vn -0.0691 0.9832 0.1690
vn 0.0144 0.9991 0.0401
vn -0.0701 0.9974 0.0146
vn 0.6386 0.5542 0.5339
vn 0.6854 0.6630 -0.3012
vn 0.8020 0.4978 0.3302
vn 0.8218 0.4456 0.3551
vn 0.8867 0.3307 0.3232
vn -0.6840 0.3837 -0.6204
vn -0.8841 -0.0071 0.4673
vn 0.8460 0.2883 -0.4486
vn -0.8684 0.1849 0.4601
vn 0.2844 0.2351 -0.9294
vn -0.0374 0.2807 -0.9591
vn 0.8670 0.1792 -0.4649
vn 0.7641 0.4188 -0.4906
vn 0.6781 0.7111 0.1856
vn 0.7907 0.6044 0.0978
vn 0.0276 0.1153 -0.9929
vn 0.4926 0.8590 -0.1395
vn 0.8239 0.5639 -0.0565
vn 0.9215 0.3645 -0.1338
vn 0.8058 0.4319 -0.4052
vn 0.7163 0.6742 -0.1802
vn 0.8401 0.5005 -0.2090
vn 0.6965 0.6654 -0.2685
vn 0.7971 0.4695 -0.3797
vn 0.6623 0.6865 -0.3000
vn 0.7188 0.5168 -0.4650
vn -0.0193 -0.1831 0.9829
vn 0.0186 -0.1772 -0.9840
vn 0.9875 -0.1152 -0.1072
vn 0.9954 -0.0005 -0.0961
vn 0.9985 0.0524 0.0185
vn -0.0262 0.3304 0.9435
vn -0.1241 0.9923 -0.0035
vn -0.1932 0.9811 -0.0045
vn 0.1597 -0.3745 0.9134
vn 0.2073 -0.3850 -0.8993
vn 0.0261 0.3406 -0.9399
vn 0.0073 0.9047 -0.4260
vn -0.1430 -0.1603 -0.9767
vn -0.0814 -0.3719 -0.9247
vn 0.1293 -0.9254 0.3562
vn 0.0976 -0.9357 -0.3390
vn 0.2084 -0.9175 0.3387
vn 0.0770 -0.3407 0.9370
vn -0.1723 0.9850 0.0018
vn 0.0378 0.9970 -0.0672
vn 0.0604 0.9968 -0.0529
vn 0.0779 0.9967 -0.0234
vn -0.0252 0.9902 -0.1377
vn -0.0467 0.9955 -0.0819
vn 0.3699 -0.0667 0.9267
vn 0.2703 -0.0810 0.9594
vn 0.0885 -0.1110 0.9899
vn 0.0697 -0.3311 0.9410
vn 0.1754 0.1562 0.9720
vn 0.7916 0.5595 -0.2457
vn -0.4057 0.8874 0.2190
vn -0.3352 0.9163 0.2193
vn -0.3295 0.9329 0.1452
vn -0.2617 0.9605 0.0944
vn -0.2032 0.9775 0.0569
vn -0.1052 0.9925 0.0630
vn -0.0479 0.9988 0.0064
vn -0.0685 0.9837 -0.1664
vn -0.7525 -0.2955 0.5886
vn -0.8386 -0.4553 0.2992
vn 0.4700 0.1077 0.8761
vn 0.0214 -0.1830 -0.9829
vn -0.3011 0.2861 0.9097
vn -0.0096 0.9055 0.4242
vn -0.1773 0.9842 -0.0052
vn -0.2429 0.2880 -0.9263
vn 0.0095 0.9050 -0.4252
vn 0.9861 0.1630 0.0329
vn 0.9981 0.0624 -0.0000
vn 0.9950 0.0912 0.0398
vn 0.1334 0.9747 -0.1793
vn 0.2796 0.9477 -0.1540
vn 0.1917 0.9815 -0.0000
vn 0.1544 0.9880 -0.0000
vn -0.1028 0.9922 0.0698
vn 0.9817 0.1784 0.0663
vn 0.0276 0.9890 0.1454
vn 0.8945 -0.4317 -0.1162
vn -0.8945 -0.4317 -0.1162
vn 0.0961 0.9849 -0.1441
vn 0.0504 0.9896 -0.1348
vn 0.0320 0.9966 -0.0755
vn -0.0154 0.9999 0.0031
vn 0.8905 0.4452 0.0941
vn -0.9800 0.1815 0.0818
vn -0.8966 -0.4323 -0.0962
vn -0.0000 0.9926 0.1217
vn -0.9682 0.0846 0.2355
vn -0.6916 0.0817 -0.7177
vn 0.9649 0.0834 -0.2490
vn 0.6815 0.0756 0.7279
vn -0.2755 0.0833 0.9577
vn -0.1893 0.9620 -0.1968
vn 0.0944 0.9955 -0.0070
vn -0.0154 0.9875 -0.1571
vn -0.0052 0.9959 0.0905
vn -0.0427 0.9931 0.1088
vn -0.1831 0.9764 -0.1144
vn -0.1238 0.9904 -0.0619
vn 0.1250 0.2370 0.9634
vn -0.2165 0.2650 0.9396
vn 0.1656 0.3628 0.9170
vn 0.1402 0.3079 0.9410
vn -0.2442 0.2901 0.9253
vn -0.2271 0.3113 0.9228
vn 0.0946 0.9836 -0.1537
vn 0.7520 -0.0126 -0.6590
vn 0.3321 0.9261 -0.1792
vn -0.0895 0.9949 0.0474
vn -0.8487 -0.0378 -0.5276
vn 0.8459 0.0376 0.5321
vn -0.8672 0.0486 -0.4956
vn 0.0259 0.0444 -0.9987
vn 0.0366 0.2137 -0.9762
vn -0.1760 0.9794 0.0995
vn -0.0919 0.9805 0.1738
vn -0.0037 0.9943 0.1068
vn -0.1174 0.9626 0.2440
vn 0.2774 0.9607 0.0081
vn 0.3767 0.8918 -0.2506
vn 0.0497 0.9819 -0.1830
vn 0.1597 0.8631 -0.4791
vn 0.2660 0.8955 -0.3570
vn 0.5587 0.7271 -0.3990
vn 0.2995 0.5336 -0.7910
vn -0.5933 0.3789 -0.7102
vn 0.3283 0.3750 -0.8670
vn 0.0208 0.9983 -0.0541
vn 0.0575 0.9983 -0.0095
vn -0.6030 0.4271 -0.6738
vn -0.1374 0.9844 -0.1104
vn -0.1346 0.9650 -0.2251
vn -0.2909 0.9484 -0.1260
vn -0.0634 0.9874 -0.1449
vn 0.4834 0.3431 0.8054
vn -0.9597 0.1343 0.2468
vn -0.6967 0.1326 -0.7050
vn 0.9590 0.1375 -0.2480
vn 0.6967 0.1326 0.7050
vn -0.2636 0.1318 0.9556
vn -0.6570 0.4019 -0.6378
vn 0.1987 0.4406 -0.8755
vn 0.8138 0.5236 -0.2522
vn 0.5619 0.6008 0.5686
vn 0.1034 0.9858 0.1324
vn 0.0050 0.9937 0.1124
vn 0.0064 0.9772 0.2121
vn -0.0599 0.9632 0.2620
vn -0.0013 0.9857 0.1687
vn 0.0624 0.9813 0.1823
vn 0.1221 0.9800 0.1573
vn 0.4138 -0.0690 -0.9077
vn -0.1511 -0.0923 0.9842
vn 0.1276 0.9910 0.0397
vn -0.1462 0.9852 0.0893
vn 0.1332 -0.0603 -0.9892
vn -0.4170 -0.0659 -0.9065
vn -0.0826 0.9864 -0.1420
vn 0.0811 0.7646 0.6394
vn 0.2026 0.8436 0.4974
vn -0.1592 0.8830 0.4415
vn -0.2128 0.8725 0.4399
vn -0.1483 0.8880 0.4354
vn -0.0472 0.9242 0.3789
vn -0.0047 0.9566 0.2913
vn -0.0454 0.9909 -0.1265
vn 0.2069 0.9778 -0.0336
vn 0.2968 0.4854 0.8224
vn 0.3250 0.3235 0.8887
vn -0.1205 0.4902 0.8633
vn -0.1273 0.3709 0.9199
vn -0.0028 0.1871 0.9823
vn -0.1701 0.2512 0.9529
vn -0.1909 0.4023 0.8954
vn 0.1618 -0.0000 0.9868
vn -0.6440 -0.0421 0.7639
vn -0.8391 0.1134 0.5321
vn -0.7713 0.2027 0.6034
vn 0.1055 0.9867 -0.1236
vn -0.5612 0.0351 -0.8270
vn -0.9037 0.3586 0.2340
vn 0.9102 -0.3489 0.2229
vn -0.7005 0.2065 0.6831
vn -0.6414 0.2074 0.7387
vn 0.0012 0.9998 -0.0199
vn -0.0468 0.9989 -0.0023
vn -0.0979 0.9952 0.0061
vn -0.0438 0.9990 -0.0047
vn 0.0238 0.9997 -0.0000
vn 0.0332 0.9994 -0.0016
vn 0.0080 0.9992 -0.0401
vn -0.9994 -0.0000 -0.0345
vn -0.9600 -0.0000 -0.2800
vn -0.9621 -0.2467 -0.1161
vn -0.9989 0.0416 -0.0196
vn -0.8797 0.4245 -0.2143
vn -0.9713 0.0259 -0.2366
vn -0.7104 0.6880 0.1483
vn -0.7336 0.6774 0.0545
vn -0.2628 0.9419 -0.2091
vn -0.6434 0.7262 -0.2423
vn -0.7117 0.6141 0.3410
vn -0.5976 0.7379 0.3137
vn -0.6129 0.7652 0.1972
vn -0.6817 0.7081 0.1840
vn -0.7801 0.6257 0.0021
vn -0.7427 0.5839 0.3280
vn -0.8943 0.2709 -0.3561
vn -0.9142 0.2917 0.2813
vn -0.1307 0.9294 -0.3451
vn 0.0539 0.9299 -0.3640
vn 0.0631 0.9374 -0.3426
vn 0.0656 0.9371 -0.3428
vn 0.1830 0.9797 0.0820
vn 0.0468 0.9941 0.0980
vn -0.0920 0.9953 0.0312
vn 0.1984 0.9572 -0.2105
vn 0.0731 0.9629 -0.2597
vn 0.1820 0.9366 -0.2994
vn 0.0227 0.8830 -0.4689
vn -0.0120 0.9999 0.0041
vn -0.2897 0.9553 0.0597
vn -0.2993 0.9541 -0.0103
vn -0.2643 0.9643 0.0168
vn 0.0226 0.9669 -0.2540
vn -0.0084 0.7201 -0.6938
vn -0.1533 0.9328 -0.3262
vn -0.1420 0.7610 -0.6330
vn -0.2161 0.8948 -0.3907
vn -0.1599 0.9653 -0.2064
vn 0.0258 0.9997 -0.0059
vn -0.0847 0.1496 0.9851
vn -0.2363 0.1833 0.9542
vn -0.2318 0.2752 0.9330
vn -0.0809 0.4860 0.8702
vn -0.1253 0.4071 0.9047
vn -0.0056 0.2396 0.9709
vn -0.0079 0.4587 0.8886
vn -0.0761 0.2727 0.9591
vn -0.0721 0.4109 0.9088
vn -0.1565 0.1714 0.9727
vn -0.1381 0.9904 -0.0026
vn -0.3800 0.9250 -0.0000
vn -0.3853 0.9223 0.0296
vn -0.4074 0.9038 -0.1310
vn -0.1919 0.9810 -0.0271
vn 0.5101 0.3133 -0.8010
vn -0.1352 0.9880 -0.0747
vn -0.0974 0.9764 -0.1926
vn -0.0041 0.9754 -0.2204
vn 0.0277 0.9907 -0.1332
vn -0.1378 0.9866 -0.0874
vn -0.0572 0.9910 -0.1208
vn -0.0905 0.9651 -0.2457
vn -0.0398 0.9767 -0.2108
vn -0.4251 -0.1834 0.8864
vn -0.5238 0.0338 0.8512
vn -0.5125 0.1535 0.8449
vn -0.4324 0.0070 0.9016
vn -0.4927 0.3119 0.8123
vn 0.4981 0.5049 -0.7049
vn 0.8706 0.4861 0.0757
vn 0.3608 0.4837 0.7974
vn 0.4041 -0.2383 0.8831
vn 0.4087 0.0642 0.9104
vn 0.5555 0.2737 -0.7852
vn 0.9588 0.2699 0.0883
vn 0.4010 0.2735 0.8743
vn -0.9843 -0.1737 -0.0305
vn 0.0812 -0.0937 0.9923
vn -0.4400 0.5237 0.7295
vn -0.8375 0.5016 0.2166
vn 0.8446 0.5352 -0.0094
vn 0.9845 0.0831 0.1544
vn 0.9671 0.1390 -0.2129
vn 0.9845 0.0831 -0.1544
vn -0.0287 -0.9185 -0.3944
vn 0.5540 0.7822 0.2849
vn 0.3175 0.2040 -0.9261
vn 0.0415 -0.3239 -0.9452
vn -0.4012 0.8815 -0.2490
vn 0.0488 0.9878 -0.1479
vn -0.6806 0.3181 -0.6600
vn -0.8755 0.4124 -0.2518
vn -0.0287 -0.9185 0.3944
vn -0.3596 -0.9242 0.1282
vn 0.5540 0.7822 -0.2849
vn 0.2329 0.9201 -0.3149
vn 0.2881 0.2928 -0.9117
vn -0.3529 0.7166 -0.6015
vn 0.0305 -0.1599 0.9867
vn 0.0488 0.9878 0.1479
vn 0.4484 0.8718 0.1972
vn 0.9333 0.3576 0.0313
vn -0.8774 0.4100 0.2489
vn 0.2883 0.8912 0.3502
vn 0.2881 0.2928 0.9117
vn -0.3121 0.7193 0.6206
vn 0.4460 0.8920 0.0743
vn 0.0143 0.4571 0.8893
vn -0.9228 -0.3851 0.0109
vn -0.9785 -0.1959 0.0648
vn -0.9136 -0.4063 -0.0134
vn -0.8840 -0.4569 -0.0985
vn -0.0091 -0.2925 0.9562
vn -0.0932 0.8024 -0.5895
vn -0.9141 0.2083 -0.3479
vn 0.8798 0.2276 0.4174
vn -0.1370 0.2814 0.9498
vn 0.4334 0.0585 -0.8993
vn 0.2388 -0.0134 0.9710
vn 0.6000 -0.0000 0.8000
vn 0.3111 0.8414 0.4419
vn 0.4485 0.8100 0.3777
vn 0.5813 0.7584 0.2949
vn 0.4457 0.1634 -0.8801
vn 0.1145 0.9911 -0.0676
vn -0.8252 0.2163 -0.5218
vn 0.0542 0.9918 0.1159
vn -0.5283 0.6692 0.5226
vn -0.6443 0.4423 0.6239
vn 0.1731 0.6384 0.7500
vn 0.5728 0.4488 0.6859
vn 0.8056 0.4917 0.3306
vn -0.6806 0.3181 0.6600
vn 0.3300 0.7596 -0.5605
vn 0.6421 0.6263 -0.4421
vn 0.2676 0.7822 -0.5627
vn 0.8021 0.5356 -0.2644
vn 0.9576 -0.0000 -0.2881
vn 0.7799 0.6221 -0.0691
vn 0.6734 0.7146 -0.1895
vn 0.5326 0.7595 0.3737
vn 0.8364 0.3697 -0.4046
vn 0.5776 0.8156 0.0344
vn 0.6146 0.7860 0.0663
vn -0.6388 -0.6824 -0.3554
vn 0.0191 0.6046 0.7963
vn 0.6958 0.6646 -0.2724
vn 0.3050 0.2411 -0.9213
vn 0.6534 -0.1338 -0.7451
vn -0.6515 -0.0428 0.7574
vn -0.9588 0.1408 -0.2469
vn -0.0624 0.3647 -0.9290
vn 0.6226 -0.0224 0.7822
vn -0.4983 -0.0037 -0.8670
vn 0.5101 -0.0038 -0.8601
vn -0.4998 0.1053 0.8597
vn -0.4921 0.1088 -0.8637
vn -0.5646 0.7868 -0.2492
vn -0.2225 0.9745 0.0300
vn -0.1009 0.9939 -0.0438
vn -0.0748 0.9955 -0.0581
vn -0.1248 0.9906 -0.0552
vn -0.0440 0.9790 -0.1989
vn -0.5020 0.0050 -0.8649
vn -0.9238 0.0060 -0.3829
vn -0.3136 0.7177 -0.6218
vn -0.3804 0.7769 -0.5018
vn -0.3700 0.8111 -0.4531
vn -0.4015 0.6554 -0.6398
vn -0.2951 0.8328 -0.4684
vn -0.2279 0.8926 -0.3891
vn -0.3879 0.8697 -0.3053
vn -0.3117 0.9316 -0.1872
vn -0.3145 0.9337 -0.1714
vn -0.6521 0.7249 -0.2219
vn -0.5079 0.3056 -0.8054
vn -0.8850 0.2715 -0.3782
vn 0.0925 0.9870 -0.1311
vn -0.1087 0.9940 -0.0155
vn 0.2178 -0.0433 0.9750
vn -0.9519 -0.0433 -0.3034
vn -0.2201 -0.0433 -0.9745
vn 0.9550 -0.0400 0.2939
vn -0.6348 0.6738 -0.3782
vn -0.6425 0.7220 -0.2567
vn -0.6202 0.7786 -0.0955
vn -0.6392 0.7687 -0.0209
vn -0.8780 0.4767 0.0436
vn -0.6499 0.7595 -0.0277
vn -0.8580 -0.0415 0.5119
vn -0.9745 -0.0228 0.2232
vn -0.9599 -0.1546 0.2337
vn -0.9747 0.0127 0.2232
vn -0.9767 0.0610 0.2056
vn 0.0156 0.9978 0.0645
vn -0.0048 0.9998 0.0212
vn 0.9391 0.3035 0.1611
vn -0.9823 0.1786 0.0558
vn -0.0427 -0.0517 0.9978
vn 0.8562 0.4562 -0.2426
vn 0.7830 0.5156 -0.3480
vn 0.8679 0.3414 -0.3610
vn 0.9297 0.3190 -0.1842
vn 0.7531 0.4693 -0.4610
vn 0.7708 0.4774 -0.4218
vn 0.6677 0.1845 -0.7212
vn -0.3583 0.4943 -0.7920
vn -0.5012 0.4956 0.7093
vn -0.9649 -0.2465 -0.0902
vn -0.4041 -0.2495 -0.8800
vn -0.5633 -0.2464 0.7887
vn -0.4161 0.0645 -0.9070
vn -0.5838 0.0681 0.8090
vn -0.9574 0.2744 -0.0903
vn -0.4009 0.2744 -0.8740
vn -0.5632 0.2714 0.7805
vn 0.6654 0.1918 -0.7215
vn -0.0159 -0.0476 0.9987
vn 0.0409 -0.0357 0.9985
vn -0.0845 -0.0121 0.9963
vn -0.3518 0.9130 -0.2065
vn -0.9953 0.0010 -0.0967
vn 0.0166 0.9113 -0.4114
vn -0.0657 0.7419 -0.6673
vn -0.0434 0.1921 -0.9804
vn -0.7450 0.3759 -0.5510
vn -0.6898 0.3785 -0.6172
vn 0.0993 0.9911 0.0889
vn -0.1165 0.0819 -0.9898
vn -0.1517 0.9843 0.0902
vn -0.1755 0.9769 0.1221
vn -0.0371 0.9993 0.0009
vn 0.0322 0.9834 0.1784
vn -0.2248 0.9591 0.1723
vn -0.2282 0.9736 0.0076
vn -0.1240 0.9921 0.0162
vn -0.1065 0.9739 0.2005
vn -0.0382 0.9778 0.2062
vn 0.0300 0.9865 0.1613
vn -0.1757 0.9778 0.1146
vn -0.2198 0.9720 0.0835
vn 0.5231 0.5113 -0.6819
vn 0.3788 -0.2175 0.8996
vn 0.5936 -0.2126 -0.7762
vn 0.9691 -0.2160 0.1189
vn 0.3882 0.1088 0.9151
vn 0.3731 0.2241 0.9003
vn 0.9549 0.2714 0.1204
vn 0.0247 0.9952 0.0944
vn 0.0112 0.9999 -0.0028
vn 0.1264 0.9828 -0.1347
vn -0.0000 0.9973 -0.0739
vn -0.1508 0.9886 -0.0000
vn -0.1760 0.9844 -0.0077
vn -0.0999 0.9949 0.0112
vn 0.9935 0.0039 -0.1135
vn 0.9902 0.0818 -0.1132
vn -0.0518 0.0666 0.9964
vn -0.8339 0.0712 -0.5473
vn 0.0518 0.0666 -0.9964
vn -0.0156 0.9998 -0.0078
vn -0.1542 0.9866 -0.0540
vn 0.4690 0.6336 0.6153
vn 0.4748 0.3633 0.8016
vn 0.1329 0.9910 -0.0151
vn 0.3770 0.9218 0.0907
vn 0.3289 0.9238 0.1959
vn 0.2227 0.8052 0.5496
vn 0.5959 0.2411 0.7660
vn 0.6197 0.2236 0.7523
vn 0.6014 0.2106 0.7707
vn 0.4745 0.2682 0.8384
vn -0.0314 0.9995 -0.0006
vn -0.0408 0.9986 0.0328
vn 0.0725 0.9883 0.1339
vn 0.4597 0.8619 0.2139
vn 0.7261 0.6091 0.3189
vn 0.8918 0.2793 0.3560
vn 0.8599 0.3422 0.3787
vn 0.7253 0.6209 0.2974
vn 0.8612 0.3152 0.3986
vn 0.7590 0.1719 0.6280
vn 0.8922 0.2193 0.3948
vn 0.9580 0.2694 0.0986
vn 0.8364 0.4970 0.2312
vn 0.3341 0.5158 0.7889
vn -0.5848 -0.2139 0.7824
vn -0.9696 -0.2143 -0.1182
vn -0.3771 -0.2037 -0.9035
vn -0.5997 0.1041 0.7934
vn -0.3776 0.0956 -0.9210
vn -0.3642 0.2495 -0.8973
vn 0.3075 0.9410 0.1412
vn 0.2560 0.9133 0.3168
vn 0.0960 0.9952 0.0199
vn -0.0960 0.9946 -0.0397
vn 0.9839 -0.1789 -0.0039
vn -0.9831 -0.1829 0.0086
vn 0.1168 0.0044 0.9931
vn 0.1164 0.0819 0.9898
vn -0.1380 0.9902 0.0232
vn -0.1305 0.9902 -0.0491
vn -0.1615 0.9844 0.0692
vn -0.1164 0.9929 0.0233
vn -0.2202 0.9719 0.0835
vn -0.1070 0.9785 -0.1763
vn -0.1837 0.9800 -0.0766
vn -0.2063 0.9766 0.0603
vn -0.0000 0.9860 -0.1669
vn -0.0785 0.9661 0.2460
vn -0.0051 0.9716 0.2366
vn -0.0382 0.9767 -0.2112
vn 0.0567 0.9862 0.1558
vn -0.0234 0.9987 -0.0462
vn 0.0343 0.9943 0.1013
vn -0.2187 0.9757 0.0124
vn -0.0078 0.9989 -0.0468
vn 0.0078 0.9975 -0.0701
vn -0.0000 0.9868 0.1619
vn -0.1820 0.9825 0.0402
vn -0.9403 -0.1347 0.3126
vn 0.0115 -0.0609 -0.9981
vn -0.8783 -0.3707 0.3019
vn 0.0027 -0.3028 -0.9531
vn 0.1356 -0.8965 -0.4219
vn 0.0601 -0.1474 0.9873
vn -0.1608 0.9859 0.0462
vn -0.0940 0.9945 0.0470
vn -0.0825 0.9944 0.0653
vn -0.1148 0.9883 0.1001
vn -0.9146 -0.1584 0.3720
vn -0.4485 -0.4021 -0.7982
vn -0.8536 -0.3714 0.3653
vn -0.0418 -0.9520 -0.3031
vn -0.2699 -0.9446 0.1866
vn -0.2661 -0.9534 0.1424
vn 0.3325 -0.9015 0.2771
vn 0.3837 -0.9233 0.0156
vn 0.5697 -0.2333 0.7880
vn 0.9528 -0.2962 0.0660
vn 0.5518 -0.0350 0.8332
vn 0.9955 -0.0649 0.0689
vn -0.0681 0.9959 -0.0593
vn -0.2031 0.9774 0.0590
vn -0.1670 0.9857 0.0228
vn -0.0445 0.9990 0.0093
vn -0.0464 0.9973 -0.0567
vn 0.4792 0.4402 0.7593
vn 0.2112 0.2364 0.9484
vn 0.4543 0.3274 0.8285
vn -0.0415 0.6584 -0.7515
vn 0.1093 0.6587 -0.7444
vn 0.1253 0.5287 -0.8395
vn -0.6016 0.7090 -0.3681
vn -0.6398 0.7444 -0.1911
vn -0.6204 0.7550 0.2125
vn -0.5752 0.7302 0.3688
vn -0.7399 0.4893 0.4617
vn -0.7348 0.4350 0.5205
vn -0.9914 -0.0701 0.1102
vn -0.9935 0.0039 0.1135
vn -0.9895 0.0895 0.1131
vn -0.0086 -0.1829 -0.9831
vn 0.0039 -0.1789 0.9839
vn -0.9846 -0.1749 0.0035
vn 0.9831 -0.1829 0.0093
vn -0.1528 -0.1062 -0.9825
vn -0.1333 0.9735 -0.1859
vn -0.0000 0.9666 -0.2561
vn -0.1352 0.9878 0.0778
vn 0.1406 0.9867 0.0817
vn 0.0688 0.9951 0.0708
vn 0.1730 0.9806 0.0925
vn 0.1857 0.9801 0.0699
vn 0.2243 0.9720 0.0700
vn 0.2302 0.9592 -0.1639
vn -0.0901 0.9878 0.1271
vn -0.0802 0.9957 0.0468
vn -0.0579 0.9954 -0.0763
vn 0.1767 -0.0000 0.9843
vn -0.1412 0.9866 -0.0820
vn 0.0229 0.7480 -0.6633
vn -0.0370 0.9991 -0.0217
vn -0.0053 0.9995 -0.0313
vn -0.1148 0.9930 -0.0274
vn -0.2198 0.9193 -0.3264
vn 0.0837 -0.0032 -0.9965
vn -0.4650 0.7718 -0.4337
vn -0.2946 -0.0815 -0.9521
vn 0.9098 0.3869 -0.1502
vn 0.8345 0.5335 -0.1378
vn 0.5409 0.5254 0.6568
vn 0.5470 0.4325 0.7168
vn -0.0181 0.9997 0.0193
vn -0.0641 0.9758 0.2090
vn -0.2076 0.9717 0.1123
vn 0.1856 0.9817 0.0435
vn 0.1075 0.9932 -0.0447
vn -0.0190 0.9672 -0.2535
vn -0.0959 0.9906 0.0979
vn 0.1596 0.9736 0.1629
vn -0.1168 0.9821 0.1479
vn 0.2320 0.9435 0.2368
vn 0.0476 0.9989 -0.0000
vn 0.1414 0.9899 -0.0000
vn -0.0000 0.9791 0.2032
vn 0.1843 0.9828 0.0077
vn 0.0864 0.9922 -0.0904
vn 0.2281 0.9732 0.0304
vn -0.0386 0.9884 -0.1467
vn 0.0976 0.9925 -0.0730
vn -0.0119 0.9988 0.0468
vn 0.0002 1.0000 0.0076
vn -0.0465 0.9930 -0.1086
vn 0.0233 0.9938 -0.1087
vn 0.0354 0.9988 -0.0335
vn -0.0237 0.9976 -0.0644
vn -0.1086 0.9933 -0.0388
vn -0.0000 0.9997 -0.0247
vn -0.0855 0.9949 -0.0544
vn 0.0624 0.9978 -0.0234
vn -0.9833 0.1540 -0.0971
vn 0.0192 -0.9816 0.1901
vn 0.9404 -0.2892 0.1788
vn -0.7387 0.0574 0.6716
vn -0.9533 0.0401 -0.2993
vn -0.2130 0.0565 -0.9754
vn -0.9639 -0.0821 -0.2535
vn 0.5020 0.2222 -0.8358
vn 0.2726 0.2694 -0.9236
vn 0.5124 0.0055 -0.8587
vn -0.0737 0.9900 -0.1201
vn -0.0815 0.9730 -0.2157
vn -0.2765 0.6460 0.7115
vn 0.0938 0.8318 -0.5470
vn 0.1555 0.7191 -0.6773
vn 0.4500 -0.0000 -0.8930
vn 0.0276 0.0004 -0.9996
vn -0.3427 0.0067 -0.9394
vn -0.1708 -0.0040 -0.9853
vn -0.2668 0.6484 -0.7130
vn 0.2129 0.8023 -0.5577
vn 0.2661 0.8568 -0.4417
vn 0.4296 0.7728 -0.4672
vn -0.1944 0.2950 -0.9355
vn -0.3392 0.3200 -0.8846
vn 0.0465 0.9932 0.1072
vn -0.3686 0.9214 0.1229
vn -0.0460 0.9816 0.1854
vn 0.5000 -0.0688 -0.8633
vn -0.8949 -0.0767 -0.4395
vn -0.7549 -0.0916 0.6494
vn -0.3989 -0.0856 0.9130
vn -0.1433 0.9887 -0.0446
vn 0.1222 0.9850 0.1222
vn 0.0814 0.9865 -0.1424
vn 0.0814 0.9865 0.1424
vn 0.8615 0.0723 0.5026
vn -0.1835 -0.0093 0.9830
vn -0.2272 -0.0000 0.9738
vn 0.1535 0.0110 0.9881
vn 0.0925 0.4050 0.9096
vn 0.0665 0.9978 -0.0000
vn -0.1393 0.9903 -0.0000
vn -0.1174 -0.9721 0.2032
vn -0.9989 0.0320 -0.0330
vn -0.4696 0.1492 -0.8702
vn -0.4504 0.3174 -0.8345
vn -0.9498 0.3118 -0.0266
vn -0.9884 0.1490 -0.0276
vn 0.9457 0.3250 -0.0073
vn 0.9005 0.4279 0.0780
vn 0.0925 -0.0355 -0.9951
vn -0.0251 -0.0238 -0.9994
vn 0.6891 -0.7245 0.0178
vn 0.4904 -0.8714 0.0146
vn 0.1321 -0.9912 0.0032
vn -0.1103 -0.9939 -0.0027
vn -0.5137 -0.8578 -0.0152
vn -0.6885 -0.7249 -0.0204
vn 0.1450 -0.0946 -0.9849
vn -0.1080 -0.9721 -0.2082
vn 0.1237 0.9923 0.0036
vn -0.8983 0.3191 0.3021
vn -0.6809 0.6993 0.2179
vn 0.2909 -0.9308 -0.2215
vn 0.2907 -0.9303 0.2234
vn -0.8949 0.0707 -0.4406
vn -0.2839 0.0708 0.9562
vn -0.0743 0.8479 -0.5249
vn -0.6493 0.5986 0.4691
vn -0.3708 0.9267 -0.0608
vn -0.3764 0.9265 -0.0000
vn -0.3811 0.9225 0.0605
vn -0.5686 0.5926 0.5705
vn -0.0033 0.9386 0.3449
vn -0.0751 0.9907 0.1137
vn -0.1184 0.9926 0.0266
vn -0.8051 0.3709 0.4629
vn 0.8575 0.1469 -0.4931
vn -0.8563 0.1539 -0.4930
vn 0.5793 0.0265 -0.8147
vn 0.2219 -0.0463 -0.9740
vn 0.0810 0.3886 -0.9179
vn -0.0604 0.2105 -0.9757
vn -0.1400 0.4181 -0.8975
vn 0.0517 0.3373 -0.9400
vn -0.1257 0.0710 -0.9895
vn 0.2267 -0.0000 -0.9740
vn 0.0009 0.9895 -0.1447
vn -0.8575 0.1469 0.4931
vn 0.8057 0.3725 0.4604
vn -0.8575 0.1469 -0.4931
vn 0.8057 0.3725 -0.4604
vn -0.3102 0.4485 -0.8382
vn -0.3004 0.2971 -0.9064
vn -0.3418 0.6306 -0.6968
vn -0.4385 0.3597 -0.8236
vn 0.0586 0.3642 -0.9295
vn 0.0695 0.3289 0.9418
vn 0.4286 0.3295 0.8413
vn 0.6226 0.3299 0.7096
vn 0.6199 0.3273 0.7132
vn -0.6569 0.4985 -0.5656
vn -0.6308 0.6311 -0.4515
vn -0.2732 0.4923 -0.8264
vn -0.1120 0.9937 0.0088
vn 0.1528 0.9882 -0.0119
vn -0.4557 -0.0000 -0.8901
vn -0.6135 0.7094 -0.3469
vn -0.9695 -0.0200 -0.2442
vn -0.6731 0.4428 -0.5923
vn -0.6888 0.3019 -0.6591
vn -0.5642 0.4384 -0.6996
vn 0.1213 0.9852 -0.1213
vn -0.2060 0.9056 -0.3708
vn -0.0420 0.9443 0.3264
vn 0.0756 0.9827 -0.1693
vn -0.1302 0.9820 -0.1370
vn -0.1161 0.4972 0.8599
vn -0.0597 0.2111 0.9756
vn -0.1842 0.3871 0.9034
vn -0.2526 0.3022 0.9192
vn -0.2265 0.3110 0.9230
vn 0.1644 0.7439 0.6478
vn 0.3523 0.9310 -0.0955
vn 0.2856 0.8756 0.3895
vn 0.4054 0.8043 0.4345
vn 0.3176 0.7886 0.5266
vn 0.6946 0.6281 0.3507
vn 0.5394 0.6689 0.5116
vn 0.2191 0.7307 0.6466
vn 0.1368 0.6787 0.7216
vn -0.1746 0.2995 0.9380
vn -0.3186 0.7423 0.5894
vn -0.2382 0.2075 0.9488
vn -0.3007 0.8328 0.4648
vn -0.2287 0.2258 0.9470
vn -0.1027 0.9645 0.2435
vn -0.1263 0.9915 0.0317
vn -0.4031 0.9150 0.0167
vn -0.8612 0.5045 0.0619
vn -0.4670 0.8620 -0.1974
vn -0.8853 0.4458 0.1322
vn -0.0552 0.9902 -0.1286
vn -0.3284 0.9167 0.2277
vn 0.2909 -0.9308 0.2215
vn -0.8712 0.4716 0.1365
vn -0.1116 0.9750 0.1924
vn -0.0743 0.8479 0.5249
vn 0.4715 0.0069 0.8818
vn 0.5191 0.1387 0.8434
vn 0.4686 -0.1686 0.8672
vn 0.4046 0.5214 0.7513
vn -0.9398 0.2325 0.2506
vn -0.6802 0.2130 -0.7014
vn 0.2544 0.2129 -0.9434
vn -0.2559 0.2331 0.9382
vn -0.7020 0.0324 -0.7114
vn 0.2695 0.0301 -0.9625
vn 0.9677 0.0391 -0.2491
vn 0.6972 0.0403 0.7158
vn 0.1059 0.9939 -0.0311
vn 0.0288 0.9988 -0.0398
vn 0.0099 0.9991 -0.0411
vn -0.0046 1.0000 -0.0038
vn -0.0853 0.9927 -0.0853
vn 0.0364 0.9917 -0.1230
vn -0.0388 0.9925 -0.1163
vn -0.0543 0.9934 -0.1009
vn -0.0700 0.9951 -0.0700
vn 0.0081 1.0000 -0.0044
vn 0.0052 0.9989 -0.0457
vn -0.7373 0.3343 0.5871
vn -0.3699 -0.0667 0.9267
vn -0.2703 -0.0810 0.9594
vn -0.0885 -0.1110 0.9899
vn -0.0697 -0.3311 0.9410
vn -0.3512 0.2121 0.9120
vn -0.2224 0.7647 0.6048
vn -0.6071 -0.0063 0.7946
vn -0.4204 0.2863 0.8610
vn -0.4584 0.1471 0.8765
vn 0.1738 0.0054 0.9848
vn 0.1789 0.0056 0.9839
vn 0.2983 -0.0615 0.9525
vn 0.1835 -0.0093 0.9830
vn -0.3374 0.3597 0.8700
vn 0.3638 0.9020 0.2324
vn 0.0479 0.9988 0.0068
vn 0.0479 0.9988 0.0064
vn 0.7425 0.3351 0.5801
vn -0.7290 0.5519 -0.4050
vn -0.0000 0.5313 -0.8472
vn 0.7572 0.4813 -0.4417
vn -0.4581 0.4732 0.7525
vn 0.5352 0.4835 0.6926
vn 0.5581 0.3440 0.7551
vn 0.2130 0.4534 -0.8654
vn 0.6794 0.4144 -0.6056
vn 0.8430 0.2507 0.4759
vn 0.6686 0.6793 -0.3025
vn 0.8571 0.4899 -0.1592
vn 0.7379 0.5649 -0.3693
vn 0.7542 0.6564 -0.0136
vn 0.6311 0.6703 -0.3903
vn 0.8188 0.3615 -0.4459
vn 0.8177 0.4253 0.3880
vn 0.4072 0.6843 -0.6049
vt 0.749980 0.750040
vt 0.687520 0.874960
vt 0.687520 0.750040
vt 0.749980 0.874960
vt 0.187480 0.625040
vt 0.125020 0.749960
vt 0.125020 0.625040
vt 0.437520 0.874960
vt 0.499980 0.750040
vt 0.437520 0.750040
vt 0.000020 0.375040
vt 0.062480 0.499960
vt 0.000020 0.499960
vt 0.062480 0.375040
vt 0.312480 0.875040
vt 0.250020 0.999960
vt 0.250020 0.875040
vt 0.937520 0.625040
vt 0.999980 0.749960
vt 0.937520 0.749960
vt 0.000020 0.624960
vt 0.062480 0.624960
vt 0.375020 0.624960
vt 0.437480 0.500040
vt 0.375020 0.500040
vt 0.437480 0.624960
vt 0.500020 0.624960
vt 0.562480 0.500040
vt 0.500020 0.500040
vt 0.062520 0.750040
vt 0.124980 0.874960
vt 0.062520 0.874960
vt 0.312520 0.500040
vt 0.187520 0.875040
vt 0.187480 0.749960
vt 0.562520 0.750040
vt 0.624980 0.874960
vt 0.562520 0.874960
vt 0.000020 0.875040
vt 0.062480 0.999960
vt 0.812520 0.500040
vt 0.874980 0.624960
vt 0.874980 0.500040
vt 0.999980 0.625040
vt 0.812520 0.624960
vt 0.624980 0.624960
vt 0.624980 0.500040
vt 0.687480 0.500040
vt 0.000020 0.999960
vt 0.749980 0.624960
vt 0.749980 0.500040
vt 0.562480 0.624960
vt 0.624980 0.750040
vt 0.874980 0.875040
vt 0.812520 0.999960
vt 0.812520 0.875040
vt 0.687520 0.999960
vt 0.312520 0.624960
vt 0.374980 0.749960
vt 0.312520 0.749960
vt 0.874980 0.999960
vt 0.749980 0.999960
vt 0.874980 0.749960
vt 0.812480 0.749960
vt 0.687480 0.624960
vt 0.374980 0.999960
vt 0.312480 0.999960
vt 0.187480 0.500040
vt 0.125020 0.500040
vt 0.374980 0.875040
vt 0.249980 0.750040
vt 0.187520 0.999960
vt 0.249980 0.375040
vt 0.187520 0.375040
vt 0.125020 0.375040
vt 0.937520 0.999960
vt 0.999980 0.875040
vt 0.937520 0.875040
vt 0.499980 0.874960
vt 0.562480 0.999960
vt 0.500020 0.999960
vt 0.000020 0.749960
vt 0.999980 0.999960
vt 0.937480 0.500040
vt 0.249980 0.625040
vt 0.437480 0.999960
vt 0.249980 0.499960
vt 0.125020 0.999960
vt 0.624980 0.999960
vt 0.999980 0.500040
vt 0.937520 0.124960
vt 0.999980 0.000040
vt 0.937520 0.000040
vt 0.999980 0.124960
s 0
usemtl Material.001
f 2/1/1 4/2/1 1/3/1
f 1/1/1 6/2/1 5/3/1
f 5/1/1 8/2/1 7/3/1
f 7/1/1 10/2/1 9/3/1
f 9/1/1 12/2/1 11/3/1
f 11/1/1 14/2/1 13/3/1
f 3/1/1 16/2/1 4/3/1
f 10/1/1 18/2/1 12/3/1
f 19/2/1 20/4/1 21/3/1
f 20/4/1 19/3/1 22/2/1
f 24/5/2 26/6/2 23/7/2
f 23/5/3 28/6/3 27/7/3
f 27/2/1 29/4/1 30/3/1
f 30/2/1 29/4/1 21/3/1
f 21/2/1 32/1/1 19/3/1
f 27/2/1 33/1/1 23/3/1
f 23/2/1 34/1/1 24/3/1
f 20/2/1 34/4/1 33/3/1
f 29/3/1 31/4/1 21/1/1
f 36/8/4 33/9/4 30/10/4
f 38/8/5 37/9/5 36/10/5
f 40/8/6 39/9/6 38/10/6
f 21/9/7 36/8/7 30/10/7
f 42/9/8 38/8/8 36/10/8
f 43/9/9 40/8/9 38/10/9
f 33/9/10 45/8/10 20/10/10
f 37/9/11 46/8/11 45/10/11
f 39/9/12 47/8/12 46/10/12
f 45/8/13 21/9/13 20/10/13
f 46/8/14 42/9/14 45/10/14
f 47/8/15 43/9/15 46/10/15
f 48/11/16 50/12/16 51/13/16
f 53/13/17 55/14/17 52/12/17
f 54/11/18 53/12/18 56/13/18
f 55/11/19 54/12/19 57/13/19
f 59/15/20 61/16/20 58/17/20
f 62/11/21 57/12/21 64/14/21
f 65/11/22 63/12/22 62/14/22
f 63/11/23 55/12/23 57/14/23
f 66/11/24 67/12/24 63/14/24
f 69/11/25 68/12/25 66/14/25
f 52/12/26 67/11/26 71/13/26
f 68/11/27 71/12/27 67/14/27
f 70/11/28 72/12/28 68/14/28
f 73/11/29 75/12/29 72/14/29
f 76/18/30 74/19/30 73/20/30
f 78/21/31 79/22/31 80/13/31
f 80/13/32 82/22/32 83/12/32
f 83/23/33 85/24/33 84/25/33
f 85/25/34 87/26/34 84/24/34
f 86/21/35 89/12/35 87/13/35
f 84/25/36 90/26/36 91/24/36
f 87/21/37 92/12/37 90/13/37
f 94/27/38 96/28/38 93/29/38
f 97/30/39 99/31/39 100/6/39
f 97/32/40 102/6/40 101/30/40
f 101/32/41 104/6/41 103/30/41
f 101/24/42 106/23/42 97/25/42
f 106/21/43 108/12/43 98/13/43
f 98/23/44 97/24/44 106/26/44
f 105/26/45 101/24/45 103/23/45
f 88/21/46 110/12/46 109/13/46
f 110/23/47 85/24/47 111/25/47
f 94/12/48 81/21/48 95/13/48
f 85/24/49 94/23/49 111/25/49
f 98/25/50 89/26/50 99/24/50
f 104/33/51 79/23/51 103/25/51
f 89/13/52 112/22/52 92/21/52
f 114/1/53 116/2/53 113/3/53
f 117/34/54 114/16/54 118/17/54
f 102/32/55 100/31/55 119/30/55
f 102/32/56 119/31/56 120/30/56
f 122/14/57 124/13/57 121/11/57
f 121/14/58 126/13/58 125/11/58
f 125/14/59 128/13/59 127/11/59
f 127/14/60 130/13/60 129/11/60
f 129/14/61 132/13/61 131/11/61
f 124/14/62 134/13/62 126/11/62
f 128/11/63 134/12/63 135/13/63
f 136/7/64 138/35/64 139/6/64
f 140/36/1 142/37/1 143/38/1
f 131/13/65 146/14/65 144/11/65
f 147/39/66 146/40/66 148/32/66
f 149/41/67 148/42/67 150/43/67
f 151/11/68 131/12/68 144/14/68
f 151/20/69 147/44/69 152/18/69
f 152/45/70 149/43/70 153/41/70
f 154/28/71 149/46/71 155/47/71
f 154/46/72 156/48/72 143/47/72
f 127/13/73 151/14/73 157/11/73
f 157/20/74 152/44/74 158/18/74
f 158/45/75 153/43/75 159/41/75
f 160/28/76 153/46/76 154/47/76
f 160/46/77 143/48/77 142/47/77
f 125/13/78 157/14/78 161/11/78
f 161/49/79 158/32/79 162/39/79
f 162/45/80 159/43/80 163/41/80
f 164/48/81 159/50/81 160/51/81
f 164/50/82 142/41/82 165/51/82
f 166/11/83 125/12/83 161/14/83
f 167/18/84 161/19/84 162/44/84
f 168/41/85 162/42/85 163/43/85
f 168/52/86 164/47/86 169/28/86
f 169/46/87 165/48/87 170/47/87
f 122/13/88 166/14/88 171/11/88
f 171/49/89 167/32/89 172/39/89
f 172/45/90 168/43/90 173/41/90
f 139/48/91 168/50/91 169/51/91
f 136/51/92 169/45/92 170/41/92
f 175/45/93 173/43/93 174/41/93
f 177/38/1 179/53/1 176/36/1
f 179/53/1 180/2/1 181/3/1
f 180/38/1 183/53/1 181/36/1
f 183/53/1 184/2/1 185/3/1
f 185/36/1 186/37/1 187/53/1
f 176/3/1 186/37/1 177/2/1
f 179/1/1 189/2/1 188/3/1
f 183/1/1 191/2/1 181/3/1
f 192/3/1 185/4/1 187/2/1
f 187/4/1 176/2/1 193/3/1
f 194/41/94 195/42/94 196/45/94
f 194/43/95 182/45/95 180/41/95
f 196/41/96 195/42/96 197/45/96
f 182/41/97 197/42/97 184/45/97
f 197/41/98 195/42/98 198/45/98
f 197/43/99 186/45/99 184/41/99
f 198/41/100 195/42/100 199/45/100
f 198/43/101 177/45/101 186/41/101
f 199/41/102 195/42/102 200/45/102
f 199/43/103 178/45/103 177/41/103
f 200/41/104 195/42/104 194/45/104
f 178/41/105 194/42/105 180/45/105
f 202/1/1 204/2/1 201/3/1
f 206/1/1 208/2/1 205/3/1
f 205/1/1 210/2/1 209/3/1
f 209/1/1 212/2/1 211/3/1
f 211/1/1 214/2/1 213/3/1
f 203/1/1 216/2/1 204/3/1
f 204/1/1 218/2/1 217/3/1
f 217/1/1 219/2/1 207/3/1
f 208/3/1 219/4/1 185/2/1
f 208/1/1 192/2/1 210/3/1
f 212/3/1 192/4/1 220/2/1
f 212/1/1 221/2/1 214/3/1
f 216/1/1 223/2/1 218/3/1
f 218/1/1 190/2/1 219/3/1
f 219/1/1 183/2/1 185/3/1
f 220/3/1 187/4/1 193/2/1
f 221/3/1 193/4/1 224/2/1
f 222/1/1 226/2/1 223/3/1
f 190/3/1 226/4/1 191/2/1
f 176/4/1 224/3/1 193/1/1
f 224/1/1 229/2/1 228/3/1
f 225/1/1 231/2/1 226/3/1
f 191/3/1 231/4/1 232/2/1
f 181/3/1 232/4/1 189/2/1
f 179/1/1 233/2/1 176/3/1
f 227/3/1 233/4/1 234/2/1
f 227/1/1 235/2/1 229/3/1
f 230/1/1 237/2/1 231/3/1
f 231/1/1 238/2/1 232/3/1
f 189/3/1 238/4/1 239/2/1
f 189/1/1 240/2/1 188/3/1
f 188/1/1 241/2/1 233/3/1
f 233/1/1 242/2/1 234/3/1
f 236/1/1 244/2/1 237/3/1
f 237/1/1 245/2/1 238/3/1
f 238/1/1 246/2/1 239/3/1
f 239/1/1 247/2/1 240/3/1
f 240/1/1 248/2/1 241/3/1
f 241/1/1 249/2/1 242/3/1
f 250/41/106 251/42/106 252/45/106
f 253/41/107 254/42/107 255/45/107
f 257/1/1 259/2/1 256/3/1
f 256/1/1 261/2/1 260/3/1
f 260/1/1 263/2/1 262/3/1
f 262/1/1 265/2/1 264/3/1
f 264/1/1 267/2/1 266/3/1
f 266/1/1 269/2/1 268/3/1
f 268/1/1 271/2/1 270/3/1
f 273/54/108 275/55/108 272/56/108
f 274/4/109 277/57/109 275/2/109
f 277/58/110 278/59/110 279/60/110
f 280/58/111 278/59/111 281/23/111
f 272/45/112 283/1/112 273/50/112
f 282/45/112 285/1/112 283/50/112
f 285/56/113 286/61/113 287/55/113
f 287/2/114 280/62/114 281/57/114
f 288/54/115 274/55/115 273/56/115
f 289/4/116 276/57/116 274/2/116
f 290/23/117 278/60/117 276/58/117
f 292/2/118 281/62/118 293/57/118
f 281/58/119 291/59/119 293/23/119
f 273/45/120 294/1/120 288/50/120
f 283/45/120 295/1/120 294/50/120
f 295/56/121 287/61/121 292/55/121
f 289/2/122 297/62/122 290/57/122
f 297/23/123 291/60/123 290/58/123
f 291/60/124 299/23/124 293/58/124
f 292/4/125 299/57/125 300/2/125
f 301/45/126 303/63/126 304/64/126
f 305/46/127 307/3/127 308/53/127
f 305/46/128 310/36/128 306/52/128
f 312/46/129 314/36/129 311/52/129
f 315/52/130 310/53/130 316/36/130
f 312/52/1 317/53/1 318/36/1
f 303/52/131 307/53/131 304/46/131
f 315/65/132 307/53/132 306/46/132
f 315/46/133 321/3/133 319/53/133
f 304/52/134 319/53/134 301/46/134
f 319/36/135 302/46/135 301/52/135
f 305/52/136 314/53/136 309/36/136
f 322/11/137 324/12/137 325/13/137
f 325/11/138 326/12/138 327/13/138
f 327/11/139 328/12/139 329/13/139
f 330/15/140 332/66/140 333/67/140
f 335/13/141 329/14/141 334/11/141
f 337/13/142 334/14/142 336/11/142
f 338/13/143 327/14/143 335/11/143
f 339/13/144 335/14/144 337/11/144
f 341/13/145 337/14/145 340/11/145
f 343/44/146 340/20/146 342/18/146
f 338/11/147 322/12/147 325/14/147
f 339/11/148 344/12/148 338/14/148
f 341/11/149 345/12/149 339/14/149
f 343/39/150 346/40/150 341/49/150
f 344/11/151 349/12/151 322/14/151
f 350/13/152 344/14/152 345/11/152
f 351/13/153 345/14/153 346/11/153
f 353/68/154 355/7/154 352/69/154
f 353/68/155 357/7/155 356/5/155
f 358/70/156 359/8/156 360/59/156
f 361/70/157 358/8/157 360/59/157
f 362/70/158 361/8/158 360/59/158
f 364/6/159 366/32/159 363/30/159
f 363/6/160 368/32/160 367/30/160
f 370/59/161 372/26/161 369/23/161
f 374/59/162 369/26/162 373/23/162
f 370/32/1 365/6/1 371/30/1
f 370/30/163 368/31/163 366/6/163
f 375/11/164 377/12/164 378/13/164
f 378/11/165 379/12/165 380/13/165
f 380/11/166 381/12/166 382/13/166
f 382/11/167 383/12/167 384/13/167
f 385/11/168 387/12/168 388/13/168
f 389/11/169 388/12/169 390/13/169
f 388/11/170 391/12/170 392/13/170
f 390/11/171 392/12/171 393/13/171
f 384/11/172 394/12/172 395/13/172
f 395/11/173 386/12/173 385/13/173
f 396/34/174 397/17/174 398/35/174
f 399/34/175 396/17/175 398/35/175
f 400/34/176 399/17/176 398/35/176
f 401/34/177 400/17/177 398/35/177
f 402/34/178 401/17/178 398/35/178
f 403/34/179 402/17/179 398/35/179
f 404/34/180 403/17/180 398/35/180
f 397/34/181 404/17/181 398/35/181
f 396/34/182 406/71/182 405/35/182
f 406/35/183 400/17/183 407/71/183
f 408/17/184 409/35/184 410/71/184
f 408/17/185 411/35/185 412/71/185
f 413/26/186 415/9/186 416/10/186
f 416/26/187 417/9/187 418/10/187
f 413/3/188 420/50/188 419/65/188
f 422/13/189 424/14/189 421/11/189
f 426/14/190 428/13/190 425/11/190
f 427/14/191 430/13/191 428/11/191
f 430/11/192 431/12/192 432/13/192
f 428/14/193 423/13/193 422/11/193
f 423/14/194 432/13/194 433/11/194
f 424/44/195 433/20/195 434/18/195
f 436/47/196 434/52/196 435/28/196
f 438/48/197 435/46/197 437/47/197
f 440/27/1 442/10/1 439/26/1
f 421/20/198 445/44/198 443/19/198
f 442/1/199 445/56/199 444/4/199
f 438/1/200 444/56/200 436/4/200
f 421/40/201 436/39/201 444/32/201
f 447/14/202 449/13/202 446/11/202
f 448/14/203 451/13/203 449/11/203
f 441/27/1 453/10/1 452/26/1
f 454/26/1 456/9/1 457/27/1
f 452/26/1 455/9/1 454/27/1
f 457/64/204 459/4/204 454/1/204
f 459/44/205 462/20/205 460/18/205
f 454/64/205 460/4/205 452/1/205
f 445/39/206 462/40/206 443/49/206
f 452/64/206 445/4/206 441/1/206
f 463/11/207 450/12/207 448/13/207
f 465/11/208 448/12/208 447/13/208
f 447/14/209 462/13/209 465/11/209
f 466/39/210 468/40/210 469/49/210
f 470/48/211 466/50/211 469/65/211
f 471/51/212 472/45/212 473/50/212
f 466/65/213 471/51/213 467/50/213
f 473/8/214 475/66/214 474/70/214
f 472/67/215 476/17/215 475/15/215
f 466/67/216 477/17/216 476/15/216
f 478/34/217 470/16/217 480/72/217
f 481/15/218 477/66/218 478/70/218
f 476/15/219 482/66/219 475/70/219
f 484/1/1 486/2/1 483/3/1
f 483/1/1 488/2/1 487/3/1
f 487/1/1 490/2/1 489/3/1
f 489/1/1 492/2/1 491/3/1
f 491/1/1 494/2/1 493/3/1
f 493/1/1 496/2/1 495/3/1
f 485/1/1 498/2/1 486/3/1
f 486/1/1 499/2/1 488/3/1
f 488/1/1 500/2/1 490/3/1
f 490/1/1 501/2/1 492/3/1
f 492/1/1 502/2/1 494/3/1
f 494/1/1 503/2/1 496/3/1
f 497/1/1 505/2/1 498/3/1
f 498/1/1 506/2/1 499/3/1
f 499/1/1 507/2/1 500/3/1
f 500/1/1 508/2/1 501/3/1
f 501/1/1 509/2/1 502/3/1
f 502/1/1 510/2/1 503/3/1
f 504/1/1 512/2/1 505/3/1
f 505/1/1 513/2/1 506/3/1
f 506/1/1 514/2/1 507/3/1
f 507/1/1 515/2/1 508/3/1
f 508/1/1 516/2/1 509/3/1
f 509/1/1 517/2/1 510/3/1
f 511/1/1 519/2/1 512/3/1
f 512/1/1 520/2/1 513/3/1
f 513/1/1 521/2/1 514/3/1
f 514/1/1 522/2/1 515/3/1
f 515/1/1 523/2/1 516/3/1
f 518/1/1 525/2/1 519/3/1
f 519/1/1 526/2/1 520/3/1
f 520/1/1 527/2/1 521/3/1
f 521/1/1 528/2/1 522/3/1
f 522/1/1 529/2/1 523/3/1
f 527/1/1 531/2/1 528/3/1
f 528/1/1 532/2/1 529/3/1
f 533/26/220 534/9/220 535/10/220
f 533/27/221 537/10/221 536/26/221
f 539/27/222 541/10/222 538/26/222
f 538/27/223 543/10/223 542/26/223
f 542/26/224 543/9/224 544/10/224
f 545/26/225 546/9/225 547/10/225
f 545/27/226 549/10/226 548/26/226
f 548/26/227 550/9/227 551/10/227
f 552/26/228 551/9/228 553/10/228
f 554/26/229 544/9/229 555/10/229
f 554/26/230 555/9/230 556/10/230
f 541/73/231 534/68/231 533/74/231
f 541/68/232 536/75/232 543/74/232
f 544/74/233 536/69/233 546/75/233
f 555/74/234 546/69/234 545/75/234
f 545/73/235 556/68/235 555/74/235
f 557/26/1 558/9/1 559/10/1
f 560/10/236 536/27/236 537/26/236
f 538/10/237 562/27/237 539/26/237
f 564/10/238 535/27/238 563/26/238
f 565/10/239 550/9/239 566/26/239
f 567/26/240 569/9/240 570/27/240
f 566/26/241 550/9/241 548/10/241
f 558/26/242 564/9/242 563/27/242
f 565/10/243 551/27/243 550/26/243
f 542/10/244 561/27/244 538/26/244
f 564/26/245 560/9/245 537/27/245
f 554/10/246 574/27/246 571/26/246
f 575/10/247 564/27/247 557/26/247
f 554/26/248 567/9/248 573/27/248
f 576/10/249 546/27/249 560/26/249
f 577/10/250 560/27/250 572/26/250
f 576/26/251 549/9/251 547/27/251
f 577/26/252 578/9/252 576/27/252
f 549/65/253 566/1/253 548/50/253
f 580/10/254 549/9/254 578/26/254
f 581/3/255 578/50/255 579/65/255
f 582/26/256 581/9/256 579/27/256
f 544/10/257 571/27/257 542/26/257
f 573/26/258 570/9/258 584/27/258
f 585/26/259 535/9/259 534/27/259
f 586/4/260 581/64/260 583/1/260
f 587/4/1 588/55/1 589/56/1
f 589/6/261 591/5/261 590/7/261
f 581/64/262 592/4/262 580/1/262
f 587/62/1 593/56/1 592/4/1
f 593/6/263 590/5/263 594/7/263
f 595/4/264 553/64/264 565/1/264
f 597/26/265 599/9/265 600/10/265
f 602/27/1 604/10/1 601/26/1
f 605/27/1 606/10/1 607/26/1
f 608/26/1 610/9/1 611/10/1
f 603/27/1 614/10/1 612/26/1
f 612/27/1 616/10/1 615/26/1
f 613/50/1 618/3/1 614/65/1
f 614/27/1 600/10/1 616/26/1
f 620/45/1 622/1/1 619/50/1
f 623/45/1 625/1/1 621/50/1
f 626/45/1 624/1/1 623/50/1
f 624/45/1 629/1/1 625/50/1
f 627/45/1 628/1/1 624/50/1
f 631/2/266 633/62/266 634/57/266
f 635/30/266 631/31/266 634/32/266
f 637/4/267 639/57/267 636/2/267
f 641/54/268 636/55/268 640/56/268
f 639/58/269 638/59/269 642/60/269
f 643/30/270 636/31/270 639/32/270
f 644/30/271 645/31/271 646/32/271
f 647/30/272 648/31/272 649/32/272
f 632/2/266 649/62/266 633/57/266
f 649/32/266 650/31/266 647/30/266
f 639/32/273 651/31/273 643/30/273
f 648/6/274 652/30/274 649/31/274
f 653/6/274 646/30/274 654/31/274
f 653/6/275 656/32/275 655/30/275
f 657/4/267 638/57/267 637/2/267
f 658/54/268 637/55/268 641/56/268
f 642/60/269 638/59/269 634/58/269
f 634/32/267 657/31/267 635/30/267
f 635/76/268 658/77/268 659/78/268
f 653/6/276 644/30/276 646/31/276
f 661/50/277 663/3/277 660/65/277
f 664/26/278 665/9/278 666/10/278
f 667/26/279 669/9/279 670/27/279
f 661/26/280 668/9/280 667/27/280
f 660/65/281 671/1/281 661/50/281
f 672/9/282 673/26/282 674/10/282
f 675/79/1 677/80/1 678/81/1
f 679/79/1 677/80/1 676/38/1
f 681/26/1 682/9/1 683/10/1
f 681/26/1 683/9/1 684/10/1
f 683/60/283 680/70/283 679/15/283
f 683/59/284 676/15/284 684/60/284
f 685/26/285 681/9/285 684/27/285
f 669/10/286 685/27/286 687/26/286
f 681/26/1 689/9/1 682/27/1
f 686/26/242 688/9/242 681/27/242
f 668/10/287 686/27/287 669/26/287
f 688/26/1 692/9/1 689/27/1
f 690/26/288 691/9/288 688/27/288
f 668/26/289 693/9/289 690/27/289
f 694/10/290 692/27/290 691/26/290
f 696/10/291 691/27/291 693/26/291
f 671/26/292 696/9/292 693/27/292
f 674/10/293 696/27/293 672/26/293
f 699/82/294 701/22/294 698/21/294
f 702/82/295 666/22/295 665/21/295
f 704/19/296 703/78/296 702/20/296
f 706/82/297 663/22/297 662/21/297
f 708/78/298 710/83/298 711/76/298
f 712/56/299 714/61/299 715/55/299
f 716/54/300 714/55/300 713/56/300
f 714/4/301 719/57/301 715/2/301
f 714/2/302 720/62/302 718/57/302
f 721/6/275 720/32/275 717/30/275
f 713/45/1 724/1/1 723/50/1
f 708/50/1 724/64/1 709/1/1
f 725/50/1 713/64/1 723/1/1
f 726/30/303 728/31/303 729/32/303
f 726/4/304 730/57/304 710/2/304
f 710/6/305 731/32/305 711/30/305
f 733/1/1 735/2/1 732/3/1
f 732/1/1 737/2/1 736/3/1
f 738/1/1 740/2/1 734/3/1
f 734/1/1 741/2/1 735/3/1
f 735/1/1 742/2/1 737/3/1
f 737/1/1 744/2/1 743/3/1
f 743/1/1 746/2/1 745/3/1
f 747/69/306 748/5/306 749/7/306
f 747/69/307 750/5/307 748/7/307
f 751/7/308 752/5/308 747/69/308
f 747/69/309 749/5/309 752/7/309
f 753/7/310 751/5/310 747/69/310
f 755/84/311 757/42/311 754/43/311
f 755/43/312 759/18/312 756/42/312
f 758/43/313 761/18/313 759/42/313
f 747/7/314 764/30/314 762/22/314
f 765/22/315 764/6/315 766/30/315
f 768/53/316 770/65/316 767/46/316
f 771/46/317 768/3/317 767/65/317
f 747/53/318 771/65/318 763/46/318
f 773/52/319 768/53/319 772/36/319
f 775/12/320 777/7/320 778/69/320
f 777/22/321 780/69/321 778/12/321
f 779/22/322 782/69/322 780/12/322
f 781/22/323 784/69/323 782/12/323
f 784/42/324 748/84/324 750/43/324
f 785/42/325 749/84/325 748/43/325
f 775/42/326 752/84/326 749/43/326
f 752/43/327 780/18/327 751/84/327
f 751/43/313 782/18/313 753/84/313
f 753/43/328 784/18/328 750/84/328
f 786/26/1 788/9/1 789/10/1
f 787/9/1 786/10/1 790/26/1
f 792/27/329 794/10/329 791/26/329
f 790/26/330 796/9/330 787/10/330
f 789/26/1 797/9/1 798/10/1
f 796/27/331 788/10/331 787/26/331
f 798/9/1 786/10/1 789/26/1
f 799/27/332 791/10/332 788/26/332
f 788/27/333 800/10/333 789/26/333
f 802/10/1 804/27/1 801/26/1
f 806/10/1 801/27/1 805/26/1
f 808/10/334 805/27/334 807/26/334
f 803/35/1 810/85/1 809/5/1
f 802/35/335 811/85/335 810/5/335
f 806/35/336 812/85/336 811/5/336
f 814/32/337 816/49/337 813/39/337
f 801/1/337 814/56/337 813/4/337
f 813/44/338 818/20/338 817/18/338
f 805/1/338 813/56/338 817/4/338
f 819/39/339 818/40/339 820/49/339
f 805/64/339 819/4/339 807/1/339
f 822/14/340 815/13/340 821/11/340
f 822/11/341 824/12/341 825/13/341
f 825/14/342 816/13/342 822/11/342
f 825/11/343 826/12/343 827/13/343
f 827/14/344 818/13/344 825/11/344
f 826/11/345 829/12/345 830/13/345
f 827/11/346 830/12/346 831/13/346
f 831/14/347 820/13/347 827/11/347
f 830/11/348 833/12/348 834/13/348
f 831/11/349 834/12/349 835/13/349
f 798/70/350 810/86/350 811/66/350
f 786/70/351 811/86/351 812/66/351
f 790/70/352 812/86/352 836/66/352
f 837/26/353 838/9/353 839/10/353
f 841/27/354 837/10/354 840/26/354
f 840/27/355 839/10/355 843/26/355
f 843/27/356 845/10/356 844/26/356
f 846/26/357 844/9/357 848/10/357
f 848/26/358 845/9/358 849/10/358
f 850/26/359 851/9/359 852/10/359
f 842/26/360 853/9/360 854/10/360
f 838/26/361 842/9/361 854/10/361
f 856/10/362 839/27/362 855/26/362
f 858/3/363 855/50/363 857/65/363
f 859/26/364 861/9/364 862/10/364
f 863/26/365 864/9/365 860/10/365
f 862/26/366 861/9/366 865/10/366
f 866/75/367 867/68/367 868/69/367
f 869/74/368 849/87/368 866/68/368
f 851/75/369 848/68/369 869/69/369
f 865/74/370 851/69/370 850/75/370
f 862/74/371 850/69/371 870/75/371
f 871/26/372 861/9/372 872/27/372
f 846/10/373 871/27/373 847/26/373
f 873/26/374 875/9/374 876/27/374
f 840/10/375 873/27/375 841/26/375
f 878/10/376 880/27/376 877/26/376
f 875/26/377 878/9/377 877/27/377
f 874/26/378 881/9/378 875/27/378
f 840/26/379 882/9/379 874/27/379
f 878/26/380 864/9/380 879/27/380
f 881/26/381 872/9/381 878/27/381
f 882/26/382 871/9/382 881/27/382
f 843/26/383 847/9/383 882/27/383
f 861/10/384 864/27/384 872/26/384
f 883/11/385 884/12/385 885/13/385
f 887/15/386 889/59/386 886/60/386
f 884/12/387 890/11/387 891/13/387
f 892/13/388 884/14/388 891/11/388
f 894/11/389 892/12/389 891/14/389
f 896/11/390 895/12/390 894/14/390
f 888/18/391 897/19/391 896/20/391
f 898/13/392 893/14/392 892/11/392
f 900/13/393 892/14/393 895/11/393
f 901/13/394 895/14/394 897/11/394
f 902/32/395 897/49/395 887/39/395
f 904/10/1 889/27/1 903/26/1
f 906/10/396 905/27/396 904/26/396
f 903/26/1 889/10/1 908/27/1
f 909/60/397 911/70/397 912/59/397
f 911/30/398 913/32/398 902/6/398
f 911/30/399 914/31/399 913/6/399
f 915/11/400 917/12/400 918/13/400
f 919/11/401 918/12/401 920/13/401
f 914/32/402 920/49/402 913/39/402
f 918/11/403 898/12/403 900/13/403
f 918/14/404 901/13/404 920/11/404
f 913/44/405 901/20/405 902/18/405
f 917/11/406 921/12/406 922/13/406
f 917/14/407 899/13/407 898/11/407
f 924/1/1 926/2/1 923/3/1
f 923/1/1 928/2/1 927/3/1
f 927/1/1 930/2/1 929/3/1
f 929/1/1 932/2/1 931/3/1
f 931/1/1 934/2/1 933/3/1
f 933/1/1 936/2/1 935/3/1
f 925/1/1 938/2/1 926/3/1
f 926/1/1 939/2/1 928/3/1
f 928/1/1 940/2/1 930/3/1
f 930/1/1 941/2/1 932/3/1
f 932/1/1 942/2/1 934/3/1
f 934/1/1 943/2/1 936/3/1
f 940/1/1 945/2/1 941/3/1
f 941/1/1 946/2/1 942/3/1
f 948/1/1 950/2/1 947/3/1
f 952/1/1 929/2/1 951/3/1
f 954/1/1 956/2/1 953/3/1
f 953/1/1 952/2/1 957/3/1
f 957/1/1 951/2/1 958/3/1
f 951/1/1 931/2/1 959/3/1
f 959/1/1 933/2/1 960/3/1
f 962/1/1 953/2/1 961/3/1
f 958/1/1 959/2/1 963/3/1
f 961/1/1 957/2/1 964/3/1
f 964/1/1 958/2/1 965/3/1
f 963/1/1 960/2/1 966/3/1
f 965/1/1 963/2/1 967/3/1
f 960/1/1 935/2/1 949/3/1
f 949/1/1 968/2/1 950/3/1
f 966/1/1 949/2/1 948/3/1
f 967/1/1 966/2/1 969/3/1
f 969/1/1 948/2/1 970/3/1
f 972/1/1 974/2/1 971/3/1
f 976/1/1 962/2/1 975/3/1
f 975/1/1 961/2/1 978/3/1
f 978/1/1 964/2/1 973/3/1
f 973/1/1 965/2/1 974/3/1
f 974/1/1 967/2/1 979/3/1
f 979/1/1 969/2/1 980/3/1
f 980/1/1 970/2/1 981/3/1
f 923/2/1 955/1/1 924/4/1
f 956/1/1 927/2/1 952/3/1
f 983/44/408 985/20/408 982/18/408
f 982/45/409 987/43/409 983/42/409
f 985/14/410 990/13/410 988/11/410
f 982/32/411 988/49/411 991/39/411
f 991/45/412 986/43/412 982/42/412
f 988/14/413 994/13/413 993/11/413
f 991/44/414 993/20/414 995/18/414
f 992/43/415 995/45/415 996/41/415
f 997/11/416 994/12/416 998/13/416
f 999/39/417 993/40/417 997/49/417
f 1000/41/418 995/42/418 999/45/418
f 997/14/419 1002/13/419 1001/11/419
f 1003/18/420 997/19/420 1001/20/420
f 1004/41/421 999/42/421 1003/45/421
f 1001/14/422 1006/13/422 1005/11/422
f 1003/32/423 1005/49/423 1007/39/423
f 984/14/424 989/13/424 985/11/424
f 1009/3/1 1011/4/1 1012/2/1
f 1014/1/1 1016/2/1 1013/3/1
f 1013/1/1 1018/2/1 1017/3/1
f 1017/1/1 1020/2/1 1019/3/1
f 1019/1/1 1022/2/1 1021/3/1
f 1021/1/1 1024/2/1 1023/3/1
f 1023/1/1 1011/2/1 1025/3/1
f 1011/4/1 1026/3/1 1025/1/1
f 1015/1/1 1028/2/1 1016/3/1
f 1016/1/1 1029/2/1 1018/3/1
f 1018/1/1 1030/2/1 1020/3/1
f 1020/1/1 1031/2/1 1022/3/1
f 1022/1/1 1032/2/1 1024/3/1
f 1024/1/1 1012/2/1 1011/3/1
f 1027/1/1 1034/2/1 1028/3/1
f 1028/1/1 1035/2/1 1029/3/1
f 1029/1/1 1036/2/1 1030/3/1
f 1030/1/1 1037/2/1 1031/3/1
f 1031/1/1 1038/2/1 1032/3/1
f 1032/1/1 1039/2/1 1012/3/1
f 1009/3/1 1039/4/1 1040/2/1
f 1033/1/1 1042/2/1 1034/3/1
f 1034/1/1 1043/2/1 1035/3/1
f 1035/1/1 1044/2/1 1036/3/1
f 1036/1/1 1045/2/1 1037/3/1
f 1037/1/1 1046/2/1 1038/3/1
f 1038/1/1 1047/2/1 1039/3/1
f 1039/1/1 1048/2/1 1040/3/1
f 1041/1/1 1050/2/1 1042/3/1
f 1042/1/1 1051/2/1 1043/3/1
f 1043/1/1 1052/2/1 1044/3/1
f 1044/1/1 1053/2/1 1045/3/1
f 1045/1/1 1054/2/1 1046/3/1
f 1046/1/1 1055/2/1 1047/3/1
f 1047/1/1 1056/2/1 1048/3/1
f 1049/1/1 1058/2/1 1050/3/1
f 1050/1/1 1059/2/1 1051/3/1
f 1051/1/1 1060/2/1 1052/3/1
f 1052/1/1 1061/2/1 1053/3/1
f 1053/1/1 1062/2/1 1054/3/1
f 1054/1/1 1063/2/1 1055/3/1
f 1055/1/1 1064/2/1 1056/3/1
f 1066/1/1 1068/2/1 1065/3/1
f 1065/1/1 1070/2/1 1069/3/1
f 1069/1/1 1072/2/1 1071/3/1
f 1071/1/1 1074/2/1 1073/3/1
f 1073/1/1 1076/2/1 1075/3/1
f 1075/1/1 1078/2/1 1077/3/1
f 1077/1/1 1080/2/1 1079/3/1
f 1067/1/1 1082/2/1 1068/3/1
f 1068/1/1 1083/2/1 1070/3/1
f 1070/1/1 1084/2/1 1072/3/1
f 1072/1/1 1085/2/1 1074/3/1
f 1074/1/1 1086/2/1 1076/3/1
f 1076/1/1 1087/2/1 1078/3/1
f 1078/1/1 1088/2/1 1080/3/1
f 1081/1/1 1090/2/1 1082/3/1
f 1082/1/1 1091/2/1 1083/3/1
f 1083/1/1 1092/2/1 1084/3/1
f 1084/1/1 1093/2/1 1085/3/1
f 1085/1/1 1094/2/1 1086/3/1
f 1086/1/1 1095/2/1 1087/3/1
f 1087/1/1 1096/2/1 1088/3/1
f 1090/1/1 1098/2/1 1091/3/1
f 1091/1/1 1099/2/1 1092/3/1
f 1092/1/1 1100/2/1 1093/3/1
f 1093/1/1 1101/2/1 1094/3/1
f 1094/1/1 1102/2/1 1095/3/1
f 1095/1/1 1103/2/1 1096/3/1
f 1097/1/1 1105/2/1 1098/3/1
f 1098/1/1 1106/2/1 1099/3/1
f 1099/1/1 1107/2/1 1100/3/1
f 1100/1/1 1108/2/1 1101/3/1
f 1101/1/1 1109/2/1 1102/3/1
f 1102/1/1 1110/2/1 1103/3/1
f 1111/1/1 1113/2/1 1104/3/1
f 1104/1/1 1114/2/1 1105/3/1
f 1105/1/1 1115/2/1 1106/3/1
f 1106/1/1 1116/2/1 1107/3/1
f 1107/1/1 1117/2/1 1108/3/1
f 1108/1/1 1118/2/1 1109/3/1
f 1109/1/1 1119/2/1 1110/3/1
f 1120/31/425 1122/72/425 1123/34/425
f 1124/31/425 1121/72/425 1120/34/425
f 1127/88/426 1124/34/426 1126/31/426
f 1128/31/425 1126/72/425 1129/34/425
f 1127/16/427 1131/15/427 1130/17/427
f 1132/17/428 1121/67/428 1133/15/428
f 1122/86/429 1135/79/429 1134/8/429
f 1121/17/430 1136/67/430 1133/16/430
f 1138/86/431 1140/79/431 1137/8/431
f 1141/17/432 1139/67/432 1138/15/432
f 1133/15/433 1143/66/433 1141/67/433
f 1132/15/434 1141/66/434 1138/67/434
f 1135/8/435 1138/81/435 1137/79/435
f 1144/12/436 1146/7/436 1147/69/436
f 1146/22/437 1149/69/437 1147/12/437
f 1149/12/438 1150/7/438 1151/69/438
f 1152/17/439 1153/35/439 1154/71/439
f 1155/71/440 1156/35/440 1157/17/440
f 1158/24/441 1159/25/441 1160/26/441
f 1159/25/442 1161/26/442 1160/23/442
f 1162/7/443 1163/5/443 1164/69/443
f 1165/7/444 1162/5/444 1164/69/444
f 1166/17/445 1168/67/445 1169/16/445
f 1170/15/446 1169/16/446 1168/17/446
f 1172/59/447 1173/8/447 1174/70/447
f 1173/59/448 1175/8/448 1174/70/448
f 1175/59/449 1176/8/449 1174/70/449
f 1176/59/450 1177/8/450 1174/70/450
f 1177/59/451 1172/8/451 1174/70/451
f 1178/11/452 1180/12/452 1181/13/452
f 1179/11/453 1183/12/453 1180/13/453
f 1184/11/454 1185/12/454 1186/13/454
f 1187/50/1 1189/64/1 1190/1/1
f 1191/50/1 1188/64/1 1187/1/1
f 1194/45/1 1191/1/1 1193/50/1
f 1195/31/455 1197/72/455 1198/34/455
f 1199/31/456 1198/72/456 1200/34/456
f 1201/31/457 1200/72/457 1202/34/457
f 1203/34/458 1196/88/458 1195/31/458
f 1205/34/126 1204/88/126 1203/31/126
f 1207/34/459 1195/88/459 1199/31/459
f 1208/34/126 1203/88/126 1207/31/126
f 1209/34/460 1199/88/460 1201/31/460
f 1210/34/126 1207/88/126 1209/31/126
f 1208/30/425 1211/31/425 1212/32/425
f 1214/77/425 1211/76/425 1213/78/425
f 1205/30/425 1212/31/425 1215/32/425
f 1217/77/425 1215/76/425 1216/78/425
f 1206/30/425 1215/31/425 1218/32/425
f 1220/1/1 1222/45/1 1219/50/1
f 1216/1/1 1219/45/1 1217/50/1
f 1223/1/1 1221/45/1 1220/50/1
f 1214/1/1 1220/45/1 1216/50/1
f 1225/1/1 1224/45/1 1223/50/1
f 1213/1/1 1223/45/1 1214/50/1
f 1227/55/461 1226/54/461 1225/56/461
f 1211/55/461 1225/54/461 1213/56/461
f 1209/57/461 1228/4/461 1227/2/461
f 1210/57/461 1227/4/461 1211/2/461
f 1230/79/462 1232/86/462 1229/8/462
f 1233/17/463 1231/67/463 1234/16/463
f 1235/31/464 1237/72/464 1238/88/464
f 1240/10/465 1242/70/465 1239/8/465
f 1240/59/466 1243/8/466 1244/10/466
f 1244/59/467 1245/8/467 1246/10/467
f 1247/59/468 1249/8/468 1246/10/468
f 1246/59/469 1250/8/469 1247/10/469
f 1251/70/470 1247/10/470 1241/59/470
f 1250/70/471 1241/10/471 1247/59/471
f 1253/1/1 1255/2/1 1252/3/1
f 1252/1/1 1257/2/1 1256/3/1
f 1259/1/1 1261/2/1 1258/3/1
f 1258/1/1 1263/2/1 1262/3/1
f 1262/1/1 1265/2/1 1264/3/1
f 1264/1/1 1266/2/1 1254/3/1
f 1254/1/1 1267/2/1 1255/3/1
f 1255/1/1 1268/2/1 1257/3/1
f 1261/1/1 1270/2/1 1263/3/1
f 1272/1/1 1274/2/1 1271/3/1
f 1271/1/1 1276/2/1 1275/3/1
f 1275/1/1 1278/2/1 1277/3/1
f 1277/1/1 1253/2/1 1279/3/1
f 1273/1/1 1258/2/1 1274/3/1
f 1281/1/1 1283/2/1 1280/3/1
f 1282/1/1 1271/2/1 1283/3/1
f 1280/1/1 1285/2/1 1284/3/1
f 1283/1/1 1275/2/1 1285/3/1
f 1285/1/1 1277/2/1 1286/3/1
f 1284/1/1 1286/2/1 1287/3/1
f 1287/1/1 1289/2/1 1288/3/1
f 1288/1/1 1291/2/1 1290/3/1
f 1274/1/1 1262/2/1 1276/3/1
f 1252/2/1 1279/1/1 1253/4/1
f 1294/1/1 1296/2/1 1293/3/1
f 1276/1/1 1264/2/1 1278/3/1
f 1278/1/1 1254/2/1 1253/3/1
f 1286/1/1 1279/2/1 1289/3/1
f 1298/1/1 1280/2/1 1297/3/1
f 1297/1/1 1284/2/1 1299/3/1
f 1299/1/1 1287/2/1 1300/3/1
f 1300/1/1 1288/2/1 1295/3/1
f 1295/1/1 1290/2/1 1296/3/1
f 1289/1/1 1292/2/1 1291/3/1
f 1302/46/472 1304/36/472 1301/52/472
f 1305/46/473 1303/3/473 1306/65/473
f 1307/46/474 1304/3/474 1305/65/474
f 1307/7/475 1310/68/475 1308/69/475
f 1311/22/476 1305/69/476 1306/12/476
f 1314/46/477 1316/36/477 1313/52/477
f 1318/36/478 1320/46/478 1317/52/478
f 1322/1/479 1323/45/479 1321/50/479
f 1323/52/480 1325/53/480 1321/46/480
f 1317/52/481 1326/53/481 1318/36/481
f 1321/52/482 1326/53/482 1322/46/482
f 1327/11/483 1329/12/483 1330/13/483
f 1331/11/484 1330/12/484 1332/13/484
f 1334/14/485 1336/13/485 1333/11/485
f 1333/14/486 1337/13/486 1332/11/486
f 1335/14/487 1339/13/487 1336/11/487
f 1336/14/488 1340/13/488 1337/11/488
f 1338/14/489 1342/13/489 1339/11/489
f 1340/11/490 1342/12/490 1343/13/490
f 1341/14/491 1345/13/491 1342/11/491
f 1342/14/492 1346/13/492 1343/11/492
f 1345/11/493 1347/12/493 1348/13/493
f 1345/14/494 1349/13/494 1346/11/494
f 1348/11/495 1347/12/495 1350/13/495
f 1349/11/496 1350/12/496 1351/13/496
f 1353/14/497 1333/13/497 1352/11/497
f 1351/11/498 1350/12/498 1354/13/498
f 1355/11/499 1354/12/499 1356/13/499
f 1352/14/500 1332/13/500 1330/11/500
f 1346/11/501 1358/12/501 1343/13/501
f 1357/14/502 1349/13/502 1359/11/502
f 1351/11/503 1359/12/503 1349/13/503
f 1360/17/425 1362/67/425 1363/16/425
f 1364/11/504 1365/12/504 1366/13/504
f 1367/20/505 1369/77/505 1370/78/505
f 1371/19/506 1370/78/506 1369/20/506
f 1373/21/507 1372/30/507 1374/22/507
f 1375/44/508 1376/18/508 1377/19/508
f 1375/44/509 1379/20/509 1378/18/509
f 1381/59/425 1378/15/425 1380/60/425
f 1367/82/510 1373/22/510 1382/21/510
f 1371/20/511 1375/77/511 1372/78/511
f 1372/82/512 1381/22/512 1374/21/512
f 1383/51/513 1376/45/513 1384/50/513
f 1364/20/514 1376/44/514 1383/18/514
f 1377/11/515 1364/12/515 1366/13/515
f 1385/26/516 1387/9/516 1388/10/516
f 1389/26/517 1388/9/517 1390/10/517
f 1380/27/518 1386/10/518 1391/26/518
f 1381/27/519 1391/10/519 1374/26/519
f 1392/26/520 1382/10/520 1373/27/520
f 1374/26/521 1392/9/521 1373/27/521
f 1386/10/522 1392/27/522 1391/26/522
f 1386/26/523 1394/9/523 1393/27/523
f 1387/6/524 1378/34/524 1395/31/524
f 1387/59/525 1396/15/525 1388/60/525
f 1390/60/526 1396/70/526 1397/15/526
f 1378/32/527 1398/49/527 1395/39/527
f 1399/11/528 1400/12/528 1401/13/528
f 1395/44/529 1399/20/529 1396/18/529
f 1402/11/530 1401/12/530 1403/13/530
f 1397/39/531 1399/40/531 1402/49/531
f 1363/17/532 1405/67/532 1360/15/532
f 1406/26/1 1390/9/1 1407/10/1
f 1408/18/533 1402/19/533 1409/20/533
f 1411/66/534 1384/8/534 1410/70/534
f 1412/17/432 1383/67/432 1411/15/432
f 1413/17/535 1364/67/535 1412/15/535
f 1404/15/536 1413/66/536 1412/67/536
f 1412/15/537 1405/66/537 1404/67/537
f 1415/70/538 1411/86/538 1410/8/538
f 1416/4/539 1418/55/539 1419/62/539
f 1419/4/540 1421/64/540 1406/1/540
f 1406/1/541 1416/56/541 1419/4/541
f 1417/6/542 1397/34/542 1408/31/542
f 1422/11/543 1424/12/543 1425/13/543
f 1426/11/544 1425/12/544 1427/13/544
f 1428/11/545 1427/12/545 1429/13/545
f 1425/11/546 1430/12/546 1431/13/546
f 1427/11/547 1431/12/547 1432/13/547
f 1427/14/548 1433/13/548 1429/11/548
f 1434/14/549 1423/13/549 1422/11/549
f 1436/30/550 1438/31/550 1439/6/550
f 1441/6/551 1442/32/551 1440/30/551
f 1438/32/552 1444/6/552 1443/30/552
f 1445/26/553 1447/9/553 1448/10/553
f 1449/26/554 1451/9/554 1452/10/554
f 1454/46/555 1456/36/555 1453/53/555
f 1453/36/556 1458/46/556 1454/52/556
f 1459/52/557 1461/53/557 1462/46/557
f 1463/31/558 1464/72/558 1465/88/558
f 1463/88/559 1466/32/559 1467/31/559
f 1466/63/560 1469/18/560 1468/42/560
f 1470/70/561 1471/8/561 1472/59/561
f 1471/70/562 1470/8/562 1473/59/562
f 1471/70/563 1474/8/563 1472/59/563
f 1474/70/564 1471/8/564 1473/59/564
f 1474/10/565 1470/59/565 1472/8/565
f 1470/70/566 1474/8/566 1473/59/566
f 1475/20/567 1466/77/567 1476/78/567
f 1477/11/568 1479/12/568 1480/13/568
f 1480/11/569 1481/12/569 1482/13/569
f 1482/11/570 1483/12/570 1484/13/570
f 1484/11/571 1485/12/571 1486/13/571
f 1488/44/572 1490/20/572 1487/18/572
f 1487/32/573 1492/49/573 1491/39/573
f 1486/11/574 1493/12/574 1489/13/574
f 1495/35/575 1491/31/575 1494/6/575
f 1496/59/576 1487/15/576 1495/60/576
f 1494/59/577 1498/15/577 1497/60/577
f 1491/44/578 1499/20/578 1498/18/578
f 1500/14/579 1502/13/579 1499/11/579
f 1498/32/580 1502/49/580 1503/39/580
f 1504/34/581 1505/17/581 1506/35/581
f 1508/79/582 1510/36/582 1507/9/582
f 1510/36/582 1512/79/582 1507/9/582
f 1509/79/583 1514/36/583 1510/9/583
f 1514/36/583 1511/79/583 1510/9/583
f 1513/79/584 1517/36/584 1514/9/584
f 1517/36/584 1515/79/584 1514/9/584
f 1516/79/585 1520/36/585 1517/9/585
f 1520/36/585 1518/79/585 1517/9/585
f 1519/79/586 1523/36/586 1520/9/586
f 1523/36/586 1521/79/586 1520/9/586
f 1522/79/587 1526/36/587 1523/9/587
f 1526/36/587 1524/79/587 1523/9/587
f 1509/71/425 1529/58/425 1528/85/425
f 1513/71/425 1528/58/425 1530/85/425
f 1516/71/425 1530/58/425 1531/85/425
f 1519/71/425 1531/58/425 1532/85/425
f 1522/71/425 1532/58/425 1533/85/425
f 1534/85/425 1522/60/425 1533/58/425
f 1526/71/461 1534/58/461 1535/85/461
f 1527/71/461 1535/58/461 1536/85/461
f 1528/79/588 1538/36/588 1537/9/588
f 1538/36/588 1540/79/588 1537/9/588
f 1530/79/589 1537/36/589 1541/9/589
f 1534/79/590 1542/36/590 1535/9/590
f 1542/36/590 1536/79/590 1535/9/590
f 1539/85/591 1511/60/591 1540/58/591
f 1524/71/591 1536/58/591 1543/85/591
f 1544/2/1 1545/4/1 1546/3/1
f 1547/53/1 1549/2/1 1550/37/1
f 1548/36/1 1552/37/1 1549/38/1
f 1551/53/1 1554/2/1 1552/37/1
f 1556/1/1 1548/2/1 1555/3/1
f 1551/3/1 1557/4/1 1553/2/1
f 1558/3/1 1548/4/1 1547/2/1
f 1559/3/1 1561/37/1 1544/53/1
f 1562/2/1 1563/53/1 1564/3/1
f 1563/36/1 1565/37/1 1566/53/1
f 1567/53/1 1562/38/1 1564/36/1
f 1569/3/1 1570/4/1 1571/2/1
f 1567/1/1 1571/2/1 1570/3/1
f 1571/3/1 1563/4/1 1557/2/1
f 1572/43/592 1549/45/592 1552/41/592
f 1574/41/593 1575/42/593 1572/45/593
f 1549/41/594 1576/42/594 1550/45/594
f 1554/41/595 1572/42/595 1552/45/595
f 1576/43/596 1578/45/596 1550/41/596
f 1572/41/597 1575/42/597 1573/45/597
f 1577/43/598 1580/45/598 1578/41/598
f 1579/41/599 1575/42/599 1574/45/599
f 1579/43/600 1554/45/600 1580/41/600
f 1575/45/601 1579/42/601 1573/41/601
f 1573/43/602 1577/45/602 1576/41/602
f 1581/41/603 1583/42/603 1584/45/603
f 1586/58/604 1582/71/604 1585/85/604
f 1587/85/605 1582/60/605 1581/71/605
f 1588/85/606 1581/60/606 1584/71/606
f 1588/58/607 1583/71/607 1586/85/607
f 1589/41/608 1591/42/608 1592/43/608
f 1592/71/609 1594/58/609 1593/85/609
f 1595/85/610 1592/60/610 1593/58/610
f 1596/85/611 1589/60/611 1595/58/611
f 1591/71/612 1596/58/612 1594/85/612
f 1571/3/1 1551/4/1 1556/2/1
f 1571/1/1 1597/2/1 1569/3/1
f 1569/1/1 1598/2/1 1546/3/1
f 1544/3/1 1598/4/1 1599/2/1
f 1544/1/1 1600/2/1 1559/3/1
f 1559/1/1 1602/2/1 1601/3/1
f 1556/1/1 1603/2/1 1597/3/1
f 1597/1/1 1604/2/1 1598/3/1
f 1598/1/1 1605/2/1 1599/3/1
f 1599/1/1 1606/2/1 1600/3/1
f 1600/1/1 1607/2/1 1602/3/1
f 1555/3/1 1558/4/1 1608/2/1
f 1555/1/1 1609/2/1 1603/3/1
f 1603/1/1 1610/2/1 1604/3/1
f 1604/1/1 1611/2/1 1605/3/1
f 1605/1/1 1612/2/1 1606/3/1
f 1606/1/1 1613/2/1 1607/3/1
f 1558/1/1 1615/2/1 1608/3/1
f 1608/1/1 1616/2/1 1609/3/1
f 1609/1/1 1617/2/1 1610/3/1
f 1610/1/1 1618/2/1 1611/3/1
f 1611/1/1 1619/2/1 1612/3/1
f 1612/1/1 1620/2/1 1613/3/1
f 1613/1/1 1622/2/1 1621/3/1
f 1614/1/1 1624/2/1 1615/3/1
f 1615/1/1 1625/2/1 1616/3/1
f 1616/1/1 1626/2/1 1617/3/1
f 1617/1/1 1627/2/1 1618/3/1
f 1619/3/1 1627/4/1 1628/2/1
f 1620/3/1 1628/4/1 1629/2/1
f 1623/1/1 1631/2/1 1624/3/1
f 1624/1/1 1632/2/1 1625/3/1
f 1625/1/1 1633/2/1 1626/3/1
f 1626/1/1 1634/2/1 1627/3/1
f 1628/3/1 1634/4/1 1635/2/1
f 1629/3/1 1628/4/1 1635/2/1
f 1637/26/613 1639/59/613 1636/23/613
f 1636/26/614 1641/59/614 1640/23/614
f 1642/30/615 1644/31/615 1645/32/615
f 1643/30/616 1647/31/616 1644/32/616
f 1645/6/1 1639/32/1 1638/30/1
f 1644/6/163 1641/32/163 1639/30/163
f 1649/27/1 1651/10/1 1648/26/1
f 1649/10/617 1652/9/617 1653/26/617
f 1649/26/618 1654/9/618 1650/27/618
f 1654/38/619 1655/89/619 1656/80/619
f 1657/17/1 1656/67/1 1655/16/1
f 1652/37/620 1655/80/620 1653/38/620
f 1660/17/1 1655/67/1 1659/16/1
f 1661/37/621 1659/80/621 1652/38/621
f 1660/15/1 1662/16/1 1663/17/1
f 1663/15/1 1665/16/1 1664/17/1
f 1664/15/1 1667/16/1 1666/17/1
f 1668/17/622 1667/67/622 1669/16/622
f 1661/38/623 1665/89/623 1662/80/623
f 1671/37/624 1665/80/624 1670/38/624
f 1672/37/625 1667/80/625 1671/38/625
f 1648/10/112 1652/27/112 1649/9/112
f 1648/26/626 1670/9/626 1661/10/626
f 1648/26/627 1671/9/627 1670/10/627
f 1672/10/628 1671/9/628 1651/26/628
f 1674/37/629 1660/80/629 1673/38/629
f 1675/38/630 1657/89/630 1674/37/630
f 1676/38/631 1664/89/631 1666/80/631
f 1679/10/1 1681/27/1 1678/26/1
f 1682/10/1 1680/27/1 1679/26/1
f 1684/18/632 1686/19/632 1687/20/632
f 1685/42/633 1684/41/633 1688/43/633
f 1690/43/634 1692/45/634 1689/41/634
f 1693/44/635 1694/18/635 1695/19/635
f 1693/43/636 1697/45/636 1694/41/636
f 1699/43/637 1689/45/637 1698/41/637
f 1700/41/638 1701/42/638 1697/45/638
f 1700/43/639 1702/45/639 1689/41/639
f 1697/41/640 1701/42/640 1694/45/640
f 1699/41/641 1701/42/641 1700/45/641
f 1694/41/642 1701/42/642 1703/45/642
f 1703/44/643 1695/20/643 1694/18/643
f 1703/41/644 1701/42/644 1705/45/644
f 1705/32/645 1704/49/645 1703/39/645
f 1705/41/646 1701/42/646 1699/45/646
f 1699/44/647 1706/20/647 1705/18/647
f 1693/41/648 1708/42/648 1696/45/648
f 1709/43/649 1711/45/649 1685/41/649
f 1711/41/650 1707/42/650 1693/45/650
f 1685/41/651 1712/42/651 1713/45/651
f 1714/56/652 1716/61/652 1717/55/652
f 1718/6/653 1720/34/653 1721/31/653
f 1723/1/1 1725/2/1 1722/3/1
f 1727/1/1 1729/2/1 1726/3/1
f 1726/1/1 1730/2/1 1724/3/1
f 1724/1/1 1731/2/1 1725/3/1
f 1725/1/1 1733/2/1 1732/3/1
f 1732/1/1 1735/2/1 1734/3/1
f 1734/1/1 1737/2/1 1736/3/1
f 1736/1/1 1739/2/1 1738/3/1
f 1740/11/654 1742/12/654 1743/14/654
f 1744/11/655 1741/12/655 1740/14/655
f 1747/59/656 1749/15/656 1746/60/656
f 1750/7/657 1752/12/657 1753/22/657
f 1755/27/658 1757/10/658 1754/26/658
f 1758/38/659 1760/89/659 1761/37/659
f 1761/38/660 1762/89/660 1763/37/660
f 1764/38/661 1766/89/661 1767/37/661
f 1767/38/662 1768/89/662 1769/37/662
f 1769/38/663 1770/89/663 1771/37/663
f 1765/15/664 1773/16/664 1766/17/664
f 1766/15/1 1774/16/1 1768/17/1
f 1768/15/665 1775/16/665 1770/17/665
f 1776/17/666 1775/67/666 1777/16/666
f 1778/38/667 1780/89/667 1781/80/667
f 1779/38/668 1783/89/668 1780/80/668
f 1782/38/669 1785/89/669 1783/80/669
f 1761/62/670 1787/56/670 1758/4/670
f 1763/62/671 1786/56/671 1761/4/671
f 1764/27/672 1779/10/672 1778/26/672
f 1767/27/1 1782/10/1 1779/26/1
f 1769/27/665 1784/10/665 1782/26/665
f 1789/38/673 1773/89/673 1772/80/673
f 1787/38/674 1774/89/674 1773/80/674
f 1786/38/675 1775/89/675 1774/80/675
f 1788/38/676 1777/89/676 1775/80/676
f 1759/16/664 1781/15/664 1780/17/664
f 1760/16/1 1780/15/1 1783/17/1
f 1762/16/665 1783/15/665 1785/17/665
f 1792/26/677 1794/9/677 1795/27/677
f 1797/10/678 1799/27/678 1796/26/678
f 1801/10/679 1803/27/679 1800/26/679
f 1757/10/680 1804/27/680 1754/26/680
f 1803/10/681 1796/27/681 1757/26/681
f 1756/26/682 1803/9/682 1757/27/682
f 1795/10/683 1802/27/683 1801/26/683
f 1806/26/684 1808/9/684 1809/27/684
f 1811/14/685 1813/13/685 1810/11/685
f 1814/41/686 1815/42/686 1816/45/686
f 1817/41/687 1816/42/687 1818/45/687
f 1816/41/688 1815/42/688 1819/45/688
f 1819/32/689 1818/49/689 1816/39/689
f 1822/1/1 1824/2/1 1821/3/1
f 1825/1/1 1827/2/1 1823/3/1
f 1823/1/1 1828/2/1 1824/3/1
f 1824/1/1 1830/2/1 1829/3/1
f 1829/1/1 1832/2/1 1831/3/1
f 1831/1/1 1834/2/1 1833/3/1
f 1826/1/1 1836/2/1 1827/3/1
f 1827/1/1 1837/2/1 1828/3/1
f 1828/1/1 1838/2/1 1830/3/1
f 1830/1/1 1839/2/1 1832/3/1
f 1832/1/1 1840/2/1 1834/3/1
f 1835/1/1 1842/2/1 1836/3/1
f 1836/1/1 1843/2/1 1837/3/1
f 1837/1/1 1844/2/1 1838/3/1
f 1838/1/1 1845/2/1 1839/3/1
f 1839/1/1 1846/2/1 1840/3/1
f 1840/1/1 1848/2/1 1847/3/1
f 1841/1/1 1850/2/1 1842/3/1
f 1842/1/1 1851/2/1 1843/3/1
f 1843/1/1 1852/2/1 1844/3/1
f 1844/1/1 1853/2/1 1845/3/1
f 1845/1/1 1854/2/1 1846/3/1
f 1849/1/1 1856/2/1 1850/3/1
f 1850/1/1 1857/2/1 1851/3/1
f 1851/1/1 1858/2/1 1852/3/1
f 1852/1/1 1859/2/1 1853/3/1
f 1853/1/1 1860/2/1 1854/3/1
f 1855/1/1 1862/2/1 1856/3/1
f 1856/1/1 1863/2/1 1857/3/1
f 1857/1/1 1864/2/1 1858/3/1
f 1858/1/1 1865/2/1 1859/3/1
f 1859/1/1 1866/2/1 1860/3/1
f 1861/1/1 1868/2/1 1862/3/1
f 1869/11/690 1870/12/690 1871/13/690
f 1872/11/691 1871/12/691 1873/13/691
f 1875/15/692 1877/16/692 1874/17/692
f 1876/17/591 1878/67/591 1879/16/591
f 1880/17/591 1878/67/591 1881/16/591
f 1882/17/693 1881/67/693 1883/16/693
f 1882/15/694 1885/16/694 1884/17/694
f 1877/15/591 1887/16/591 1874/17/591
f 1887/17/591 1884/67/591 1885/16/591
f 1888/11/695 1872/12/695 1889/13/695
f 1891/32/696 1889/49/696 1890/39/696
f 1892/50/1 1875/64/1 1874/1/1
f 1892/8/697 1895/81/697 1896/79/697
f 1897/15/698 1899/66/698 1900/70/698
f 1898/70/699 1902/67/699 1901/15/699
f 1895/86/700 1904/79/700 1896/8/700
f 1900/15/701 1881/16/701 1897/17/701
f 1883/34/702 1900/16/702 1905/72/702
f 1885/17/703 1905/67/703 1906/16/703
f 1885/17/704 1894/67/704 1887/15/704
f 1874/8/705 1894/81/705 1892/79/705
f 1907/89/706 1909/2/706 1900/37/706
f 1875/8/707 1902/81/707 1878/86/707
f 1902/17/708 1881/67/708 1878/16/708
f 1910/47/709 1912/65/709 1913/46/709
f 1913/28/710 1914/46/710 1915/52/710
f 1916/28/711 1915/46/711 1914/52/711
f 1918/28/712 1920/46/712 1921/47/712
f 1922/51/713 1923/45/713 1924/41/713
f 1925/48/714 1919/46/714 1922/47/714
f 1927/30/715 1922/39/715 1926/82/715
f 1928/31/716 1929/30/716 1926/6/716
f 1928/82/717 1922/32/717 1924/39/717
f 1910/39/718 1929/30/718 1911/32/718
f 1928/70/591 1923/86/591 1930/66/591
f 1931/38/719 1932/89/719 1933/80/719
f 1933/89/720 1934/38/720 1931/37/720
f 1934/38/721 1933/89/721 1935/80/721
f 1936/26/722 1938/9/722 1939/27/722
f 1939/26/723 1940/9/723 1941/27/723
f 1942/26/724 1944/9/724 1937/27/724
f 1941/26/725 1945/9/725 1946/27/725
f 1947/26/726 1939/9/726 1948/27/726
f 1945/59/727 1950/15/727 1946/60/727
f 1949/37/728 1952/80/728 1950/38/728
f 1950/37/729 1954/80/729 1953/38/729
f 1953/37/730 1956/80/730 1955/38/730
f 1958/59/731 1959/15/731 1957/60/731
f 1955/37/732 1960/80/732 1959/38/732
f 1961/26/733 1934/9/733 1962/10/733
f 1963/26/734 1964/9/734 1965/10/734
f 1964/38/735 1967/89/735 1968/37/735
f 1962/38/736 1966/89/736 1964/37/736
f 1934/38/737 1969/89/737 1962/37/737
f 1960/5/738 1970/71/738 1971/35/738
f 1956/5/739 1972/71/739 1970/35/739
f 1954/5/740 1973/71/740 1972/35/740
f 1952/5/741 1974/71/741 1973/35/741
f 1951/5/742 1975/71/742 1974/35/742
f 1967/17/743 1976/67/743 1977/16/743
f 1976/16/744 1969/15/744 1932/67/744
f 1932/16/745 1935/15/745 1933/67/745
f 1979/37/746 1976/80/746 1978/38/746
f 1980/52/747 1982/53/747 1983/46/747
f 1984/15/748 1986/66/748 1987/70/748
f 1988/15/749 1985/66/749 1984/70/749
f 1990/70/750 1989/86/750 1988/66/750
f 1992/52/128 1994/53/128 1995/36/128
f 1997/85/1 1990/35/1 1996/5/1
f 2000/45/1 1996/1/1 1999/50/1
f 1999/50/1 1996/64/1 2001/1/1
f 2002/50/1 1997/64/1 2000/1/1
f 2002/45/1 2003/1/1 1983/50/1
f 1980/50/1 2003/64/1 2004/1/1
f 1980/50/1 2005/64/1 2006/1/1
f 2006/50/1 2007/64/1 2008/1/1
f 2007/50/1 2001/64/1 2008/1/1
f 2010/72/751 2012/17/751 2009/34/751
f 2013/52/129 1981/53/129 2015/36/129
f 2016/46/752 1981/36/752 2014/52/752
f 1980/46/753 2015/36/753 1981/53/753
f 1992/46/130 2018/36/130 2017/52/130
f 2001/52/754 1994/53/754 2008/46/754
f 2017/46/755 1982/36/755 2016/52/755
f 2012/34/756 2020/16/756 2009/72/756
f 1984/15/757 2022/16/757 1988/17/757
f 1987/15/758 2021/16/758 1984/17/758
f 1996/70/759 1988/86/759 2022/66/759
f 1991/70/760 2023/86/760 1989/66/760
f 2025/16/761 2027/15/761 2024/17/761
f 1997/70/762 2024/86/762 1998/8/762
f 2026/16/763 2028/15/763 2027/17/763
f 2007/42/1 2000/64/1 1999/45/1
f 2003/42/1 2005/64/1 2004/45/1
f 2008/52/764 2015/53/764 2006/46/764
f 2025/65/765 1997/53/765 2002/46/765
f 2025/65/766 2018/53/766 2026/46/766
f 2012/46/767 2026/3/767 2018/53/767
f 2021/46/768 2019/3/768 1995/53/768
f 2019/46/769 2018/3/769 1995/53/769
f 2022/46/425 2001/3/425 1996/53/425
f 2022/65/770 1995/53/770 2001/46/770
f 2027/15/771 2029/66/771 2030/67/771
f 2024/15/772 2030/66/772 2031/67/772
f 2020/2/773 2010/89/773 2009/37/773
f 1993/52/136 2015/53/136 1994/36/136
f 1982/36/774 2002/46/774 1983/52/774
f 2033/38/775 2035/89/775 2036/80/775
f 2037/17/776 2036/67/776 2035/16/776
f 2039/26/777 2040/9/777 2041/10/777
f 2042/26/778 2043/9/778 2044/10/778
f 2045/26/779 2042/9/779 2046/10/779
f 2047/26/780 2045/9/780 2046/10/780
f 2048/75/781 2050/68/781 2051/69/781
f 2053/74/782 2048/69/782 2052/75/782
f 2043/75/783 2053/68/783 2052/69/783
f 2042/75/784 2041/68/784 2043/69/784
f 2054/73/785 2042/68/785 2045/74/785
f 2047/75/786 2054/68/786 2045/69/786
f 2056/38/787 2058/89/787 2059/37/787
f 2059/38/788 2060/89/788 2061/37/788
f 2061/37/789 2038/80/789 2062/38/789
f 2063/38/790 2065/89/790 2066/37/790
f 2065/17/791 2067/67/791 2068/16/791
f 2065/15/792 2070/16/792 2069/17/792
f 2071/38/793 2073/89/793 2074/80/793
f 2072/38/794 2076/89/794 2073/80/794
f 2059/4/795 2077/55/795 2078/56/795
f 2079/27/796 2072/10/796 2071/26/796
f 2063/27/791 2075/10/791 2072/26/791
f 2075/65/797 2080/1/797 2033/3/797
f 2078/38/798 2068/89/798 2067/80/798
f 2058/16/796 2074/15/796 2073/17/796
f 2076/17/791 2058/67/791 2073/15/791
f 2038/16/799 2076/15/799 2036/17/799
f 2082/42/1 2084/64/1 2081/45/1
f 2039/26/800 2085/10/800 2040/27/800
f 2049/10/801 2087/27/801 2086/26/801
f 2088/10/802 2047/27/802 2046/26/802
f 2044/26/803 2046/9/803 2042/27/803
f 2092/10/804 2094/27/804 2091/26/804
f 2087/10/805 2091/27/805 2095/26/805
f 2096/10/806 2046/27/806 2090/26/806
f 2053/10/807 2092/27/807 2087/26/807
f 2092/26/808 2040/9/808 2093/27/808
f 2098/1/1 2100/2/1 2097/3/1
f 2102/1/1 2104/2/1 2101/3/1
f 2100/1/1 2107/2/1 2105/3/1
f 2105/1/1 2108/2/1 2103/3/1
f 2103/1/1 2109/2/1 2104/3/1
f 2104/1/1 2111/2/1 2110/3/1
f 2112/3/1 2111/4/1 2113/2/1
f 2114/3/1 2115/4/1 2116/2/1
f 2106/1/1 2118/2/1 2107/3/1
f 2107/1/1 2119/2/1 2108/3/1
f 2108/1/1 2120/2/1 2109/3/1
f 2109/1/1 2121/2/1 2111/3/1
f 2113/3/1 2121/4/1 2122/2/1
f 2117/1/1 2124/2/1 2118/3/1
f 2118/1/1 2125/2/1 2119/3/1
f 2119/1/1 2126/2/1 2120/3/1
f 2120/1/1 2127/2/1 2121/3/1
f 2122/3/1 2127/4/1 2128/2/1
f 2123/1/1 2130/2/1 2124/3/1
f 2124/1/1 2131/2/1 2125/3/1
f 2125/1/1 2132/2/1 2126/3/1
f 2126/1/1 2133/2/1 2127/3/1
f 2128/3/1 2133/4/1 2134/2/1
f 2129/1/1 2136/2/1 2130/3/1
f 2130/1/1 2137/2/1 2131/3/1
f 2131/1/1 2138/2/1 2132/3/1
f 2132/1/1 2139/2/1 2133/3/1
f 2133/1/1 2140/2/1 2134/3/1
f 2134/3/1 2140/4/1 2116/2/1
f 2135/1/1 2142/2/1 2136/3/1
f 2136/1/1 2143/2/1 2137/3/1
f 2137/1/1 2144/2/1 2138/3/1
f 2138/1/1 2145/2/1 2139/3/1
f 2139/1/1 2146/2/1 2140/3/1
f 2116/3/1 2146/4/1 2114/2/1
f 2144/1/1 2148/2/1 2145/3/1
f 2145/1/1 2149/2/1 2146/3/1
f 2113/3/1 2151/37/1 2112/53/1
f 2122/53/1 2150/38/1 2113/36/1
f 2122/53/1 2153/2/1 2152/37/1
f 2134/53/1 2153/38/1 2128/36/1
f 2116/3/1 2154/37/1 2134/53/1
f 2115/53/1 2155/38/1 2116/36/1
f 2155/48/809 2158/46/809 2154/47/809
f 2154/41/810 2159/50/810 2153/51/810
f 2152/51/811 2159/45/811 2160/50/811
f 2150/51/812 2160/45/812 2161/50/812
f 2151/47/813 2161/65/813 2162/46/813
f 2164/30/814 2166/39/814 2163/82/814
f 2167/32/815 2168/82/815 2169/30/815
f 2169/82/816 2166/32/816 2167/39/816
f 2170/69/817 2164/5/817 2172/7/817
f 2164/43/818 2163/84/818 2172/18/818
f 2173/8/819 2174/59/819 2175/10/819
f 2173/8/820 2176/59/820 2174/10/820
f 2164/12/821 2174/7/821 2176/22/821
f 2178/64/822 2164/54/822 2171/63/822
f 2180/10/823 2182/27/823 2179/26/823
f 2184/10/824 2179/27/824 2183/26/824
f 2185/50/825 2183/3/825 2178/65/825
f 2186/3/826 2181/50/826 2180/65/826
f 2188/10/827 2180/27/827 2184/26/827
f 2166/44/828 2190/20/828 2167/18/828
f 2190/11/829 2192/12/829 2193/13/829
f 2167/32/830 2193/49/830 2194/39/830
f 2163/84/831 2196/42/831 2172/18/831
f 2198/65/832 2200/53/832 2197/46/832
f 2201/26/833 2202/9/833 2203/10/833
f 2202/9/834 2201/10/834 2204/26/834
f 2205/9/835 2201/10/835 2206/26/835
f 2207/17/836 2209/67/836 2210/16/836
f 2211/17/837 2209/67/837 2210/15/837
f 2213/17/838 2212/67/838 2214/16/838
f 2205/8/839 2209/66/839 2208/70/839
f 2212/16/840 2215/15/840 2216/17/840
f 2212/17/841 2218/67/841 2209/15/841
f 2209/66/842 2219/8/842 2208/70/842
f 2220/15/843 2222/16/843 2214/17/843
f 2223/72/844 2224/16/844 2214/34/844
f 2214/30/845 2222/31/845 2225/32/845
f 2212/17/846 2223/67/846 2214/15/846
f 2212/17/847 2225/67/847 2217/16/847
f 2226/70/848 2228/86/848 2229/8/848
f 2230/17/849 2228/67/849 2227/15/849
f 2233/16/850 2230/15/850 2232/17/850
f 2225/34/851 2233/16/851 2223/17/851
f 2222/34/852 2235/16/852 2236/72/852
f 2236/89/853 2225/2/853 2222/37/853
f 2235/34/854 2234/16/854 2236/72/854
f 2217/15/855 2232/66/855 2230/67/855
f 2230/15/856 2218/66/856 2217/67/856
f 2219/70/857 2227/86/857 2226/8/857
f 2221/15/858 2238/66/858 2222/70/858
f 2216/15/859 2233/66/859 2223/70/859
f 2231/15/860 2215/66/860 2228/70/860
f 2205/70/861 2228/86/861 2215/66/861
f 2239/26/862 2241/9/862 2242/10/862
f 2244/19/331 2246/78/331 2243/20/331
f 2247/20/863 2244/77/863 2243/78/863
f 2250/20/864 2247/54/864 2249/63/864
f 2247/82/865 2251/22/865 2249/21/865
f 2240/21/866 2253/30/866 2241/22/866
f 2255/82/867 2240/22/867 2254/21/867
f 2256/19/868 2253/78/868 2252/20/868
f 2258/19/869 2252/78/869 2255/20/869
f 2257/82/870 2260/22/870 2259/21/870
f 2262/19/796 2264/78/796 2261/20/796
f 2265/11/871 2267/12/871 2268/13/871
f 2269/11/872 2268/12/872 2270/13/872
f 2271/11/873 2270/12/873 2272/13/873
f 2273/51/874 2275/45/874 2276/41/874
f 2277/11/875 2279/12/875 2280/14/875
f 2278/11/876 2271/12/876 2279/14/876
f 2281/20/877 2283/44/877 2282/18/877
f 2284/41/878 2282/42/878 2283/43/878
f 2274/48/879 2284/50/879 2275/51/879
f 2287/53/1 2288/38/1 2286/36/1
f 2289/3/1 2276/37/1 2287/53/1
f 2286/3/1 2291/4/1 2287/2/1
f 2289/36/1 2293/37/1 2273/38/1
f 2292/53/1 2295/2/1 2293/37/1
f 2297/20/880 2282/44/880 2296/18/880
f 2296/45/881 2285/43/881 2298/41/881
f 2298/65/882 2274/51/882 2299/48/882
f 2299/46/883 2273/48/883 2293/47/883
f 2265/13/884 2297/14/884 2300/11/884
f 2300/49/885 2296/32/885 2301/39/885
f 2301/45/886 2298/43/886 2302/41/886
f 2302/65/887 2299/51/887 2303/48/887
f 2303/50/888 2293/41/888 2295/51/888
f 2266/13/889 2300/14/889 2304/11/889
f 2304/20/890 2301/44/890 2305/18/890
f 2305/45/891 2302/43/891 2306/41/891
f 2306/52/892 2303/47/892 2307/28/892
f 2307/46/893 2295/48/893 2308/47/893
f 2269/13/894 2281/14/894 2297/11/894
f 2309/2/1 2310/4/1 2311/3/1
f 2310/4/1 2309/3/1 2312/2/1
f 2313/26/1 2314/9/1 2315/10/1
f 2316/7/895 2318/35/895 2319/5/895
f 2321/6/896 2323/5/896 2320/7/896
f 2324/4/897 2315/56/897 2314/1/897
f 2324/4/1 2322/55/1 2321/56/1
f 2326/8/898 2328/9/898 2310/10/898
f 2329/8/899 2327/9/899 2326/10/899
f 2331/8/900 2330/9/900 2329/10/900
f 2328/9/10 2334/8/10 2333/10/10
f 2327/9/11 2335/8/11 2334/10/11
f 2330/9/12 2336/8/12 2335/10/12
f 2334/8/13 2312/9/13 2333/10/13
f 2335/8/14 2337/9/14 2334/10/14
f 2336/8/15 2338/9/15 2335/10/15
f 2312/9/901 2326/8/901 2310/10/901
f 2337/9/902 2329/8/902 2326/10/902
f 2338/9/903 2331/8/903 2329/10/903
f 2328/2/1 2340/4/1 2310/3/1
f 2340/3/1 2341/4/1 2316/1/1
f 2328/2/1 2323/1/1 2341/3/1
f 2343/34/904 2345/88/904 2342/31/904
f 2346/31/904 2345/72/904 2347/88/904
f 2349/31/905 2344/40/905 2348/32/905
f 2349/32/906 2347/88/906 2345/40/906
f 2352/35/907 2344/31/907 2351/6/907
f 2351/59/908 2343/15/908 2353/60/908
f 2347/31/909 2355/35/909 2354/6/909
f 2346/15/910 2354/59/910 2356/60/910
f 2351/27/911 2358/10/911 2352/26/911
f 2359/26/1 2361/9/1 2362/10/1
f 2363/26/1 2360/9/1 2359/10/1
f 2362/26/912 2354/9/912 2355/10/912
f 2365/10/913 2367/27/913 2364/26/913
f 2369/10/1 2364/27/1 2368/26/1
f 2370/26/1 2348/9/1 2371/27/1
f 2366/26/1 2349/9/1 2370/27/1
f 2350/5/1 2365/71/1 2372/85/1
f 2365/35/1 2373/85/1 2372/5/1
f 2374/39/914 2376/40/914 2377/49/914
f 2379/64/915 2374/4/915 2378/1/915
f 2381/44/916 2383/20/916 2380/18/916
f 2367/64/917 2380/4/917 2364/1/917
f 2385/14/918 2387/13/918 2384/11/918
f 2384/11/919 2388/12/919 2377/13/919
f 2387/11/920 2389/12/920 2390/13/920
f 2390/14/921 2388/13/921 2387/11/921
f 2390/11/922 2391/12/922 2392/13/922
f 2392/14/923 2382/13/923 2390/11/923
f 2362/70/924 2350/86/924 2372/66/924
f 2359/70/925 2372/86/925 2373/66/925
f 2393/11/926 2395/12/926 2396/13/926
f 2397/11/927 2396/12/927 2398/13/927
f 2399/11/928 2398/12/928 2400/13/928
f 2401/11/929 2400/12/929 2402/13/929
f 2403/14/930 2405/13/930 2395/11/930
f 2395/14/931 2406/13/931 2396/11/931
f 2398/11/932 2406/12/932 2407/13/932
f 2400/11/933 2407/12/933 2408/13/933
f 2402/11/934 2408/12/934 2409/13/934
f 2410/11/935 2409/12/935 2411/13/935
f 2404/11/936 2413/12/936 2414/13/936
f 2404/14/937 2415/13/937 2405/11/937
f 2405/14/938 2416/13/938 2406/11/938
f 2406/14/939 2417/13/939 2407/11/939
f 2407/14/940 2418/13/940 2408/11/940
f 2408/14/941 2419/13/941 2409/11/941
f 2420/36/1 2422/37/1 2423/38/1
f 2424/11/942 2426/12/942 2427/13/942
f 2428/39/943 2425/40/943 2424/49/943
f 2430/47/944 2432/65/944 2433/46/944
f 2434/11/945 2427/12/945 2435/13/945
f 2436/39/946 2424/40/946 2434/49/946
f 2438/43/947 2436/45/947 2437/41/947
f 2433/51/948 2437/65/948 2439/48/948
f 2440/51/949 2433/45/949 2439/50/949
f 2441/11/950 2435/12/950 2442/13/950
f 2443/18/951 2434/19/951 2441/20/951
f 2444/41/952 2436/42/952 2443/45/952
f 2445/28/953 2437/46/953 2444/52/953
f 2446/11/954 2442/12/954 2447/13/954
f 2443/32/955 2446/49/955 2448/39/955
f 2449/41/956 2443/42/956 2448/45/956
f 2445/47/957 2449/52/957 2450/28/957
f 2446/14/958 2452/13/958 2451/11/958
f 2453/18/959 2446/19/959 2451/20/959
f 2454/41/960 2448/42/960 2453/45/960
f 2450/51/961 2454/65/961 2455/48/961
f 2422/51/962 2450/45/962 2455/50/962
f 2451/14/963 2458/13/963 2457/11/963
f 2451/20/964 2459/44/964 2453/18/964
f 2460/41/965 2453/42/965 2459/45/965
f 2461/11/966 2458/12/966 2462/13/966
f 2463/32/967 2465/88/967 2466/40/967
f 2467/32/967 2466/88/967 2468/40/967
f 2467/31/967 2470/40/967 2469/32/967
f 2466/31/968 2465/72/968 2471/88/968
f 2473/59/969 2465/15/969 2472/60/969
f 2472/60/970 2465/70/970 2464/15/970
f 2474/26/971 2475/9/971 2476/10/971
f 2475/26/972 2477/9/972 2478/10/972
f 2480/26/973 2482/59/973 2479/23/973
f 2479/26/974 2484/59/974 2483/23/974
f 2486/65/975 2479/53/975 2485/46/975
f 2487/22/976 2479/6/976 2483/30/976
f 2489/32/977 2491/6/977 2488/30/977
f 2492/25/978 2494/26/978 2491/24/978
f 2491/25/979 2495/26/979 2488/24/979
f 2497/21/980 2499/12/980 2496/13/980
f 2498/21/981 2490/12/981 2499/13/981
f 2500/25/982 2502/26/982 2503/23/982
f 2501/25/983 2504/26/983 2502/23/983
f 2506/12/984 2508/21/984 2505/13/984
f 2506/21/985 2505/22/985 2509/13/985
f 2502/13/986 2510/22/986 2511/21/986
f 2489/6/987 2504/32/987 2488/30/987
f 2512/30/988 2513/31/988 2514/32/988
f 2516/43/989 2518/45/989 2515/41/989
f 2519/41/990 2520/42/990 2521/45/990
f 2522/26/991 2524/9/991 2525/10/991
f 2526/26/992 2527/9/992 2528/10/992
f 2529/26/993 2530/9/993 2531/10/993
f 2532/26/994 2529/9/994 2531/10/994
f 2532/26/995 2533/9/995 2529/10/995
f 2534/26/996 2533/9/996 2532/10/996
f 2533/10/997 2534/9/997 2535/26/997
f 2528/26/998 2535/9/998 2534/10/998
f 2537/27/999 2539/10/999 2536/26/999
f 2538/27/1000 2540/10/1000 2539/26/1000
f 2532/10/1001 2542/27/1001 2541/26/1001
f 2543/26/1002 2545/9/1002 2546/27/1002
f 2534/26/1003 2526/9/1003 2528/27/1003
f 2544/26/1 2547/9/1 2545/27/1
f 2549/10/1004 2551/27/1004 2548/26/1004
f 2552/26/1005 2549/9/1005 2548/27/1005
f 2554/26/1006 2556/9/1006 2557/27/1006
f 2557/10/1007 2541/27/1007 2558/26/1007
f 2523/26/1008 2553/9/1008 2552/27/1008
f 2556/26/1009 2548/9/1009 2560/27/1009
f 2562/10/1 2540/27/1 2561/26/1
f 2524/10/1010 2555/27/1010 2564/26/1010
f 2563/10/1011 2539/27/1011 2540/26/1011
f 2551/10/1012 2563/27/1012 2562/26/1012
f 2541/26/1013 2561/9/1013 2532/27/1013
f 2568/10/1014 2570/27/1014 2567/26/1014
f 2544/26/1015 2541/9/1015 2542/27/1015
f 2523/10/1016 2556/27/1016 2555/26/1016
f 2572/10/1017 2573/27/1017 2571/26/1017
f 2574/26/1018 2557/9/1018 2558/27/1018
f 2572/26/1019 2524/9/1019 2564/27/1019
f 2571/3/1020 2569/50/1020 2568/65/1020
f 2566/10/1021 2565/27/1021 2563/26/1021
f 2522/26/1022 2578/9/1022 2553/27/1022
f 2557/26/1023 2560/9/1023 2559/27/1023
f 2580/10/1024 2568/27/1024 2579/26/1024
f 2573/26/1025 2555/9/1025 2554/27/1025
f 2548/10/1026 2562/27/1026 2560/26/1026
f 2565/10/1027 2536/27/1027 2539/26/1027
f 2569/10/1028 2543/27/1028 2570/26/1028
f 2574/10/1029 2544/27/1029 2543/26/1029
f 2559/26/242 2562/9/242 2561/27/242
f 2569/26/1030 2554/9/1030 2574/27/1030
f 2532/26/1031 2540/9/1031 2534/27/1031
f 2583/27/1 2585/10/1 2582/26/1
f 2586/9/1032 2587/26/1032 2588/27/1032
f 2583/9/1033 2586/26/1033 2589/27/1033
f 2591/35/1034 2593/31/1034 2590/6/1034
f 2594/11/1035 2596/12/1035 2597/13/1035
f 2598/11/1036 2599/12/1036 2600/13/1036
f 2601/31/1037 2583/35/1037 2589/6/1037
f 2603/60/1038 2601/70/1038 2589/59/1038
f 2605/60/1039 2604/70/1039 2603/59/1039
f 2602/15/1040 2584/59/1040 2583/60/1040
f 2599/11/1041 2609/12/1041 2600/14/1041
f 2607/18/1042 2608/19/1042 2599/20/1042
f 2608/11/1043 2611/12/1043 2609/14/1043
f 2602/18/1044 2610/19/1044 2608/20/1044
f 2610/11/1045 2613/12/1045 2611/14/1045
f 2601/39/1046 2612/40/1046 2610/49/1046
f 2612/11/1047 2615/12/1047 2613/14/1047
f 2604/18/1048 2614/19/1048 2612/20/1048
f 2616/39/1049 2599/40/1049 2598/49/1049
f 2617/11/1050 2618/12/1050 2619/13/1050
f 2588/27/1051 2591/10/1051 2620/26/1051
f 2621/13/1052 2618/14/1052 2617/11/1052
f 2619/14/1053 2624/13/1053 2623/11/1053
f 2625/26/292 2627/9/292 2628/27/292
f 2627/26/1054 2630/9/1054 2631/27/1054
f 2586/26/1055 2625/9/1055 2589/27/1055
f 2627/10/1056 2632/27/1056 2628/26/1056
f 2588/26/1057 2626/9/1057 2625/27/1057
f 2634/10/1058 2629/27/1058 2633/26/1058
f 2628/10/1059 2605/27/1059 2603/26/1059
f 2626/26/1060 2629/9/1060 2627/27/1060
f 2625/3/1061 2603/50/1061 2589/65/1061
f 2620/26/1062 2633/9/1062 2626/27/1062
f 2590/10/1063 2620/27/1063 2591/26/1063
f 2637/10/1064 2633/27/1064 2636/26/1064
f 2638/60/1065 2593/70/1065 2639/15/1065
f 2640/59/1066 2642/15/1066 2585/60/1066
f 2585/35/1067 2643/31/1067 2582/6/1067
f 2582/59/1068 2644/15/1068 2587/60/1068
f 2587/59/1069 2592/15/1069 2591/60/1069
f 2646/32/1070 2648/49/1070 2645/39/1070
f 2649/11/1071 2651/12/1071 2652/13/1071
f 2648/11/1072 2652/12/1072 2653/13/1072
f 2645/44/1073 2653/20/1073 2654/18/1073
f 2652/11/1074 2655/12/1074 2656/13/1074
f 2653/11/1075 2656/12/1075 2657/13/1075
f 2654/32/1076 2657/49/1076 2641/39/1076
f 2656/11/1077 2655/12/1077 2658/13/1077
f 2657/11/1078 2658/12/1078 2659/13/1078
f 2642/18/1079 2657/19/1079 2659/20/1079
f 2658/11/1080 2655/12/1080 2660/13/1080
f 2658/14/1081 2661/13/1081 2659/11/1081
f 2643/39/1082 2659/40/1082 2661/49/1082
f 2660/11/1083 2662/12/1083 2663/13/1083
f 2660/14/1084 2664/13/1084 2661/11/1084
f 2644/18/1085 2661/19/1085 2664/20/1085
f 2662/14/1086 2665/13/1086 2663/11/1086
f 2663/14/1087 2666/13/1087 2664/11/1087
f 2644/32/1088 2666/49/1088 2592/39/1088
f 2667/11/1089 2666/12/1089 2665/13/1089
f 2667/11/1090 2622/12/1090 2621/13/1090
f 2592/44/1091 2667/20/1091 2593/18/1091
f 2650/11/1092 2594/12/1092 2668/13/1092
f 2650/14/1093 2669/13/1093 2651/11/1093
f 2651/11/1094 2669/12/1094 2655/13/1094
f 2622/11/1095 2670/12/1095 2618/13/1095
f 2670/11/1096 2597/12/1096 2671/13/1096
f 2662/11/1097 2669/12/1097 2670/13/1097
f 2618/11/1098 2671/12/1098 2624/13/1098
f 2639/39/1099 2667/40/1099 2621/49/1099
f 2671/11/1100 2596/12/1100 2672/13/1100
f 2674/14/1101 2676/13/1101 2673/11/1101
f 2600/14/1102 2673/13/1102 2598/11/1102
f 2677/18/1103 2598/19/1103 2673/20/1103
f 2678/52/1104 2680/53/1104 2681/46/1104
f 2679/53/472 2682/52/472 2683/36/472
f 2680/42/1105 2685/84/1105 2681/43/1105
f 2687/65/474 2679/53/474 2686/46/474
f 2686/65/473 2683/53/473 2688/46/473
f 2684/87/1106 2691/5/1106 2689/68/1106
f 2684/69/1107 2687/5/1107 2690/7/1107
f 2692/12/1108 2693/7/1108 2694/22/1108
f 2690/69/1109 2693/22/1109 2691/12/1109
f 2687/69/1110 2695/22/1110 2690/12/1110
f 2698/36/1111 2700/79/1111 2697/9/1111
f 2702/37/1 2704/3/1 2701/53/1
f 2704/36/1 2705/37/1 2706/53/1
f 2706/53/1 2707/2/1 2708/3/1
f 2707/38/1 2710/53/1 2708/36/1
f 2710/53/1 2711/2/1 2712/3/1
f 2711/38/1 2701/53/1 2712/36/1
f 2708/53/1 2714/2/1 2715/3/1
f 2714/38/1 2717/53/1 2715/36/1
f 2716/37/1 2719/3/1 2717/53/1
f 2719/36/1 2720/37/1 2721/53/1
f 2721/53/1 2722/2/1 2723/3/1
f 2723/36/1 2713/37/1 2708/53/1
f 2712/3/1 2724/4/1 2710/2/1
f 2710/3/1 2723/4/1 2708/2/1
f 2704/3/1 2706/4/1 2725/2/1
f 2706/3/1 2715/4/1 2725/2/1
f 2715/3/1 2717/4/1 2725/2/1
f 2721/3/1 2727/4/1 2719/2/1
f 2723/3/1 2726/4/1 2721/2/1
f 2728/41/1112 2729/42/1112 2730/45/1112
f 2728/43/1113 2722/45/1113 2720/41/1113
f 2730/41/1114 2729/42/1114 2731/45/1114
f 2722/41/1115 2731/42/1115 2713/45/1115
f 2731/41/1116 2729/42/1116 2732/45/1116
f 2731/43/1117 2714/45/1117 2713/41/1117
f 2732/41/1118 2729/42/1118 2733/45/1118
f 2732/43/1119 2716/45/1119 2714/41/1119
f 2733/41/1120 2729/42/1120 2734/45/1120
f 2733/43/1121 2718/45/1121 2716/41/1121
f 2734/41/1122 2729/42/1122 2728/45/1122
f 2718/41/1123 2728/42/1123 2720/45/1123
f 2735/43/1124 2702/45/1124 2711/41/1124
f 2703/41/1125 2738/42/1125 2705/45/1125
f 2739/43/1126 2711/45/1126 2709/41/1126
f 2705/41/1127 2740/42/1127 2707/45/1127
f 2736/43/1128 2703/45/1128 2702/41/1128
f 2740/43/1129 2709/45/1129 2707/41/1129
f 2737/41/1130 2735/42/1130 2738/45/1130
f 2735/41/1131 2740/42/1131 2738/45/1131
f 2741/41/1132 2743/42/1132 2744/45/1132
f 2746/58/1133 2742/71/1133 2745/85/1133
f 2747/85/1134 2742/60/1134 2741/71/1134
f 2747/58/1135 2744/71/1135 2748/85/1135
f 2748/58/1136 2743/71/1136 2746/85/1136
f 2750/45/1137 2752/43/1137 2749/41/1137
f 2752/71/1138 2754/58/1138 2753/85/1138
f 2755/85/612 2752/60/612 2753/58/612
f 2756/85/1139 2749/60/1139 2755/58/1139
f 2751/71/1140 2756/58/1140 2754/85/1140
f 2758/1/1 2760/2/1 2757/3/1
f 2761/3/1 2763/4/1 2764/2/1
f 2765/1/1 2767/2/1 2759/3/1
f 2759/1/1 2768/2/1 2760/3/1
f 2760/1/1 2770/2/1 2769/3/1
f 2769/1/1 2771/2/1 2763/3/1
f 2764/3/1 2771/4/1 2772/2/1
f 2773/3/1 2772/4/1 2774/2/1
f 2773/3/1 2774/4/1 2775/2/1
f 2767/1/1 2777/2/1 2768/3/1
f 2768/1/1 2778/2/1 2770/3/1
f 2770/1/1 2779/2/1 2771/3/1
f 2771/1/1 2780/2/1 2772/3/1
f 2772/1/1 2781/2/1 2774/3/1
f 2775/3/1 2781/4/1 2782/2/1
f 2776/1/1 2726/2/1 2777/3/1
f 2777/1/1 2783/2/1 2778/3/1
f 2778/1/1 2784/2/1 2779/3/1
f 2779/1/1 2785/2/1 2780/3/1
f 2781/3/1 2785/4/1 2786/2/1
f 2782/3/1 2786/4/1 2787/2/1
f 2726/1/1 2724/2/1 2783/3/1
f 2783/1/1 2788/2/1 2784/3/1
f 2784/1/1 2789/2/1 2785/3/1
f 2786/3/1 2789/4/1 2790/2/1
f 2787/3/1 2790/4/1 2791/2/1
f 2724/1/1 2792/2/1 2788/3/1
f 2788/1/1 2793/2/1 2789/3/1
f 2790/3/1 2793/4/1 2794/2/1
f 2791/3/1 2794/4/1 2795/2/1
f 2717/3/1 2797/4/1 2725/2/1
f 2792/3/1 2701/4/1 2798/2/1
f 2792/1/1 2799/2/1 2793/3/1
f 2793/1/1 2800/2/1 2794/3/1
f 2794/1/1 2801/2/1 2795/3/1
f 2799/1/1 2803/2/1 2800/3/1
f 2801/3/1 2803/4/1 2804/2/1
f 2805/11/1141 2806/12/1141 2807/13/1141
f 2808/13/1142 2806/14/1142 2805/11/1142
f 2810/13/1143 2809/14/1143 2808/11/1143
f 2812/11/1144 2814/12/1144 2815/13/1144
f 2816/71/1145 2817/35/1145 2818/17/1145
f 2819/71/1146 2816/35/1146 2818/17/1146
f 2820/71/1147 2819/35/1147 2818/17/1147
f 2822/10/1148 2824/70/1148 2821/59/1148
f 2821/10/1149 2826/70/1149 2822/59/1149
f 2821/10/1150 2828/70/1150 2827/59/1150
f 2821/59/1151 2829/8/1151 2825/70/1151
f 2825/59/1152 2830/8/1152 2831/70/1152
f 2827/59/1153 2833/8/1153 2829/70/1153
f 2829/59/1154 2834/8/1154 2830/70/1154
f 2832/59/1155 2836/8/1155 2833/70/1155
f 2836/10/1156 2834/70/1156 2833/59/1156
f 2822/10/1157 2836/70/1157 2835/59/1157
f 2838/70/1158 2839/8/1158 2840/59/1158
f 2838/70/1159 2841/8/1159 2839/59/1159
f 2838/70/1160 2842/8/1160 2841/59/1160
f 2842/70/1161 2845/10/1161 2843/59/1161
f 2838/70/1162 2844/8/1162 2842/59/1162
f 2838/70/1163 2840/8/1163 2844/59/1163
f 2847/5/1164 2849/87/1164 2846/68/1164
f 2851/7/1165 2853/68/1165 2850/69/1165
f 2855/1/1 2857/2/1 2854/3/1
f 2854/1/1 2859/2/1 2858/3/1
f 2858/1/1 2861/2/1 2860/3/1
f 2860/1/1 2863/2/1 2862/3/1
f 2862/1/1 2865/2/1 2864/3/1
f 2859/1/1 2867/2/1 2861/3/1
f 2868/26/1166 2870/9/1166 2871/10/1166
f 2872/26/1167 2871/9/1167 2873/10/1167
f 2871/27/1168 2875/10/1168 2873/26/1168
f 2875/26/1169 2874/9/1169 2876/10/1169
f 2872/26/1 2873/9/1 2877/10/1
f 2872/26/1 2877/9/1 2878/10/1
f 2879/26/1 2881/9/1 2882/27/1
f 2883/26/1 2880/9/1 2879/27/1
f 2885/26/1 2884/9/1 2883/27/1
f 2887/26/1 2886/9/1 2885/27/1
f 2889/5/1 2881/71/1 2891/85/1
f 2891/5/1 2880/71/1 2892/85/1
f 2892/5/1 2884/71/1 2893/85/1
f 2893/5/1 2886/71/1 2894/85/1
f 2894/5/1 2888/71/1 2895/85/1
f 2895/5/1 2896/71/1 2897/85/1
f 2899/32/1170 2901/49/1170 2898/39/1170
f 2898/44/1171 2903/20/1171 2902/18/1171
f 2879/1/1172 2898/56/1172 2902/4/1172
f 2904/39/1173 2903/40/1173 2905/49/1173
f 2883/1/1174 2902/56/1174 2904/4/1174
f 2904/44/1175 2907/20/1175 2906/18/1175
f 2885/1/1176 2904/56/1176 2906/4/1176
f 2908/39/1177 2907/40/1177 2909/49/1177
f 2885/64/1178 2908/4/1178 2887/1/1178
f 2911/14/1179 2913/13/1179 2910/11/1179
f 2910/11/1180 2903/12/1180 2901/13/1180
f 2912/14/1181 2915/13/1181 2913/11/1181
f 2913/11/1182 2905/12/1182 2903/13/1182
f 2914/14/1183 2917/13/1183 2915/11/1183
f 2915/11/1184 2907/12/1184 2905/13/1184
f 2916/14/1185 2919/13/1185 2917/11/1185
f 2917/11/1186 2909/12/1186 2907/13/1186
f 2918/14/1187 2921/13/1187 2919/11/1187
f 2876/8/1188 2892/66/1188 2875/70/1188
f 2875/8/1189 2893/66/1189 2873/70/1189
f 2873/8/1190 2894/66/1190 2877/70/1190
f 2877/8/1191 2895/66/1191 2878/70/1191
f 2922/26/1192 2924/9/1192 2925/10/1192
f 2926/50/1193 2924/3/1193 2923/65/1193
f 2926/26/1194 2929/9/1194 2927/10/1194
f 2930/9/1 2932/26/1 2933/27/1
f 2934/27/1 2930/10/1 2933/26/1
f 2934/65/1195 2937/1/1195 2935/3/1195
f 2938/27/1 2937/10/1 2936/26/1
f 2940/27/1 2939/10/1 2938/26/1
f 2941/27/1 2922/10/1 2940/26/1
f 2942/27/1 2923/10/1 2941/26/1
f 2942/26/1 2928/9/1 2926/10/1
f 2944/27/1 2933/10/1 2943/26/1
f 2945/27/1 2934/10/1 2944/26/1
f 2946/27/1 2936/10/1 2945/26/1
f 2947/27/1 2938/10/1 2946/26/1
f 2948/26/1 2945/9/1 2944/10/1
f 2949/26/1 2946/9/1 2945/10/1
f 2951/12/1196 2953/7/1196 2954/69/1196
f 2956/22/1197 2958/69/1197 2955/12/1197
f 2959/70/1198 2960/8/1198 2961/59/1198
f 2962/70/1199 2959/8/1199 2961/59/1199
f 2963/70/1200 2962/8/1200 2961/59/1200
f 2964/70/1201 2963/8/1201 2961/59/1201
f 2965/70/1202 2964/8/1202 2961/59/1202
f 2960/70/1203 2965/8/1203 2961/59/1203
f 2960/70/1204 2966/10/1204 2953/59/1204
f 2959/70/1205 2956/10/1205 2966/59/1205
f 2956/59/1206 2963/8/1206 2957/10/1206
f 2963/70/1207 2967/10/1207 2957/59/1207
f 2964/70/1208 2952/10/1208 2967/59/1208
f 2965/70/1209 2953/10/1209 2952/59/1209
f 2968/11/1210 2970/12/1210 2971/13/1210
f 2971/11/1211 2972/12/1211 2973/13/1211
f 2975/14/1212 2977/13/1212 2974/11/1212
f 2978/11/1213 2980/12/1213 2981/13/1213
f 2976/11/1214 2981/12/1214 2982/13/1214
f 2984/6/1215 2986/5/1215 2983/35/1215
f 2988/27/1216 2990/10/1216 2987/26/1216
f 2992/27/1217 2990/10/1217 2991/26/1217
f 2994/45/1218 2996/1/1218 2993/50/1218
f 2997/47/1219 2999/65/1219 3000/46/1219
f 3001/51/1220 3000/45/1220 3002/50/1220
f 3003/47/1221 3002/65/1221 3004/46/1221
f 3005/35/1222 3007/17/1222 3008/71/1222
f 3009/45/1 3006/63/1 3010/42/1
f 3012/65/1223 3014/53/1223 3011/46/1223
f 3001/31/1224 3016/35/1224 3015/6/1224
f 2997/15/1225 3015/59/1225 3017/60/1225
f 2998/15/1226 3017/59/1226 3018/60/1226
f 3020/14/1227 3022/13/1227 3019/11/1227
f 3023/39/1228 3025/40/1228 3026/49/1228
f 3027/48/1229 3023/50/1229 3029/65/1229
f 3029/18/1230 3026/19/1230 3030/20/1230
f 3031/15/1231 3033/66/1231 3034/67/1231
f 3034/16/1232 3036/15/1232 3035/17/1232
f 3038/15/1233 3040/59/1233 3037/60/1233
f 3041/15/1234 3038/70/1234 3037/60/1234
f 3042/26/1235 3044/9/1235 3045/10/1235
f 3046/26/1236 3045/9/1236 3047/10/1236
f 3046/27/1237 3049/10/1237 3048/26/1237
f 3047/27/1238 3051/10/1238 3049/26/1238
f 3052/26/1239 3053/9/1239 3054/10/1239
f 3054/27/1240 3042/10/1240 3055/26/1240
f 3055/27/1241 3046/10/1241 3056/26/1241
f 3056/27/238 3048/10/238 3057/26/238
f 3054/26/1242 3058/9/1242 3043/10/1242
f 3060/34/1243 3062/71/1243 3059/35/1243
f 3063/46/1244 3065/3/1244 3066/53/1244
f 3063/7/1245 3068/30/1245 3067/22/1245
f 3045/84/1246 3064/44/1246 3063/18/1246
f 3069/26/1247 3071/9/1247 3072/10/1247
f 3072/26/1248 3073/9/1248 3074/10/1248
f 3072/27/1249 3075/10/1249 3073/26/1249
f 3075/26/1 3076/9/1 3077/10/1
f 3076/27/1 3079/10/1 3077/26/1
f 3080/26/1 3081/9/1 3082/10/1
f 3083/26/1 3084/9/1 3080/10/1
f 3086/27/1 3079/10/1 3085/26/1
f 3088/27/1250 3090/10/1250 3087/26/1250
f 3089/50/1250 3092/3/1250 3090/65/1250
f 3091/26/1 3093/9/1 3094/10/1
f 3092/26/1251 3094/9/1251 3095/10/1251
f 3097/10/1252 3099/27/1252 3096/26/1252
f 3100/26/1253 3097/9/1253 3096/27/1253
f 3069/10/1 3100/27/1 3102/26/1
f 3069/9/1254 3103/26/1254 3070/10/1254
f 3104/26/1255 3070/9/1255 3103/27/1255
f 3106/10/1256 3098/27/1256 3097/26/1256
f 3108/10/1257 3097/27/1257 3101/26/1257
f 3072/10/1258 3101/27/1258 3069/26/1258
f 3109/10/1259 3107/27/1259 3106/26/1259
f 3111/10/1260 3106/27/1260 3108/26/1260
f 3072/26/1261 3111/9/1261 3108/27/1261
f 3112/10/1259 3110/27/1259 3109/26/1259
f 3114/10/1262 3109/27/1262 3111/26/1262
f 3092/10/1259 3113/27/1259 3112/26/1259
f 3090/10/1259 3112/27/1259 3114/26/1259
f 3094/6/1263 3116/34/1263 3095/35/1263
f 3118/42/1 3120/64/1 3117/45/1
f 3121/45/1 3118/63/1 3122/64/1
f 3070/1/1264 3117/56/1264 3120/4/1264
f 3071/1/1265 3120/56/1265 3119/4/1265
f 3076/1/1266 3119/56/1266 3121/4/1266
f 3078/1/1267 3121/56/1267 3122/4/1267
f 3078/64/1268 3118/4/1268 3082/1/1268
f 3082/64/1269 3117/4/1269 3105/1/1269
f 3124/42/1 3126/64/1 3123/45/1
f 3127/45/1 3124/63/1 3128/64/1
f 3073/64/1270 3126/4/1270 3074/1/1270
f 3129/1/1271 3126/56/1271 3125/4/1271
f 3086/1/1272 3125/56/1272 3127/4/1272
f 3086/64/1273 3128/4/1273 3077/1/1273
f 3077/64/1274 3124/4/1274 3075/1/1274
f 3073/1/1275 3124/56/1275 3123/4/1275
f 3131/42/1 3133/64/1 3130/45/1
f 3079/64/1276 3132/4/1276 3085/1/1276
f 3135/1/1 3137/2/1 3134/3/1
f 3139/1/1 3141/2/1 3138/3/1
f 3138/1/1 3143/2/1 3142/3/1
f 3142/1/1 3145/2/1 3144/3/1
f 3144/1/1 3146/2/1 3136/3/1
f 3136/1/1 3147/2/1 3137/3/1
f 3140/1/1 3149/2/1 3141/3/1
f 3141/1/1 3150/2/1 3143/3/1
f 3143/1/1 3151/2/1 3145/3/1
f 3145/1/1 3152/2/1 3146/3/1
f 3146/1/1 3153/2/1 3147/3/1
f 3148/1/1 3155/2/1 3149/3/1
f 3149/1/1 3156/2/1 3150/3/1
f 3150/1/1 3157/2/1 3151/3/1
f 3151/1/1 3158/2/1 3152/3/1
f 3152/1/1 3159/2/1 3153/3/1
f 3154/1/1 3161/2/1 3155/3/1
f 3155/1/1 3162/2/1 3156/3/1
f 3156/1/1 3163/2/1 3157/3/1
f 3157/1/1 3164/2/1 3158/3/1
f 3158/1/1 3165/2/1 3159/3/1
f 3160/1/1 3167/2/1 3161/3/1
f 3161/1/1 3168/2/1 3162/3/1
f 3162/1/1 3169/2/1 3163/3/1
f 3163/1/1 3170/2/1 3164/3/1
f 3164/1/1 3171/2/1 3165/3/1
f 3166/1/1 3173/2/1 3167/3/1
f 3167/1/1 3174/2/1 3168/3/1
f 3168/1/1 3175/2/1 3169/3/1
f 3169/1/1 3176/2/1 3170/3/1
f 3170/1/1 3177/2/1 3171/3/1
f 3176/1/1 3179/2/1 3177/3/1
f 3180/26/1277 3181/9/1277 3182/10/1277
f 3184/65/1278 3186/51/1278 3183/50/1278
f 3182/27/1279 3188/10/1279 3180/26/1279
f 3187/26/1280 3189/9/1280 3190/10/1280
f 3191/11/1281 3193/12/1281 3194/13/1281
f 3195/51/1282 3197/45/1282 3198/50/1282
f 3193/14/1283 3200/13/1283 3194/11/1283
f 3201/47/1284 3198/65/1284 3202/46/1284
f 3203/51/1285 3202/45/1285 3204/50/1285
f 3206/34/1286 3208/71/1286 3205/35/1286
f 3207/34/1287 3210/71/1287 3208/35/1287
f 3209/34/1288 3212/71/1288 3210/35/1288
f 3213/46/1289 3215/3/1289 3216/53/1289
f 3217/90/1290 3214/18/1290 3188/84/1290
f 3180/84/1291 3214/44/1291 3213/18/1291
f 3187/60/1292 3219/70/1292 3189/59/1292
f 3181/59/1293 3201/15/1293 3182/60/1293
f 3182/35/1294 3203/31/1294 3187/6/1294
f 3220/37/461 3222/57/461 3223/89/461
f 3224/34/1295 3221/16/1295 3220/72/1295
f 3226/15/1296 3228/66/1296 3229/70/1296
f 3227/15/1297 3230/66/1297 3231/70/1297
f 3232/15/1298 3234/66/1298 3235/67/1298
f 3237/15/1232 3226/16/1232 3236/17/1232
f 3229/15/1299 3236/16/1299 3226/17/1299
f 3238/16/1300 3233/15/1300 3232/17/1300
f 3239/9/1301 3241/26/1301 3242/27/1301
f 3243/26/1302 3242/9/1302 3241/10/1302
f 3244/26/1303 3246/9/1303 3242/10/1303
f 3245/65/1304 3248/1/1304 3246/3/1304
f 3250/50/1 3251/3/1 3249/65/1
f 3252/27/1 3243/10/1 3250/26/1
f 3253/27/1 3244/10/1 3252/26/1
f 3253/26/333 3247/9/333 3245/10/333
f 3255/26/1305 3249/9/1305 3257/10/1305
f 3258/27/1 3249/10/1 3256/26/1
f 3259/27/1 3250/10/1 3258/26/1
f 3260/27/1 3252/10/1 3259/26/1
f 3260/26/1306 3254/9/1306 3253/10/1306
f 3263/27/1307 3255/10/1307 3262/26/1307
f 3264/27/1 3256/10/1 3263/26/1
f 3265/27/1 3258/10/1 3264/26/1
f 3266/27/1 3259/10/1 3265/26/1
f 3266/65/796 3261/1/796 3260/3/796
f 3269/27/1308 3262/10/1308 3268/26/1308
f 3269/26/1309 3264/9/1309 3263/10/1309
f 3271/27/1310 3264/10/1310 3270/26/1310
f 3271/26/1311 3266/9/1311 3265/10/1311
f 3272/26/1312 3267/9/1312 3266/10/1312
f 3275/27/1313 3268/10/1313 3274/26/1313
f 3275/26/1314 3270/9/1314 3269/10/1314
f 3277/27/1315 3270/10/1315 3276/26/1315
f 3278/27/1316 3271/10/1316 3277/26/1316
f 3279/27/1317 3272/10/1317 3278/26/1317
f 3280/27/1318 3273/10/1318 3279/26/1318
f 3283/27/1319 3274/10/1319 3282/26/1319
f 3283/26/1320 3276/9/1320 3275/10/1320
f 3285/51/1321 3287/45/1321 3288/50/1321
f 3289/47/1322 3288/65/1322 3290/46/1322
f 3291/51/1323 3290/45/1323 3292/50/1323
f 3287/51/1324 3294/65/1324 3288/48/1324
f 3290/28/1325 3294/46/1325 3295/52/1325
f 3292/48/1326 3295/50/1326 3296/65/1326
f 3297/48/1327 3293/50/1327 3298/51/1327
f 3295/52/1328 3297/47/1328 3299/28/1328
f 3296/65/1329 3299/51/1329 3300/48/1329
f 3302/47/1330 3298/52/1330 3301/28/1330
f 3302/48/1331 3299/50/1331 3297/65/1331
f 3303/28/1332 3300/46/1332 3299/52/1332
f 3306/65/1333 3304/51/1333 3305/48/1333
f 3301/28/1334 3308/46/1334 3302/47/1334
f 3303/48/1335 3308/50/1335 3309/65/1335
f 3309/52/1336 3304/47/1336 3303/28/1336
f 3305/48/1337 3310/50/1337 3311/65/1337
f 3313/48/1338 3307/46/1338 3312/47/1338
f 3309/50/1339 3313/41/1339 3314/51/1339
f 3314/47/1340 3310/65/1340 3309/46/1340
f 3316/30/1341 3317/31/1341 3318/32/1341
f 3319/82/1342 3315/32/1342 3314/39/1342
f 3316/82/1343 3289/32/1343 3291/39/1343
f 3320/82/1344 3314/32/1344 3313/39/1344
f 3319/82/1345 3285/32/1345 3289/39/1345
f 3318/8/425 3311/81/425 3322/79/425
f 3324/48/1346 3326/46/1346 3323/47/1346
f 3323/41/1347 3328/50/1347 3327/51/1347
f 3327/48/1348 3330/46/1348 3329/47/1348
f 3326/51/1349 3332/65/1349 3328/48/1349
f 3328/47/1350 3333/52/1350 3330/28/1350
f 3334/48/1351 3331/50/1351 3335/51/1351
f 3336/28/1352 3332/46/1352 3334/47/1352
f 3338/47/1353 3335/52/1353 3337/28/1353
f 3336/28/1354 3334/46/1354 3338/52/1354
f 3339/51/1355 3336/65/1355 3338/48/1355
f 3341/47/1356 3340/52/1356 3339/28/1356
f 3337/28/1357 3344/46/1357 3338/47/1357
f 3338/51/1358 3345/65/1358 3339/48/1358
f 3339/28/1359 3346/46/1359 3341/47/1359
f 3348/48/1360 3343/46/1360 3347/47/1360
f 3345/50/1361 3348/41/1361 3349/51/1361
f 3349/47/1362 3346/65/1362 3345/46/1362
f 3352/30/1363 3348/39/1363 3351/82/1363
f 3351/32/1364 3348/82/1364 3353/30/1364
f 3353/30/1365 3329/39/1365 3351/82/1365
f 3353/30/1366 3347/39/1366 3354/82/1366
f 3327/39/1367 3354/30/1367 3323/32/1367
f 3352/82/1368 3350/32/1368 3349/39/1368
f 3357/13/1369 3359/14/1369 3356/11/1369
f 3356/13/1370 3359/12/1370 3360/11/1370
f 3361/11/1371 3357/12/1371 3363/14/1371
f 3357/14/1372 3364/13/1372 3356/12/1372
f 3356/14/1373 3365/13/1373 3360/12/1373
f 3366/13/1374 3360/14/1374 3365/11/1374
f 3368/39/1375 3365/40/1375 3369/32/1375
f 3370/13/1376 3367/14/1376 3366/11/1376
f 3370/20/1377 3368/44/1377 3372/18/1377
f 3373/41/1378 3372/42/1378 3368/43/1378
f 3374/65/1379 3376/51/1379 3375/48/1379
f 3374/41/1380 3378/42/1380 3372/43/1380
f 3377/65/1381 3375/51/1381 3379/48/1381
f 3381/59/1382 3383/15/1382 3380/60/1382
f 3359/14/1383 3385/13/1383 3384/11/1383
f 3384/14/1384 3387/13/1384 3386/11/1384
f 3388/32/1385 3387/49/1385 3382/39/1385
f 3360/14/1386 3389/13/1386 3385/11/1386
f 3385/14/1387 3390/13/1387 3387/11/1387
f 3382/44/1388 3390/20/1388 3383/18/1388
f 3390/11/1389 3391/12/1389 3392/13/1389
f 3383/32/1390 3392/49/1390 3393/39/1390
f 3392/11/1391 3394/12/1391 3395/13/1391
f 3393/44/1392 3395/20/1392 3396/18/1392
f 3397/14/1393 3399/13/1393 3394/11/1393
f 3395/11/1394 3399/12/1394 3400/13/1394
f 3396/32/1395 3400/49/1395 3401/39/1395
f 3398/14/1396 3403/13/1396 3399/11/1396
f 3400/11/1397 3403/12/1397 3404/13/1397
f 3401/44/1398 3404/20/1398 3405/18/1398
f 3404/11/1399 3406/12/1399 3407/13/1399
f 3405/32/1400 3407/49/1400 3408/39/1400
f 3410/89/425 3412/2/425 3409/37/425
f 3414/89/482 3416/2/482 3413/37/482
f 3413/72/1401 3418/17/1401 3417/34/1401
f 3419/15/1402 3421/66/1402 3422/70/1402
f 3420/15/1403 3423/66/1403 3424/70/1403
f 3422/15/1300 3425/16/1300 3419/17/1300
f 3427/26/482 3429/59/482 3426/23/482
f 3430/46/482 3426/3/482 3432/53/482
f 3433/30/1404 3435/31/1404 3436/32/1404
f 3433/6/1405 3438/32/1405 3437/30/1405
f 3440/14/1406 3442/13/1406 3439/11/1406
f 3441/14/1407 3444/13/1407 3442/11/1407
f 3442/14/1408 3446/13/1408 3445/11/1408
f 3445/14/1409 3448/13/1409 3447/11/1409
f 3447/14/1410 3450/13/1410 3449/11/1410
f 3452/6/461 3454/32/461 3451/30/461
f 3451/6/1411 3456/32/1411 3455/30/1411
f 3458/32/1412 3460/6/1412 3457/30/1412
f 3462/32/1413 3457/6/1413 3461/30/1413
f 3453/32/1404 3461/6/1404 3463/30/1404
f 3454/32/1405 3463/6/1405 3464/30/1405
f 3465/30/1309 3454/31/1309 3464/6/1309
f 3452/30/461 3462/31/461 3453/32/461
f 3466/30/1414 3458/31/1414 3462/32/1414
f 3467/30/1415 3459/31/1415 3458/32/1415
f 3469/20/1416 3470/19/1416 3471/18/1416
f 3473/10/1417 3475/27/1417 3472/26/1417
f 3477/68/1418 3479/7/1418 3476/69/1418
f 3480/8/1419 3469/59/1419 3471/10/1419
f 3480/8/1420 3481/59/1420 3482/10/1420
f 3480/8/1421 3471/59/1421 3481/10/1421
f 3483/12/1422 3471/7/1422 3484/69/1422
f 3479/12/1423 3481/7/1423 3483/69/1423
f 3479/56/1424 3475/63/1424 3476/64/1424
f 3483/56/1425 3472/63/1425 3475/64/1425
f 3485/71/1426 3478/15/1426 3477/60/1426
f 3487/26/1427 3488/9/1427 3489/10/1427
f 3490/26/1428 3487/9/1428 3489/10/1428
f 3491/26/1429 3492/9/1429 3493/10/1429
f 3494/26/1430 3488/9/1430 3495/10/1430
f 3496/26/1431 3498/9/1431 3499/10/1431
f 3496/26/1432 3499/9/1432 3492/10/1432
f 3488/75/1433 3491/68/1433 3495/69/1433
f 3496/74/1434 3488/69/1434 3487/75/1434
f 3487/68/1435 3497/73/1435 3496/87/1435
f 3500/26/250 3501/9/250 3494/10/250
f 3502/26/1436 3503/9/1436 3504/10/1436
f 3506/10/1437 3498/27/1437 3505/26/1437
f 3506/26/1438 3492/9/1438 3499/27/1438
f 3495/26/1439 3500/9/1439 3494/27/1439
f 3508/10/1440 3504/27/1440 3501/26/1440
f 3510/10/1441 3501/27/1441 3500/26/1441
f 3511/10/1442 3500/27/1442 3507/26/1442
f 3507/50/1443 3512/3/1443 3511/65/1443
f 3513/10/1444 3508/27/1444 3510/26/1444
f 3515/10/1445 3510/27/1445 3511/26/1445
f 3516/80/1446 3517/89/1446 3518/38/1446
f 3519/26/1447 3521/9/1447 3522/10/1447
f 3523/26/1448 3522/9/1448 3524/10/1448
f 3522/27/1449 3526/10/1449 3524/26/1449
f 3528/3/1450 3530/50/1450 3527/65/1450
f 3524/10/1451 3527/27/1451 3523/26/1451
f 3526/10/1452 3528/27/1452 3524/26/1452
f 3532/38/1453 3534/89/1453 3535/80/1453
f 3536/38/1454 3535/89/1454 3537/80/1454
f 3518/38/1455 3537/89/1455 3516/80/1455
f 3518/26/733 3538/9/733 3536/10/733
f 3539/30/1456 3540/31/1456 3541/32/1456
f 3542/30/1457 3540/31/1457 3539/32/1457
f 3544/38/1458 3543/89/1458 3542/80/1458
f 3547/57/1459 3539/4/1459 3546/2/1459
f 3542/80/1458 3548/37/1458 3544/38/1458
f 3548/38/1458 3549/89/1458 3550/37/1458
f 3551/22/461 3553/6/461 3554/30/461
f 3555/80/1460 3541/37/1460 3540/38/1460
f 3557/80/1461 3540/37/1461 3543/38/1461
f 3529/59/1462 3548/15/1462 3530/60/1462
f 3530/35/1462 3550/31/1462 3558/6/1462
f 3534/17/1463 3555/67/1463 3535/15/1463
f 3555/16/1464 3537/15/1464 3535/17/1464
f 3557/16/1465 3516/15/1465 3537/17/1465
f 3560/10/1466 3562/27/1466 3559/9/1466
f 3561/27/1467 3564/10/1467 3563/26/1467
f 3565/11/1468 3567/12/1468 3568/13/1468
f 3566/11/1469 3569/12/1469 3567/13/1469
f 3566/11/1470 3570/12/1470 3571/13/1470
f 3565/11/1471 3573/12/1471 3570/13/1471
f 3574/39/1472 3571/40/1472 3570/49/1472
f 3576/18/1473 3570/19/1473 3573/20/1473
f 3576/32/1474 3578/49/1474 3577/39/1474
f 3568/14/1475 3572/13/1475 3565/11/1475
f 3580/14/1476 3582/13/1476 3579/11/1476
f 3579/14/1477 3583/13/1477 3572/11/1477
f 3572/11/1478 3578/12/1478 3573/13/1478
f 3582/14/1479 3585/13/1479 3583/11/1479
f 3586/27/1480 3579/10/1480 3568/26/1480
f 3587/88/1481 3588/72/1481 3589/31/1481
f 3590/32/1482 3587/88/1482 3591/31/1482
f 3593/18/1483 3590/63/1483 3592/42/1483
f 3594/59/1484 3595/8/1484 3596/70/1484
f 3595/70/1485 3597/10/1485 3596/8/1485
f 3595/10/1486 3594/70/1486 3598/59/1486
f 3597/59/1487 3595/8/1487 3598/70/1487
f 3594/59/1488 3596/8/1488 3598/70/1488
f 3596/70/1489 3597/10/1489 3598/8/1489
f 3600/82/1490 3601/22/1490 3599/21/1490
f 3602/20/1491 3604/77/1491 3600/78/1491
f 3600/20/1492 3590/77/1492 3591/78/1492
f 3592/21/1493 3604/30/1493 3605/22/1493
f 3607/82/1494 3609/22/1494 3606/21/1494
f 3593/10/1 3609/27/1 3610/26/1
f 3592/26/1 3606/9/1 3593/27/1
f 3612/7/1495 3614/68/1495 3611/69/1495
f 3616/7/1496 3611/68/1496 3615/69/1496
f 3617/69/1497 3616/5/1497 3615/68/1497
f 3619/43/1498 3613/18/1498 3612/42/1498
f 3621/22/1499 3623/6/1499 3624/7/1499
f 3625/52/1414 3624/53/1414 3626/46/1414
f 3623/53/1500 3613/65/1500 3624/46/1500
f 3624/36/1501 3620/46/1501 3626/52/1501
f 3616/11/1502 3628/12/1502 3629/13/1502
f 3627/11/1503 3631/12/1503 3628/13/1503
f 3631/11/1504 3630/12/1504 3632/13/1504
f 3634/27/1505 3636/10/1505 3633/26/1505
f 3637/26/1506 3638/9/1506 3639/10/1506
f 3640/47/1507 3642/65/1507 3643/46/1507
f 3634/60/1508 3640/70/1508 3635/59/1508
f 3645/8/1509 3647/9/1509 3644/10/1509
f 3647/9/1510 3649/8/1510 3648/10/1510
f 3648/8/1511 3652/9/1511 3650/10/1511
f 3652/9/1512 3644/8/1512 3653/10/1512
f 3654/10/1513 3649/59/1513 3655/8/1513
f 3646/59/1514 3655/8/1514 3649/10/1514
f 3657/8/1515 3645/59/1515 3658/10/1515
f 3646/59/1516 3657/8/1516 3656/70/1516
f 3659/70/1517 3656/10/1517 3657/59/1517
f 3659/70/1518 3658/10/1518 3661/59/1518
f 3662/35/1519 3664/17/1519 3665/34/1519
f 3667/69/1520 3663/22/1520 3666/12/1520
f 3667/12/1521 3670/7/1521 3668/22/1521
f 3671/35/1522 3672/17/1522 3665/34/1522
f 3671/35/1523 3665/17/1523 3664/34/1523
f 3668/71/1524 3664/34/1524 3663/35/1524
f 3667/69/1525 3674/5/1525 3675/7/1525
f 3676/87/1526 3667/5/1526 3675/68/1526
f 3670/71/1527 3673/34/1527 3668/35/1527
f 3671/35/1528 3664/17/1528 3673/34/1528
f 3671/35/1529 3673/17/1529 3677/34/1529
f 3678/71/1530 3677/34/1530 3670/35/1530
f 3671/35/1531 3677/17/1531 3679/34/1531
f 3671/35/1532 3679/17/1532 3672/34/1532
f 3680/43/1533 3674/18/1533 3682/42/1533
f 3674/68/1534 3683/7/1534 3682/69/1534
f 3683/12/1535 3663/7/1535 3662/22/1535
f 3685/59/1536 3687/15/1536 3684/60/1536
f 3689/7/1537 3691/68/1537 3688/69/1537
f 3689/12/1538 3693/7/1538 3690/69/1538
f 3694/35/1539 3696/17/1539 3692/71/1539
f 3692/35/1540 3697/17/1540 3693/71/1540
f 3693/22/1541 3699/69/1541 3690/12/1541
f 3698/22/1521 3701/69/1521 3699/12/1521
f 3696/34/1522 3695/17/1522 3702/35/1522
f 3697/34/1542 3696/17/1542 3702/35/1542
f 3697/34/1543 3698/71/1543 3693/35/1543
f 3691/69/1544 3699/5/1544 3704/68/1544
f 3699/5/1526 3705/87/1526 3704/68/1526
f 3707/7/1545 3701/68/1545 3706/69/1545
f 3703/34/1527 3700/71/1527 3698/35/1527
f 3703/34/1546 3697/17/1546 3702/35/1546
f 3708/34/1529 3703/17/1529 3702/35/1529
f 3709/43/1547 3707/18/1547 3710/84/1547
f 3711/34/1548 3708/17/1548 3702/35/1548
f 3695/34/1549 3711/17/1549 3702/35/1549
f 3712/51/1550 3714/45/1550 3715/41/1550
f 3713/45/1551 3716/51/1551 3717/50/1551
f 3718/51/1552 3717/45/1552 3716/41/1552
f 3720/41/1553 3722/42/1553 3723/43/1553
f 3721/65/1554 3714/51/1554 3713/48/1554
f 3721/41/1555 3725/42/1555 3722/43/1555
f 3724/65/1556 3713/51/1556 3717/48/1556
f 3719/48/1557 3724/50/1557 3717/51/1557
f 3716/2/1 3727/53/1 3728/3/1
f 3729/53/1 3716/38/1 3728/36/1
f 3731/1/1 3733/2/1 3730/3/1
f 3730/1/1 3735/2/1 3734/3/1
f 3734/1/1 3737/2/1 3736/3/1
f 3736/1/1 3739/2/1 3738/3/1
f 3738/1/1 3740/2/1 3727/3/1
f 3728/3/1 3740/4/1 3729/2/1
f 3741/21/1558 3743/30/1558 3744/22/1558
f 3743/82/1559 3746/22/1559 3744/21/1559
f 3747/20/1560 3748/77/1560 3749/19/1560
f 3750/26/1561 3751/9/1561 3746/10/1561
f 3746/10/1562 3751/9/1562 3744/26/1562
f 3744/26/1563 3751/9/1563 3741/10/1563
f 3746/21/1564 3747/30/1564 3750/22/1564
f 3753/27/1565 3750/10/1565 3752/26/1565
f 3751/6/1566 3754/34/1566 3755/31/1566
f 3741/60/1567 3755/70/1567 3742/15/1567
f 3756/11/1568 3758/12/1568 3759/13/1568
f 3760/39/1569 3757/40/1569 3756/49/1569
f 3754/28/1570 3761/46/1570 3760/52/1570
f 3764/14/1571 3758/13/1571 3763/11/1571
f 3760/50/1572 3755/48/1572 3754/51/1572
f 3757/11/1573 3763/12/1573 3758/13/1573
f 3761/18/1574 3767/19/1574 3757/20/1574
f 3769/14/1575 3770/13/1575 3771/11/1575
f 3770/14/1576 3763/13/1576 3771/11/1576
f 3765/14/1577 3759/13/1577 3758/11/1577
f 3774/14/1578 3776/13/1578 3773/11/1578
f 3775/11/1579 3777/12/1579 3776/13/1579
f 3778/13/1579 3777/12/1579 3775/11/1579
f 3779/11/1580 3778/12/1580 3780/13/1580
f 3781/11/1581 3780/12/1581 3782/13/1581
f 3783/11/1582 3785/12/1582 3786/13/1582
f 3787/18/1583 3789/19/1583 3790/20/1583
f 3788/39/1584 3792/40/1584 3789/49/1584
f 3791/39/1585 3794/40/1585 3792/49/1585
f 3795/11/1586 3786/12/1586 3796/14/1586
f 3794/11/1587 3783/12/1587 3795/14/1587
f 3793/18/1588 3797/19/1588 3794/20/1588
f 3800/59/1589 3791/15/1589 3799/60/1589
f 3800/6/1590 3798/34/1590 3793/31/1590
f 3802/59/1591 3798/15/1591 3801/60/1591
f 3804/11/1592 3805/12/1592 3778/13/1592
f 3778/14/1593 3806/13/1593 3804/11/1593
f 3784/14/1594 3797/13/1594 3807/11/1594
f 3775/14/1595 3785/13/1595 3806/11/1595
f 3798/39/1596 3807/40/1596 3797/49/1596
f 3774/14/1597 3786/13/1597 3785/11/1597
f 3809/11/1598 3811/12/1598 3812/13/1598
f 3810/11/1599 3813/12/1599 3811/13/1599
f 3814/11/1600 3813/12/1600 3810/13/1600
f 3815/11/1601 3816/12/1601 3817/13/1601
f 3815/14/1602 3812/13/1602 3811/11/1602
f 3813/11/1603 3815/12/1603 3811/13/1603
f 3818/11/1604 3813/12/1604 3820/13/1604
f 3821/10/1605 3823/79/1605 3824/9/1605
f 3825/9/1606 3822/8/1606 3821/10/1606
f 3827/10/1607 3823/79/1607 3828/8/1607
f 3828/8/1511 3825/9/1511 3827/10/1511
f 3829/10/1513 3830/59/1513 3831/8/1513
f 3832/59/1514 3831/8/1514 3830/10/1514
f 3834/11/1608 3835/12/1608 3836/13/1608
f 3834/12/1609 3837/11/1609 3838/14/1609
f 3839/26/1610 3840/9/1610 3841/10/1610
f 3839/26/1611 3841/9/1611 3842/10/1611
f 3843/26/1612 3839/9/1612 3842/10/1612
f 3843/26/1613 3842/9/1613 3844/10/1613
f 3845/26/1614 3843/9/1614 3844/10/1614
f 3845/26/1615 3844/9/1615 3846/10/1615
f 3847/26/1616 3849/9/1616 3850/10/1616
f 3851/26/1617 3853/9/1617 3854/10/1617
f 3856/10/1618 3858/27/1618 3855/26/1618
f 3860/10/1619 3855/27/1619 3859/26/1619
f 3839/10/1620 3859/27/1620 3861/26/1620
f 3840/10/1621 3861/27/1621 3862/26/1621
f 3863/10/1622 3857/27/1622 3856/26/1622
f 3860/26/1623 3863/9/1623 3856/27/1623
f 3843/10/1624 3860/27/1624 3839/26/1624
f 3866/26/1625 3868/9/1625 3869/27/1625
f 3863/26/1626 3871/9/1626 3864/27/1626
f 3865/26/680 3870/9/680 3863/27/680
f 3843/26/1627 3872/9/1627 3865/27/1627
f 3845/65/1628 3873/1/1628 3843/50/1628
f 3875/26/1629 3874/9/1629 3845/27/1629
f 3870/26/1405 3877/9/1405 3871/27/1405
f 3872/26/1630 3876/9/1630 3870/27/1630
f 3873/26/1631 3878/9/1631 3872/27/1631
f 3880/10/1632 3873/27/1632 3874/26/1632
f 3852/10/1633 3874/27/1633 3853/26/1633
f 3848/26/1 3869/9/1 3849/27/1
f 3881/26/1634 3866/9/1634 3848/27/1634
f 3882/26/1635 3867/9/1635 3866/27/1635
f 3867/26/1636 3855/9/1636 3868/27/1636
f 3883/26/1637 3859/9/1637 3867/27/1637
f 3884/26/1638 3861/9/1638 3883/27/1638
f 3877/27/1639 3886/10/1639 3871/26/1639
f 3871/26/1640 3886/9/1640 3864/10/1640
f 3855/26/1641 3858/9/1641 3887/10/1641
f 3855/26/1642 3887/9/1642 3868/10/1642
f 3849/60/1643 3889/70/1643 3850/59/1643
f 3869/6/1644 3888/34/1644 3849/35/1644
f 3868/60/1645 3890/70/1645 3869/59/1645
f 3887/60/1646 3891/70/1646 3868/59/1646
f 3858/60/1647 3892/70/1647 3887/59/1647
f 3857/6/1648 3893/34/1648 3858/35/1648
f 3864/60/1649 3894/70/1649 3857/59/1649
f 3886/60/1650 3895/70/1650 3864/59/1650
f 3885/60/1225 3896/70/1225 3886/59/1225
f 3898/11/1651 3900/12/1651 3901/14/1651
f 3902/13/1652 3904/14/1652 3900/11/1652
f 3905/13/1653 3900/14/1653 3899/11/1653
f 3907/13/1654 3899/14/1654 3906/11/1654
f 3888/32/1655 3906/49/1655 3889/39/1655
f 3908/13/1656 3903/14/1656 3902/11/1656
f 3910/13/1657 3902/14/1657 3905/11/1657
f 3911/13/1658 3905/14/1658 3907/11/1658
f 3890/44/1659 3907/20/1659 3888/18/1659
f 3912/13/1660 3909/14/1660 3908/11/1660
f 3914/13/1661 3908/14/1661 3910/11/1661
f 3915/13/1662 3910/14/1662 3911/11/1662
f 3891/32/1663 3911/49/1663 3890/39/1663
f 3916/13/1664 3913/14/1664 3912/11/1664
f 3918/13/1665 3912/14/1665 3914/11/1665
f 3919/13/1666 3914/14/1666 3915/11/1666
f 3892/44/1667 3915/20/1667 3891/18/1667
f 3920/13/1668 3917/14/1668 3916/11/1668
f 3918/11/1669 3920/12/1669 3916/14/1669
f 3919/11/1670 3922/12/1670 3918/14/1670
f 3893/32/1671 3919/49/1671 3892/39/1671
f 3924/13/1672 3921/14/1672 3920/11/1672
f 3925/13/1673 3920/14/1673 3922/11/1673
f 3926/13/1674 3922/14/1674 3923/11/1674
f 3894/44/1675 3923/20/1675 3893/18/1675
f 3924/11/1676 3836/12/1676 3835/14/1676
f 3928/13/1677 3924/14/1677 3925/11/1677
f 3929/13/1678 3925/14/1678 3926/11/1678
f 3895/32/1679 3926/49/1679 3894/39/1679
f 3930/13/1680 3836/14/1680 3927/11/1680
f 3931/13/1681 3927/14/1681 3928/11/1681
f 3932/13/1682 3928/14/1682 3929/11/1682
f 3896/44/1683 3929/20/1683 3895/18/1683
f 3933/13/1684 3931/14/1684 3932/11/1684
f 3897/32/1685 3932/49/1685 3896/39/1685
f 3936/15/1686 3938/16/1686 3935/17/1686
f 3939/17/1687 3941/67/1687 3942/16/1687
f 3942/17/1688 3935/67/1688 3938/16/1688
f 3846/8/1689 3942/66/1689 3939/70/1689
f 3938/16/1690 3943/15/1690 3944/17/1690
f 3938/17/1691 3946/67/1691 3942/15/1691
f 3942/66/1692 3841/8/1692 3939/70/1692
f 3947/10/1693 3848/27/1693 3847/26/1693
f 3948/10/1694 3881/27/1694 3947/26/1694
f 3950/16/1695 3938/15/1695 3937/17/1695
f 3842/8/1696 3952/66/1696 3844/70/1696
f 3953/17/1697 3951/67/1697 3954/16/1697
f 3955/17/1698 3954/67/1698 3956/16/1698
f 3957/17/1699 3956/72/1699 3950/34/1699
f 3953/15/1700 3943/66/1700 3952/70/1700
f 3846/70/1701 3952/86/1701 3943/66/1701
f 3945/15/1702 3956/66/1702 3954/67/1702
f 3954/15/1703 3946/66/1703 3945/67/1703
f 3841/70/1704 3951/86/1704 3842/8/1704
f 3960/68/1705 3962/7/1705 3959/69/1705
f 3963/35/1706 3965/17/1706 3966/71/1706
f 3966/35/1707 3967/17/1707 3968/71/1707
f 3965/45/1 3969/63/1 3967/64/1
f 3970/45/1 3969/63/1 3964/42/1
f 3972/23/1708 3974/10/1708 3975/59/1708
f 3973/23/1709 3977/10/1709 3974/59/1709
f 3979/27/1 3981/10/1 3978/26/1
f 3983/10/1710 3985/27/1710 3982/26/1710
f 3984/10/1711 3987/27/1711 3985/26/1711
f 3980/60/1712 3989/70/1712 3990/15/1712
f 3991/15/1713 3987/59/1713 3986/60/1713
f 3993/80/1714 3992/37/1714 3991/38/1714
f 3996/80/1715 3991/37/1715 3995/38/1715
f 3998/80/1716 3995/37/1716 3997/38/1716
f 4000/15/1717 4001/59/1717 3999/60/1717
f 4002/80/1718 3997/37/1718 4000/38/1718
f 4003/11/1719 4005/12/1719 4006/14/1719
f 4007/11/1720 4004/12/1720 4003/14/1720
f 4008/49/1721 4007/40/1721 4009/39/1721
f 4010/13/1722 4012/14/1722 4005/11/1722
f 4013/13/1723 4005/14/1723 4004/11/1723
f 4014/13/1724 4004/14/1724 4008/11/1724
f 4014/20/1725 4009/44/1725 4015/18/1725
f 4016/11/1726 4003/12/1726 4017/14/1726
f 4018/13/1727 4011/14/1727 4010/11/1727
f 4013/11/1728 4018/12/1728 4010/14/1728
f 4021/13/1729 4013/14/1729 4014/11/1729
f 4021/49/1730 4015/32/1730 4022/39/1730
f 4005/13/1731 4023/14/1731 4006/11/1731
f 4024/30/1732 4015/31/1732 4025/32/1732
f 4025/30/1733 4009/31/1733 4026/32/1733
f 4026/30/1734 4007/31/1734 4027/32/1734
f 4028/69/1735 4030/5/1735 4031/7/1735
f 4028/68/1736 4033/7/1736 4032/69/1736
f 4030/68/1497 4035/7/1497 4031/69/1497
f 4031/68/1496 4016/7/1496 4033/69/1496
f 4036/69/1737 4016/5/1737 4037/7/1737
f 4038/43/1738 4034/18/1738 4039/84/1738
f 4040/43/1739 4035/18/1739 4038/84/1739
f 4029/59/1740 4042/26/1740 4030/23/1740
f 4034/46/1741 4042/3/1741 4043/65/1741
f 4027/30/1742 4007/31/1742 4016/32/1742
f 4038/26/1743 4044/9/1743 4040/10/1743
f 4040/60/1744 4027/70/1744 4016/15/1744
f 4045/60/1745 4024/70/1745 4025/15/1745
f 4047/6/1746 4025/34/1746 4026/31/1746
f 4044/60/1747 4026/70/1747 4027/15/1747
f 3978/10/1748 4046/27/1748 4048/26/1748
f 4002/5/1749 4049/71/1749 3998/85/1749
f 4045/10/1750 4048/27/1750 4046/26/1750
f 3998/5/1751 4050/71/1751 3996/85/1751
f 4047/10/1752 4049/27/1752 4045/26/1752
f 3996/5/1753 4051/71/1753 3993/85/1753
f 4044/10/1754 4050/27/1754 4047/26/1754
f 3993/5/1755 4052/71/1755 3994/85/1755
f 4038/10/1756 4051/27/1756 4044/26/1756
f 4054/69/1757 4056/22/1757 4053/12/1757
f 4057/69/438 4055/22/438 4054/12/438
f 4059/37/1 4060/3/1 4061/2/1
f 4062/53/1 4059/2/1 4063/37/1
f 4062/53/1 4065/38/1 4064/36/1
f 4066/53/1 4067/36/1 4068/37/1
f 4066/53/1 4069/2/1 4070/3/1
f 4070/53/1 4072/38/1 4071/36/1
f 4073/3/1 4074/4/1 4066/2/1
f 4070/3/1 4073/4/1 4066/2/1
f 4076/3/1 4077/4/1 4071/2/1
f 4071/3/1 4075/4/1 4070/2/1
f 4078/41/1758 4079/42/1758 4080/45/1758
f 4080/41/1759 4079/42/1759 4081/45/1759
f 4082/41/1760 4081/42/1760 4083/45/1760
f 4081/41/1761 4079/42/1761 4084/45/1761
f 4083/41/1762 4084/42/1762 4065/45/1762
f 4084/41/1763 4079/42/1763 4085/45/1763
f 4085/41/1764 4079/42/1764 4086/45/1764
f 4086/41/1765 4079/42/1765 4078/45/1765
f 4087/41/1766 4088/42/1766 4089/45/1766
f 4089/41/1767 4088/42/1767 4090/45/1767
f 4091/41/1768 4088/42/1768 4087/45/1768
f 4090/41/1769 4088/42/1769 4092/45/1769
f 4083/41/1770 4092/42/1770 4082/45/1770
f 4092/41/1771 4088/42/1771 4093/45/1771
f 4092/43/1772 4094/45/1772 4082/41/1772
f 4093/41/1773 4088/42/1773 4091/45/1773
f 4095/43/1774 4059/45/1774 4061/41/1774
f 4096/41/1775 4097/42/1775 4098/45/1775
f 4059/41/1776 4098/42/1776 4063/45/1776
f 4098/41/1777 4097/42/1777 4099/45/1777
f 4063/41/1778 4099/42/1778 4065/45/1778
f 4099/41/1779 4097/42/1779 4100/45/1779
f 4065/41/1780 4100/42/1780 4083/45/1780
f 4100/41/1781 4097/42/1781 4101/45/1781
f 4095/41/1782 4097/42/1782 4096/45/1782
f 4101/41/1783 4097/42/1783 4095/45/1783
f 4089/41/1784 4100/42/1784 4101/45/1784
f 4083/41/1785 4100/42/1785 4090/45/1785
f 4102/41/1786 4103/42/1786 4104/45/1786
f 4105/41/1787 4104/42/1787 4106/45/1787
f 4069/41/1788 4106/42/1788 4072/45/1788
f 4104/41/1789 4103/42/1789 4107/45/1789
f 4106/41/1790 4107/42/1790 4108/45/1790
f 4107/41/1791 4103/42/1791 4109/45/1791
f 4108/41/1792 4109/42/1792 4110/45/1792
f 4109/41/1793 4103/42/1793 4111/45/1793
f 4109/43/1794 4112/45/1794 4110/41/1794
f 4111/41/1795 4103/42/1795 4113/45/1795
f 4111/43/1796 4114/45/1796 4112/41/1796
f 4113/41/1797 4103/42/1797 4102/45/1797
f 4113/43/1798 4105/45/1798 4114/41/1798
f 4114/43/1799 4069/45/1799 4068/41/1799
f 4116/1/1 4075/2/1 4115/3/1
f 4115/1/1 4077/2/1 4117/3/1
f 4117/1/1 4119/2/1 4118/3/1
f 4118/1/1 4121/2/1 4120/3/1
f 4120/1/1 4123/2/1 4122/3/1
f 4122/1/1 4125/2/1 4124/3/1
f 4127/1/1 4129/2/1 4126/3/1
f 4126/1/1 4131/2/1 4130/3/1
f 4130/1/1 4133/2/1 4132/3/1
f 4135/1/1 4137/2/1 4134/3/1
f 4134/1/1 4139/2/1 4138/3/1
f 4138/1/1 4141/2/1 4140/3/1
f 4060/2/1 4077/1/1 4076/4/1
f 4062/2/1 4119/1/1 4060/4/1
f 4123/3/1 4062/4/1 4064/2/1
f 4123/1/1 4142/2/1 4125/3/1
f 4132/1/1 4144/2/1 4143/3/1
f 4143/1/1 4146/2/1 4145/3/1
f 4136/1/1 4120/2/1 4137/3/1
f 4137/1/1 4122/2/1 4139/3/1
f 4139/1/1 4124/2/1 4141/3/1
f 4148/1/1 4115/2/1 4147/3/1
f 4149/1/1 4128/2/1 4127/3/1
f 4141/1/1 4152/2/1 4151/3/1
f 4154/1/1 4147/2/1 4153/3/1
f 4153/1/1 4156/2/1 4155/3/1
f 4155/1/1 4136/2/1 4135/3/1
f 4158/1/1 4130/2/1 4157/3/1
f 4150/1/1 4153/2/1 4128/3/1
f 4160/1/1 4145/2/1 4159/3/1
f 4128/1/1 4155/2/1 4129/3/1
f 4147/1/1 4117/2/1 4156/3/1
f 4156/1/1 4118/2/1 4136/3/1
f 4129/1/1 4135/2/1 4131/3/1
f 4131/1/1 4134/2/1 4133/3/1
f 4133/1/1 4138/2/1 4144/3/1
f 4144/1/1 4140/2/1 4146/3/1
f 4161/5/1 4163/71/1 4164/35/1
f 4164/26/1 4165/9/1 4166/10/1
f 4168/14/1800 4170/13/1800 4167/11/1800
f 4167/14/1801 4172/13/1801 4171/11/1801
f 4173/11/1802 4167/12/1802 4174/13/1802
f 4162/48/1803 4176/46/1803 4163/47/1803
f 4171/11/1804 4177/12/1804 4178/13/1804
f 4179/2/1 4180/4/1 4181/3/1
f 4182/1/1 3/2/1 2/3/1
f 13/1/1 4185/2/1 4184/3/1
f 4183/1/1 15/2/1 3/3/1
f 4/1/1 972/2/1 6/3/1
f 6/1/1 971/2/1 8/3/1
f 8/1/1 17/2/1 10/3/1
f 12/1/1 4187/2/1 14/3/1
f 14/1/1 4188/2/1 4185/3/1
f 1421/10/1805 4189/9/1805 4190/26/1805
f 697/10/1806 694/27/1806 696/26/1806
f 697/65/1807 4189/1/1807 4191/50/1807
f 4192/11/1808 48/12/1808 4194/13/1808
f 1720/18/1809 4193/19/1809 4192/20/1809
f 4195/39/1810 1409/40/1810 4193/49/1810
f 4193/11/1811 49/12/1811 48/13/1811
f 27/5/1812 1418/6/1812 29/7/1812
f 35/7/1813 1418/35/1813 1417/6/1813
f 26/56/1 4197/62/1 4196/4/1
f 28/56/1 4196/62/1 1420/4/1
f 1418/56/1 1420/62/1 1419/4/1
f 4196/4/1814 4191/64/1814 4189/1/1814
f 1420/4/1815 4189/64/1815 1421/1/1815
f 4198/6/1816 22/5/1816 19/7/1816
f 4198/35/1817 32/7/1817 1719/6/1817
f 31/7/1818 1417/35/1818 4200/6/1818
f 31/5/1819 1719/6/1819 32/7/1819
f 20/2/1 4201/1/1 34/3/1
f 40/10/1820 3824/79/1820 41/9/1820
f 44/9/1821 3821/8/1821 40/10/1821
f 47/10/1822 3824/79/1822 3827/8/1822
f 3827/8/1823 44/9/1823 47/10/1823
f 4203/44/1824 4204/20/1824 4202/18/1824
f 4202/39/1825 3814/40/1825 4205/32/1825
f 49/11/1826 4204/12/1826 50/13/1826
f 4194/11/1827 51/12/1827 4206/13/1827
f 1417/59/1828 4195/15/1828 4200/60/1828
f 4200/59/1829 1720/15/1829 1719/60/1829
f 52/11/1830 885/12/1830 53/13/1830
f 54/14/1831 4207/13/1831 57/11/1831
f 57/11/1832 4208/12/1832 64/13/1832
f 4209/49/1833 3305/40/1833 4210/39/1833
f 3317/85/1 4212/35/1 3318/5/1
f 3306/34/1834 4214/16/1834 4215/72/1834
f 4216/72/1835 4218/17/1835 60/34/1835
f 58/15/1836 4220/66/1836 59/70/1836
f 4219/15/1837 4221/66/1837 4222/70/1837
f 4212/70/1838 4222/86/1838 4221/66/1838
f 3321/15/1839 58/16/1839 61/17/1839
f 3318/70/1840 4221/86/1840 3321/66/1840
f 4216/34/1841 3306/16/1841 4215/72/1841
f 4224/8/1842 4222/66/1842 4223/70/1842
f 4219/17/1843 4210/67/1843 3305/16/1843
f 4220/17/535 3305/67/535 3306/16/535
f 3116/15/1844 4224/59/1844 3095/60/1844
f 4209/11/1845 66/12/1845 65/14/1845
f 4210/39/1846 69/40/1846 4209/49/1846
f 3116/18/1847 70/19/1847 69/20/1847
f 3115/39/1848 73/40/1848 70/49/1848
f 883/12/1849 71/11/1849 890/13/1849
f 72/11/1850 890/12/1850 71/14/1850
f 4225/25/1851 112/58/1851 98/33/1851
f 4227/12/1852 4226/21/1852 4225/13/1852
f 78/13/1853 83/22/1853 4229/12/1853
f 4229/23/1854 84/24/1854 91/25/1854
f 4230/24/1855 94/23/1855 93/25/1855
f 1163/28/1856 110/27/1856 4231/29/1856
f 110/23/1857 4230/24/1857 4231/25/1857
f 4232/12/1858 105/21/1858 103/13/1858
f 88/21/1859 1163/12/1859 1162/13/1859
f 96/12/1860 81/21/1860 4234/13/1860
f 99/25/1861 88/26/1861 1162/24/1861
f 104/25/1862 81/26/1862 80/23/1862
f 4235/15/1863 107/66/1863 4236/70/1863
f 4237/15/1864 4233/66/1864 4232/67/1864
f 4236/37/1865 115/57/1865 117/2/1865
f 4236/34/1866 113/16/1866 116/72/1866
f 100/30/1867 1162/31/1867 1165/6/1867
f 104/30/1868 120/31/1868 4234/6/1868
f 79/21/1869 1161/12/1869 103/13/1869
f 4239/21/1870 1160/12/1870 1161/13/1870
f 100/32/1871 1165/31/1871 119/30/1871
f 4241/14/1872 123/13/1872 122/11/1872
f 145/11/1873 132/12/1873 4243/13/1873
f 4242/14/1874 3439/13/1874 123/11/1874
f 123/14/1875 133/13/1875 124/11/1875
f 130/11/1876 135/12/1876 4244/13/1876
f 132/11/1877 4244/12/1877 4245/13/1877
f 4243/11/1878 4245/12/1878 2394/13/1878
f 4246/5/1879 138/6/1879 137/7/1879
f 4249/53/1 4250/38/1 4248/36/1
f 140/3/1 156/37/1 4249/53/1
f 141/53/1 165/2/1 142/37/1
f 1621/36/1 170/37/1 165/38/1
f 4251/3/1 170/37/1 1622/53/1
f 4252/71/1880 138/5/1880 4247/85/1880
f 138/85/1881 4253/35/1881 139/5/1881
f 4254/26/1882 4253/9/1882 4252/10/1882
f 4255/11/1883 4257/12/1883 4241/13/1883
f 3235/17/1884 174/67/1884 4259/15/1884
f 4253/70/1885 4259/86/1885 174/66/1885
f 155/48/1886 150/50/1886 4260/51/1886
f 156/51/1887 4260/45/1887 4250/41/1887
f 122/12/1888 4255/11/1888 4241/13/1888
f 175/32/1889 171/49/1889 172/39/1889
f 4253/48/1890 173/50/1890 139/51/1890
f 174/41/1891 4258/42/1891 175/45/1891
f 201/1/1 217/2/1 4261/3/1
f 4261/1/1 207/2/1 206/3/1
f 213/1/1 2765/2/1 4262/3/1
f 214/1/1 2766/2/1 2765/3/1
f 215/1/1 222/2/1 216/3/1
f 221/1/1 228/2/1 2766/3/1
f 1847/1/1 225/2/1 222/3/1
f 1848/1/1 230/2/1 225/3/1
f 4263/1/1 236/2/1 230/3/1
f 234/1/1 2796/2/1 235/3/1
f 4264/1/1 243/2/1 236/3/1
f 242/1/1 2797/2/1 2796/3/1
f 4265/1/1 4267/2/1 243/3/1
f 243/1/1 4268/2/1 244/3/1
f 244/1/1 4269/2/1 245/3/1
f 245/1/1 4270/2/1 246/3/1
f 246/1/1 4271/2/1 247/3/1
f 247/1/1 4272/2/1 248/3/1
f 248/1/1 4273/2/1 249/3/1
f 249/1/1 2098/2/1 2797/3/1
f 4274/41/1892 251/42/1892 4275/45/1892
f 4275/41/1893 251/42/1893 4276/45/1893
f 4276/41/1894 251/42/1894 250/45/1894
f 251/42/1895 4274/45/1895 4277/41/1895
f 4278/41/1896 252/42/1896 4279/45/1896
f 252/41/1897 251/42/1897 4277/45/1897
f 252/43/1898 4280/45/1898 4279/41/1898
f 4281/41/1899 255/42/1899 1713/45/1899
f 4283/1/1 256/2/1 4282/3/1
f 4282/1/1 260/2/1 4284/3/1
f 4284/1/1 262/2/1 4285/3/1
f 4285/1/1 264/2/1 4286/3/1
f 4286/1/1 266/2/1 4287/3/1
f 4287/1/1 268/2/1 4288/3/1
f 4288/1/1 270/2/1 4289/3/1
f 4289/1/1 1727/2/1 4290/3/1
f 270/1/1 1728/2/1 1727/3/1
f 272/77/1900 4292/76/1900 4291/78/1900
f 275/6/1901 4258/32/1901 4292/30/1901
f 284/78/1902 4294/83/1902 286/76/1902
f 286/30/1903 4295/31/1903 280/32/1903
f 4296/54/1904 289/55/1904 288/56/1904
f 288/45/120 4297/1/120 4296/50/120
f 294/45/120 622/1/120 4297/50/120
f 622/56/1905 292/61/1905 300/55/1905
f 272/50/1906 4291/64/1906 4298/1/1906
f 4298/45/1906 282/1/1906 272/50/1906
f 282/50/1906 4300/64/1906 284/1/1906
f 284/50/1906 4300/64/1906 4293/1/1906
f 277/58/1907 4301/59/1907 4258/23/1907
f 4302/60/1908 280/23/1908 4295/58/1908
f 4301/30/1909 279/31/1909 4302/32/1909
f 1313/64/126 302/42/126 1314/45/126
f 312/52/752 4303/53/752 313/36/752
f 311/46/1910 308/3/1910 1316/53/1910
f 4305/45/1 317/1/1 4304/50/1
f 1313/52/1911 308/53/1911 303/46/1911
f 4307/84/1912 4308/42/1912 4306/43/1912
f 320/52/755 316/53/755 4303/36/755
f 320/46/1913 1315/3/1913 321/53/1913
f 1315/53/1914 302/52/1914 321/36/1914
f 4309/36/1915 4310/53/1915 1315/52/1915
f 312/52/1916 4309/53/1916 1315/46/1916
f 311/52/1917 4308/53/1917 317/36/1917
f 4208/14/1918 349/13/1918 64/11/1918
f 349/11/1919 323/12/1919 322/13/1919
f 4213/11/1920 3306/12/1920 351/13/1920
f 4312/20/1921 346/19/1921 347/18/1921
f 4312/11/1922 351/12/1922 346/13/1922
f 4209/14/1923 3306/13/1923 3305/11/1923
f 4313/15/425 4312/66/425 4315/70/425
f 330/16/1924 4313/15/1924 4315/17/1924
f 4315/16/1925 331/15/1925 330/17/1925
f 3317/70/1926 4316/86/1926 4211/8/1926
f 4217/34/1927 4213/16/1927 4218/17/1927
f 332/15/216 4312/16/216 333/17/216
f 347/15/215 333/16/215 4312/17/215
f 4318/70/1928 4317/86/1928 347/66/1928
f 4320/6/1929 342/34/1929 4321/35/1929
f 4318/60/1930 343/70/1930 4320/59/1930
f 64/12/1931 348/11/1931 62/13/1931
f 350/11/1932 62/12/1932 348/14/1932
f 351/11/1933 65/12/1933 350/14/1933
f 356/5/1934 3959/87/1934 353/68/1934
f 352/69/1935 4323/5/1935 4324/68/1935
f 3959/68/1936 354/7/1936 353/69/1936
f 355/69/1937 4325/5/1937 4326/7/1937
f 4307/5/1938 352/87/1938 4324/68/1938
f 356/12/1939 4328/7/1939 4322/69/1939
f 4329/22/1940 356/69/1940 357/12/1940
f 359/70/1941 4330/8/1941 360/59/1941
f 359/70/1942 4329/10/1942 4331/59/1942
f 4329/59/1943 361/8/1943 4327/10/1943
f 361/70/1944 4328/10/1944 4327/59/1944
f 4333/84/1945 4334/42/1945 4332/43/1945
f 364/30/1946 2684/31/1946 365/32/1946
f 372/23/162 2689/10/162 4333/26/162
f 371/32/1947 2684/6/1947 2689/30/1947
f 4336/11/1948 2815/12/1948 4337/13/1948
f 2815/11/1949 376/12/1949 375/13/1949
f 4337/11/1950 375/12/1950 1478/13/1950
f 1478/11/1951 378/12/1951 1479/13/1951
f 1479/11/1952 380/12/1952 1481/13/1952
f 1481/11/1953 382/12/1953 1483/13/1953
f 1483/11/1954 384/12/1954 1485/13/1954
f 1485/11/1955 395/12/1955 1493/13/1955
f 1493/11/1956 385/12/1956 389/13/1956
f 392/14/1957 1500/13/1957 393/11/1957
f 4338/14/1958 1501/13/1958 1500/11/1958
f 405/71/1959 397/34/1959 396/17/1959
f 407/35/1960 401/17/1960 4339/71/1960
f 401/34/1961 4340/71/1961 4339/35/1961
f 4340/35/1962 403/17/1962 4341/71/1962
f 403/34/1963 4342/71/1963 4341/35/1963
f 4342/35/1964 397/17/1964 777/71/1964
f 4343/71/1965 783/35/1965 4344/17/1965
f 776/71/1966 4343/35/1966 4344/17/1966
f 777/71/1967 776/35/1967 4344/17/1967
f 779/71/1968 777/35/1968 4344/17/1968
f 781/71/1969 779/35/1969 4344/17/1969
f 783/71/1970 781/35/1970 4344/17/1970
f 408/17/1971 4345/35/1971 409/71/1971
f 408/17/1972 410/35/1972 4339/71/1972
f 408/17/1973 4339/35/1973 411/71/1973
f 408/17/1974 412/35/1974 4345/71/1974
f 414/26/1975 413/9/1975 3681/10/1975
f 3681/27/1976 3685/10/1976 414/26/1976
f 3681/26/1 3680/9/1 4346/10/1
f 4347/9/1977 3685/26/1977 3684/27/1977
f 4348/26/1978 418/9/1978 4349/10/1978
f 420/26/1979 418/9/1979 4348/27/1979
f 421/11/1980 4350/12/1980 422/14/1980
f 431/14/1981 4352/13/1981 432/11/1981
f 425/14/1982 422/13/1982 4350/11/1982
f 433/11/1983 4352/12/1983 4353/13/1983
f 434/32/1984 4353/49/1984 4354/39/1984
f 435/51/1985 4354/65/1985 4355/48/1985
f 437/41/1986 4355/50/1986 4356/51/1986
f 4357/70/1987 4356/86/1987 4359/8/1987
f 4360/70/1988 4358/86/1988 4357/8/1988
f 4358/5/1 437/71/1 4356/85/1
f 439/26/1 438/9/1 437/27/1
f 440/35/1 4358/85/1 4361/5/1
f 443/12/1989 447/11/1989 446/14/1989
f 443/12/1990 446/11/1990 4350/14/1990
f 4350/11/1991 449/12/1991 425/13/1991
f 425/11/1992 451/12/1992 426/13/1992
f 4361/5/1 453/71/1 440/35/1
f 4362/5/1 453/71/1 4361/85/1
f 458/32/204 461/49/204 459/39/204
f 835/11/1993 463/12/1993 465/13/1993
f 465/14/1994 461/13/1994 835/11/1994
f 2850/18/1995 470/43/1995 469/84/1995
f 473/21/1996 4364/30/1996 471/82/1996
f 4365/22/1997 4364/82/1997 4363/21/1997
f 467/50/1998 471/48/1998 3742/51/1998
f 470/43/1999 2853/18/1999 1365/84/1999
f 4367/8/2000 4368/66/2000 4366/70/2000
f 4369/16/2001 482/15/2001 481/17/2001
f 4369/15/2002 478/16/2002 4370/17/2002
f 4370/34/2003 478/16/2003 1414/72/2003
f 4371/19/2004 470/78/2004 479/20/2004
f 478/37/2005 4372/57/2005 1414/2/2005
f 470/34/2006 4372/16/2006 480/72/2006
f 4367/70/2007 475/86/2007 482/66/2007
f 4373/1/1 483/2/1 1269/3/1
f 1269/1/1 487/2/1 1270/3/1
f 1270/1/1 489/2/1 4374/3/1
f 4374/1/1 491/2/1 4375/3/1
f 4375/1/1 493/2/1 4376/3/1
f 4376/1/1 495/2/1 4377/3/1
f 516/1/1 4378/2/1 517/3/1
f 523/1/1 4379/2/1 4378/3/1
f 524/1/1 1822/2/1 525/3/1
f 525/1/1 1821/2/1 526/3/1
f 526/1/1 530/2/1 527/3/1
f 529/1/1 202/2/1 4379/3/1
f 548/74/2008 4381/69/2008 556/75/2008
f 4382/26/1 4383/9/1 4384/10/1
f 559/26/1 558/9/1 4384/10/1
f 575/26/1 557/9/1 4385/10/1
f 559/59/2009 4387/15/2009 557/60/2009
f 4385/60/2010 4387/70/2010 4388/15/2010
f 4389/26/2011 563/9/2011 585/27/2011
f 585/10/2012 4391/27/2012 4390/26/2012
f 4392/26/2013 558/9/2013 4389/27/2013
f 4389/10/2014 4390/27/2014 4393/26/2014
f 553/26/2015 4395/9/2015 552/27/2015
f 570/26/2016 4396/9/2016 3999/10/2016
f 4395/10/2017 4398/27/2017 552/26/2017
f 584/26/2018 3999/9/2018 4001/27/2018
f 4381/10/2019 567/27/2019 556/26/2019
f 4001/10/2020 4399/9/2020 4400/26/2020
f 584/10/2021 4400/27/2021 4401/26/2021
f 573/10/2022 4401/27/2022 574/26/2022
f 4402/10/1 572/27/1 575/26/1
f 582/10/2023 577/27/2023 4402/26/2023
f 586/4/1 4404/55/1 588/56/1
f 591/7/2024 4404/35/2024 4405/5/2024
f 25/4/1 4403/55/1 4197/56/1
f 4404/6/2025 24/5/2025 4405/7/2025
f 580/64/2026 4406/4/2026 566/1/2026
f 592/62/1 2318/56/1 4406/4/1
f 2319/7/2027 593/35/2027 594/5/2027
f 4406/4/2028 565/64/2028 566/1/2028
f 596/4/2029 4394/64/2029 553/1/2029
f 596/4/1 2317/55/1 4407/56/1
f 4366/15/425 4410/16/425 4408/17/425
f 4363/26/1 4367/9/1 4411/27/1
f 4411/26/1 4367/9/1 1415/10/1
f 4412/26/1 1415/9/1 1384/10/1
f 4408/85/1 4367/35/1 4366/5/1
f 4414/27/1 4415/10/1 4413/26/1
f 4416/26/1 4415/9/1 4417/10/1
f 4363/50/1 4415/3/1 4365/65/1
f 4415/26/1 4412/9/1 4417/10/1
f 597/27/1 2250/10/1 2249/26/1
f 4418/26/2030 4419/9/2030 615/10/2030
f 4418/27/1 4421/10/1 4420/26/1
f 602/26/2031 4423/9/2031 603/10/2031
f 2260/10/1 2251/27/1 2259/26/1
f 4424/26/1 2249/10/1 2260/27/1
f 4414/26/1 4425/9/1 598/10/1
f 4426/26/1 4414/9/1 598/10/1
f 4426/27/1 597/10/1 4427/26/1
f 597/27/1 4424/10/1 4427/26/1
f 606/26/1 2251/9/1 607/10/1
f 605/27/1 4429/10/1 4428/26/1
f 4429/27/1 3605/10/1 4428/26/1
f 4430/10/1 610/27/1 609/26/1
f 4431/26/1 601/10/1 4430/27/1
f 4433/27/1 602/10/1 4432/26/1
f 602/27/1 4431/10/1 4432/26/1
f 4416/3/1 4425/50/1 4413/65/1
f 4434/10/1 4416/27/1 4417/26/1
f 4435/27/1 608/10/1 611/26/1
f 4435/27/1 4418/10/1 4436/26/1
f 4418/27/1 4434/10/1 4436/26/1
f 4423/27/2032 613/10/2032 603/26/2032
f 4421/26/2033 616/9/2033 4438/10/2033
f 613/26/2032 4439/9/2032 617/10/2032
f 616/27/2034 599/10/2034 4438/26/2034
f 4419/26/2035 612/9/2035 615/10/2035
f 618/26/2036 4441/9/2036 4442/10/2036
f 618/27/2037 2250/10/2037 600/26/2037
f 604/27/2038 612/10/2038 4440/26/2038
f 4429/26/2039 4441/9/2039 617/10/2039
f 4429/27/1 4439/10/1 3606/26/1
f 4443/45/1 621/1/1 620/50/1
f 4444/45/1 623/1/1 4443/50/1
f 659/45/1 626/1/1 4444/50/1
f 621/45/1 4297/1/1 622/50/1
f 658/45/1 627/1/1 626/50/1
f 625/45/1 4296/1/1 4297/50/1
f 641/45/1 630/1/1 627/50/1
f 629/45/1 4446/1/1 4296/50/1
f 628/45/1 4445/1/1 629/50/1
f 630/45/1 4447/1/1 628/50/1
f 640/45/1 4448/1/1 630/50/1
f 4450/58/2040 298/59/2040 4451/60/2040
f 300/6/2041 4450/32/2041 4452/30/2041
f 622/78/2042 300/83/2042 4452/76/2042
f 656/58/2043 298/59/2043 297/23/2043
f 656/32/2044 296/6/2044 655/30/2044
f 655/76/2045 296/83/2045 4296/78/2045
f 4444/56/2046 632/61/2046 631/55/2046
f 634/58/2047 633/59/2047 642/60/2047
f 4444/77/2046 635/76/2046 659/78/2046
f 640/77/2048 643/76/2048 4449/78/2048
f 646/58/2049 4453/59/2049 642/60/2049
f 4445/77/2050 644/76/2050 4446/78/2050
f 649/58/2051 4454/59/2051 642/60/2051
f 622/77/2052 647/76/2052 619/78/2052
f 4443/56/2046 650/61/2046 632/55/2046
f 642/60/2047 633/59/2047 649/58/2047
f 620/78/2046 647/83/2046 650/76/2046
f 642/60/2049 4453/59/2049 639/58/2049
f 643/76/2053 4448/77/2053 4449/78/2053
f 645/30/2054 4455/31/2054 646/32/2054
f 4453/59/2055 646/58/2055 4455/23/2055
f 4456/23/2055 639/58/2055 4453/59/2055
f 651/6/2056 639/30/2056 4456/31/2056
f 4454/59/274 649/58/274 652/23/274
f 654/23/274 646/58/274 4454/59/274
f 622/78/2057 4452/83/2057 648/76/2057
f 653/76/2058 655/83/2058 4296/78/2058
f 4450/32/2059 648/6/2059 4452/30/2059
f 652/58/2060 4451/59/2060 4454/60/2060
f 654/58/2061 4451/59/2061 656/23/2061
f 642/60/2051 4454/59/2051 646/58/2051
f 644/76/2052 4296/77/2052 4446/78/2052
f 667/27/2062 670/10/2062 701/26/2062
f 698/26/2063 701/9/2063 670/10/2063
f 662/26/2064 667/9/2064 701/27/2064
f 660/9/2065 665/26/2065 673/10/2065
f 664/26/2066 673/9/2066 665/27/2066
f 4458/10/2067 673/27/2067 4457/26/2067
f 4386/79/1 677/80/1 4387/38/1
f 4388/79/1 677/80/1 680/81/1
f 4382/26/1 684/9/1 4383/10/1
f 575/26/1 4385/9/1 682/10/1
f 559/60/2068 678/70/2068 4386/15/2068
f 4385/59/2069 680/15/2069 682/60/2069
f 4383/60/2070 676/70/2070 675/15/2070
f 4383/59/2071 678/15/2071 4384/60/2071
f 4460/10/2072 4462/27/2072 4459/26/2072
f 674/26/1315 4190/9/1315 697/27/1315
f 4458/26/2073 1421/9/2073 4190/27/2073
f 670/10/2074 687/27/2074 4464/26/2074
f 698/10/2075 4464/27/2075 4461/26/2075
f 689/10/1 575/27/1 682/26/1
f 692/10/1 4402/27/1 689/26/1
f 692/26/1 583/9/1 582/27/1
f 4465/10/1 583/9/1 695/26/1
f 694/26/1 4465/9/1 695/27/1
f 4197/4/2076 4465/64/2076 4191/1/2076
f 4465/1/2077 586/56/2077 583/64/2077
f 4461/21/2078 699/30/2078 698/22/2078
f 4466/20/2079 4468/77/2079 699/78/2079
f 4468/19/2080 700/78/2080 699/20/2080
f 4430/21/2081 4468/30/2081 4431/22/2081
f 4468/82/2082 4432/22/2082 4431/21/2082
f 663/21/2083 702/30/2083 665/22/2083
f 707/19/2084 704/78/2084 702/20/2084
f 4436/21/2085 704/30/2085 4435/22/2085
f 704/82/2086 608/22/2086 4435/21/2086
f 701/21/2087 706/30/2087 662/22/2087
f 706/78/2088 4470/19/2088 707/20/2088
f 700/78/2089 4471/19/2089 706/20/2089
f 608/21/2090 4471/30/2090 609/22/2090
f 4471/82/2091 4430/22/2091 609/21/2091
f 4472/82/2092 610/22/2092 601/21/2092
f 610/21/2093 4474/30/2093 611/22/2093
f 4475/50/1 716/64/1 725/1/1
f 4478/45/1 4479/1/1 4477/50/1
f 4475/1/1 725/64/1 4478/50/1
f 4480/78/2094 727/83/2094 726/76/2094
f 709/56/2095 726/61/2095 710/55/2095
f 4479/56/2096 711/61/2096 4482/55/2096
f 1715/78/2097 715/83/2097 1716/76/2097
f 715/6/2098 4483/32/2098 1716/30/2098
f 4484/9/126 4485/36/126 4486/27/126
f 4476/77/2058 717/76/2058 716/78/2058
f 4477/78/2057 4482/83/2057 4487/76/2057
f 720/58/2099 4484/59/2099 4486/60/2099
f 4488/58/2100 4485/59/2100 4489/23/2100
f 3418/17/461 4484/72/461 3417/34/461
f 3035/15/461 4485/66/461 3418/70/461
f 4489/15/461 3036/66/461 4487/70/461
f 4478/8/461 4487/81/461 3036/86/461
f 3425/15/461 4484/66/461 722/67/461
f 722/15/461 4490/66/461 3425/67/461
f 4475/8/461 721/81/461 4476/79/461
f 712/45/1 4491/1/1 724/50/1
f 709/50/1 4491/64/1 4480/1/1
f 725/45/1 708/1/1 4479/50/1
f 711/4/2101 4488/57/2101 4482/2/2101
f 719/58/2102 4493/59/2102 4483/23/2102
f 4494/60/2103 719/23/2103 718/58/2103
f 4486/60/2104 718/23/2104 720/58/2104
f 729/58/2105 4495/59/2105 4493/60/2105
f 730/58/2106 4493/59/2106 4492/60/2106
f 730/23/2107 4494/60/2107 731/58/2107
f 731/23/2108 4486/60/2108 4488/58/2108
f 4487/30/2059 4488/31/2059 4489/32/2059
f 4496/1/1 734/2/1 733/3/1
f 736/1/1 743/2/1 3178/3/1
f 3178/1/1 745/2/1 3179/3/1
f 3179/1/1 257/2/1 4283/3/1
f 745/1/1 258/2/1 257/3/1
f 4497/5/306 754/69/306 4498/68/306
f 4499/7/2109 4497/5/2109 4498/69/2109
f 4497/69/2110 755/5/2110 758/7/2110
f 754/5/2111 4497/69/2111 755/7/2111
f 4497/5/2112 760/69/2112 758/68/2112
f 4500/12/2113 409/7/2113 4345/22/2113
f 4501/12/2114 410/7/2114 409/22/2114
f 757/12/2115 4339/7/2115 410/22/2115
f 759/69/2116 4339/22/2116 756/12/2116
f 761/69/322 411/22/322 759/12/322
f 4500/69/2117 412/22/2117 761/12/2117
f 4498/84/2118 4500/42/2118 4499/43/2118
f 754/84/325 4501/42/325 4498/43/325
f 760/43/2119 4500/18/2119 761/42/2119
f 764/23/2120 777/10/2120 405/59/2120
f 766/23/2121 405/10/2121 406/59/2121
f 766/26/2122 407/59/2122 4502/23/2122
f 4502/26/2123 4339/59/2123 4503/23/2123
f 4503/26/2124 4340/59/2124 770/23/2124
f 770/26/2125 4341/59/2125 767/23/2125
f 771/23/2126 4341/10/2126 4342/59/2126
f 763/23/2127 4342/10/2127 777/59/2127
f 765/7/2128 4502/30/2128 4504/22/2128
f 4497/22/2129 4502/6/2129 4503/30/2129
f 4497/3/2130 770/46/2130 769/53/2130
f 1453/46/2131 765/36/2131 1457/52/2131
f 4505/52/2132 765/53/2132 4504/36/2132
f 1461/46/2133 768/36/2133 774/52/2133
f 784/12/2134 4343/7/2134 785/69/2134
f 785/12/2114 776/7/2114 775/69/2114
f 791/27/2135 4506/10/2135 800/26/2135
f 800/27/2136 2360/10/2136 2363/26/2136
f 4507/26/2137 3056/9/2137 3057/10/2137
f 4506/26/2138 4509/9/2138 4510/10/2138
f 4359/27/2139 4508/10/2139 4357/26/2139
f 4357/27/2140 4507/10/2140 4360/26/2140
f 4360/27/2141 796/10/2141 795/26/2141
f 4507/27/2142 799/10/2142 796/26/2142
f 797/26/2143 800/9/2143 2363/10/2143
f 803/10/1 2368/27/1 804/26/1
f 457/26/1 808/9/1 807/27/1
f 812/5/1 456/71/1 836/85/1
f 456/35/1 4362/85/1 836/5/1
f 814/18/2144 4513/19/2144 815/20/2144
f 804/1/2144 4512/56/2144 814/4/2144
f 458/18/2145 820/19/2145 832/20/2145
f 807/64/2145 458/4/2145 457/1/2145
f 4514/11/2146 4516/12/2146 821/13/2146
f 821/14/2147 4513/13/2147 4514/11/2147
f 4516/11/2148 4207/12/2148 823/13/2148
f 821/11/2149 823/12/2149 822/13/2149
f 823/11/2150 56/12/2150 824/13/2150
f 824/11/2151 828/12/2151 826/13/2151
f 835/14/2152 832/13/2152 831/11/2152
f 834/11/2153 464/12/2153 463/13/2153
f 797/70/2154 809/86/2154 810/66/2154
f 795/70/2155 836/86/2155 4362/66/2155
f 795/8/2156 4361/66/2156 4360/70/2156
f 4517/26/2157 866/9/2157 4518/10/2157
f 849/26/2158 4519/9/2158 867/10/2158
f 850/26/2159 4520/9/2159 4521/10/2159
f 870/26/2160 4521/9/2160 4522/10/2160
f 4523/26/2161 870/9/2161 4522/10/2161
f 4524/26/1 4523/9/1 4525/10/1
f 857/10/2162 4526/27/2162 3474/26/2162
f 855/10/2163 838/27/2163 4526/26/2163
f 4519/10/2164 845/27/2164 856/26/2164
f 4527/26/2165 838/9/2165 854/27/2165
f 3709/10/2166 856/27/2166 858/26/2166
f 877/26/2167 876/9/2167 875/10/2167
f 4524/74/2168 862/87/2168 870/68/2168
f 4517/10/2169 851/27/2169 869/26/2169
f 877/10/2170 4529/27/2170 4528/26/2170
f 873/10/2171 2187/27/2171 2186/26/2171
f 841/10/2172 2186/27/2172 2188/26/2172
f 842/10/2173 2188/27/2173 853/26/2173
f 879/3/2174 3506/50/2174 880/65/2174
f 864/10/2175 3493/27/2175 879/26/2175
f 854/64/2176 3485/54/2176 4527/63/2176
f 853/64/2177 4530/54/2177 854/63/2177
f 1504/34/2178 4534/71/2178 4532/35/2178
f 4533/34/2179 4536/71/2179 4534/35/2179
f 4536/35/2180 4537/17/2180 4538/71/2180
f 4538/35/2181 4539/17/2181 1753/71/2181
f 4539/34/2182 1750/71/2182 1753/35/2182
f 4532/71/2183 1505/34/2183 1504/17/2183
f 888/15/2184 908/59/2184 889/60/2184
f 4540/6/2185 887/34/2185 886/35/2185
f 75/11/2186 891/12/2186 890/14/2186
f 74/11/2187 894/12/2187 75/14/2187
f 77/39/2188 896/40/2188 74/49/2188
f 905/10/1 886/27/1 889/26/1
f 907/10/1 4540/9/1 905/26/1
f 906/26/2189 4541/9/2189 907/10/2189
f 912/59/2190 902/15/2190 4540/60/2190
f 4542/6/2191 910/34/2191 909/35/2191
f 910/30/2192 4544/31/2192 914/6/2192
f 4545/11/2193 916/12/2193 915/13/2193
f 4547/11/2194 915/12/2194 919/13/2194
f 4544/44/2195 919/20/2195 914/18/2195
f 916/11/2196 4548/12/2196 921/13/2196
f 1256/1/1 925/2/1 924/3/1
f 935/1/1 4074/2/1 968/3/1
f 1257/1/1 937/2/1 925/3/1
f 936/1/1 4549/2/1 4074/3/1
f 1268/1/1 4550/2/1 937/3/1
f 937/1/1 4551/2/1 938/3/1
f 938/1/1 4552/2/1 939/3/1
f 939/1/1 944/2/1 940/3/1
f 942/1/1 4553/2/1 943/3/1
f 943/1/1 4554/2/1 4549/3/1
f 4555/1/1 955/2/1 954/3/1
f 977/1/1 954/2/1 962/3/1
f 924/2/1 4556/1/1 1256/4/1
f 4186/1/1 975/2/1 15/3/1
f 15/1/1 978/2/1 16/3/1
f 16/1/1 973/2/1 972/3/1
f 970/1/1 947/2/1 4557/3/1
f 971/1/1 979/2/1 17/3/1
f 17/1/1 980/2/1 18/3/1
f 18/1/1 981/2/1 4187/3/1
f 4187/1/1 4558/2/1 4188/3/1
f 981/1/1 4557/2/1 4558/3/1
f 4559/47/2197 986/52/2197 2157/28/2197
f 2156/48/2198 2157/46/2198 2155/47/2198
f 1004/43/2199 1007/45/2199 4560/41/2199
f 2425/11/2200 1006/12/2200 2426/13/2200
f 2429/18/2201 1005/19/2201 2425/20/2201
f 4560/43/2202 2429/45/2202 4561/41/2202
f 4563/1/1 4565/2/1 4562/3/1
f 1010/53/1 1578/2/1 1580/37/1
f 4377/1/1 1014/2/1 4550/3/1
f 4550/1/1 1013/2/1 4551/3/1
f 4551/1/1 1017/2/1 4552/3/1
f 4552/1/1 1019/2/1 944/3/1
f 944/1/1 1021/2/1 945/3/1
f 945/1/1 1023/2/1 946/3/1
f 946/1/1 1025/2/1 4553/3/1
f 4553/1/1 1026/2/1 4554/3/1
f 495/1/1 1015/2/1 1014/3/1
f 496/1/1 1027/2/1 1015/3/1
f 503/1/1 1033/2/1 1027/3/1
f 510/1/1 1041/2/1 1033/3/1
f 517/1/1 1049/2/1 1041/3/1
f 4378/1/1 1057/2/1 1049/3/1
f 4379/1/1 201/2/1 1057/3/1
f 1057/1/1 4261/2/1 1058/3/1
f 1058/1/1 206/2/1 1059/3/1
f 1059/1/1 205/2/1 1060/3/1
f 1060/1/1 209/2/1 1061/3/1
f 1061/1/1 211/2/1 1062/3/1
f 1062/1/1 213/2/1 1063/3/1
f 1063/1/1 4262/2/1 1064/3/1
f 4266/1/1 1065/2/1 4267/3/1
f 4267/1/1 1069/2/1 4268/3/1
f 4268/1/1 1071/2/1 4269/3/1
f 4269/1/1 1073/2/1 4270/3/1
f 4270/1/1 1075/2/1 4271/3/1
f 4271/1/1 1077/2/1 4272/3/1
f 4272/1/1 1079/2/1 4273/3/1
f 4273/1/1 2099/2/1 2098/3/1
f 1079/1/1 4566/2/1 2099/3/1
f 1080/1/1 4567/2/1 4566/3/1
f 1088/1/1 4568/2/1 4567/3/1
f 1089/1/1 1097/2/1 1090/3/1
f 1096/1/1 4570/2/1 4568/3/1
f 4569/1/1 1104/2/1 1097/3/1
f 1103/1/1 4571/2/1 4570/3/1
f 1110/1/1 4572/2/1 4571/3/1
f 1112/1/1 4282/2/1 1113/3/1
f 1113/1/1 4284/2/1 1114/3/1
f 1114/1/1 4285/2/1 1115/3/1
f 1115/1/1 4286/2/1 1116/3/1
f 1116/1/1 4287/2/1 1117/3/1
f 1117/1/1 4288/2/1 1118/3/1
f 1118/1/1 4289/2/1 1119/3/1
f 1119/1/1 4290/2/1 4572/3/1
f 4574/59/653 4576/15/653 4573/60/653
f 4577/35/425 4575/31/425 4574/6/425
f 4579/59/2203 4578/15/2203 4577/60/2203
f 4581/31/425 1122/72/425 1134/34/425
f 1128/88/425 4583/34/425 4582/31/425
f 4584/79/2000 1128/86/2000 4582/8/2000
f 1125/31/2003 1235/72/2003 1136/88/2003
f 1127/15/2204 1235/16/2204 1125/17/2204
f 1143/17/2205 1142/67/2205 1141/15/2205
f 1238/89/2206 1136/2/2206 1235/37/2206
f 1130/15/2207 4587/66/2207 1235/70/2207
f 1131/15/2208 1233/66/2208 1130/70/2208
f 4584/8/2209 1232/81/2209 1131/86/2209
f 1144/46/473 374/3/473 4588/65/473
f 368/5/2210 1147/69/2210 4589/7/2210
f 1145/7/2211 4588/12/2211 1155/22/2211
f 4590/7/2212 1147/68/2212 1149/69/2212
f 4590/87/1106 1151/5/1106 4591/68/1106
f 4592/69/2213 4591/5/2213 1151/68/2213
f 374/7/2214 4592/68/2214 4588/69/2214
f 1151/12/1757 1156/7/1757 4592/69/1757
f 1156/22/2215 4588/69/2215 4592/12/2215
f 1152/17/2216 2696/35/2216 1153/71/2216
f 1152/17/440 1154/35/440 2694/71/440
f 1152/17/1147 2694/35/1147 2693/71/1147
f 1152/17/1146 2693/35/1146 2695/71/1146
f 1152/17/1145 2695/35/1145 2696/71/1145
f 1148/71/2217 1146/35/2217 1157/17/2217
f 1150/71/2218 1148/35/2218 1157/17/2218
f 1156/71/2219 1150/35/2219 1157/17/2219
f 1145/71/439 1155/35/439 1157/17/439
f 1146/71/2216 1145/35/2216 1157/17/2216
f 4593/52/2220 4595/9/2220 1439/27/2220
f 4227/26/2221 4595/25/2221 4594/24/2221
f 4596/27/2222 1159/36/2222 4598/52/2222
f 4597/25/2223 103/26/2223 1159/24/2223
f 4595/25/2224 4227/26/2224 4225/23/2224
f 4595/25/2225 4225/26/2225 98/23/2225
f 4599/27/2226 4595/36/2226 4600/9/2226
f 4600/25/2227 98/26/2227 108/23/2227
f 4601/8/2228 4600/81/2228 4602/86/2228
f 4602/15/2229 108/66/2229 4235/70/2229
f 4603/8/2230 4597/81/2230 4596/79/2230
f 4604/15/2231 4232/66/2231 4597/67/2231
f 1159/9/2232 4605/52/2232 4598/27/2232
f 103/23/2233 1161/26/2233 1159/25/2233
f 4606/69/2234 96/5/2234 4234/7/2234
f 4606/69/2235 93/5/2235 96/7/2235
f 4606/69/2236 120/5/2236 93/7/2236
f 4606/69/2237 4234/5/2237 120/7/2237
f 1163/7/2238 4231/5/2238 1164/69/2238
f 4231/7/2239 1165/5/2239 1164/69/2239
f 93/7/2240 120/5/2240 4607/69/2240
f 120/7/2241 119/5/2241 4607/69/2241
f 119/7/2242 4230/5/2242 4607/69/2242
f 4230/7/2243 93/5/2243 4607/69/2243
f 4231/69/2244 4608/5/2244 1165/7/2244
f 4608/69/2245 119/5/2245 1165/7/2245
f 4608/69/2246 4230/5/2246 119/7/2246
f 4608/69/2247 4231/5/2247 4230/7/2247
f 1171/16/2248 4602/15/2248 4235/17/2248
f 4601/79/2249 4609/86/2249 4610/8/2249
f 4612/86/2250 4603/79/2250 4611/8/2250
f 4604/17/2251 1166/67/2251 4237/15/2251
f 1166/16/2252 117/15/2252 4237/17/2252
f 1169/34/2253 4236/16/2253 117/72/2253
f 1171/17/2254 4236/67/2254 1169/16/2254
f 4612/17/2255 1167/67/2255 1166/16/2255
f 4611/15/2256 4613/16/2256 4612/17/2256
f 1170/17/2257 4609/67/2257 1171/16/2257
f 4610/15/2258 4609/16/2258 4614/17/2258
f 4615/59/2259 1173/8/2259 1172/70/2259
f 2831/59/2260 1175/8/2260 1173/70/2260
f 2834/10/2261 1175/70/2261 2830/59/2261
f 2837/10/2262 1176/70/2262 2834/59/2262
f 2837/59/2263 1172/8/2263 1177/70/2263
f 1182/11/2264 4616/12/2264 1183/13/2264
f 4617/11/2265 1181/12/2265 4618/13/2265
f 4617/14/2266 1185/13/2266 1184/11/2266
f 4576/18/653 1187/19/653 1190/20/653
f 4575/39/425 4619/40/425 1187/49/425
f 4578/18/2267 1193/19/2267 4619/20/2267
f 1682/78/461 1228/83/461 4620/76/461
f 1202/6/461 1228/32/461 1201/30/461
f 1718/78/482 4621/83/482 1222/77/482
f 4621/32/482 1197/6/482 1196/30/482
f 1222/54/482 4622/55/482 1219/56/482
f 1219/54/482 1218/55/482 1217/56/482
f 4621/4/482 1204/57/482 4622/2/482
f 4622/4/482 1206/57/482 1218/2/482
f 4581/91/591 4582/92/591 1134/93/591
f 4587/17/216 1234/67/216 1237/16/216
f 1136/31/2268 4585/72/2268 4623/34/2268
f 1237/31/2269 4586/72/2269 1238/88/2269
f 2509/70/2270 1241/10/2270 1240/59/2270
f 1242/59/2271 4625/8/2271 1239/10/2271
f 1240/10/2272 2506/70/2272 2509/8/2272
f 1239/59/2273 4626/8/2273 1243/10/2273
f 1246/59/2274 2506/8/2274 1244/10/2274
f 1243/59/2275 2843/8/2275 1245/10/2275
f 2843/70/2276 1250/10/2276 1245/59/2276
f 2845/70/2277 1242/10/2277 1250/59/2277
f 1260/1/1 1269/2/1 1261/3/1
f 1263/1/1 4374/2/1 1265/3/1
f 1265/1/1 4375/2/1 1266/3/1
f 1266/1/1 4376/2/1 1267/3/1
f 1267/1/1 4377/2/1 1268/3/1
f 1291/1/1 4556/2/1 4555/3/1
f 1290/1/1 4555/2/1 977/3/1
f 4628/1/1 1297/2/1 4627/3/1
f 4627/1/1 1299/2/1 2866/3/1
f 1256/2/1 1292/1/1 1252/4/1
f 2866/1/1 1300/2/1 2867/3/1
f 2867/1/1 1295/2/1 1294/3/1
f 1293/1/1 976/2/1 4186/3/1
f 1296/1/1 977/2/1 976/3/1
f 1302/52/2278 3460/53/2278 1303/36/2278
f 1301/46/1104 1308/36/1104 4630/52/1104
f 4631/43/1945 3460/18/1945 4629/84/1945
f 1303/53/2279 4632/65/2279 1306/46/2279
f 1309/5/1106 3459/87/1106 1310/68/1106
f 3459/69/2280 4632/5/2280 3460/68/2280
f 4632/12/2281 1311/7/2281 1306/69/2281
f 1312/22/2282 1307/69/2282 1305/12/2282
f 1307/12/1110 2816/7/1110 1309/69/1110
f 2816/22/1109 4633/69/1109 1309/12/1109
f 2819/22/2283 4632/69/2283 4633/12/2283
f 4307/69/2284 4329/22/2284 357/12/2284
f 4635/84/2285 4309/42/2285 4634/43/2285
f 4635/43/2286 4308/18/2286 4310/42/2286
f 359/8/2287 4331/59/2287 4635/10/2287
f 4330/59/2288 359/70/2288 4635/10/2288
f 4306/71/2289 4635/15/2289 4331/17/2289
f 4331/60/2290 4307/71/2290 4306/15/2290
f 4310/36/2291 4308/53/2291 1316/52/2291
f 1316/46/2292 1315/52/2292 4310/53/2292
f 3661/13/2293 1340/14/2293 3659/11/2293
f 4637/14/425 3661/13/425 4636/11/425
f 4638/11/2294 1331/12/2294 1332/13/2294
f 4640/14/2295 1330/13/2295 1329/11/2295
f 1332/14/2296 4637/13/2296 4638/11/2296
f 4641/14/2297 1352/13/2297 4640/11/2297
f 1356/11/2298 1354/12/2298 1435/13/2298
f 3659/14/2299 1343/13/2299 1358/11/2299
f 3656/10/2300 1357/70/2300 3655/59/2300
f 4409/15/425 4368/16/425 4642/17/425
f 4643/17/425 4368/67/425 4369/16/425
f 4643/15/425 4370/16/425 4644/17/425
f 4410/15/425 1360/16/425 4408/17/425
f 1362/15/425 4370/16/425 1363/17/425
f 2853/18/2301 1366/43/2301 1365/84/2301
f 1371/82/2302 4417/22/2302 4412/21/2302
f 1384/21/2303 1371/30/2303 4412/22/2303
f 4417/21/2304 1368/30/2304 4434/22/2304
f 1392/26/2305 664/9/2305 1382/27/2305
f 664/26/2306 666/9/2306 1382/10/2306
f 1393/26/2307 4457/9/2307 664/27/2307
f 1394/26/1447 4458/9/1447 4457/27/1447
f 1385/26/2308 4463/9/2308 1394/27/2308
f 1377/14/2309 4645/13/2309 1379/11/2309
f 1398/11/2310 4645/12/2310 1400/13/2310
f 1401/14/2311 3820/13/2311 1403/11/2311
f 1360/66/429 1415/8/429 4408/70/429
f 1363/17/2312 1414/67/2312 1404/16/2312
f 4463/26/2313 1406/9/2313 1421/27/2313
f 1402/14/533 49/13/533 1409/11/533
f 1414/34/2268 1365/16/2268 4371/17/2268
f 666/21/2314 1367/30/2314 1382/22/2314
f 703/20/2315 1368/77/2315 1367/78/2315
f 1368/82/2316 4436/22/2316 4434/21/2316
f 49/11/2317 3820/12/2317 4204/13/2317
f 4646/11/2318 1422/12/2318 1426/13/2318
f 4647/11/2319 1426/12/2319 1428/13/2319
f 4648/32/2320 1428/49/2320 3989/39/2320
f 3989/44/2321 1429/20/2321 3990/18/2321
f 4649/39/2322 1429/40/2322 1433/49/2322
f 1436/6/2323 1442/32/2323 1437/31/2323
f 4650/87/2324 4652/58/2324 4653/85/2324
f 4651/87/2325 4654/58/2325 4652/85/2325
f 1440/7/2326 4655/5/2326 4656/69/2326
f 4655/7/2327 4657/5/2327 4656/69/2327
f 4657/7/2328 1441/5/2328 4656/69/2328
f 1441/7/2329 1440/5/2329 4656/69/2329
f 4658/69/2330 4654/5/2330 1443/7/2330
f 4658/69/2331 4652/5/2331 4654/7/2331
f 4658/69/2332 1444/5/2332 4652/7/2332
f 4658/69/2333 1443/5/2333 1444/7/2333
f 4653/6/2334 1441/32/2334 4657/30/2334
f 1444/32/2335 4653/6/2335 4652/30/2335
f 4659/87/2336 1439/58/2336 1438/85/2336
f 4659/33/2337 1443/85/2337 4651/87/2337
f 4651/87/2338 1443/58/2338 4654/85/2338
f 4650/87/2339 4657/58/2339 4660/33/2339
f 4657/85/2340 4655/58/2340 4660/87/2340
f 4603/6/2341 4598/32/2341 1436/30/2341
f 1436/30/2342 4601/31/2342 4603/32/2342
f 1439/6/2343 4601/32/2343 1436/30/2343
f 4601/6/1 4611/32/1 4603/30/1
f 4661/87/2344 4598/58/2344 4605/33/2344
f 1440/85/2345 4661/33/2345 4660/87/2345
f 4655/85/2346 1440/58/2346 4660/87/2346
f 4610/15/2347 4613/16/2347 4611/17/2347
f 4651/26/2348 4663/9/2348 4659/10/2348
f 4663/26/2349 1445/9/2349 4659/10/2349
f 4659/26/2350 1445/9/2350 1448/10/2350
f 4659/26/2351 1448/9/2351 4593/10/2351
f 4660/27/2352 1450/10/2352 4664/26/2352
f 1450/26/2353 4661/9/2353 1451/10/2353
f 4661/26/2354 4605/9/2354 1451/10/2354
f 4665/26/2355 1450/9/2355 1449/10/2355
f 1447/27/2356 4593/10/2356 1448/26/2356
f 1451/27/2357 4667/10/2357 1452/26/2357
f 4668/26/2358 4664/9/2358 4665/10/2358
f 4663/26/2359 1446/9/2359 1445/10/2359
f 4671/27/2360 1446/10/2360 4670/26/2360
f 1447/26/2361 1746/9/2361 4666/10/2361
f 1446/26/2362 1747/9/2362 1447/10/2362
f 1453/52/2363 747/53/2363 762/36/2363
f 4505/46/2364 4497/36/2364 1460/52/2364
f 1461/52/2365 4497/53/2365 769/36/2365
f 773/46/2366 747/36/2366 1456/52/2366
f 1458/52/2367 4505/53/2367 4672/46/2367
f 4672/52/2368 1460/53/2368 1459/46/2368
f 1461/36/2369 4673/46/2369 1462/52/2369
f 4673/52/2370 773/53/2370 4674/46/2370
f 773/36/2371 1455/46/2371 4674/52/2371
f 1469/18/2372 1464/63/2372 4522/42/2372
f 1464/20/2373 4523/42/2373 4522/18/2373
f 1467/63/2374 4523/18/2374 1463/20/2374
f 1475/82/2375 4461/22/2375 4460/21/2375
f 4525/21/2376 1475/30/2376 4460/22/2376
f 1476/19/2377 4466/78/2377 1475/20/2377
f 4432/21/2378 1476/30/2378 4433/22/2378
f 1476/82/2379 1468/22/2379 4433/21/2379
f 4421/20/2380 4676/54/2380 4420/63/2380
f 4474/54/2381 4419/20/2381 611/63/2381
f 4678/19/863 4474/78/863 4473/20/863
f 4472/20/331 4678/77/331 4473/78/331
f 604/20/2382 4472/54/2382 601/63/2382
f 4440/21/2383 4679/30/2383 604/22/2383
f 4677/82/2384 4440/22/2384 4419/21/2384
f 4422/63/2385 4681/78/2385 4423/20/2385
f 1452/6/2386 4682/34/2386 4683/31/2386
f 1449/60/2387 4683/70/2387 4684/15/2387
f 4665/60/2388 4684/70/2388 4685/15/2388
f 4668/60/2389 4685/70/2389 4686/15/2389
f 4687/6/2390 4686/34/2390 4688/31/2390
f 3257/60/2391 4688/70/2391 4689/15/2391
f 4690/11/2392 4337/12/2392 4691/13/2392
f 4682/32/2393 4691/49/2393 4683/39/2393
f 4691/11/2394 1478/12/2394 1477/13/2394
f 4683/44/2395 1477/20/2395 4684/18/2395
f 4684/32/2396 1480/49/2396 4685/39/2396
f 4685/44/2397 1482/20/2397 4686/18/2397
f 4686/32/2398 1484/49/2398 4688/39/2398
f 4688/44/2399 1486/20/2399 4689/18/2399
f 1492/11/2400 390/12/2400 393/13/2400
f 1489/11/2401 389/12/2401 1490/13/2401
f 1490/11/2402 390/12/2402 1492/13/2402
f 4689/32/2403 1489/49/2403 1488/39/2403
f 1496/60/2404 4689/70/2404 1488/15/2404
f 1497/59/2405 1503/15/2405 4692/60/2405
f 393/14/2406 1499/13/2406 1492/11/2406
f 4533/34/2407 1504/17/2407 1506/35/2407
f 4539/34/2408 4537/17/2408 1506/35/2408
f 4537/34/2409 4535/17/2409 1506/35/2409
f 1505/34/2410 4539/17/2410 1506/35/2410
f 4535/34/2411 4533/17/2411 1506/35/2411
f 1537/36/589 4693/79/589 1541/9/589
f 1531/79/2412 1541/36/2412 2698/9/2412
f 1532/79/1111 2698/36/1111 2697/9/1111
f 1533/79/2413 2697/36/2413 1542/9/2413
f 2697/36/2413 1543/79/2413 1542/9/2413
f 1540/85/591 1515/60/591 4693/58/591
f 4693/85/591 1518/60/591 2699/58/591
f 2699/85/591 1521/60/591 2700/58/591
f 2700/85/591 1524/60/591 1543/58/591
f 1545/36/1 1561/37/1 4082/38/1
f 1545/3/1 4094/37/1 1546/53/1
f 1009/36/1 1550/37/1 1578/38/1
f 1553/36/1 1580/37/1 1554/38/1
f 1553/3/1 1026/4/1 1010/2/1
f 1547/1/1 1040/2/1 1558/3/1
f 1546/53/1 4695/38/1 4694/36/1
f 4694/53/1 4695/2/1 4696/37/1
f 4697/53/1 1560/38/1 1559/36/1
f 1557/3/1 1566/4/1 1026/2/1
f 1566/3/1 4554/4/1 1026/2/1
f 4694/3/1 1569/4/1 1546/2/1
f 4697/1/1 1601/2/1 4699/3/1
f 4699/1/1 4249/2/1 4248/3/1
f 1601/1/1 140/2/1 4249/3/1
f 1602/1/1 141/2/1 140/3/1
f 1607/1/1 1621/2/1 141/3/1
f 1040/1/1 1614/2/1 1558/3/1
f 1048/1/1 1623/2/1 1614/3/1
f 1620/1/1 4251/2/1 1622/3/1
f 1056/1/1 1630/2/1 1623/3/1
f 1064/1/1 2758/2/1 1630/3/1
f 1630/1/1 2757/2/1 1631/3/1
f 1631/1/1 4700/2/1 1632/3/1
f 1632/1/1 2762/2/1 1633/3/1
f 1634/3/1 2762/4/1 2761/2/1
f 1634/1/1 4701/2/1 1635/3/1
f 4702/5/2414 4247/6/2414 4246/7/2414
f 4702/7/2414 4705/35/2414 4703/6/2414
f 4251/36/1 137/37/1 136/38/1
f 1629/53/1 4246/2/1 137/37/1
f 4701/53/1 4246/38/1 1635/36/1
f 1637/23/2415 1310/10/2415 1638/59/2415
f 1308/42/1105 4706/84/1105 4630/43/1105
f 1642/6/2416 3459/32/2416 3468/30/2416
f 3459/6/1947 1638/32/1947 1310/30/1947
f 1650/65/2417 1654/1/2417 2034/3/2417
f 2037/15/2418 1656/16/2418 1658/17/2418
f 2034/38/2419 1656/89/2419 2035/80/2419
f 4708/78/2420 4709/61/2420 4707/54/2420
f 1673/37/2421 1663/80/2421 4709/38/2421
f 4710/54/2422 4709/76/2422 1677/61/2422
f 4712/61/2423 4713/78/2423 4711/54/2423
f 4715/78/2424 4716/61/2424 4714/54/2424
f 4714/78/2425 4712/61/2425 4711/54/2425
f 4715/54/2426 1677/76/2426 1676/61/2426
f 4717/78/2427 1673/61/2427 4708/54/2427
f 4713/54/2428 1674/76/2428 4717/78/2428
f 1650/27/2429 1672/10/2429 1651/26/2429
f 2037/80/2430 1675/37/2430 4712/38/2430
f 1663/80/2431 1677/37/2431 4709/38/2431
f 1676/37/2432 1668/80/2432 4716/38/2432
f 4199/26/1 4198/9/1 4718/10/1
f 4199/27/1 1681/10/1 4719/26/1
f 4720/26/1 1683/9/1 4721/10/1
f 4720/26/1 1680/9/1 1683/10/1
f 4719/26/1 1681/9/1 1680/10/1
f 1718/10/1 4198/27/1 1719/26/1
f 1678/10/1 4718/27/1 1718/26/1
f 1682/26/1 4721/9/1 1683/27/1
f 1686/14/2433 4724/13/2433 4723/11/2433
f 4725/16/2434 1688/15/2434 1684/17/2434
f 4728/72/2435 4729/17/2435 4727/34/2435
f 1712/42/2436 4728/41/2436 4730/43/2436
f 4723/11/2437 1687/12/2437 1686/13/2437
f 1712/45/2438 1688/43/2438 4728/41/2438
f 4280/41/2439 4281/42/2439 4279/45/2439
f 4274/43/2440 1691/45/2440 1690/41/2440
f 1691/41/2441 4276/42/2441 4731/45/2441
f 1691/43/2442 4732/45/2442 1692/41/2442
f 4731/41/2443 250/42/2443 4278/45/2443
f 4277/43/2444 1690/45/2444 4280/41/2444
f 1702/41/2445 1690/42/2445 1689/45/2445
f 1708/43/2446 4281/45/2446 1696/41/2446
f 1708/41/2447 254/42/2447 253/45/2447
f 1707/41/2448 254/42/2448 1708/45/2448
f 255/41/2449 254/42/2449 1709/45/2449
f 1713/41/2450 1709/42/2450 1685/45/2450
f 1709/41/2451 254/42/2451 1710/45/2451
f 1685/39/2452 1870/40/2452 1686/49/2452
f 1710/41/2453 254/42/2453 1707/45/2453
f 1693/44/2454 1870/20/2454 1711/18/2454
f 1713/41/2455 4279/42/2455 4281/45/2455
f 4733/41/2456 4278/42/2456 4279/45/2456
f 1702/41/2457 1696/42/2457 4280/45/2457
f 4447/1/1 4735/45/1 4445/50/1
f 4447/50/1 4736/64/1 4734/45/1
f 4734/1/1 1714/45/1 4735/50/1
f 4736/1/1 4737/45/1 4734/50/1
f 4739/23/2458 4740/60/2458 4738/58/2458
f 1717/4/2459 4738/57/2459 4741/2/2459
f 1714/54/2460 4741/55/2460 4735/56/2460
f 4740/60/2461 728/23/2461 4742/58/2461
f 4743/4/2462 728/57/2462 727/2/2462
f 4481/56/1462 4743/61/1462 727/55/1462
f 4745/60/2461 4742/23/2461 4744/58/2461
f 4746/4/2462 4742/57/2462 4743/2/2462
f 4736/56/1462 4746/61/1462 4743/55/1462
f 1716/4/2463 4739/57/2463 1717/2/2463
f 1714/50/1 4491/64/1 1715/45/1
f 4737/50/1 4480/64/1 4491/45/1
f 4738/23/2458 4745/60/2458 4747/58/2458
f 4741/4/2459 4747/57/2459 4748/2/2459
f 4735/54/2460 4748/55/2460 4445/56/2460
f 4445/78/2460 4748/83/2460 645/76/2460
f 645/30/2459 4747/31/2459 4455/32/2459
f 4455/58/2464 4745/59/2464 4453/60/2464
f 4456/58/2461 4745/59/2461 4744/23/2461
f 651/76/2465 4746/83/2465 4448/78/2465
f 651/6/2462 4744/32/2462 4746/30/2462
f 4483/58/2466 4495/59/2466 4739/23/2466
f 1198/14/425 4750/13/425 1200/11/425
f 1197/11/2467 4194/12/2467 4751/13/2467
f 1721/39/2468 4192/40/2468 1197/49/2468
f 1197/14/653 4749/13/653 1198/11/653
f 1202/11/653 4750/12/653 2979/13/653
f 4752/11/2469 2979/12/2469 2978/13/2469
f 4753/39/2470 1202/40/2470 4752/49/2470
f 4722/6/2471 4620/34/2471 4753/31/2471
f 2979/11/2472 4754/12/2472 2980/13/2472
f 4194/14/2473 4755/13/2473 4751/11/2473
f 4751/14/2474 4756/13/2474 4749/11/2474
f 4749/14/425 4757/13/425 4750/11/425
f 2979/11/2475 4757/12/2475 4754/13/2475
f 4290/1/1 1726/2/1 4758/3/1
f 4758/1/1 1724/2/1 1723/3/1
f 1722/1/1 1732/2/1 2147/3/1
f 2147/1/1 1734/2/1 2148/3/1
f 2148/1/1 1736/2/1 2149/3/1
f 2149/1/1 1738/2/1 4759/3/1
f 4759/1/1 4563/2/1 4760/3/1
f 1738/1/1 4564/2/1 4563/3/1
f 4761/39/2476 4762/40/2476 4763/49/2476
f 2810/11/2477 3586/12/2477 2811/14/2477
f 4764/11/2478 1743/12/2478 2810/14/2478
f 4762/11/2479 1740/12/2479 4764/14/2479
f 1749/18/2480 1744/19/2480 4762/20/2480
f 1742/13/2481 3586/14/2481 1743/11/2481
f 1748/39/2482 1745/40/2482 1744/49/2482
f 4766/13/2483 3580/12/2483 1742/11/2483
f 1741/11/2484 4766/12/2484 1742/14/2484
f 4766/11/2485 3581/12/2485 3580/14/2485
f 4761/15/2486 1746/59/2486 1749/70/2486
f 4671/59/2487 1748/15/2487 1747/60/2487
f 4769/26/2488 4771/9/2488 4772/10/2488
f 4773/5/2489 4770/71/2489 4769/35/2489
f 4775/10/1 4772/27/1 4774/26/1
f 4776/26/1 4775/9/1 4774/27/1
f 4769/35/2490 4777/85/2490 4773/5/2490
f 4777/5/1 2890/71/1 2889/85/1
f 175/18/2491 4256/19/2491 4255/20/2491
f 4302/41/2492 4779/42/2492 4778/45/2492
f 4302/41/2493 4778/42/2493 4301/45/2493
f 175/45/2494 4301/43/2494 4778/42/2494
f 3224/34/482 4302/16/482 3225/17/482
f 3236/15/482 4302/66/482 4295/67/482
f 3238/15/482 4301/66/482 3224/70/482
f 4258/15/482 4780/66/482 4292/70/482
f 4298/8/482 4292/81/482 4780/86/482
f 1751/12/2495 4532/7/2495 2847/69/2495
f 2847/12/2496 4534/7/2496 2848/69/2496
f 4534/22/2497 4781/69/2497 2848/12/2497
f 4536/22/2498 4782/69/2498 4781/12/2498
f 4538/22/2499 1752/69/2499 4782/12/2499
f 1800/26/2500 1756/9/2500 4783/10/2500
f 1800/26/2501 4784/9/2501 4785/10/2501
f 1754/26/2502 3085/9/2502 1755/10/2502
f 1754/10/2503 4786/27/2503 3085/26/2503
f 4787/38/2504 1759/89/2504 1758/37/2504
f 1763/38/2505 2057/89/2505 2056/37/2505
f 1771/38/2506 1776/89/2506 2079/37/2506
f 4788/50/2507 3520/3/2507 1943/65/2507
f 1809/27/1314 3521/10/1314 3520/26/1314
f 3521/26/1238 4789/9/1238 4790/10/1238
f 1784/38/793 2074/89/793 1785/80/793
f 1758/62/2508 1789/56/2508 4787/4/2508
f 1763/4/2509 1790/55/2509 1788/56/2509
f 1771/27/666 2071/10/666 1784/26/666
f 2074/17/666 1762/67/666 1785/15/666
f 4784/64/2510 4791/4/2510 4785/1/2510
f 1756/64/2511 3131/4/2511 4783/1/2511
f 4793/1/2512 3131/56/2512 3130/4/2512
f 1795/26/2513 1942/9/2513 1805/27/2513
f 4794/10/2514 1958/9/2514 1957/26/2514
f 1798/10/2515 1957/27/2515 1799/26/2515
f 540/10/2516 4789/27/2516 4795/26/2516
f 539/10/2517 4790/27/2517 4789/26/2517
f 4795/10/2518 1808/27/2518 1807/26/2518
f 1797/26/2519 1948/9/2519 1798/27/2519
f 4796/10/2520 1958/27/2520 4794/26/2520
f 1796/10/2521 906/27/2521 1804/26/2521
f 1794/26/2522 1943/9/2522 1942/27/2522
f 4798/10/2523 1794/27/2523 1793/26/2523
f 1806/10/2524 4788/27/2524 4798/26/2524
f 4799/65/2525 1795/1/2525 1801/50/2525
f 1801/9/2526 4785/26/2526 4799/10/2526
f 1799/27/2527 4541/10/2527 906/26/2527
f 1802/10/2135 1797/27/2135 1803/26/2135
f 1798/26/2528 4796/9/2528 4794/27/2528
f 4800/27/1 4802/10/1 419/26/1
f 4803/26/2529 4804/9/2529 4800/10/2529
f 4805/26/1 3710/9/1 4806/10/1
f 4519/26/2530 3709/9/2530 4805/10/2530
f 867/26/2531 4805/9/2531 4807/10/2531
f 4518/27/2532 420/10/2532 4348/26/2532
f 868/14/2533 4807/69/2533 4804/12/2533
f 419/10/2534 4803/27/2534 4800/26/2534
f 4808/18/2535 3194/19/2535 3200/20/2535
f 3200/11/2536 1812/12/2536 1811/13/2536
f 4808/32/2537 1811/49/2537 4810/39/2537
f 4810/44/2538 1810/20/2538 4811/18/2538
f 4730/44/2539 1812/20/2539 1712/18/2539
f 2516/41/2540 2515/42/2540 4812/45/2540
f 4812/41/2541 2515/42/2541 4732/45/2541
f 4812/41/2542 4731/42/2542 4278/45/2542
f 4813/44/2543 4814/18/2543 4815/19/2543
f 2517/41/2544 1815/42/2544 1814/45/2544
f 2518/41/2545 1814/42/2545 1817/45/2545
f 1819/41/2546 1815/42/2546 4813/45/2546
f 4813/44/2547 1820/20/2547 1819/18/2547
f 4813/41/2548 1815/42/2548 2516/45/2548
f 4278/41/2549 4817/42/2549 4812/45/2549
f 4818/41/2550 2520/42/2550 4819/45/2550
f 4818/43/2551 4820/45/2551 4814/41/2551
f 4820/44/2552 4815/20/2552 4814/18/2552
f 4819/41/2553 2520/42/2553 2519/45/2553
f 4819/43/2554 4822/45/2554 4820/41/2554
f 4820/39/2555 3199/40/2555 4821/49/2555
f 1712/41/2556 4733/42/2556 4279/45/2556
f 4822/18/2557 1812/19/2557 3199/20/2557
f 4823/79/2558 1901/86/2558 1810/8/2558
f 4380/1/1 1823/2/1 1822/3/1
f 1821/1/1 1829/2/1 530/3/1
f 530/1/1 1831/2/1 531/3/1
f 531/1/1 1833/2/1 532/3/1
f 532/1/1 203/2/1 202/3/1
f 1833/1/1 215/2/1 203/3/1
f 1834/1/1 1847/2/1 215/3/1
f 1846/1/1 4263/2/1 1848/3/1
f 1854/1/1 4264/2/1 4263/3/1
f 1860/1/1 4265/2/1 4264/3/1
f 1862/1/1 4825/2/1 1863/3/1
f 1863/1/1 4826/2/1 1864/3/1
f 1864/1/1 3135/2/1 1865/3/1
f 1865/1/1 3134/2/1 1866/3/1
f 1866/1/1 4266/2/1 4265/3/1
f 4827/11/2559 1873/12/2559 4828/13/2559
f 1896/50/1 4829/64/1 1892/45/1
f 4830/18/2560 1896/19/2560 4723/20/2560
f 3643/28/2561 4831/46/2561 4830/52/2561
f 4832/39/2562 4723/40/2562 4724/49/2562
f 1888/13/2563 1870/14/2563 1869/12/2563
f 4832/44/2564 1888/20/2564 1891/18/2564
f 1889/11/2565 4827/12/2565 4833/13/2565
f 1890/44/2566 4833/20/2566 4834/18/2566
f 4833/11/2567 4168/12/2567 4173/13/2567
f 4834/32/2568 4173/49/2568 4835/39/2568
f 1909/34/2569 1688/16/2569 4729/17/2569
f 1900/34/2570 4728/16/2570 1907/72/2570
f 1906/15/2571 4726/66/2571 4725/67/2571
f 1894/67/2572 4725/70/2572 1895/15/2572
f 1893/8/2573 1901/81/2573 1902/86/2573
f 1684/16/2574 1895/15/2574 4725/17/2574
f 4836/45/2575 4837/1/2575 1320/50/2575
f 4728/34/2576 1908/16/2576 1907/72/2576
f 1892/50/1 4836/64/1 1893/45/1
f 4836/50/1 1810/1/1 1893/45/1
f 1896/46/2577 4838/36/2577 4829/52/2577
f 4839/36/2578 1810/46/2578 4836/52/2578
f 1901/15/2579 4730/16/2579 1898/17/2579
f 4730/17/2580 1899/67/2580 1898/16/2580
f 1910/41/2581 3325/50/2581 3324/51/2581
f 1913/51/2582 4840/65/2582 3325/48/2582
f 1918/51/2583 4842/65/2583 4841/48/2583
f 1917/30/2584 1916/31/2584 4842/32/2584
f 4843/48/2585 1915/50/2585 1917/51/2585
f 1921/47/2586 1917/52/2586 1918/28/2586
f 4841/51/2587 1919/65/2587 1918/48/2587
f 3324/39/2588 1926/30/2588 1910/32/2588
f 4844/15/591 4842/66/591 4845/70/591
f 4841/15/591 1930/66/591 1923/70/591
f 4845/17/591 1916/72/591 4846/34/591
f 4847/15/591 1916/66/591 1914/67/591
f 1914/15/591 4848/66/591 4847/67/591
f 1929/70/591 1912/86/591 1911/8/591
f 1932/89/2589 1931/38/2589 3549/37/2589
f 1805/26/2590 1937/9/2590 1936/27/2590
f 1940/26/2591 3558/9/2591 1945/27/2591
f 1938/26/2592 4849/9/2592 1940/27/2592
f 1937/26/2593 4850/9/2593 1938/27/2593
f 4796/26/2594 1946/9/2594 4797/27/2594
f 1948/26/2595 1941/9/2595 4796/27/2595
f 1805/10/2596 1947/27/2596 1802/26/2596
f 4797/59/2597 1955/15/2597 1958/60/2597
f 1946/59/2598 1953/15/2598 4797/60/2598
f 3558/59/2599 1949/15/2599 1945/60/2599
f 3550/37/2600 1951/80/2600 1949/38/2600
f 1959/15/2601 4541/70/2601 1957/60/2601
f 1959/38/2602 1960/89/2602 4541/80/2602
f 4851/26/2603 1968/9/2603 1764/10/2603
f 4851/26/2603 1764/9/2603 1778/10/2603
f 1965/27/2604 1968/10/2604 4851/26/2604
f 1961/27/733 1963/10/733 4852/26/733
f 4853/26/1 1975/9/1 4855/10/1
f 4855/26/1 1934/9/1 1961/10/1
f 1961/27/1 4856/10/1 4855/26/1
f 1931/89/2605 3550/37/2605 3549/80/2605
f 4857/43/1739 3612/18/1739 3616/42/1739
f 4858/60/2606 4543/70/2606 4542/59/2606
f 1968/38/2607 1765/89/2607 1764/37/2607
f 4543/30/2608 3629/31/2608 4544/6/2608
f 4541/5/2609 1971/71/2609 907/35/2609
f 912/27/2610 907/10/2610 1971/26/2610
f 1971/27/2611 909/10/2611 912/26/2611
f 1970/27/2612 4542/10/2612 909/26/2612
f 1972/50/2613 4858/3/2613 4542/65/2613
f 1973/27/2614 3619/10/2614 4858/26/2614
f 1974/27/2615 4854/10/2615 3619/26/2615
f 1765/17/2616 1977/67/2616 1772/16/2616
f 1932/80/2617 1978/37/2617 1976/89/2617
f 1979/38/2618 1772/89/2618 1977/80/2618
f 4857/10/1743 4858/9/1743 3619/26/1743
f 4857/60/2619 4859/70/2619 4858/59/2619
f 1993/71/128 310/15/128 309/17/128
f 2020/34/2620 4860/16/2620 2032/72/2620
f 2013/60/129 313/17/129 2014/71/129
f 2014/60/752 4303/17/752 2016/71/752
f 1992/71/130 316/15/130 310/17/130
f 2031/66/2621 4861/86/2621 4862/70/2621
f 4861/17/2622 2030/67/2622 4863/15/2622
f 2011/16/2623 2030/15/2623 2029/17/2623
f 2017/71/755 4303/15/755 316/17/755
f 2010/72/2624 4860/17/2624 2011/34/2624
f 1985/17/2625 2023/67/2625 4325/16/2625
f 1985/15/2626 4860/16/2626 1986/17/2626
f 2011/69/2627 354/5/2627 3962/7/2627
f 2012/30/2628 4860/31/2628 2011/32/2628
f 1998/70/2629 2031/86/2629 4862/8/2629
f 1993/60/136 314/17/136 2013/71/136
f 4864/18/2630 4865/19/2630 4866/20/2630
f 3706/26/482 3428/59/482 3427/23/482
f 3707/65/482 4869/53/482 4868/46/482
f 4869/65/482 3427/53/482 4870/46/482
f 3710/46/482 4868/36/482 4806/52/482
f 4864/88/2631 4867/34/2631 3694/72/2631
f 4716/56/2632 2062/62/2632 4712/4/2632
f 2096/26/2633 3502/9/2633 4393/10/2633
f 4872/27/2634 2096/10/2634 2090/26/2634
f 4873/27/2635 2090/10/2635 2044/26/2635
f 2080/37/2636 1669/80/2636 1672/38/2636
f 2069/15/2637 1668/16/2637 1669/17/2637
f 2062/37/2638 2037/80/2638 4712/38/2638
f 2033/27/2639 1672/10/2639 2034/26/2639
f 1668/80/2640 4871/37/2640 4716/38/2640
f 2049/26/2641 4874/9/2641 2050/10/2641
f 4798/27/2642 2055/10/2642 1806/26/2642
f 1806/26/2643 2055/9/2643 1807/10/2643
f 2089/74/2644 2055/87/2644 2047/68/2644
f 4391/75/2645 1807/68/2645 2089/69/2645
f 534/75/2646 4795/68/2646 4391/69/2646
f 2079/38/2506 2064/89/2506 2063/37/2506
f 2066/38/2647 2069/89/2647 2080/37/2647
f 1776/15/796 2067/16/796 2064/17/796
f 2075/38/2648 2036/89/2648 2076/80/2648
f 2059/62/2649 1790/56/2649 2056/4/2649
f 2062/62/2650 2077/56/2650 2061/4/2650
f 1790/38/2651 2067/89/2651 1777/80/2651
f 2077/38/2652 2070/89/2652 2068/80/2652
f 4714/27/2653 3503/10/2653 4872/26/2653
f 4791/45/1 2082/63/1 4875/64/1
f 4876/1/2654 2081/56/2654 2084/4/2654
f 4784/1/2655 2084/56/2655 2083/4/2655
f 4785/64/2656 4875/4/2656 3084/1/2656
f 3084/64/2657 2082/4/2657 3080/1/2657
f 3081/1/2658 2082/56/2658 2081/4/2658
f 2085/26/2659 1793/9/2659 1792/27/2659
f 4390/10/2660 2089/27/2660 2088/26/2660
f 2054/10/2661 1793/27/2661 2039/26/2661
f 2052/26/2662 2044/9/2662 2043/27/2662
f 2048/26/2663 4873/9/2663 2052/27/2663
f 2093/26/2664 2085/9/2664 3083/27/2664
f 3083/26/2665 1792/9/2665 4799/27/2665
f 4393/10/2666 2088/27/2666 2096/26/2666
f 2097/1/1 2105/2/1 4878/3/1
f 4878/1/1 2103/2/1 2102/3/1
f 2101/1/1 2110/2/1 2802/3/1
f 2803/3/1 2110/4/1 2112/2/1
f 2804/3/1 2803/4/1 2112/2/1
f 2099/1/1 2106/2/1 2100/3/1
f 4566/1/1 2117/2/1 2106/3/1
f 4567/1/1 2123/2/1 2117/3/1
f 4568/1/1 2129/2/1 2123/3/1
f 4570/1/1 2135/2/1 2129/3/1
f 4571/1/1 2141/2/1 2135/3/1
f 4572/1/1 4758/2/1 2141/3/1
f 2141/1/1 1723/2/1 2142/3/1
f 2142/1/1 1722/2/1 2143/3/1
f 2143/1/1 2147/2/1 2144/3/1
f 2146/1/1 4759/2/1 2114/3/1
f 2115/3/1 4759/4/1 4760/2/1
f 2804/36/1 2151/37/1 2431/38/1
f 2157/47/2667 992/52/2667 2158/28/2667
f 2158/51/2668 996/65/2668 2159/48/2668
f 2160/48/2669 996/50/2669 1000/65/2669
f 2160/51/2670 1004/65/2670 2161/48/2670
f 2161/47/2671 4560/52/2671 2162/28/2671
f 2162/51/2672 4561/65/2672 2432/48/2672
f 2431/51/2673 2162/45/2673 2432/50/2673
f 3479/82/2674 2167/32/2674 2194/39/2674
f 2189/11/2675 2623/12/2675 2624/13/2675
f 2166/39/2676 2623/40/2676 2189/49/2676
f 4879/11/2677 2192/12/2677 4880/13/2677
f 2185/26/2678 2171/9/2678 853/10/2678
f 2173/8/2679 2623/59/2679 2176/10/2679
f 2173/8/2680 2619/59/2680 2623/10/2680
f 2173/8/2681 2617/59/2681 2619/10/2681
f 2173/8/2682 2175/59/2682 2617/10/2682
f 2194/12/2683 3482/7/2683 3479/69/2683
f 2164/69/2684 2623/22/2684 2165/12/2684
f 4882/69/2685 2175/22/2685 4881/12/2685
f 4881/69/2686 2174/22/2686 2177/12/2686
f 4881/56/2687 2178/63/2687 4883/64/2687
f 2187/26/2688 4528/9/2688 4884/27/2688
f 2183/10/2689 2634/27/2689 2637/26/2689
f 4883/26/2690 2183/9/2690 2637/27/2690
f 853/10/2691 2184/27/2691 2185/26/2691
f 2672/11/2692 4885/12/2692 4886/13/2692
f 2191/11/2693 4886/12/2693 2192/13/2693
f 4886/14/2694 2419/13/2694 4887/11/2694
f 2192/11/2695 4887/12/2695 4880/13/2695
f 2671/14/2696 2191/13/2696 2624/11/2696
f 2189/11/2697 2191/12/2697 2190/13/2697
f 4889/42/2698 2195/84/2698 4888/43/2698
f 2172/17/2699 4531/60/2699 2170/71/2699
f 2196/17/2700 4530/60/2700 4531/71/2700
f 2169/32/2701 2195/6/2701 2163/31/2701
f 4890/30/2702 2169/31/2702 2168/32/2702
f 2170/56/2703 853/63/2703 2171/64/2703
f 4862/26/2704 2992/9/2704 4891/10/2704
f 4862/27/2705 4893/10/2705 4892/26/2705
f 4893/26/2706 4894/9/2706 4895/10/2706
f 2464/26/2707 4895/9/2707 2869/10/2707
f 4895/27/2708 2870/10/2708 2869/26/2708
f 4862/63/2709 4897/56/2709 2992/64/2709
f 4899/65/2710 3972/53/2710 4898/46/2710
f 2198/46/2711 3972/3/2711 2199/53/2711
f 4900/46/2712 2200/3/2712 4901/53/2712
f 4902/46/2713 4901/3/2713 3976/53/2713
f 4899/46/2714 3976/3/2714 3973/53/2714
f 4903/84/2715 4898/44/2715 2198/18/2715
f 4896/84/2716 2198/44/2716 2197/18/2716
f 4905/84/2717 2197/44/2717 4900/18/2717
f 4905/90/2718 4902/18/2718 3561/84/2718
f 2201/26/2719 2205/9/2719 2208/10/2719
f 2201/26/2720 2208/9/2720 2219/10/2720
f 4906/26/2721 4908/9/2721 2239/10/2721
f 4347/10/2722 4909/27/2722 4906/9/2722
f 4347/26/2723 2239/9/2723 2242/10/2723
f 2241/27/2724 415/10/2724 2242/26/2724
f 414/26/2725 2242/9/2725 415/10/2725
f 4908/27/2726 2240/10/2726 2239/26/2726
f 3752/27/2727 4908/10/2727 4910/26/2727
f 4428/21/2728 4911/30/2728 605/22/2728
f 4911/82/2729 606/22/2729 605/21/2729
f 2246/54/2730 4441/20/2730 607/63/2730
f 4442/21/2731 2248/30/2731 2250/22/2731
f 2245/82/2732 4442/22/2732 4441/21/2732
f 2251/21/2733 2246/30/2733 607/22/2733
f 2253/82/2734 417/22/2734 2241/21/2734
f 3752/21/2735 2255/30/2735 2254/22/2735
f 2257/19/2736 4913/78/2736 2253/20/2736
f 4915/19/2737 2255/78/2737 4914/20/2737
f 606/21/2738 2257/30/2738 2259/22/2738
f 2258/82/2739 4427/22/2739 4424/21/2739
f 2260/21/2740 2258/30/2740 4424/22/2740
f 2264/54/2741 599/20/2741 598/63/2741
f 4676/20/2742 2262/77/2742 2261/78/2742
f 4438/21/2743 4675/30/2743 4421/22/2743
f 2263/82/2744 4438/22/2744 599/21/2744
f 4676/82/2745 4425/22/2745 4420/21/2745
f 4425/21/2746 2264/30/2746 598/22/2746
f 4437/21/2747 4917/30/2747 4439/22/2747
f 4681/82/2748 4437/22/2748 4423/21/2748
f 2266/11/2749 4243/12/2749 2267/13/2749
f 2279/11/2750 2272/12/2750 4918/13/2750
f 2267/11/2751 2394/12/2751 2393/13/2751
f 2268/11/2752 2393/12/2752 2397/13/2752
f 2270/11/2753 2397/12/2753 2399/13/2753
f 2272/11/2754 2399/12/2754 2401/13/2754
f 4918/11/2755 2401/12/2755 4919/13/2755
f 4921/14/2756 2280/13/2756 4920/11/2756
f 4920/14/2757 2279/13/2757 4918/11/2757
f 2276/51/2758 3379/45/2758 2288/41/2758
f 2278/49/2759 3378/32/2759 2283/39/2759
f 3377/41/2760 2283/42/2760 3378/43/2760
f 2284/65/2761 3379/51/2761 2275/48/2761
f 4923/53/1 4925/38/1 4922/36/1
f 2286/3/1 4924/37/1 4923/53/1
f 2287/3/1 4151/4/1 2289/2/1
f 4923/1/1 2290/2/1 2286/3/1
f 4151/1/1 2292/2/1 2289/3/1
f 2294/3/1 4152/4/1 4926/2/1
f 2294/3/1 4926/4/1 4927/2/1
f 2294/36/1 2308/37/1 2295/38/1
f 4927/53/1 4250/2/1 2308/37/1
f 2304/14/2762 145/13/2762 2266/12/2762
f 146/49/2763 2305/32/2763 148/39/2763
f 148/45/2764 2306/43/2764 150/41/2764
f 150/65/2765 2307/51/2765 4260/48/2765
f 4260/50/2766 2308/41/2766 4250/51/2766
f 2314/10/1 4395/9/1 4394/26/1
f 2314/10/1 4397/27/1 4395/26/1
f 2313/10/1 4928/9/1 4397/26/1
f 2341/7/2767 2317/35/2767 2316/5/2767
f 2322/6/2768 2341/5/2768 2323/7/2768
f 2984/6/2769 2320/5/2769 2985/7/2769
f 2325/4/2770 2314/64/2770 4394/1/2770
f 2313/6/2771 4929/34/2771 4930/31/2771
f 4928/60/2772 4930/70/2772 4648/15/2772
f 2974/14/2773 4932/13/2773 4931/11/2773
f 2974/49/2771 4930/32/2771 4929/39/2771
f 4406/62/1 2317/56/1 595/4/1
f 2325/4/1 4407/55/1 2322/56/1
f 2315/4/2774 2321/55/2774 2984/56/2774
f 4721/6/2775 4933/5/2775 2309/7/2775
f 2309/5/2776 4720/6/2776 4721/35/2776
f 2331/10/2777 4934/79/2777 2332/9/2777
f 2336/10/1822 4934/79/1822 3650/8/1822
f 3650/8/1823 2339/9/1823 2336/10/1823
f 2339/9/2778 3653/8/2778 2331/10/2778
f 4935/2/1 2316/1/1 2319/3/1
f 2311/2/1 2340/1/1 4935/3/1
f 2320/2/1 2333/1/1 2985/3/1
f 2333/2/1 2986/1/1 2985/3/1
f 2312/4/1 4933/3/1 2986/2/1
f 4931/11/2779 4646/12/2779 4647/13/2779
f 4930/44/2780 4647/20/2780 4648/18/2780
f 4936/11/2781 1184/12/2781 1186/13/2781
f 4937/11/2782 4617/12/2782 1184/13/2782
f 4938/31/2783 2343/72/2783 2342/88/2783
f 4938/34/2783 2346/88/2783 3039/31/2783
f 2353/59/2784 2471/15/2784 2473/60/2784
f 3039/15/2785 2356/59/2785 3040/60/2785
f 2473/27/2786 4940/10/2786 2353/26/2786
f 2353/27/2787 2357/10/2787 2351/26/2787
f 2360/26/2788 4510/9/2788 2361/10/2788
f 4510/26/2789 3040/9/2789 2356/10/2789
f 2361/26/2790 2356/9/2790 2354/10/2790
f 2371/27/2791 4942/10/2791 2370/26/2791
f 2370/26/2792 4942/9/2792 4943/10/2792
f 2366/26/1441 4943/9/1441 4944/10/1441
f 4944/27/2793 2367/10/2793 2366/26/2793
f 4941/26/2794 2378/9/2794 4946/10/2794
f 4946/1/2795 2374/56/2795 4947/4/2795
f 2374/44/2796 1914/20/2796 4947/18/2796
f 1916/11/2797 2377/12/2797 2388/13/2797
f 4841/11/2798 2388/12/2798 2382/13/2798
f 2381/39/2799 4841/40/2799 2382/49/2799
f 4945/64/2800 2381/4/2800 2367/1/2800
f 4311/13/2801 4208/12/2801 4516/11/2801
f 4515/11/2802 4311/12/2802 4516/14/2802
f 4515/13/2803 324/12/2803 323/11/2803
f 1928/85/1 4942/35/1 1929/5/1
f 2371/10/1 2379/27/1 2378/26/1
f 2897/5/1 2371/71/1 2348/85/1
f 2369/35/1 809/85/1 2373/5/1
f 2380/32/2804 4513/49/2804 4512/39/2804
f 2368/1/2804 2380/56/2804 4512/4/2804
f 4937/14/2805 2385/13/2805 2920/11/2805
f 2920/14/2806 2384/13/2806 2921/11/2806
f 2921/11/2807 2377/12/2807 2376/13/2807
f 2386/13/2808 1184/14/2808 4936/12/2808
f 4936/14/2809 2389/13/2809 2386/11/2809
f 2389/11/2810 326/12/2810 2391/13/2810
f 2391/11/2811 324/12/2811 4515/13/2811
f 2392/11/2812 4515/12/2812 4514/13/2812
f 2392/11/2813 4513/12/2813 2383/13/2813
f 2352/70/2814 2897/86/2814 2348/66/2814
f 2363/70/2815 2373/86/2815 809/66/2815
f 2415/13/2816 4865/14/2816 4949/11/2816
f 2414/13/2817 4866/14/2817 4865/11/2817
f 2413/13/2818 4951/14/2818 4866/11/2818
f 4951/11/2819 3021/12/2819 3020/14/2819
f 4245/11/2820 4952/12/2820 2403/13/2820
f 2394/11/2821 2403/12/2821 2395/13/2821
f 4919/11/2822 2402/12/2822 2410/13/2822
f 2403/11/2823 2412/12/2823 2404/13/2823
f 3448/14/2824 4950/13/2824 3450/11/2824
f 2412/11/2825 4950/12/2825 2413/13/2825
f 2411/11/2826 2419/12/2826 4885/13/2826
f 2595/11/2827 4885/12/2827 2596/13/2827
f 4919/11/2828 4920/12/2828 4918/13/2828
f 4921/11/2829 4920/12/2829 3397/13/2829
f 3398/14/2830 4919/13/2830 2410/11/2830
f 4885/11/2831 3402/12/2831 2411/13/2831
f 2411/11/2832 3398/12/2832 2410/13/2832
f 4887/11/2833 2418/12/2833 4953/13/2833
f 4880/14/2834 4953/13/2834 3470/11/2834
f 4953/11/2835 2417/12/2835 4954/13/2835
f 3470/11/2836 4954/12/2836 4955/14/2836
f 4954/11/2837 2416/12/2837 4956/13/2837
f 4956/11/2838 2415/12/2838 4949/13/2838
f 4957/71/2839 4705/5/2839 4958/85/2839
f 4959/5/2840 4957/71/2840 4958/85/2840
f 4957/10/1882 4960/9/1882 4961/26/1882
f 4778/39/2841 2461/40/2841 4256/49/2841
f 2461/14/2842 4257/13/2842 4256/11/2842
f 3227/17/2843 4962/67/2843 4295/16/2843
f 4962/66/2844 3231/86/2844 4960/70/2844
f 2438/41/2845 2429/42/2845 2428/45/2845
f 2432/47/2846 2438/52/2846 2433/28/2846
f 4963/47/2847 2439/65/2847 2445/46/2847
f 2456/47/2848 2445/65/2848 2450/46/2848
f 2455/47/2849 2460/52/2849 4959/28/2849
f 2423/47/2850 2455/65/2850 4959/46/2850
f 4779/18/2851 2457/19/2851 2461/20/2851
f 2460/43/2852 4779/45/2852 4962/41/2852
f 4960/48/2853 2460/50/2853 4962/65/2853
f 4295/45/2854 4962/43/2854 4779/42/2854
f 4964/26/2855 1991/9/2855 1990/10/2855
f 4964/27/2856 1998/10/2856 4892/26/2856
f 4892/26/2857 1998/9/2857 4862/10/2857
f 2468/34/968 3039/88/968 2470/31/968
f 2468/31/968 2471/72/968 4938/88/968
f 4965/26/2858 4966/9/2858 1991/10/2858
f 4964/9/2859 2469/26/2859 4967/27/2859
f 2467/26/2860 4892/9/2860 2463/10/2860
f 2463/26/2861 4893/9/2861 2464/10/2861
f 4939/26/2862 2472/9/2862 2464/10/2862
f 1991/64/2863 4326/54/2863 4325/56/2863
f 4325/69/2864 354/5/2864 4860/7/2864
f 4904/27/2865 4968/10/2865 2475/26/2865
f 4904/9/2866 2478/26/2866 4969/27/2866
f 4891/26/2867 2991/9/2867 4894/10/2867
f 2476/26/2868 3015/9/2868 2474/10/2868
f 2991/27/2869 4903/10/2869 4894/26/2869
f 4894/27/2870 4896/10/2870 4895/26/2870
f 2474/26/2871 3015/9/2871 2477/10/2871
f 2478/26/2872 3016/9/2872 4970/10/2872
f 4969/26/2873 4970/9/2873 3562/10/2873
f 2477/26/2874 3015/9/2874 3016/10/2874
f 4971/12/2875 4973/7/2875 4974/22/2875
f 4975/69/2876 3961/5/2876 3960/68/2876
f 4976/69/2877 4897/5/2877 3961/68/2877
f 3960/68/2878 4971/85/2878 4975/87/2878
f 4897/56/2879 2987/63/2879 2992/64/2879
f 4634/71/2880 4971/15/2880 4974/17/2880
f 2481/35/2881 3010/17/2881 4978/71/2881
f 3010/34/2882 2484/71/2882 4978/35/2882
f 2484/35/2883 4980/17/2883 4981/71/2883
f 3010/42/1 4980/64/1 4979/45/1
f 2483/26/2884 4981/59/2884 4982/23/2884
f 2487/65/2885 4982/53/2885 4983/46/2885
f 2991/84/2886 2486/44/2886 2485/18/2886
f 4968/84/2887 2485/44/2887 2487/18/2887
f 4968/90/2888 4983/18/2888 2475/84/2888
f 4971/43/2889 4309/18/2889 318/42/2889
f 4984/36/2890 4971/46/2890 4305/52/2890
f 4330/8/2891 4635/59/2891 4974/10/2891
f 4973/59/2892 4330/8/2892 4974/10/2892
f 318/50/1 4305/64/1 4971/1/1
f 4969/90/2893 4898/18/2893 4904/84/2893
f 4229/24/2894 2513/27/2894 78/29/2894
f 2489/23/2895 4229/26/2895 91/25/2895
f 2513/21/2896 79/12/2896 78/13/2896
f 90/24/2897 2490/27/2897 2489/26/2897
f 91/25/2898 90/26/2898 2489/23/2898
f 112/12/2899 2490/21/2899 92/13/2899
f 2490/6/2900 2492/32/2900 2491/30/2900
f 2493/21/2901 4988/12/2901 2494/13/2901
f 112/13/2902 4989/22/2902 4986/21/2902
f 4986/24/2903 2493/23/2903 2492/25/2903
f 4989/22/2904 4226/12/2904 4228/21/2904
f 2805/21/2905 4990/22/2905 4228/13/2905
f 2508/21/2906 2828/12/2906 4991/13/2906
f 2507/21/2907 2496/12/2907 2828/13/2907
f 2807/21/2908 4990/12/2908 2805/13/2908
f 2823/21/2909 4989/22/2909 4228/13/2909
f 4990/21/2910 2823/22/2910 4228/13/2910
f 2807/13/2911 2508/22/2911 4991/12/2911
f 2500/32/2912 2513/6/2912 2501/30/2912
f 2501/32/2913 2489/6/2913 2488/30/2913
f 2511/12/2914 2503/21/2914 2502/13/2914
f 2490/30/2915 4986/31/2915 2499/32/2915
f 2499/13/2916 4994/22/2916 2496/21/2916
f 4989/12/2917 4994/21/2917 4986/13/2917
f 4990/13/2918 2824/22/2918 2823/21/2918
f 2824/13/2919 4991/22/2919 2828/21/2919
f 79/13/2920 4995/22/2920 4239/12/2920
f 4240/21/2921 4239/12/2921 4995/22/2921
f 4240/12/2922 4996/21/2922 4997/13/2922
f 1249/12/2923 2507/21/2923 2506/13/2923
f 4240/13/2924 4995/22/2924 1251/21/2924
f 1251/21/2925 4996/22/2925 4240/13/2925
f 2514/12/2926 2497/21/2926 1249/13/2926
f 2513/12/2927 2498/21/2927 2514/13/2927
f 4998/13/2928 2508/22/2928 4992/21/2928
f 2514/13/2929 1248/22/2929 2512/12/2929
f 1248/21/2930 4995/12/2930 2512/13/2930
f 4996/13/2931 2509/22/2931 2505/12/2931
f 2494/12/2932 4999/21/2932 2495/13/2932
f 2489/30/2933 2495/31/2933 4999/32/2933
f 4986/13/2934 4988/22/2934 4987/21/2934
f 2490/13/2935 4999/22/2935 4988/21/2935
f 2512/12/2936 2511/21/2936 2513/13/2936
f 2513/12/2937 2510/21/2937 2489/13/2937
f 2512/25/2938 2503/26/2938 4993/23/2938
f 4814/41/2939 2516/42/2939 4812/45/2939
f 2516/41/2940 1815/42/2940 2517/45/2940
f 4816/41/2941 2520/42/2941 4817/45/2941
f 4817/41/2942 2520/42/2942 4818/45/2942
f 4818/42/2943 4812/41/2943 4817/43/2943
f 2521/41/2944 2520/42/2944 4816/45/2944
f 4822/41/2945 2521/42/2945 4733/45/2945
f 4733/41/2946 4816/42/2946 4278/45/2946
f 2585/26/1 5000/9/1 2640/10/1
f 2638/59/2947 4882/15/2947 5001/60/2947
f 3281/60/2948 2677/70/2948 5003/15/2948
f 5002/6/2949 2616/34/2949 2677/31/2949
f 2607/15/2950 5000/59/2950 2584/60/2950
f 2600/11/2951 5004/12/2951 3805/14/2951
f 2609/11/2952 5005/12/2952 5004/14/2952
f 2611/11/2953 5006/12/2953 5005/14/2953
f 4882/18/2954 2621/19/2954 2617/20/2954
f 4883/26/2955 2638/9/2955 5001/10/2955
f 4882/56/2956 4883/63/2956 5001/64/2956
f 4883/10/2957 2636/27/2957 2590/26/2957
f 2942/6/2958 2646/34/2958 2645/31/2958
f 2928/60/2959 2645/70/2959 2654/15/2959
f 2640/60/2960 2654/70/2960 2641/15/2960
f 5008/11/2961 2650/12/2961 2649/13/2961
f 2647/11/2962 2649/12/2962 2648/13/2962
f 5003/39/2963 2673/40/2963 2676/49/2963
f 4334/36/2964 2682/46/2964 4332/52/2964
f 2692/46/2965 2683/3/2965 4334/53/2965
f 2689/68/2280 2692/7/2280 4334/69/2280
f 2687/12/2966 1153/7/2966 2696/22/2966
f 2688/69/476 1153/22/476 2686/12/476
f 2692/69/2281 1154/22/2281 2688/12/2281
f 1541/36/2412 2699/79/2412 2698/9/2412
f 4262/1/1 2759/2/1 2758/3/1
f 2757/1/1 2769/2/1 4700/3/1
f 4700/1/1 2763/2/1 2762/3/1
f 4701/3/1 2764/4/1 2773/2/1
f 2766/1/1 2776/2/1 2767/3/1
f 228/1/1 2727/2/1 2776/3/1
f 2727/3/1 235/4/1 2719/2/1
f 235/1/1 2717/2/1 2719/3/1
f 2797/1/1 2097/2/1 2725/3/1
f 2725/1/1 4878/2/1 2704/3/1
f 2704/1/1 2102/2/1 2701/3/1
f 2798/3/1 2102/4/1 2101/2/1
f 2798/1/1 2802/2/1 2799/3/1
f 2782/3/1 2420/4/1 2775/2/1
f 2787/3/1 2421/4/1 2782/2/1
f 4704/7/2967 4958/35/2967 4705/6/2967
f 2423/5/2968 4958/6/2968 5009/7/2968
f 4701/53/1 4704/2/1 4702/37/1
f 2775/53/1 4704/38/1 2773/36/1
f 2420/3/1 5009/37/1 2775/53/1
f 2421/53/1 2456/2/1 2422/37/1
f 2787/36/1 4963/37/1 2456/38/1
f 2791/53/1 2440/2/1 4963/37/1
f 2795/36/1 2430/37/1 2440/38/1
f 2801/53/1 2431/2/1 2430/37/1
f 4996/12/2969 4998/21/2969 4997/13/2969
f 4682/18/2970 1160/19/2970 4690/20/2970
f 4240/14/2971 4690/13/2971 1160/11/2971
f 4997/14/2972 4336/13/2972 4240/11/2972
f 4997/11/2973 2813/12/2973 2812/13/2973
f 4666/35/2974 4594/31/2974 4593/6/2974
f 4761/44/2975 4227/20/2975 4594/18/2975
f 4763/13/2976 4228/14/2976 4227/11/2976
f 5010/13/2977 2805/14/2977 4228/11/2977
f 4667/60/2978 1158/70/2978 4682/15/2978
f 4764/13/2979 2808/14/2979 5010/11/2979
f 4762/13/2980 5010/14/2980 4763/11/2980
f 1311/71/440 2820/35/440 2818/17/440
f 1312/71/439 1311/35/439 2818/17/439
f 2817/71/2216 1312/35/2216 2818/17/2216
f 5011/17/2219 4056/35/2219 4055/71/2219
f 5011/17/2218 4055/35/2218 4058/71/2218
f 5011/17/2217 4058/35/2217 5012/71/2217
f 5011/17/2216 5012/35/2216 5013/71/2216
f 5011/17/439 5013/35/439 5014/71/439
f 5011/17/440 5014/35/440 4056/71/440
f 2826/59/2981 2831/8/2981 4615/70/2981
f 2832/59/2982 2828/8/2982 2496/70/2982
f 2835/59/2983 2496/8/2983 4994/70/2983
f 2835/10/2984 2823/70/2984 2822/59/2984
f 2826/10/2985 2837/70/2985 2836/59/2985
f 4624/59/2986 2839/8/2986 4625/10/2986
f 4625/59/2987 2841/8/2987 4626/10/2987
f 2841/70/2988 2843/10/2988 4626/59/2988
f 2840/8/2989 2845/59/2989 2844/70/2989
f 2849/69/2990 4781/5/2990 2851/68/2990
f 2851/68/2991 4782/85/2991 2852/87/2991
f 2852/69/2992 1752/5/2992 5015/68/2992
f 1752/5/2993 2968/87/2993 5015/68/2993
f 2846/7/2994 2849/5/2994 469/69/2994
f 2849/7/2995 2850/68/2995 469/69/2995
f 2852/7/2996 1366/68/2996 2853/69/2996
f 5015/7/2997 2968/5/2997 1366/69/2997
f 2864/1/1 4183/2/1 4182/3/1
f 2856/1/1 4627/2/1 2857/3/1
f 2857/1/1 2866/2/1 2859/3/1
f 2861/1/1 1294/2/1 2863/3/1
f 2863/1/1 1293/2/1 2865/3/1
f 2865/1/1 4186/2/1 4183/3/1
f 5016/26/1 5018/9/1 5019/27/1
f 5016/27/1 4039/10/1 5017/9/1
f 4854/26/1 3625/9/1 3626/10/1
f 4854/27/1 3620/10/1 3619/26/1
f 4937/11/2998 1178/12/2998 4617/13/2998
f 2464/27/2999 2868/10/2999 4939/26/2999
f 4939/27/3000 2872/10/3000 4940/26/3000
f 4940/27/1 2878/10/1 2357/26/1
f 2358/26/1 2357/9/1 2878/10/1
f 2870/26/3001 4905/9/3001 5021/10/3001
f 2871/26/3002 5021/9/3002 2874/10/3002
f 5021/27/3003 2876/10/3003 2874/26/3003
f 2876/26/1 5022/9/1 5023/10/1
f 2882/26/1 2890/9/1 4776/27/1
f 2896/10/1 2887/27/1 2379/26/1
f 2882/1/3004 2899/56/3004 2898/4/3004
f 2375/18/3005 2909/19/3005 2376/20/3005
f 2887/64/3006 2375/4/3006 2379/1/3006
f 3581/14/3007 3584/13/3007 3582/11/3007
f 5024/14/3008 2911/13/3008 3584/11/3008
f 3584/14/3009 2910/13/3009 3585/11/3009
f 3585/11/3010 2901/12/3010 2900/13/3010
f 3773/14/3011 2912/13/3011 2911/11/3011
f 3776/14/3012 2914/13/3012 2912/11/3012
f 5025/14/3013 2916/13/3013 2914/11/3013
f 5026/14/3014 2918/13/3014 2916/11/3014
f 2920/13/3015 5020/14/3015 4937/12/3015
f 2919/11/3016 2376/12/3016 2909/13/3016
f 5023/8/3017 2891/66/3017 2876/70/3017
f 2878/8/3018 2897/66/3018 2358/70/3018
f 2930/27/1 4692/10/1 2931/26/1
f 2930/26/1261 3282/9/1261 5027/10/1261
f 2935/26/3019 3283/9/3019 3282/10/3019
f 2937/26/3020 3284/9/3020 3283/10/3020
f 2922/27/3021 3284/10/3021 2939/26/3021
f 2640/27/1 2929/10/1 2928/26/1
f 3380/26/1 2933/9/1 2932/10/1
f 5007/27/1 2940/10/1 2947/26/1
f 5007/26/1 2942/9/1 2941/10/1
f 468/7/3022 2951/5/3022 2954/69/3022
f 2966/22/3023 2955/69/3023 5028/12/3023
f 2958/12/3024 2967/7/3024 5029/69/3024
f 2967/22/3025 2951/69/3025 5029/12/3025
f 2953/22/3026 5028/69/3026 2954/12/3026
f 469/11/3027 2954/12/3027 2846/13/3027
f 2846/7/3028 1751/68/3028 2847/69/3028
f 1366/11/3029 2968/12/3029 2971/13/3029
f 5030/14/3030 2954/13/3030 5028/11/3030
f 5031/14/3031 2846/13/3031 2954/11/3031
f 2846/11/3032 2969/12/3032 2968/13/3032
f 4645/11/3033 2971/12/3033 2973/13/3033
f 2973/11/3034 5033/12/3034 5034/13/3034
f 2984/60/3035 5035/70/3035 4929/15/3035
f 4722/59/3036 5035/15/3036 2983/60/3036
f 2975/11/3037 2978/12/3037 2976/13/3037
f 5035/18/3038 4752/19/3038 2975/20/3038
f 4929/39/3039 2975/40/3039 2974/49/3039
f 4933/5/3040 2983/6/3040 2986/7/3040
f 3636/26/3041 3635/9/3041 3018/10/3041
f 2988/26/3042 3018/9/3042 2989/10/3042
f 2989/26/3043 3017/9/3043 2476/10/3043
f 2994/52/3044 5036/53/3044 5037/36/3044
f 2995/52/3045 5039/53/3045 2996/46/3045
f 2993/52/3046 5039/53/3046 5036/36/3046
f 2999/48/3047 4830/50/3047 4832/65/3047
f 2998/51/3048 3643/45/3048 2999/50/3048
f 2999/47/3049 1891/52/3049 3000/28/3049
f 3000/51/3050 1890/65/3050 3002/48/3050
f 3002/47/3051 4834/52/3051 3004/28/3051
f 4175/48/3052 4834/50/3052 4835/65/3052
f 4162/51/3053 3004/45/3053 4175/50/3053
f 4974/17/3054 4635/15/3054 4634/71/3054
f 3008/35/3055 3009/17/3055 2481/71/3055
f 4981/35/3056 3006/17/3056 3005/71/3056
f 3014/23/3057 3005/10/3057 3008/59/3057
f 2480/23/3058 3008/10/3058 2481/59/3058
f 4982/26/3059 3005/59/3059 3013/23/3059
f 2486/22/3060 3014/6/3060 2480/30/3060
f 3012/22/3061 4982/6/3061 3013/30/3061
f 2989/84/3062 3012/44/3062 3011/18/3062
f 2989/90/3063 2486/18/3063 2990/84/3063
f 2475/90/3064 3012/18/3064 2476/84/3064
f 3003/15/3065 4970/59/3065 3016/60/3065
f 3640/31/3066 3018/35/3066 3635/6/3066
f 4837/46/461 5038/36/461 2995/52/461
f 4829/46/3067 5040/36/3067 4837/52/3067
f 4305/52/3068 5037/53/3068 4984/36/3068
f 5026/11/3069 3781/12/3069 1182/13/3069
f 5020/11/3070 1179/12/3070 1178/13/3070
f 5020/11/3071 1182/12/3071 1179/13/3071
f 5041/15/3072 5043/66/3072 5044/70/3072
f 5042/15/3073 5045/66/3073 5046/70/3073
f 4942/70/3074 5046/86/3074 5045/66/3074
f 4848/15/1924 5041/16/1924 4847/17/1924
f 1929/70/1926 5045/86/1926 4848/66/1926
f 4946/8/1928 5046/66/1928 4941/70/1928
f 5042/17/215 4947/67/215 1914/16/215
f 5043/17/216 1914/67/216 1916/16/216
f 5047/11/3075 3022/12/3075 5048/13/3075
f 3025/11/3076 5048/12/3076 5049/13/3076
f 3028/28/3077 3024/46/3077 3023/52/3077
f 3684/59/3078 3028/15/3078 4909/60/3078
f 4909/35/3079 3027/31/3079 5050/6/3079
f 5050/59/3080 5051/15/3080 4907/60/3080
f 3768/39/3081 3030/40/3081 3767/49/3081
f 5051/28/3082 3029/46/3082 3768/52/3082
f 5050/27/3083 4906/10/3083 4909/26/3083
f 4804/70/3084 3032/86/3084 4800/8/3084
f 4478/70/3085 3033/86/3085 4804/8/3085
f 5052/15/3086 3430/16/3086 3031/17/3086
f 5053/15/3087 3031/16/3087 3430/17/3087
f 4801/70/2844 3032/86/2844 5053/66/2844
f 3038/31/968 2470/72/968 3039/88/968
f 3038/40/967 2469/31/967 2470/88/967
f 4509/26/3088 3037/9/3088 3040/10/3088
f 4967/26/3089 1991/9/3089 4964/10/3089
f 3043/26/3090 3180/9/3090 3044/10/3090
f 3045/27/1236 3050/10/1236 3047/26/1236
f 3048/27/3091 793/10/3091 792/26/3091
f 4359/26/3092 3052/9/3092 4511/10/3092
f 793/26/3093 3051/9/3093 3041/10/3093
f 794/26/3094 3041/9/3094 4509/10/3094
f 3052/27/3095 3055/10/3095 4511/26/3095
f 4511/27/3096 3056/10/3096 4508/26/3096
f 3050/26/3097 4966/9/3097 4965/10/3097
f 3050/27/3098 4967/10/3098 3051/26/3098
f 3041/26/3099 4967/9/3099 2469/10/3099
f 3057/27/3100 792/10/3100 799/26/3100
f 3211/34/3101 3059/71/3101 3212/35/3101
f 3209/42/1 3060/64/1 3211/45/1
f 3068/26/3102 5056/59/3102 5055/23/3102
f 3066/23/3103 3212/10/3103 5057/59/3103
f 3068/23/3104 5057/10/3104 3062/59/3104
f 3067/65/3105 5055/53/3105 3218/46/3105
f 5054/90/3106 3218/18/3106 3217/84/3106
f 3045/90/3107 3067/18/3107 5054/84/3107
f 3078/26/1 4793/9/1 3079/10/1
f 3081/27/1 3078/10/1 3082/26/1
f 2094/26/3108 3082/9/3108 3105/10/3108
f 4799/26/3109 3084/9/3109 3083/10/3109
f 4784/26/1 4793/9/1 4876/10/1
f 3129/27/3110 3085/10/3110 4786/26/3110
f 3074/26/3111 3129/9/3111 4786/10/3111
f 1754/26/3112 3088/9/3112 3087/10/3112
f 3091/26/1 908/9/1 3093/10/1
f 2094/26/3113 3104/9/3113 2091/10/3113
f 3074/26/3114 3114/9/3114 3111/27/3114
f 3087/10/1259 3114/27/1259 4786/26/1259
f 3098/26/3115 3107/9/3115 4319/10/3115
f 3113/27/3116 4212/10/3116 3110/26/3116
f 3110/26/3117 4212/9/3117 4211/10/3117
f 3107/26/3118 4211/9/3118 4319/10/3118
f 3113/26/3119 3095/9/3119 4223/10/3119
f 4223/26/1 3095/9/1 4224/10/1
f 4319/27/3120 4320/10/3120 3098/26/3120
f 3098/27/3121 4321/10/3121 3099/26/3121
f 333/15/3122 4316/66/3122 330/67/3122
f 4211/70/3123 4317/86/3123 4319/8/3123
f 4216/37/591 4214/57/591 4217/2/591
f 76/15/3124 3094/59/3124 3093/60/3124
f 77/15/3125 3093/59/3125 908/60/3125
f 3132/42/1 4792/64/1 5058/45/1
f 3079/1/3126 3130/56/3126 3133/4/3126
f 1755/1/3127 3132/56/3127 5058/4/3127
f 1756/1/3128 5058/56/3128 4792/4/3128
f 3088/10/1 903/27/1 3089/26/1
f 3091/26/1 903/9/1 908/27/1
f 3088/26/250 906/9/250 904/27/250
f 2094/26/3129 3083/9/3129 3080/27/3129
f 1867/1/1 3138/2/1 1868/3/1
f 1868/1/1 3142/2/1 4825/3/1
f 4825/1/1 3144/2/1 4826/3/1
f 4826/1/1 3136/2/1 3135/3/1
f 3134/1/1 1066/2/1 4266/3/1
f 3137/1/1 1067/2/1 1066/3/1
f 3147/1/1 1081/2/1 1067/3/1
f 3153/1/1 1089/2/1 1081/3/1
f 3159/1/1 4569/2/1 1089/3/1
f 3165/1/1 1111/2/1 4569/3/1
f 3171/1/1 1112/2/1 1111/3/1
f 3172/1/1 733/2/1 3173/3/1
f 3173/1/1 732/2/1 3174/3/1
f 3174/1/1 736/2/1 3175/3/1
f 3175/1/1 3178/2/1 3176/3/1
f 3177/1/1 4283/2/1 1112/3/1
f 3183/18/3130 4353/19/3130 5059/20/3130
f 3184/39/3131 5059/40/3131 5060/49/3131
f 4351/14/3132 5062/13/3132 4352/11/3132
f 5061/14/3133 5064/13/3133 5062/11/3133
f 4352/14/3134 5059/13/3134 4353/11/3134
f 5062/14/3135 5060/13/3135 5059/11/3135
f 4359/59/3136 5065/15/3136 3052/60/3136
f 3052/35/3137 5066/31/3137 3053/6/3137
f 3180/26/3138 3058/9/3138 3181/10/3138
f 4354/46/3139 3186/28/3139 4355/47/3139
f 5065/47/3140 4355/65/3140 3186/46/3140
f 5066/51/3141 3186/45/3141 3185/50/3141
f 3188/26/3142 3190/9/3142 3637/10/3142
f 3217/26/3143 3637/9/3143 3639/10/3143
f 3217/27/3144 4966/10/3144 5054/26/3144
f 5064/14/3145 3191/13/3145 5060/11/3145
f 3184/44/3146 3191/20/3146 5067/18/3146
f 3197/28/3147 3184/46/3147 5067/52/3147
f 3196/47/3148 3185/65/3148 3197/46/3148
f 5067/32/3149 3194/49/3149 4809/39/3149
f 3198/48/3150 5067/50/3150 4809/65/3150
f 3202/28/3151 4809/46/3151 4808/52/3151
f 3204/48/3152 4808/50/3152 4810/65/3152
f 5068/28/3153 4810/46/3153 4811/52/3153
f 3219/47/3154 3204/65/3154 5068/46/3154
f 3061/34/3155 3205/71/3155 3062/35/3155
f 3207/45/1 3061/63/1 3209/42/1
f 5055/26/3156 3208/59/3156 3215/23/3156
f 3215/26/3157 3210/59/3157 3216/23/3157
f 3216/26/3158 3212/59/3158 3065/23/3158
f 3218/7/3159 3215/30/3159 3214/22/3159
f 3213/7/3160 3065/30/3160 3064/22/3160
f 3044/84/3161 3213/44/3161 3064/18/3161
f 3053/59/3162 3196/15/3162 3058/60/3162
f 3058/59/3163 3195/15/3163 3181/60/3163
f 5063/14/3164 3192/13/3164 5064/11/3164
f 3192/11/3165 4821/12/3165 3193/13/3165
f 3193/11/3166 4821/12/3166 3199/13/3166
f 4705/85/3167 5070/35/3167 4703/5/3167
f 4247/5/3168 5070/71/3168 4252/35/3168
f 4254/26/3169 5070/9/3169 5071/10/3169
f 4961/26/3170 5070/9/3170 4957/27/3170
f 4295/17/3171 3228/67/3171 3227/16/3171
f 4258/17/3172 3234/67/3172 4301/15/3172
f 4299/85/1 4961/35/1 4300/5/1
f 4298/85/1 5071/35/1 4299/5/1
f 3221/34/3173 4302/16/3173 3222/72/3173
f 3220/34/3174 4301/16/3174 3224/17/3174
f 3223/72/3175 4302/17/3175 4301/34/3175
f 4961/70/3176 3231/86/3176 3230/66/3176
f 3235/15/3177 5072/66/3177 3232/67/3177
f 4254/70/3178 4259/86/3178 4253/8/3178
f 4300/70/3085 3230/86/3085 3237/66/3085
f 3232/16/3179 4780/15/3179 3238/17/3179
f 4298/70/3180 5072/86/3180 4254/8/3180
f 4295/15/482 3237/66/482 3236/67/482
f 4300/8/482 4294/81/482 4293/79/482
f 3239/26/3181 4650/9/3181 3240/10/3181
f 3239/26/3182 4651/9/3182 4650/10/3182
f 3240/27/3183 4660/10/3183 4664/26/3183
f 3246/26/3184 5073/9/3184 4662/10/3184
f 4662/9/3184 3242/26/3184 3246/27/3184
f 4662/26/3185 4670/9/3185 4663/10/3185
f 3241/27/3186 4664/10/3186 4669/26/3186
f 4687/26/3187 4669/9/3187 4668/10/3187
f 3243/27/3188 4669/10/3188 3251/26/3188
f 3799/27/3189 3248/10/3189 3247/26/3189
f 3249/27/3190 4687/10/3190 3257/26/3190
f 3800/27/3191 3247/10/3191 3254/26/3191
f 3255/26/3192 3257/9/3192 1496/10/3192
f 3261/26/3193 3800/9/3193 3254/10/3193
f 3262/27/3194 1496/10/3194 1495/26/3194
f 3267/26/3195 3801/9/3195 3261/10/3195
f 1494/26/3196 3262/9/3196 1495/10/3196
f 3273/26/3197 3802/9/3197 3267/10/3197
f 5074/27/3198 5073/10/3198 3248/26/3198
f 1497/26/1 5076/9/1 1494/10/1
f 5076/26/3199 3268/9/3199 1494/10/3199
f 5002/26/1 3281/9/1 3280/10/1
f 5027/27/1 1497/10/1 4692/26/1
f 3282/27/1261 5076/10/1261 5027/26/1261
f 2925/27/3200 3276/10/3200 3284/26/3200
f 2924/27/1252 3277/10/1252 2925/26/1252
f 2924/26/3201 3279/9/3201 3278/10/3201
f 2929/27/3202 3279/10/3202 2927/26/3202
f 2929/65/1 5002/1/1 3280/3/1
f 5075/27/3203 4670/10/3203 5073/26/3203
f 3286/47/3204 5078/65/3204 3287/46/3204
f 5079/47/3205 3292/65/3205 4314/46/3205
f 5078/47/3206 3293/52/3206 3287/28/3206
f 4314/28/3207 3296/46/3207 4312/52/3207
f 4213/32/3208 3300/6/3208 3306/31/3208
f 3300/28/3209 4312/46/3209 3296/52/3209
f 3311/50/3210 3315/41/3210 3322/51/3210
f 3317/82/3211 3291/32/3211 5079/39/3211
f 3315/82/3212 3318/32/3212 3322/39/3212
f 5081/82/3213 3313/32/3213 3312/39/3213
f 3286/32/3214 3320/82/3214 5081/30/3214
f 3286/32/3215 5081/82/3215 3355/30/3215
f 4315/15/425 4213/66/425 4218/70/425
f 3317/8/425 4314/81/425 4313/86/425
f 4218/17/425 3306/72/425 60/34/425
f 61/15/425 3306/66/425 3305/67/425
f 3321/15/425 3305/66/425 3311/67/425
f 3329/41/3216 5078/50/3216 5077/51/3216
f 3325/47/3217 3331/52/3217 3326/28/3217
f 3330/51/3218 5080/65/3218 5078/48/3218
f 3335/28/3219 4840/46/3219 4843/47/3219
f 3340/48/3220 3333/50/3220 3336/51/3220
f 3342/28/3221 5080/46/3221 3340/47/3221
f 3298/51/3222 3293/48/3222 3342/50/3222
f 3337/51/3223 4843/65/3223 1921/48/3223
f 3301/51/3224 3342/65/3224 3341/48/3224
f 1921/51/3225 3343/65/3225 3337/48/3225
f 3341/51/3226 3307/65/3226 3301/48/3226
f 3347/51/3227 1920/45/3227 1925/41/3227
f 3312/51/3228 3346/45/3228 3350/41/3228
f 3351/30/3229 5077/39/3229 3352/82/3229
f 3354/30/3230 1925/39/3230 1927/82/3230
f 3323/39/3231 1927/30/3231 3324/32/3231
f 3355/82/3232 3312/32/3232 3350/39/3232
f 3355/82/3233 5077/32/3233 3286/39/3233
f 3371/13/3234 4921/12/3234 3367/11/3234
f 2948/26/1 2944/9/1 2943/10/1
f 2950/26/1 2947/9/1 2946/10/1
f 5082/26/1 5007/9/1 2947/10/1
f 4925/51/3235 3719/45/3235 3718/41/3235
f 4924/51/3236 3376/45/3236 4925/41/3236
f 2288/51/3237 3375/45/3237 4924/41/3237
f 3726/41/3238 3368/42/3238 3369/43/3238
f 3376/48/3239 3726/50/3239 3719/51/3239
f 2277/13/3240 3371/14/3240 3370/11/3240
f 2277/49/3241 3372/32/3241 3378/39/3241
f 4692/59/3242 3388/15/3242 2931/60/3242
f 2931/35/3243 3382/31/3243 3381/6/3243
f 3380/59/3244 3393/15/3244 2943/60/3244
f 2948/60/3245 3393/70/3245 3396/15/3245
f 2949/6/3246 3396/34/3246 3401/31/3246
f 2950/60/3247 3401/70/3247 3405/15/3247
f 5082/60/3248 3405/70/3248 3408/15/3248
f 5007/60/3249 3408/70/3249 2646/15/3249
f 3358/14/3250 3384/13/3250 1501/11/3250
f 1501/14/3251 3386/13/3251 1502/11/3251
f 1503/44/3252 3386/20/3252 3388/18/3252
f 3367/14/3253 3391/13/3253 3389/11/3253
f 4921/14/3254 3394/13/3254 3391/11/3254
f 3403/11/3255 2595/12/3255 3406/13/3255
f 3406/11/3256 2594/12/3256 5008/13/3256
f 3407/11/3257 5008/12/3257 2647/13/3257
f 3408/44/3258 2647/20/3258 2646/18/3258
f 4842/11/3259 1916/12/3259 2388/13/3259
f 5083/15/3260 5085/66/3260 5086/67/3260
f 5086/15/3261 5088/66/3261 5083/67/3261
f 4943/70/3262 5087/86/3262 4944/8/3262
f 1916/34/2269 3411/16/2269 3410/72/2269
f 4846/34/3263 3412/16/3263 4845/17/3263
f 5044/15/1925 4847/16/1925 5041/17/1925
f 5083/16/1839 1930/15/1839 4844/17/1839
f 4844/16/20 5084/15/20 5083/17/20
f 1928/70/1840 5088/86/1840 4943/8/1840
f 3412/34/3264 4842/16/3264 4845/17/3264
f 3409/34/3265 1916/16/3265 3410/72/3265
f 4841/16/535 5085/15/535 4842/67/535
f 4948/15/1843 5086/16/1843 4841/17/1843
f 4945/70/1842 5087/86/1842 4948/66/1842
f 3413/31/3266 4870/72/3266 3414/88/3266
f 3431/34/3267 3414/88/3267 4870/31/3267
f 3416/31/3268 3431/72/3268 3418/34/3268
f 4478/85/1 4807/35/1 4475/5/1
f 3034/15/3269 5052/66/3269 3031/67/3269
f 4807/70/3270 3424/86/3270 3423/66/3270
f 3035/16/1299 5089/15/1299 3034/17/1299
f 4490/15/3179 3419/16/3179 3425/17/3179
f 4475/70/3180 3423/86/3180 4490/66/3180
f 4806/8/1885 3424/66/1885 4805/70/1885
f 3420/17/3271 4868/67/3271 4869/16/3271
f 3421/17/3172 4869/67/3172 4870/16/3172
f 5090/18/3272 4951/19/3272 3020/20/3272
f 5091/39/3273 4866/40/3273 4951/49/3273
f 3432/23/482 3429/10/482 3678/59/482
f 4870/65/482 3426/53/482 3431/46/482
f 5092/46/482 3430/3/482 3432/53/482
f 4802/52/482 5053/53/482 5092/36/482
f 3429/31/3274 4864/72/3274 5091/88/3274
f 5091/72/3275 3678/31/3275 3429/34/3275
f 4029/6/1412 5093/32/1412 4041/30/1412
f 4041/6/1413 3435/32/1413 3434/30/1413
f 5094/30/1309 3438/31/1309 5095/32/1309
f 4589/30/3276 5095/31/3276 368/32/3276
f 3439/14/3277 3445/13/3277 133/11/3277
f 133/14/3278 3447/13/3278 134/11/3278
f 135/11/3279 3447/12/3279 3449/13/3279
f 4244/11/3280 3449/12/3280 4952/13/3280
f 4952/11/3281 3450/12/3281 2412/13/3281
f 3443/14/3282 5048/13/3282 3444/11/3282
f 3444/14/3283 3022/13/3283 3446/11/3283
f 3446/14/3284 3021/13/3284 3448/11/3284
f 1310/42/3285 4631/84/3285 4706/43/3285
f 4333/43/3285 2684/18/3285 2689/42/3285
f 3455/6/3286 2684/32/3286 4335/30/3286
f 2680/30/3287 3456/31/3287 3465/6/3287
f 5096/26/1 5097/9/1 5098/10/1
f 3469/11/3288 4880/12/3288 3470/13/3288
f 5096/10/3289 857/27/3289 5097/26/3289
f 3474/10/3290 4527/27/3290 3475/26/3290
f 5097/10/3291 3474/27/3291 3473/26/3291
f 3478/18/3292 2168/43/3292 3479/84/3292
f 3475/26/1 4527/9/1 3476/10/1
f 3480/8/3293 4879/59/3293 3469/10/3293
f 3480/8/3294 2193/59/3294 4879/10/3294
f 3480/8/3295 3482/59/3295 2193/10/3295
f 3471/44/3296 4955/20/3296 5099/18/3296
f 3484/51/3297 5099/65/3297 5100/48/3297
f 4955/14/3298 4956/13/3298 5101/11/3298
f 3473/60/3299 3484/70/3299 5100/15/3299
f 3473/59/3300 5102/15/3300 5097/60/3300
f 4889/17/3301 3485/60/3301 4530/71/3301
f 3486/42/3302 4888/84/3302 4890/43/3302
f 3478/42/3303 4890/84/3303 2168/43/3303
f 4527/64/3304 3477/54/3304 3476/63/3304
f 4459/26/3305 4525/9/3305 4460/10/3305
f 3491/26/3306 3493/9/3306 863/10/3306
f 2048/26/3307 2051/9/3307 4877/10/3307
f 4877/26/3308 3490/9/3308 3489/10/3308
f 2051/74/3309 3497/87/3309 3490/68/3309
f 3512/75/3310 859/68/3310 4524/69/3310
f 863/74/3311 3512/69/3311 3507/75/3311
f 3491/74/3312 3507/69/3312 3495/75/3312
f 3503/27/3313 4713/10/3313 3504/26/3313
f 4717/27/3314 3494/10/3314 3501/26/3314
f 4873/26/3315 4877/9/3315 4872/10/3315
f 3489/26/3316 4707/9/3316 4710/10/3316
f 4715/27/3317 4872/10/3317 4877/26/3317
f 4710/27/3318 4877/10/3318 3489/26/3318
f 3504/26/3319 4717/9/3319 3501/10/3319
f 3494/26/3320 4707/9/3320 3488/10/3320
f 4392/10/2633 4393/27/2633 3502/26/2633
f 5103/26/3321 2050/9/3321 4874/27/3321
f 3504/26/3322 4392/9/3322 3502/27/3322
f 4462/10/3323 3511/27/3323 3512/26/3323
f 4462/26/3324 4464/9/3324 3515/27/3324
f 4524/26/3325 4462/9/3325 3512/27/3325
f 4392/3/3326 4382/50/3326 4384/65/3326
f 3514/10/3327 3509/27/3327 3508/26/3327
f 685/10/2023 4382/27/2023 3514/26/2023
f 3513/26/1250 685/9/1250 3514/27/1250
f 3515/26/3328 687/9/3328 3513/27/3328
f 5104/37/3329 3518/38/3329 3517/89/3329
f 3543/37/3330 5104/38/3330 3557/89/3330
f 3557/89/3331 5104/38/3331 3517/80/3331
f 1943/27/3332 3519/10/3332 1944/26/3332
f 4850/26/3333 3519/9/3333 3523/10/3333
f 3521/27/3334 3525/10/3334 3522/26/3334
f 4849/26/3335 3530/9/3335 3558/27/3335
f 3982/10/3336 3531/27/3336 3526/26/3336
f 4790/26/3337 5105/9/3337 3525/27/3337
f 3531/10/3338 3529/27/3338 3528/26/3338
f 3525/26/3339 3982/9/3339 3526/27/3339
f 4850/26/3340 3527/9/3340 4849/27/3340
f 3533/38/3341 1781/89/3341 3534/80/3341
f 3533/26/2603 4851/9/2603 1778/10/2603
f 3533/65/2604 1965/1/2604 4851/3/2604
f 1963/27/734 3532/10/734 3536/26/734
f 3538/50/733 1963/3/733 3536/65/733
f 5107/26/1 3518/9/1 5108/27/1
f 4855/27/1 5109/10/1 4853/26/1
f 4852/27/1 5107/10/1 4856/26/1
f 4856/27/1 5019/10/1 5109/26/1
f 3541/4/3342 1789/55/3342 1979/56/3342
f 3539/4/3342 1979/55/3342 3546/56/3342
f 1978/6/3343 3546/30/3343 1979/31/3343
f 3547/30/3344 1978/31/3344 3549/6/3344
f 3551/7/461 3622/30/461 3621/22/461
f 5110/52/461 3552/53/461 3551/36/461
f 5110/46/461 3621/36/461 3625/52/461
f 5019/27/1 5110/10/1 5109/26/1
f 5110/27/1 4853/10/1 5109/26/1
f 3553/23/461 3433/10/461 3554/26/461
f 3433/59/461 3622/26/461 3554/23/461
f 3541/38/3345 1791/89/3345 4787/37/3345
f 3529/60/1462 3545/70/1462 3544/15/1462
f 1781/17/3346 3556/67/3346 3534/15/3346
f 3766/43/3347 5111/18/3347 5112/42/3347
f 5028/42/3348 2955/18/3348 5111/43/3348
f 5111/69/3349 2958/5/3349 5112/68/3349
f 2958/7/3350 5113/68/3350 5112/69/3350
f 5029/7/3351 468/68/3351 5113/69/3351
f 467/43/3352 5113/18/3352 468/42/3352
f 467/43/3353 5112/18/3353 5113/42/3353
f 3559/70/3354 4162/86/3354 4161/66/3354
f 3560/70/3355 4161/86/3355 4773/66/3355
f 4166/1/3356 5114/56/3356 3575/4/3356
f 4969/26/3357 3562/9/3357 3561/10/3357
f 4905/26/3358 3561/9/3358 3563/10/3358
f 5021/26/3359 3563/9/3359 5022/10/3359
f 4970/9/3360 3559/10/3360 3562/26/3360
f 3563/27/3361 5023/10/3361 5022/26/3361
f 4969/84/3362 4902/44/3362 4899/18/3362
f 3567/14/3363 3586/13/3363 3568/11/3363
f 3569/14/3364 2811/13/3364 3567/11/3364
f 4771/1/3365 3575/56/3365 3574/4/3365
f 4772/1/3366 3574/56/3366 3576/4/3366
f 3577/44/3367 2900/20/3367 2899/18/3367
f 4776/1/3368 3577/56/3368 2899/4/3368
f 4774/1/3369 3576/56/3369 3577/4/3369
f 3583/11/3370 2900/12/3370 3578/13/3370
f 5117/14/3371 5118/13/3371 5116/11/3371
f 4178/11/3372 5115/12/3372 3569/13/3372
f 3575/18/3356 5118/19/3356 3571/20/3356
f 3571/12/3373 5117/11/3373 3566/14/3373
f 5117/11/3374 3569/12/3374 3566/13/3374
f 3564/70/3375 4773/86/3375 4777/66/3375
f 3564/8/3376 2889/66/3376 5023/70/3376
f 4518/26/3377 868/9/3377 4803/10/3377
f 4517/26/3378 3601/9/3378 852/10/3378
f 4348/26/3379 4349/9/3379 3599/10/3379
f 4518/26/3380 3599/9/3380 4517/27/3380
f 3589/63/3381 3593/18/3381 4520/42/3381
f 852/42/3382 3589/20/3382 4520/18/3382
f 3591/63/3383 852/18/3383 3601/42/3383
f 4349/21/3384 3600/30/3384 3599/22/3384
f 5119/82/3385 4349/22/3385 418/21/3385
f 417/21/3386 5119/30/3386 418/22/3386
f 4913/19/3387 4911/78/3387 5119/20/3387
f 4911/19/3388 3602/78/3388 5119/20/3388
f 3604/82/3389 4428/22/3389 3605/21/3389
f 4916/19/2742 4680/78/2742 3608/20/2742
f 3607/20/796 4916/77/796 3608/78/796
f 4439/20/3390 3607/54/3390 3606/63/3390
f 3609/21/3391 4680/30/3391 4422/22/3391
f 1469/26/1 3609/9/1 4422/10/1
f 1468/27/1 4422/10/1 4433/26/1
f 4520/27/1 3610/10/1 4521/26/1
f 4522/26/1 3610/9/1 1469/10/1
f 4590/69/3392 3614/5/3392 4589/68/3392
f 4590/68/1736 3615/7/1736 3611/5/1736
f 3617/7/3393 4591/68/3393 3630/69/3393
f 3622/23/3394 5094/10/3394 3623/26/3394
f 3623/23/3395 4589/10/3395 3614/26/3395
f 3616/32/3396 3629/31/3396 4859/30/3396
f 4544/39/3397 3629/40/3397 4547/49/3397
f 3628/11/3398 4546/12/3398 4545/13/3398
f 3629/11/3399 4545/12/3399 4547/13/3399
f 4546/11/3400 3632/12/3400 4548/13/3400
f 3633/27/292 2988/10/292 3638/26/292
f 3638/27/3401 2987/10/3401 3639/26/3401
f 3633/10/3402 3189/27/3402 3634/9/3402
f 3638/10/292 3190/27/292 3633/9/292
f 5038/32/3403 5036/6/3403 5039/30/3403
f 4324/69/3404 4976/5/3404 4975/68/3404
f 4326/7/3405 4323/68/3405 355/69/3405
f 3639/64/3406 4326/54/3406 4966/63/3406
f 2987/63/3407 5120/56/3407 3639/64/3407
f 5120/69/3408 4976/5/3408 4323/7/3408
f 3642/48/3409 4811/50/3409 4831/65/3409
f 3641/51/3410 5068/45/3410 3642/50/3410
f 1319/36/3411 4836/46/3411 1320/52/3411
f 4304/52/3412 1324/53/3412 1323/46/3412
f 4838/4/3413 4811/57/3413 4839/2/3413
f 5040/56/3414 4839/62/3414 1319/4/3414
f 1318/4/3415 5040/55/3415 1319/62/3415
f 5037/56/3416 1318/62/3416 1324/4/3416
f 5121/4/3417 5037/55/3417 1324/62/3417
f 4984/2/3418 4324/62/3418 4975/57/3418
f 4307/46/3419 5121/36/3419 4304/52/3419
f 1325/6/3420 1318/32/3420 1326/30/3420
f 1320/45/3421 2995/1/3421 1317/50/3421
f 1317/45/3422 2994/1/3422 1323/50/3422
f 2994/45/3423 4304/1/3423 1323/50/3423
f 3189/60/3424 3641/70/3424 3634/59/3424
f 4307/50/1 4304/64/1 317/1/1
f 5122/11/3425 1359/12/3425 1355/13/3425
f 2977/11/3426 2982/12/3426 5123/13/3426
f 3645/39/3427 2981/40/3427 2980/49/3427
f 2982/49/3428 2981/40/3428 3649/39/3428
f 3653/10/3429 3647/79/3429 4934/9/3429
f 3650/10/1607 3647/79/1607 3648/8/1607
f 3649/8/3430 3651/9/3430 3648/10/3430
f 3651/9/3431 3645/8/3431 3644/10/3431
f 5123/20/3432 3649/44/3432 3654/18/3432
f 3645/32/3433 4754/49/3433 3658/39/3433
f 5124/32/3434 4755/49/3434 3829/39/3434
f 4754/49/3435 3661/32/3435 3658/39/3435
f 3654/10/3436 1357/70/3436 1359/59/3436
f 5123/49/3437 1359/32/3437 5122/40/3437
f 2977/11/3438 5123/12/3438 5125/13/3438
f 5125/13/3439 4932/14/3439 2977/11/3439
f 4639/14/3440 4756/13/3440 4755/11/3440
f 4756/11/3441 4637/12/3441 4757/13/3441
f 4757/11/3442 4636/12/3442 4754/13/3442
f 4932/11/3443 1434/12/3443 4646/13/3443
f 5126/11/3444 1435/12/3444 1434/14/3444
f 5125/11/3445 1356/12/3445 5126/14/3445
f 1355/14/3446 5123/13/3446 5122/12/3446
f 5090/32/3447 3020/49/3447 3662/39/3447
f 3020/11/3448 3019/12/3448 3662/13/3448
f 3678/35/3449 3672/17/3449 3679/34/3449
f 5090/35/1539 3665/17/1539 3672/34/1539
f 3669/12/3450 3678/7/3450 3670/22/3450
f 3669/68/3451 5092/7/3451 3432/69/3451
f 413/84/3452 3674/42/3452 3681/43/3452
f 413/43/3453 3676/18/3453 3675/42/3453
f 419/43/3454 5092/18/3454 3676/42/3454
f 3683/44/3455 3019/20/3455 5127/18/3455
f 3682/51/3456 5127/65/3456 5128/48/3456
f 5129/39/3457 3019/40/3457 5047/49/3457
f 3686/28/3458 5127/46/3458 5129/52/3458
f 3024/18/3459 5047/19/3459 3025/20/3459
f 3687/48/3460 5129/50/3460 3024/65/3460
f 3680/35/3461 5128/31/3461 4346/6/3461
f 4346/59/3462 3686/15/3462 3685/60/3462
f 5098/60/3463 5102/70/3463 3688/15/3463
f 3692/14/3464 4865/13/3464 3694/11/3464
f 5098/43/3465 3691/18/3465 5096/84/3465
f 4867/35/3466 3695/17/3466 3694/71/3466
f 3701/12/1520 4867/7/1520 3706/69/1520
f 3691/42/3467 858/84/3467 5096/43/3467
f 858/43/3453 3705/18/3453 3709/84/3453
f 3708/34/3468 4867/71/3468 3700/35/3468
f 5099/32/3469 5101/49/3469 5130/39/3469
f 5100/47/3470 5130/52/3470 5102/28/3470
f 5101/14/3471 4949/13/3471 3692/11/3471
f 3689/18/3472 5101/19/3472 3692/20/3472
f 3688/48/3473 5130/50/3473 3689/65/3473
f 3362/20/3474 3723/44/3474 3722/18/3474
f 3364/49/3475 3722/32/3475 3725/39/3475
f 3369/18/3476 3364/19/3476 3725/44/3476
f 3726/45/1557 3725/43/1557 3724/41/1557
f 4922/3/1 3718/37/1 3729/53/1
f 4184/1/1 3732/2/1 3731/3/1
f 4185/1/1 5131/2/1 3732/3/1
f 3732/1/1 5132/2/1 3733/3/1
f 3733/1/1 4158/2/1 3735/3/1
f 3735/1/1 4157/2/1 3737/3/1
f 3737/1/1 5133/2/1 3739/3/1
f 3739/1/1 4160/2/1 3740/3/1
f 3740/1/1 4159/2/1 3729/3/1
f 3729/1/1 4159/2/1 4922/3/1
f 3766/18/3477 3756/19/3477 5111/20/3477
f 5111/11/3478 3759/12/3478 5028/13/3478
f 3026/11/3479 5049/12/3479 3769/13/3479
f 4364/20/3480 3742/77/3480 471/19/3480
f 3745/78/3481 4364/19/3481 3748/20/3481
f 4365/21/3482 3749/30/3482 3748/82/3482
f 4910/26/3483 3753/9/3483 3752/10/3483
f 4910/60/3484 5051/70/3484 3762/15/3484
f 4910/59/3485 3754/15/3485 3753/60/3485
f 3772/14/3486 5028/13/3486 3759/11/3486
f 3766/46/3487 3742/28/3487 3755/47/3487
f 3767/11/3488 3771/12/3488 3763/13/3488
f 3762/48/3489 3768/50/3489 3761/65/3489
f 3030/11/3490 3769/12/3490 3771/13/3490
f 4907/26/3491 4910/9/3491 4908/10/3491
f 3747/82/3492 3752/22/3492 3750/21/3492
f 3749/19/3493 4914/78/3493 3747/20/3493
f 4427/21/3494 3749/30/3494 4426/22/3494
f 3581/11/3495 5134/12/3495 5024/13/3495
f 5134/11/3496 5135/12/3496 5024/13/3496
f 5135/11/3497 3808/12/3497 5024/13/3497
f 3808/14/3498 3773/13/3498 5024/11/3498
f 3781/14/3499 4616/13/3499 1182/11/3499
f 5025/11/3500 3777/12/3500 3779/13/3500
f 5026/11/3501 3779/12/3501 3781/13/3501
f 1745/11/3502 4767/12/3502 1741/14/3502
f 4765/18/3503 3790/19/3503 1745/20/3503
f 3790/11/3504 5136/12/3504 4767/14/3504
f 3789/11/3505 5137/12/3505 5136/14/3505
f 3792/11/3506 3795/12/3506 5137/14/3506
f 3796/11/3507 3808/12/3507 5135/14/3507
f 5075/35/3508 4765/31/3508 4671/6/3508
f 5074/59/3509 3787/15/3509 5075/60/3509
f 3799/59/3510 3788/15/3510 5074/60/3510
f 3802/60/3511 5003/70/3511 3803/15/3511
f 3805/11/3512 3780/12/3512 3778/14/3512
f 5004/11/3513 3782/12/3513 3780/14/3513
f 5006/13/3514 3782/12/3514 5005/11/3514
f 5006/11/3515 4616/12/3515 3782/14/3515
f 3805/14/3516 2674/13/3516 2600/11/3516
f 3806/14/3517 3784/13/3517 2675/11/3517
f 2675/14/3518 3807/13/3518 2676/11/3518
f 3803/18/3519 2676/19/3519 3807/20/3519
f 3804/14/3520 2675/13/3520 2674/11/3520
f 4767/11/3521 4768/12/3521 4766/14/3521
f 4768/11/3522 5134/12/3522 3581/14/3522
f 5136/11/3523 5139/12/3523 4768/14/3523
f 5139/11/3524 5135/12/3524 5134/14/3524
f 5137/11/3525 3796/12/3525 5139/14/3525
f 1328/11/3526 3812/12/3526 1329/13/3526
f 3816/14/3527 4640/13/3527 3817/11/3527
f 3817/14/3528 1329/13/3528 3812/11/3528
f 4645/14/3529 5034/13/3529 1400/11/3529
f 5034/11/3530 3819/12/3530 3818/13/3530
f 1400/14/3531 3818/13/3531 1401/11/3531
f 3820/11/3532 3814/12/3532 4204/13/3532
f 4203/39/3533 51/40/3533 50/49/3533
f 51/49/3428 3830/32/3428 4206/40/3428
f 4203/8/3534 3823/9/3534 3822/10/3534
f 3826/9/3535 4203/8/3535 3822/10/3535
f 3823/9/1510 3830/8/1510 3828/10/1510
f 3830/8/3430 3826/9/3430 3828/10/3430
f 4755/20/3432 3830/44/3432 3829/18/3432
f 5140/8/3536 4203/59/3536 4202/10/3536
f 3832/59/3537 5140/8/3537 3833/70/3537
f 3833/10/3538 3809/70/3538 1328/8/3538
f 3809/70/1518 4202/10/1518 4205/59/1518
f 1327/70/3539 3833/10/3539 1328/8/3539
f 3829/10/3436 1327/70/3436 5124/59/3436
f 4322/7/3540 3960/68/3540 3959/69/3540
f 3961/68/3541 4863/7/3541 3962/69/3541
f 4322/12/3542 4973/7/3542 4972/69/3542
f 4863/69/3543 2011/5/3543 3962/7/3543
f 4985/70/3544 362/8/3544 360/59/3544
f 4330/70/3545 4985/8/3545 360/59/3545
f 362/70/3546 4973/10/3546 4328/59/3546
f 3974/35/3547 3971/17/3547 3975/71/3547
f 3975/35/3548 3970/17/3548 5141/71/3548
f 3970/34/3549 3963/71/3549 5141/35/3549
f 3968/35/3550 3969/17/3550 3974/71/3550
f 2199/23/3551 3975/10/3551 5141/59/3551
f 2199/26/3552 3963/59/3552 2200/23/3552
f 2200/26/3553 3966/59/3553 4901/23/3553
f 3976/23/3554 3966/10/3554 3977/59/3554
f 3988/26/3555 3980/9/3555 4398/10/3555
f 568/26/3556 4381/9/3556 5142/10/3556
f 569/27/3557 5142/10/3557 5143/26/3557
f 3979/26/3558 569/9/3558 5143/10/3558
f 551/74/3559 5142/69/3559 4381/75/3559
f 552/14/1 5143/69/1 5142/75/1
f 4398/27/3560 3979/10/3560 5143/26/3560
f 5105/26/251 3983/9/251 3982/27/251
f 562/26/3561 5144/9/3561 5105/27/3561
f 569/26/3562 3978/9/3562 4396/10/3562
f 4400/10/3563 3986/27/3563 3984/26/3563
f 3983/26/2523 4400/9/2523 3984/27/2523
f 5144/26/3564 4401/9/3564 3983/27/3564
f 561/65/251 574/1/251 5144/50/251
f 3988/27/1 4397/10/1 4928/9/1
f 3985/10/3565 5106/27/3565 3531/26/3565
f 4928/59/3566 3989/15/3566 3988/60/3566
f 3990/31/3567 3981/35/3567 3980/6/3567
f 3997/15/3568 4399/59/3568 4001/60/3568
f 3995/15/3569 3986/59/3569 4399/60/3569
f 3992/31/3570 5106/35/3570 3987/6/3570
f 3994/80/3571 3545/37/3571 3992/38/3571
f 3999/60/3572 4396/70/3572 4000/15/3572
f 4396/80/3573 4002/89/3573 4000/38/3573
f 4017/11/3574 4006/12/3574 5145/14/3574
f 1431/13/3575 4019/14/3575 4018/11/3575
f 1432/13/3576 4018/14/3576 4020/11/3576
f 1433/13/3577 4020/14/3577 4021/11/3577
f 1433/20/3578 4022/44/3578 4649/18/3578
f 4006/13/3579 4023/12/3579 5145/11/3579
f 5019/26/1 5108/9/1 5016/27/1
f 4649/6/3580 4022/32/3580 4024/30/3580
f 4032/68/3392 4036/7/3392 5145/69/3392
f 4042/30/3581 3552/7/3581 4043/22/3581
f 4043/36/1411 5018/46/1411 5017/52/1411
f 4039/52/3582 4043/53/3582 5017/46/3582
f 4041/59/3583 3553/26/3583 4042/23/3583
f 3543/80/3584 3545/37/3584 5104/89/3584
f 4046/60/3585 4649/70/3585 4024/15/3585
f 4396/5/3586 4048/71/3586 4002/85/3586
f 3994/5/3587 5108/71/3587 3518/85/3587
f 5016/10/3588 4052/27/3588 4038/26/3588
f 5147/68/473 1647/7/473 5146/69/473
f 4053/69/3589 1647/5/3589 4029/7/3589
f 5146/69/2211 5013/22/2211 5147/12/2211
f 5146/12/3590 4056/7/3590 5014/22/3590
f 4053/68/2213 4028/7/2213 4054/69/2213
f 4057/5/1106 4028/87/1106 4032/68/1106
f 5148/69/475 4032/5/475 5145/7/475
f 5148/68/3591 1641/7/3591 5147/69/3591
f 4057/12/3592 5012/7/3592 4058/22/3592
f 5147/69/436 5012/22/436 5148/12/436
f 4694/53/1 4061/38/1 4060/36/1
f 4064/3/1 4698/37/1 4697/53/1
f 1565/37/1 4067/3/1 1566/53/1
f 1567/53/1 4072/2/1 1568/37/1
f 4067/1/1 4554/2/1 1566/3/1
f 4066/3/1 4549/4/1 4067/2/1
f 4076/1/1 1567/2/1 1570/3/1
f 4078/43/3593 4082/45/3593 1561/41/3593
f 4065/41/3594 4085/42/3594 4698/45/3594
f 4698/41/3595 4086/42/3595 1560/45/3595
f 1560/41/3596 4078/42/3596 1561/45/3596
f 4091/43/3597 4696/45/3597 4695/41/3597
f 4087/6/3598 4089/32/3598 4696/30/3598
f 4094/41/3599 4091/42/3599 4695/45/3599
f 4101/43/3600 4061/45/3600 4696/41/3600
f 4696/41/3601 4089/42/3601 4101/45/3601
f 4106/43/3602 1568/45/3602 4072/41/3602
f 1568/41/3603 4110/42/3603 1562/45/3603
f 4110/43/3604 1565/45/3604 1562/41/3604
f 1565/41/3605 4114/42/3605 4068/45/3605
f 968/1/1 4073/2/1 4116/3/1
f 4124/1/1 4926/2/1 4152/3/1
f 4125/1/1 4927/2/1 4926/3/1
f 4140/1/1 4151/2/1 2291/3/1
f 4076/1/1 4694/2/1 4060/3/1
f 4142/3/1 4697/4/1 4699/2/1
f 4142/1/1 4248/2/1 4927/3/1
f 4145/1/1 2290/2/1 4923/3/1
f 950/1/1 4116/2/1 4148/3/1
f 947/1/1 4148/2/1 4154/3/1
f 4557/1/1 4154/2/1 4150/3/1
f 4188/1/1 4149/2/1 5131/3/1
f 5131/1/1 4127/2/1 5132/3/1
f 5132/1/1 4126/2/1 4158/3/1
f 4157/1/1 4132/2/1 5133/3/1
f 5133/1/1 4143/2/1 4160/3/1
f 4922/3/1 4145/4/1 4923/2/1
f 4146/1/1 2291/2/1 2290/3/1
f 4558/1/1 4150/2/1 4149/3/1
f 4161/85/1 4770/35/1 4773/5/1
f 4168/11/3606 4828/12/3606 4169/13/3606
f 4835/44/3607 4174/20/3607 5149/18/3607
f 4175/47/3608 5149/52/3608 4176/28/3608
f 4174/11/3609 4171/12/3609 5116/13/3609
f 5118/11/3610 4174/12/3610 5116/13/3610
f 4176/32/3611 5118/49/3611 5114/39/3611
f 4165/51/3612 4176/45/3612 5114/50/3612
f 4770/26/1 4166/9/1 4771/10/1
f 5116/11/3613 4178/12/3613 5117/13/3613
f 590/2/1 4180/4/1 594/3/1
f 590/2/1 4181/1/1 4180/3/1
f 4719/6/3614 2311/5/3614 4179/7/3614
f 4199/6/3615 4179/5/3615 22/7/3615
f 34/2/1 4405/1/1 24/3/1
f 4201/2/1 591/1/1 4405/3/1
f 594/3/1 4935/4/1 2319/1/1
f 2311/2/1 4180/1/1 4179/3/1
f 22/2/1 4181/1/1 4201/3/1
f 2/1/1 3/4/1 4/2/1
f 1/1/1 4/4/1 6/2/1
f 5/1/1 6/4/1 8/2/1
f 7/1/1 8/4/1 10/2/1
f 9/1/1 10/4/1 12/2/1
f 11/1/1 12/4/1 14/2/1
f 3/1/1 15/4/1 16/2/1
f 10/1/1 17/4/1 18/2/1
f 24/5/2 25/35/2 26/6/2
f 23/5/3 26/35/3 28/6/3
f 21/2/1 31/4/1 32/1/1
f 27/2/1 30/4/1 33/1/1
f 23/2/1 33/4/1 34/1/1
f 29/3/1 35/2/1 31/4/1
f 36/8/3616 37/79/3616 33/9/3616
f 38/8/3617 39/79/3617 37/9/3617
f 40/8/3618 41/79/3618 39/9/3618
f 21/9/3619 42/79/3619 36/8/3619
f 42/9/3620 43/79/3620 38/8/3620
f 43/9/3621 44/79/3621 40/8/3621
f 33/9/3622 37/79/3622 45/8/3622
f 37/9/3623 39/79/3623 46/8/3623
f 39/9/3624 41/79/3624 47/8/3624
f 45/8/3625 42/79/3625 21/9/3625
f 46/8/3626 43/79/3626 42/9/3626
f 47/8/3627 44/79/3627 43/9/3627
f 48/11/3628 49/14/3628 50/12/3628
f 53/13/3629 54/11/3629 55/14/3629
f 59/15/20 60/67/20 61/16/20
f 62/11/3630 63/13/3630 57/12/3630
f 65/11/3631 66/13/3631 63/12/3631
f 63/11/3632 67/13/3632 55/12/3632
f 66/11/3633 68/13/3633 67/12/3633
f 69/11/3634 70/13/3634 68/12/3634
f 52/12/3635 55/14/3635 67/11/3635
f 68/11/3636 72/13/3636 71/12/3636
f 70/11/3637 73/13/3637 72/12/3637
f 73/11/3638 74/13/3638 75/12/3638
f 76/18/3639 77/44/3639 74/19/3639
f 80/13/3640 81/21/3640 82/22/3640
f 83/23/3641 82/26/3641 85/24/3641
f 85/25/3642 86/23/3642 87/26/3642
f 86/21/3643 88/22/3643 89/12/3643
f 84/25/3644 87/23/3644 90/26/3644
f 87/21/3645 89/22/3645 92/12/3645
f 94/27/3646 95/52/3646 96/28/3646
f 97/30/3647 98/32/3647 99/31/3647
f 97/32/40 100/31/40 102/6/40
f 101/32/3648 102/31/3648 104/6/3648
f 101/24/42 105/26/42 106/23/42
f 106/21/3649 107/22/3649 108/12/3649
f 88/21/3650 86/22/3650 110/12/3650
f 110/23/3651 86/26/3651 85/24/3651
f 94/12/3652 82/22/3652 81/21/3652
f 85/24/3653 82/26/3653 94/23/3653
f 98/25/3654 112/23/3654 89/26/3654
f 104/33/3655 80/58/3655 79/23/3655
f 114/1/53 115/4/53 116/2/53
f 117/34/3656 115/72/3656 114/16/3656
f 122/14/3657 123/12/3657 124/13/3657
f 121/14/3658 124/12/3658 126/13/3658
f 125/14/3659 126/12/3659 128/13/3659
f 127/14/3660 128/12/3660 130/13/3660
f 129/14/3661 130/12/3661 132/13/3661
f 124/14/3662 133/12/3662 134/13/3662
f 128/11/3663 126/14/3663 134/12/3663
f 136/7/3664 137/5/3664 138/35/3664
f 140/36/1 141/53/1 142/37/1
f 131/13/3665 145/12/3665 146/14/3665
f 147/39/3666 144/49/3666 146/40/3666
f 149/41/3667 147/45/3667 148/42/3667
f 151/11/3668 129/13/3668 131/12/3668
f 151/20/3669 144/19/3669 147/44/3669
f 152/45/3670 147/42/3670 149/43/3670
f 154/28/3671 153/52/3671 149/46/3671
f 154/46/3672 155/65/3672 156/48/3672
f 127/13/3673 129/12/3673 151/14/3673
f 157/20/3674 151/19/3674 152/44/3674
f 158/45/3675 152/42/3675 153/43/3675
f 160/28/3676 159/52/3676 153/46/3676
f 160/46/3677 154/65/3677 143/48/3677
f 125/13/3678 127/12/3678 157/14/3678
f 161/49/3679 157/40/3679 158/32/3679
f 162/45/3680 158/42/3680 159/43/3680
f 164/48/3681 163/65/3681 159/50/3681
f 164/50/3682 160/45/3682 142/41/3682
f 166/11/3683 121/13/3683 125/12/3683
f 167/18/3684 166/20/3684 161/19/3684
f 168/41/3685 167/45/3685 162/42/3685
f 168/52/3686 163/46/3686 164/47/3686
f 169/46/3687 164/65/3687 165/48/3687
f 122/13/3688 121/12/3688 166/14/3688
f 171/49/3689 166/40/3689 167/32/3689
f 172/45/3690 167/42/3690 168/43/3690
f 139/48/3691 173/65/3691 168/50/3691
f 136/51/3692 139/50/3692 169/45/3692
f 175/45/3693 172/42/3693 173/43/3693
f 177/38/1 178/37/1 179/53/1
f 179/53/1 178/37/1 180/2/1
f 180/38/1 182/37/1 183/53/1
f 183/53/1 182/37/1 184/2/1
f 185/36/1 184/38/1 186/37/1
f 176/3/1 187/53/1 186/37/1
f 179/1/1 181/4/1 189/2/1
f 183/1/1 190/4/1 191/2/1
f 194/43/3694 196/42/3694 182/45/3694
f 182/41/3695 196/43/3695 197/42/3695
f 197/43/3696 198/42/3696 186/45/3696
f 198/43/3697 199/42/3697 177/45/3697
f 199/43/3698 200/42/3698 178/45/3698
f 178/41/3699 200/43/3699 194/42/3699
f 202/1/1 203/4/1 204/2/1
f 206/1/1 207/4/1 208/2/1
f 205/1/1 208/4/1 210/2/1
f 209/1/1 210/4/1 212/2/1
f 211/1/1 212/4/1 214/2/1
f 203/1/1 215/4/1 216/2/1
f 204/1/1 216/4/1 218/2/1
f 217/1/1 218/4/1 219/2/1
f 208/3/1 207/1/1 219/4/1
f 208/1/1 185/4/1 192/2/1
f 212/3/1 210/1/1 192/4/1
f 212/1/1 220/4/1 221/2/1
f 216/1/1 222/4/1 223/2/1
f 218/1/1 223/4/1 190/2/1
f 219/1/1 190/4/1 183/2/1
f 220/3/1 192/1/1 187/4/1
f 221/3/1 220/1/1 193/4/1
f 222/1/1 225/4/1 226/2/1
f 190/3/1 223/1/1 226/4/1
f 176/4/1 227/2/1 224/3/1
f 224/1/1 227/4/1 229/2/1
f 225/1/1 230/4/1 231/2/1
f 191/3/1 226/1/1 231/4/1
f 181/3/1 191/1/1 232/4/1
f 179/1/1 188/4/1 233/2/1
f 227/3/1 176/1/1 233/4/1
f 227/1/1 234/4/1 235/2/1
f 230/1/1 236/4/1 237/2/1
f 231/1/1 237/4/1 238/2/1
f 189/3/1 232/1/1 238/4/1
f 189/1/1 239/4/1 240/2/1
f 188/1/1 240/4/1 241/2/1
f 233/1/1 241/4/1 242/2/1
f 236/1/1 243/4/1 244/2/1
f 237/1/1 244/4/1 245/2/1
f 238/1/1 245/4/1 246/2/1
f 239/1/1 246/4/1 247/2/1
f 240/1/1 247/4/1 248/2/1
f 241/1/1 248/4/1 249/2/1
f 257/1/1 258/4/1 259/2/1
f 256/1/1 259/4/1 261/2/1
f 260/1/1 261/4/1 263/2/1
f 262/1/1 263/4/1 265/2/1
f 264/1/1 265/4/1 267/2/1
f 266/1/1 267/4/1 269/2/1
f 268/1/1 269/4/1 271/2/1
f 273/54/108 274/61/108 275/55/108
f 274/4/109 276/62/109 277/57/109
f 277/58/3700 276/23/3700 278/59/3700
f 280/58/3701 279/60/3701 278/59/3701
f 272/45/112 282/64/112 283/1/112
f 282/45/112 284/64/112 285/1/112
f 285/56/113 284/54/113 286/61/113
f 287/2/114 286/4/114 280/62/114
f 288/54/3702 289/61/3702 274/55/3702
f 289/4/3703 290/62/3703 276/57/3703
f 290/23/123 291/59/123 278/60/123
f 292/2/3704 287/4/3704 281/62/3704
f 281/58/111 278/60/111 291/59/111
f 273/45/120 283/64/120 294/1/120
f 283/45/120 285/64/120 295/1/120
f 295/56/3705 285/54/3705 287/61/3705
f 289/2/3706 296/4/3706 297/62/3706
f 297/23/3707 298/59/3707 291/60/3707
f 291/60/3708 298/59/3708 299/23/3708
f 292/4/3709 293/62/3709 299/57/3709
f 301/45/126 302/42/126 303/63/126
f 305/46/3710 306/65/3710 307/3/3710
f 305/46/128 309/53/128 310/36/128
f 312/46/129 313/53/129 314/36/129
f 315/52/130 306/46/130 310/53/130
f 312/52/1 311/46/1 317/53/1
f 303/52/3711 308/36/3711 307/53/3711
f 315/65/3712 319/3/3712 307/53/3712
f 315/46/3713 320/65/3713 321/3/3713
f 304/52/3714 307/36/3714 319/53/3714
f 319/36/3715 321/53/3715 302/46/3715
f 305/52/136 311/46/136 314/53/136
f 322/11/3716 323/14/3716 324/12/3716
f 325/11/3717 324/14/3717 326/12/3717
f 327/11/3718 326/14/3718 328/12/3718
f 330/15/3719 331/70/3719 332/66/3719
f 335/13/3720 327/12/3720 329/14/3720
f 337/13/3721 335/12/3721 334/14/3721
f 338/13/3722 325/12/3722 327/14/3722
f 339/13/3723 338/12/3723 335/14/3723
f 341/13/3724 339/12/3724 337/14/3724
f 343/44/3725 341/19/3725 340/20/3725
f 338/11/3726 344/13/3726 322/12/3726
f 339/11/3727 345/13/3727 344/12/3727
f 341/11/3728 346/13/3728 345/12/3728
f 343/39/3729 347/32/3729 346/40/3729
f 344/11/3730 348/13/3730 349/12/3730
f 350/13/3731 348/12/3731 344/14/3731
f 351/13/3732 350/12/3732 345/14/3732
f 353/68/3733 354/5/3733 355/7/3733
f 353/68/3734 352/69/3734 357/7/3734
f 364/6/159 365/31/159 366/32/159
f 363/6/3735 366/31/3735 368/32/3735
f 370/59/161 371/10/161 372/26/161
f 374/59/3736 370/10/3736 369/26/3736
f 370/32/1 366/31/1 365/6/1
f 370/30/163 374/32/163 368/31/163
f 375/11/164 376/14/164 377/12/164
f 378/11/3737 377/14/3737 379/12/3737
f 380/11/166 379/14/166 381/12/166
f 382/11/3738 381/14/3738 383/12/3738
f 385/11/3739 386/14/3739 387/12/3739
f 389/11/3740 385/14/3740 388/12/3740
f 388/11/3741 387/14/3741 391/12/3741
f 390/11/3742 388/14/3742 392/12/3742
f 384/11/3743 383/14/3743 394/12/3743
f 395/11/3744 394/14/3744 386/12/3744
f 396/34/3745 399/17/3745 406/71/3745
f 406/35/3746 399/34/3746 400/17/3746
f 413/26/3747 414/27/3747 415/9/3747
f 416/26/3748 415/27/3748 417/9/3748
f 413/3/3749 416/1/3749 420/50/3749
f 422/13/3750 423/12/3750 424/14/3750
f 426/14/3751 427/12/3751 428/13/3751
f 427/14/3752 429/12/3752 430/13/3752
f 430/11/3753 429/14/3753 431/12/3753
f 428/14/3754 430/12/3754 423/13/3754
f 423/14/3755 430/12/3755 432/13/3755
f 424/44/3756 423/19/3756 433/20/3756
f 436/47/3757 424/46/3757 434/52/3757
f 438/48/196 436/65/196 435/46/196
f 440/27/1 441/9/1 442/10/1
f 421/20/3758 444/18/3758 445/44/3758
f 442/1/3759 441/64/3759 445/56/3759
f 438/1/3760 442/64/3760 444/56/3760
f 421/40/3761 424/49/3761 436/39/3761
f 447/14/3762 448/12/3762 449/13/3762
f 448/14/3763 450/12/3763 451/13/3763
f 441/27/1 440/9/1 453/10/1
f 454/26/1 455/10/1 456/9/1
f 452/26/1 453/10/1 455/9/1
f 457/64/204 458/56/204 459/4/204
f 459/44/205 461/19/205 462/20/205
f 454/64/205 459/56/205 460/4/205
f 445/39/206 460/32/206 462/40/206
f 452/64/206 460/56/206 445/4/206
f 463/11/3764 464/14/3764 450/12/3764
f 465/11/3765 463/14/3765 448/12/3765
f 447/14/3766 443/12/3766 462/13/3766
f 466/39/3767 467/32/3767 468/40/3767
f 466/65/3768 472/48/3768 471/51/3768
f 473/8/3769 472/86/3769 475/66/3769
f 472/67/215 466/16/215 476/17/215
f 466/67/216 470/16/216 477/17/216
f 478/34/3770 479/17/3770 470/16/3770
f 481/15/3771 476/67/3771 477/66/3771
f 476/15/3772 481/67/3772 482/66/3772
f 484/1/1 485/4/1 486/2/1
f 483/1/1 486/4/1 488/2/1
f 487/1/1 488/4/1 490/2/1
f 489/1/1 490/4/1 492/2/1
f 491/1/1 492/4/1 494/2/1
f 493/1/1 494/4/1 496/2/1
f 485/1/1 497/4/1 498/2/1
f 486/1/1 498/4/1 499/2/1
f 488/1/1 499/4/1 500/2/1
f 490/1/1 500/4/1 501/2/1
f 492/1/1 501/4/1 502/2/1
f 494/1/1 502/4/1 503/2/1
f 497/1/1 504/4/1 505/2/1
f 498/1/1 505/4/1 506/2/1
f 499/1/1 506/4/1 507/2/1
f 500/1/1 507/4/1 508/2/1
f 501/1/1 508/4/1 509/2/1
f 502/1/1 509/4/1 510/2/1
f 504/1/1 511/4/1 512/2/1
f 505/1/1 512/4/1 513/2/1
f 506/1/1 513/4/1 514/2/1
f 507/1/1 514/4/1 515/2/1
f 508/1/1 515/4/1 516/2/1
f 509/1/1 516/4/1 517/2/1
f 511/1/1 518/4/1 519/2/1
f 512/1/1 519/4/1 520/2/1
f 513/1/1 520/4/1 521/2/1
f 514/1/1 521/4/1 522/2/1
f 515/1/1 522/4/1 523/2/1
f 518/1/1 524/4/1 525/2/1
f 519/1/1 525/4/1 526/2/1
f 520/1/1 526/4/1 527/2/1
f 521/1/1 527/4/1 528/2/1
f 522/1/1 528/4/1 529/2/1
f 527/1/1 530/4/1 531/2/1
f 528/1/1 531/4/1 532/2/1
f 533/27/3773 535/9/3773 537/10/3773
f 539/27/3774 540/9/3774 541/10/3774
f 538/27/3775 541/9/3775 543/10/3775
f 545/27/3776 547/9/3776 549/10/3776
f 541/73/3777 540/87/3777 534/68/3777
f 541/68/3778 533/69/3778 536/75/3778
f 544/74/3779 543/68/3779 536/69/3779
f 555/74/3780 544/68/3780 546/69/3780
f 545/73/3781 548/87/3781 556/68/3781
f 560/10/3782 546/9/3782 536/27/3782
f 538/10/3783 561/9/3783 562/27/3783
f 564/10/3784 537/9/3784 535/27/3784
f 567/26/3785 568/10/3785 569/9/3785
f 558/26/3786 557/10/3786 564/9/3786
f 565/10/3787 553/9/3787 551/27/3787
f 542/10/1304 571/9/1304 561/27/1304
f 564/26/292 572/10/292 560/9/292
f 554/10/3788 573/9/3788 574/27/3788
f 575/10/292 572/9/292 564/27/292
f 554/26/3789 556/10/3789 567/9/3789
f 576/10/3790 547/9/3790 546/27/3790
f 577/10/3791 576/9/3791 560/27/3791
f 576/26/3792 578/10/3792 549/9/3792
f 577/26/333 579/10/333 578/9/333
f 549/65/3793 580/3/3793 566/1/3793
f 581/3/3794 580/1/3794 578/50/3794
f 582/26/1 583/10/1 581/9/1
f 544/10/3795 554/9/3795 571/27/3795
f 573/26/3796 567/10/3796 570/9/3796
f 585/26/3797 563/10/3797 535/9/3797
f 586/4/260 587/56/260 581/64/260
f 587/4/1 586/62/1 588/55/1
f 589/6/261 588/35/261 591/5/261
f 581/64/262 587/56/262 592/4/262
f 587/62/1 589/55/1 593/56/1
f 593/6/263 589/35/263 590/5/263
f 595/4/264 596/56/264 553/64/264
f 597/26/1 598/27/1 599/9/1
f 602/27/3798 603/9/3798 604/10/3798
f 608/26/1 609/27/1 610/9/1
f 603/27/1 613/9/1 614/10/1
f 612/27/1 614/9/1 616/10/1
f 613/50/1 617/1/1 618/3/1
f 614/27/1 618/9/1 600/10/1
f 620/45/1 621/64/1 622/1/1
f 623/45/1 624/64/1 625/1/1
f 626/45/1 627/64/1 624/1/1
f 624/45/1 628/64/1 629/1/1
f 627/45/1 630/64/1 628/1/1
f 631/2/266 632/4/266 633/62/266
f 637/4/267 638/62/267 639/57/267
f 641/54/268 637/61/268 636/55/268
f 632/2/266 650/4/266 649/62/266
f 653/6/275 654/31/275 656/32/275
f 657/4/267 634/62/267 638/57/267
f 658/54/268 657/61/268 637/55/268
f 635/76/268 657/83/268 658/77/268
f 661/50/3799 662/1/3799 663/3/3799
f 667/26/3800 668/10/3800 669/9/3800
f 661/26/3801 671/10/3801 668/9/3801
f 660/65/3802 672/3/3802 671/1/3802
f 672/9/3803 660/27/3803 673/26/3803
f 675/79/1 676/38/1 677/80/1
f 679/79/1 680/81/1 677/80/1
f 683/60/3804 682/59/3804 680/70/3804
f 683/59/3805 679/70/3805 676/15/3805
f 685/26/3806 686/10/3806 681/9/3806
f 669/10/3807 686/9/3807 685/27/3807
f 681/26/1 688/10/1 689/9/1
f 686/26/3808 690/10/3808 688/9/3808
f 668/10/3809 690/9/3809 686/27/3809
f 688/26/1314 691/10/1314 692/9/1314
f 690/26/3810 693/10/3810 691/9/3810
f 668/26/1405 671/10/1405 693/9/1405
f 694/10/1 695/9/1 692/27/1
f 696/10/3811 694/9/3811 691/27/3811
f 671/26/3812 672/10/3812 696/9/3812
f 674/10/3813 697/9/3813 696/27/3813
f 699/82/3814 700/30/3814 701/22/3814
f 702/82/295 703/30/295 666/22/295
f 704/19/3815 705/77/3815 703/78/3815
f 706/82/3816 707/30/3816 663/22/3816
f 708/78/3817 709/77/3817 710/83/3817
f 712/56/3818 713/54/3818 714/61/3818
f 716/54/3819 717/61/3819 714/55/3819
f 714/4/3820 718/62/3820 719/57/3820
f 714/2/3821 717/4/3821 720/62/3821
f 721/6/275 722/31/275 720/32/275
f 713/45/1 712/64/1 724/1/1
f 708/50/1 723/45/1 724/64/1
f 725/50/1 716/45/1 713/64/1
f 726/30/3822 727/6/3822 728/31/3822
f 726/4/3823 729/62/3823 730/57/3823
f 710/6/3824 730/31/3824 731/32/3824
f 733/1/1 734/4/1 735/2/1
f 732/1/1 735/4/1 737/2/1
f 738/1/1 739/4/1 740/2/1
f 734/1/1 740/4/1 741/2/1
f 735/1/1 741/4/1 742/2/1
f 737/1/1 742/4/1 744/2/1
f 743/1/1 744/4/1 746/2/1
f 755/84/3825 756/18/3825 757/42/3825
f 755/43/3826 758/84/3826 759/18/3826
f 758/43/313 760/84/313 761/18/313
f 747/7/3827 763/6/3827 764/30/3827
f 765/22/3828 762/7/3828 764/6/3828
f 768/53/3829 769/3/3829 770/65/3829
f 771/46/3830 772/53/3830 768/3/3830
f 747/53/3831 772/3/3831 771/65/3831
f 773/52/3832 774/46/3832 768/53/3832
f 775/12/3833 776/22/3833 777/7/3833
f 777/22/3834 779/7/3834 780/69/3834
f 779/22/322 781/7/322 782/69/322
f 781/22/3835 783/7/3835 784/69/3835
f 784/42/3836 785/18/3836 748/84/3836
f 785/42/325 775/18/325 749/84/325
f 775/42/3837 778/18/3837 752/84/3837
f 752/43/3838 778/42/3838 780/18/3838
f 751/43/313 780/42/313 782/18/313
f 753/43/3839 782/42/3839 784/18/3839
f 786/26/1 787/27/1 788/9/1
f 792/27/3840 793/9/3840 794/10/3840
f 790/26/3841 795/27/3841 796/9/3841
f 796/27/3842 799/9/3842 788/10/3842
f 799/27/3843 792/9/3843 791/10/3843
f 788/27/3844 791/9/3844 800/10/3844
f 802/10/1 803/9/1 804/27/1
f 806/10/1 802/9/1 801/27/1
f 808/10/3845 806/9/3845 805/27/3845
f 803/35/1 802/71/1 810/85/1
f 802/35/3846 806/71/3846 811/85/3846
f 806/35/3847 808/71/3847 812/85/3847
f 814/32/337 815/40/337 816/49/337
f 801/1/337 804/64/337 814/56/337
f 813/44/338 816/19/338 818/20/338
f 805/1/338 801/64/338 813/56/338
f 819/39/339 817/32/339 818/40/339
f 805/64/339 817/56/339 819/4/339
f 822/14/3848 816/12/3848 815/13/3848
f 822/11/3849 823/14/3849 824/12/3849
f 825/14/3850 818/12/3850 816/13/3850
f 825/11/3851 824/14/3851 826/12/3851
f 827/14/3852 820/12/3852 818/13/3852
f 826/11/3853 828/14/3853 829/12/3853
f 827/11/3854 826/14/3854 830/12/3854
f 831/14/3855 832/12/3855 820/13/3855
f 830/11/3856 829/14/3856 833/12/3856
f 831/11/3857 830/14/3857 834/12/3857
f 798/70/3858 797/8/3858 810/86/3858
f 786/70/3859 798/8/3859 811/86/3859
f 790/70/3860 786/8/3860 812/86/3860
f 841/27/3861 842/9/3861 837/10/3861
f 840/27/3862 837/9/3862 839/10/3862
f 843/27/2723 839/9/2723 845/10/2723
f 846/26/3863 847/27/3863 844/9/3863
f 848/26/3864 844/27/3864 845/9/3864
f 838/26/3865 837/27/3865 842/9/3865
f 856/10/3866 845/9/3866 839/27/3866
f 858/3/2166 856/1/2166 855/50/2166
f 859/26/3867 860/27/3867 861/9/3867
f 866/75/3868 849/74/3868 867/68/3868
f 869/74/3869 848/73/3869 849/87/3869
f 851/75/3870 846/74/3870 848/68/3870
f 865/74/3871 846/68/3871 851/69/3871
f 862/74/3872 865/68/3872 850/69/3872
f 871/26/3873 865/10/3873 861/9/3873
f 846/10/3874 865/9/3874 871/27/3874
f 873/26/3875 874/10/3875 875/9/3875
f 840/10/3876 874/9/3876 873/27/3876
f 878/10/3877 879/9/3877 880/27/3877
f 875/26/3878 881/10/3878 878/9/3878
f 874/26/3879 882/10/3879 881/9/3879
f 840/26/3880 843/10/3880 882/9/3880
f 878/26/3881 872/10/3881 864/9/3881
f 881/26/3882 871/10/3882 872/9/3882
f 882/26/3883 847/10/3883 871/9/3883
f 843/26/3884 844/10/3884 847/9/3884
f 861/10/3885 860/9/3885 864/27/3885
f 887/15/386 888/70/386 889/59/386
f 884/12/3886 883/14/3886 890/11/3886
f 892/13/3887 893/12/3887 884/14/3887
f 894/11/3888 895/13/3888 892/12/3888
f 896/11/3889 897/13/3889 895/12/3889
f 888/18/3890 887/44/3890 897/19/3890
f 898/13/3891 899/12/3891 893/14/3891
f 900/13/3892 898/12/3892 892/14/3892
f 901/13/3893 900/12/3893 895/14/3893
f 902/32/3894 901/40/3894 897/49/3894
f 904/10/1 905/9/1 889/27/1
f 906/10/3895 907/9/3895 905/27/3895
f 909/60/3896 910/15/3896 911/70/3896
f 911/30/399 910/32/399 914/31/399
f 915/11/3897 916/14/3897 917/12/3897
f 919/11/3898 915/14/3898 918/12/3898
f 914/32/3899 919/40/3899 920/49/3899
f 918/11/3900 917/14/3900 898/12/3900
f 918/14/3901 900/12/3901 901/13/3901
f 913/44/3902 920/19/3902 901/20/3902
f 917/11/3903 916/14/3903 921/12/3903
f 917/14/3904 922/12/3904 899/13/3904
f 924/1/1 925/4/1 926/2/1
f 923/1/1 926/4/1 928/2/1
f 927/1/1 928/4/1 930/2/1
f 929/1/1 930/4/1 932/2/1
f 931/1/1 932/4/1 934/2/1
f 933/1/1 934/4/1 936/2/1
f 925/1/1 937/4/1 938/2/1
f 926/1/1 938/4/1 939/2/1
f 928/1/1 939/4/1 940/2/1
f 930/1/1 940/4/1 941/2/1
f 932/1/1 941/4/1 942/2/1
f 934/1/1 942/4/1 943/2/1
f 940/1/1 944/4/1 945/2/1
f 941/1/1 945/4/1 946/2/1
f 948/1/1 949/4/1 950/2/1
f 952/1/1 927/4/1 929/2/1
f 954/1/1 955/4/1 956/2/1
f 953/1/1 956/4/1 952/2/1
f 957/1/1 952/4/1 951/2/1
f 951/1/1 929/4/1 931/2/1
f 959/1/1 931/4/1 933/2/1
f 962/1/1 954/4/1 953/2/1
f 958/1/1 951/4/1 959/2/1
f 961/1/1 953/4/1 957/2/1
f 964/1/1 957/4/1 958/2/1
f 963/1/1 959/4/1 960/2/1
f 965/1/1 958/4/1 963/2/1
f 960/1/1 933/4/1 935/2/1
f 949/1/1 935/4/1 968/2/1
f 966/1/1 960/4/1 949/2/1
f 967/1/1 963/4/1 966/2/1
f 969/1/1 966/4/1 948/2/1
f 972/1/1 973/4/1 974/2/1
f 976/1/1 977/4/1 962/2/1
f 975/1/1 962/4/1 961/2/1
f 978/1/1 961/4/1 964/2/1
f 973/1/1 964/4/1 965/2/1
f 974/1/1 965/4/1 967/2/1
f 979/1/1 967/4/1 969/2/1
f 980/1/1 969/4/1 970/2/1
f 923/2/1 956/3/1 955/1/1
f 956/1/1 923/4/1 927/2/1
f 983/44/3905 984/19/3905 985/20/3905
f 982/45/3906 986/41/3906 987/43/3906
f 985/14/3907 989/12/3907 990/13/3907
f 982/32/3908 985/40/3908 988/49/3908
f 991/45/3909 992/41/3909 986/43/3909
f 988/14/3910 990/12/3910 994/13/3910
f 991/44/3911 988/19/3911 993/20/3911
f 992/43/3912 991/42/3912 995/45/3912
f 997/11/3913 993/14/3913 994/12/3913
f 999/39/3914 995/32/3914 993/40/3914
f 1000/41/3915 996/43/3915 995/42/3915
f 997/14/3916 998/12/3916 1002/13/3916
f 1003/18/3917 999/44/3917 997/19/3917
f 1004/41/3918 1000/43/3918 999/42/3918
f 1001/14/3919 1002/12/3919 1006/13/3919
f 1003/32/3920 1001/40/3920 1005/49/3920
f 984/14/3921 1008/12/3921 989/13/3921
f 1009/3/1 1010/1/1 1011/4/1
f 1014/1/1 1015/4/1 1016/2/1
f 1013/1/1 1016/4/1 1018/2/1
f 1017/1/1 1018/4/1 1020/2/1
f 1019/1/1 1020/4/1 1022/2/1
f 1021/1/1 1022/4/1 1024/2/1
f 1023/1/1 1024/4/1 1011/2/1
f 1011/4/1 1010/2/1 1026/3/1
f 1015/1/1 1027/4/1 1028/2/1
f 1016/1/1 1028/4/1 1029/2/1
f 1018/1/1 1029/4/1 1030/2/1
f 1020/1/1 1030/4/1 1031/2/1
f 1022/1/1 1031/4/1 1032/2/1
f 1024/1/1 1032/4/1 1012/2/1
f 1027/1/1 1033/4/1 1034/2/1
f 1028/1/1 1034/4/1 1035/2/1
f 1029/1/1 1035/4/1 1036/2/1
f 1030/1/1 1036/4/1 1037/2/1
f 1031/1/1 1037/4/1 1038/2/1
f 1032/1/1 1038/4/1 1039/2/1
f 1009/3/1 1012/1/1 1039/4/1
f 1033/1/1 1041/4/1 1042/2/1
f 1034/1/1 1042/4/1 1043/2/1
f 1035/1/1 1043/4/1 1044/2/1
f 1036/1/1 1044/4/1 1045/2/1
f 1037/1/1 1045/4/1 1046/2/1
f 1038/1/1 1046/4/1 1047/2/1
f 1039/1/1 1047/4/1 1048/2/1
f 1041/1/1 1049/4/1 1050/2/1
f 1042/1/1 1050/4/1 1051/2/1
f 1043/1/1 1051/4/1 1052/2/1
f 1044/1/1 1052/4/1 1053/2/1
f 1045/1/1 1053/4/1 1054/2/1
f 1046/1/1 1054/4/1 1055/2/1
f 1047/1/1 1055/4/1 1056/2/1
f 1049/1/1 1057/4/1 1058/2/1
f 1050/1/1 1058/4/1 1059/2/1
f 1051/1/1 1059/4/1 1060/2/1
f 1052/1/1 1060/4/1 1061/2/1
f 1053/1/1 1061/4/1 1062/2/1
f 1054/1/1 1062/4/1 1063/2/1
f 1055/1/1 1063/4/1 1064/2/1
f 1066/1/1 1067/4/1 1068/2/1
f 1065/1/1 1068/4/1 1070/2/1
f 1069/1/1 1070/4/1 1072/2/1
f 1071/1/1 1072/4/1 1074/2/1
f 1073/1/1 1074/4/1 1076/2/1
f 1075/1/1 1076/4/1 1078/2/1
f 1077/1/1 1078/4/1 1080/2/1
f 1067/1/1 1081/4/1 1082/2/1
f 1068/1/1 1082/4/1 1083/2/1
f 1070/1/1 1083/4/1 1084/2/1
f 1072/1/1 1084/4/1 1085/2/1
f 1074/1/1 1085/4/1 1086/2/1
f 1076/1/1 1086/4/1 1087/2/1
f 1078/1/1 1087/4/1 1088/2/1
f 1081/1/1 1089/4/1 1090/2/1
f 1082/1/1 1090/4/1 1091/2/1
f 1083/1/1 1091/4/1 1092/2/1
f 1084/1/1 1092/4/1 1093/2/1
f 1085/1/1 1093/4/1 1094/2/1
f 1086/1/1 1094/4/1 1095/2/1
f 1087/1/1 1095/4/1 1096/2/1
f 1090/1/1 1097/4/1 1098/2/1
f 1091/1/1 1098/4/1 1099/2/1
f 1092/1/1 1099/4/1 1100/2/1
f 1093/1/1 1100/4/1 1101/2/1
f 1094/1/1 1101/4/1 1102/2/1
f 1095/1/1 1102/4/1 1103/2/1
f 1097/1/1 1104/4/1 1105/2/1
f 1098/1/1 1105/4/1 1106/2/1
f 1099/1/1 1106/4/1 1107/2/1
f 1100/1/1 1107/4/1 1108/2/1
f 1101/1/1 1108/4/1 1109/2/1
f 1102/1/1 1109/4/1 1110/2/1
f 1111/1/1 1112/4/1 1113/2/1
f 1104/1/1 1113/4/1 1114/2/1
f 1105/1/1 1114/4/1 1115/2/1
f 1106/1/1 1115/4/1 1116/2/1
f 1107/1/1 1116/4/1 1117/2/1
f 1108/1/1 1117/4/1 1118/2/1
f 1109/1/1 1118/4/1 1119/2/1
f 1120/31/425 1121/88/425 1122/72/425
f 1124/31/425 1125/88/425 1121/72/425
f 1127/88/425 1125/72/425 1124/34/425
f 1128/31/425 1127/88/425 1126/72/425
f 1127/16/3922 1128/67/3922 1131/15/3922
f 1132/17/3923 1122/16/3923 1121/67/3923
f 1122/86/3924 1132/81/3924 1135/79/3924
f 1121/17/3925 1125/15/3925 1136/67/3925
f 1138/86/3926 1139/81/3926 1140/79/3926
f 1141/17/432 1142/16/432 1139/67/432
f 1133/15/3927 1136/70/3927 1143/66/3927
f 1132/15/537 1133/70/537 1141/66/537
f 1135/8/3928 1132/86/3928 1138/81/3928
f 1144/12/3929 1145/22/3929 1146/7/3929
f 1146/22/3592 1148/7/3592 1149/69/3592
f 1149/12/438 1148/22/438 1150/7/438
f 1166/17/3930 1167/15/3930 1168/67/3930
f 1170/15/3931 1171/67/3931 1169/16/3931
f 1178/11/452 1179/14/452 1180/12/452
f 1179/11/3932 1182/14/3932 1183/12/3932
f 1187/50/1 1188/45/1 1189/64/1
f 1191/50/1 1192/45/1 1188/64/1
f 1194/45/1 1192/64/1 1191/1/1
f 1195/31/456 1196/88/456 1197/72/456
f 1199/31/455 1195/88/455 1198/72/455
f 1201/31/457 1199/88/457 1200/72/457
f 1203/34/458 1204/72/458 1196/88/458
f 1205/34/126 1206/72/126 1204/88/126
f 1207/34/458 1203/72/458 1195/88/458
f 1208/34/126 1205/72/126 1203/88/126
f 1209/34/3933 1207/72/3933 1199/88/3933
f 1210/34/126 1208/72/126 1207/88/126
f 1208/30/425 1210/6/425 1211/31/425
f 1214/77/425 1212/83/425 1211/76/425
f 1205/30/425 1208/6/425 1212/31/425
f 1217/77/425 1218/83/425 1215/76/425
f 1206/30/425 1205/6/425 1215/31/425
f 1220/1/1 1221/64/1 1222/45/1
f 1216/1/1 1220/64/1 1219/45/1
f 1223/1/1 1224/64/1 1221/45/1
f 1214/1/1 1223/64/1 1220/45/1
f 1225/1/1 1226/64/1 1224/45/1
f 1213/1/1 1225/64/1 1223/45/1
f 1227/55/461 1228/61/461 1226/54/461
f 1211/55/461 1227/61/461 1225/54/461
f 1209/57/461 1201/62/461 1228/4/461
f 1210/57/461 1209/62/461 1227/4/461
f 1230/79/3934 1231/81/3934 1232/86/3934
f 1233/17/3935 1232/15/3935 1231/67/3935
f 1235/31/3770 1236/34/3770 1237/72/3770
f 1240/10/3936 1241/59/3936 1242/70/3936
f 1240/59/3937 1239/70/3937 1243/8/3937
f 1244/59/3938 1243/70/3938 1245/8/3938
f 1247/59/3939 1248/70/3939 1249/8/3939
f 1246/59/3940 1245/70/3940 1250/8/3940
f 1251/70/3941 1248/8/3941 1247/10/3941
f 1250/70/3942 1242/8/3942 1241/10/3942
f 1253/1/1 1254/4/1 1255/2/1
f 1252/1/1 1255/4/1 1257/2/1
f 1259/1/1 1260/4/1 1261/2/1
f 1258/1/1 1261/4/1 1263/2/1
f 1262/1/1 1263/4/1 1265/2/1
f 1264/1/1 1265/4/1 1266/2/1
f 1254/1/1 1266/4/1 1267/2/1
f 1255/1/1 1267/4/1 1268/2/1
f 1261/1/1 1269/4/1 1270/2/1
f 1272/1/1 1273/4/1 1274/2/1
f 1271/1/1 1274/4/1 1276/2/1
f 1275/1/1 1276/4/1 1278/2/1
f 1277/1/1 1278/4/1 1253/2/1
f 1273/1/1 1259/4/1 1258/2/1
f 1281/1/1 1282/4/1 1283/2/1
f 1282/1/1 1272/4/1 1271/2/1
f 1280/1/1 1283/4/1 1285/2/1
f 1283/1/1 1271/4/1 1275/2/1
f 1285/1/1 1275/4/1 1277/2/1
f 1284/1/1 1285/4/1 1286/2/1
f 1287/1/1 1286/4/1 1289/2/1
f 1288/1/1 1289/4/1 1291/2/1
f 1274/1/1 1258/4/1 1262/2/1
f 1252/2/1 1292/3/1 1279/1/1
f 1294/1/1 1295/4/1 1296/2/1
f 1276/1/1 1262/4/1 1264/2/1
f 1278/1/1 1264/4/1 1254/2/1
f 1286/1/1 1277/4/1 1279/2/1
f 1298/1/1 1281/4/1 1280/2/1
f 1297/1/1 1280/4/1 1284/2/1
f 1299/1/1 1284/4/1 1287/2/1
f 1300/1/1 1287/4/1 1288/2/1
f 1295/1/1 1288/4/1 1290/2/1
f 1289/1/1 1279/4/1 1292/2/1
f 1302/46/472 1303/53/472 1304/36/472
f 1305/46/473 1304/53/473 1303/3/473
f 1307/46/3943 1308/53/3943 1304/3/3943
f 1307/7/1107 1309/5/1107 1310/68/1107
f 1311/22/476 1312/7/476 1305/69/476
f 1314/46/3944 1315/53/3944 1316/36/3944
f 1318/36/3945 1319/53/3945 1320/46/3945
f 1322/1/3946 1317/64/3946 1323/45/3946
f 1323/52/3947 1324/36/3947 1325/53/3947
f 1317/52/3948 1322/46/3948 1326/53/3948
f 1321/52/482 1325/36/482 1326/53/482
f 1327/11/3949 1328/14/3949 1329/12/3949
f 1331/11/3950 1327/14/3950 1330/12/3950
f 1334/14/485 1335/12/485 1336/13/485
f 1333/14/3951 1336/12/3951 1337/13/3951
f 1335/14/3952 1338/12/3952 1339/13/3952
f 1336/14/3953 1339/12/3953 1340/13/3953
f 1338/14/3954 1341/12/3954 1342/13/3954
f 1340/11/3955 1339/14/3955 1342/12/3955
f 1341/14/3956 1344/12/3956 1345/13/3956
f 1342/14/3957 1345/12/3957 1346/13/3957
f 1345/11/3958 1344/14/3958 1347/12/3958
f 1345/14/3959 1348/12/3959 1349/13/3959
f 1349/11/3960 1348/14/3960 1350/12/3960
f 1353/14/3961 1334/12/3961 1333/13/3961
f 1355/11/3962 1351/14/3962 1354/12/3962
f 1352/14/3963 1333/12/3963 1332/13/3963
f 1346/11/3964 1357/14/3964 1358/12/3964
f 1357/14/3965 1346/12/3965 1349/13/3965
f 1351/11/3966 1355/14/3966 1359/12/3966
f 1360/17/425 1361/15/425 1362/67/425
f 1367/20/3967 1368/19/3967 1369/77/3967
f 1371/19/3968 1372/77/3968 1370/78/3968
f 1373/21/3969 1370/82/3969 1372/30/3969
f 1375/44/3970 1377/19/3970 1379/20/3970
f 1381/59/3971 1375/70/3971 1378/15/3971
f 1367/82/3972 1370/30/3972 1373/22/3972
f 1371/20/3973 1376/19/3973 1375/77/3973
f 1372/82/3974 1375/30/3974 1381/22/3974
f 1364/20/3975 1377/19/3975 1376/44/3975
f 1385/26/3976 1386/27/3976 1387/9/3976
f 1389/26/3977 1385/27/3977 1388/9/3977
f 1380/27/3978 1387/9/3978 1386/10/3978
f 1381/27/3979 1380/9/3979 1391/10/3979
f 1374/26/3980 1391/10/3980 1392/9/3980
f 1386/10/522 1393/9/522 1392/27/522
f 1386/26/3981 1385/10/3981 1394/9/3981
f 1387/6/524 1380/35/524 1378/34/524
f 1387/59/525 1395/70/525 1396/15/525
f 1390/60/526 1388/59/526 1396/70/526
f 1378/32/3982 1379/40/3982 1398/49/3982
f 1399/11/3983 1398/14/3983 1400/12/3983
f 1395/44/3984 1398/19/3984 1399/20/3984
f 1402/11/3985 1399/14/3985 1401/12/3985
f 1397/39/3986 1396/32/3986 1399/40/3986
f 1363/17/3987 1404/16/3987 1405/67/3987
f 1406/26/3988 1389/27/3988 1390/9/3988
f 1408/18/533 1397/44/533 1402/19/533
f 1411/66/3989 1383/86/3989 1384/8/3989
f 1412/17/432 1364/16/432 1383/67/432
f 1413/17/535 1365/16/535 1364/67/535
f 1404/15/3990 1414/70/3990 1413/66/3990
f 1412/15/434 1411/70/434 1405/66/434
f 1415/70/3991 1405/66/3991 1411/86/3991
f 1416/4/3992 1417/56/3992 1418/55/3992
f 1419/4/540 1420/56/540 1421/64/540
f 1417/6/3993 1390/35/3993 1397/34/3993
f 1422/11/3994 1423/14/3994 1424/12/3994
f 1426/11/3995 1422/14/3995 1425/12/3995
f 1428/11/3996 1426/14/3996 1427/12/3996
f 1425/11/3997 1424/14/3997 1430/12/3997
f 1427/11/3998 1425/14/3998 1431/12/3998
f 1427/14/3999 1432/12/3999 1433/13/3999
f 1434/14/4000 1435/12/4000 1423/13/4000
f 1436/30/4001 1437/32/4001 1438/31/4001
f 1441/6/4002 1437/31/4002 1442/32/4002
f 1438/32/4003 1437/31/4003 1444/6/4003
f 1445/26/553 1446/27/553 1447/9/553
f 1449/26/4004 1450/27/4004 1451/9/4004
f 1454/46/4005 1455/52/4005 1456/36/4005
f 1453/36/4006 1457/53/4006 1458/46/4006
f 1459/52/4007 1460/36/4007 1461/53/4007
f 1463/88/4008 1465/40/4008 1466/32/4008
f 1466/63/4009 1465/20/4009 1469/18/4009
f 1475/20/4010 1467/19/4010 1466/77/4010
f 1477/11/568 1478/14/568 1479/12/568
f 1480/11/569 1479/14/569 1481/12/569
f 1482/11/4011 1481/14/4011 1483/12/4011
f 1484/11/4012 1483/14/4012 1485/12/4012
f 1488/44/4013 1489/19/4013 1490/20/4013
f 1487/32/4014 1490/40/4014 1492/49/4014
f 1486/11/4015 1485/14/4015 1493/12/4015
f 1495/35/575 1487/34/575 1491/31/575
f 1496/59/576 1488/70/576 1487/15/576
f 1494/59/577 1491/70/577 1498/15/577
f 1491/44/4016 1492/19/4016 1499/20/4016
f 1500/14/4017 1501/12/4017 1502/13/4017
f 1498/32/4018 1499/40/4018 1502/49/4018
f 1508/79/582 1509/38/582 1510/36/582
f 1510/36/582 1511/38/582 1512/79/582
f 1509/79/583 1513/38/583 1514/36/583
f 1514/36/583 1515/38/583 1511/79/583
f 1513/79/584 1516/38/584 1517/36/584
f 1517/36/584 1518/38/584 1515/79/584
f 1516/79/585 1519/38/585 1520/36/585
f 1520/36/585 1521/38/585 1518/79/585
f 1519/79/586 1522/38/586 1523/36/586
f 1523/36/586 1524/38/586 1521/79/586
f 1522/79/587 1525/38/587 1526/36/587
f 1526/36/587 1527/38/587 1524/79/587
f 1509/71/425 1508/60/425 1529/58/425
f 1513/71/425 1509/60/425 1528/58/425
f 1516/71/425 1513/60/425 1530/58/425
f 1519/71/425 1516/60/425 1531/58/425
f 1522/71/425 1519/60/425 1532/58/425
f 1534/85/425 1525/71/425 1522/60/425
f 1526/71/461 1525/60/461 1534/58/461
f 1527/71/461 1526/60/461 1535/58/461
f 1528/79/588 1529/38/588 1538/36/588
f 1538/36/588 1539/38/588 1540/79/588
f 1530/79/589 1528/38/589 1537/36/589
f 1534/79/590 1533/38/590 1542/36/590
f 1542/36/590 1543/38/590 1536/79/590
f 1539/85/591 1512/71/591 1511/60/591
f 1524/71/591 1527/60/591 1536/58/591
f 1547/53/1 1548/3/1 1549/2/1
f 1548/36/1 1551/53/1 1552/37/1
f 1551/53/1 1553/3/1 1554/2/1
f 1556/1/1 1551/4/1 1548/2/1
f 1559/3/1 1560/2/1 1561/37/1
f 1563/36/1 1562/38/1 1565/37/1
f 1567/53/1 1568/37/1 1562/38/1
f 1567/1/1 1564/4/1 1571/2/1
f 1571/3/1 1564/1/1 1563/4/1
f 1572/43/4019 1573/42/4019 1549/45/4019
f 1549/41/4020 1573/43/4020 1576/42/4020
f 1554/41/4021 1574/43/4021 1572/42/4021
f 1576/43/4022 1577/42/4022 1578/45/4022
f 1577/43/4023 1579/42/4023 1580/45/4023
f 1579/43/4024 1574/42/4024 1554/45/4024
f 1573/43/4025 1579/42/4025 1577/45/4025
f 1581/41/4026 1582/43/4026 1583/42/4026
f 1586/58/4027 1583/60/4027 1582/71/4027
f 1587/85/4028 1585/58/4028 1582/60/4028
f 1588/85/606 1587/58/606 1581/60/606
f 1588/58/4029 1584/60/4029 1583/71/4029
f 1589/41/4030 1590/45/4030 1591/42/4030
f 1592/71/4031 1591/60/4031 1594/58/4031
f 1595/85/4032 1589/71/4032 1592/60/4032
f 1596/85/611 1590/71/611 1589/60/611
f 1591/71/4033 1590/60/4033 1596/58/4033
f 1571/3/1 1557/1/1 1551/4/1
f 1571/1/1 1556/4/1 1597/2/1
f 1569/1/1 1597/4/1 1598/2/1
f 1544/3/1 1546/1/1 1598/4/1
f 1544/1/1 1599/4/1 1600/2/1
f 1559/1/1 1600/4/1 1602/2/1
f 1556/1/1 1555/4/1 1603/2/1
f 1597/1/1 1603/4/1 1604/2/1
f 1598/1/1 1604/4/1 1605/2/1
f 1599/1/1 1605/4/1 1606/2/1
f 1600/1/1 1606/4/1 1607/2/1
f 1555/3/1 1548/1/1 1558/4/1
f 1555/1/1 1608/4/1 1609/2/1
f 1603/1/1 1609/4/1 1610/2/1
f 1604/1/1 1610/4/1 1611/2/1
f 1605/1/1 1611/4/1 1612/2/1
f 1606/1/1 1612/4/1 1613/2/1
f 1558/1/1 1614/4/1 1615/2/1
f 1608/1/1 1615/4/1 1616/2/1
f 1609/1/1 1616/4/1 1617/2/1
f 1610/1/1 1617/4/1 1618/2/1
f 1611/1/1 1618/4/1 1619/2/1
f 1612/1/1 1619/4/1 1620/2/1
f 1613/1/1 1620/4/1 1622/2/1
f 1614/1/1 1623/4/1 1624/2/1
f 1615/1/1 1624/4/1 1625/2/1
f 1616/1/1 1625/4/1 1626/2/1
f 1617/1/1 1626/4/1 1627/2/1
f 1619/3/1 1618/1/1 1627/4/1
f 1620/3/1 1619/1/1 1628/4/1
f 1623/1/1 1630/4/1 1631/2/1
f 1624/1/1 1631/4/1 1632/2/1
f 1625/1/1 1632/4/1 1633/2/1
f 1626/1/1 1633/4/1 1634/2/1
f 1628/3/1 1627/1/1 1634/4/1
f 1637/26/613 1638/10/613 1639/59/613
f 1636/26/4034 1639/10/4034 1641/59/4034
f 1642/30/615 1643/6/615 1644/31/615
f 1643/30/2416 1646/6/2416 1647/31/2416
f 1645/6/1 1644/31/1 1639/32/1
f 1644/6/163 1647/31/163 1641/32/163
f 1649/27/1 1650/9/1 1651/10/1
f 1649/26/618 1653/10/618 1654/9/618
f 1654/38/619 1653/37/619 1655/89/619
f 1657/17/1 1658/15/1 1656/67/1
f 1652/37/4035 1659/89/4035 1655/80/4035
f 1660/17/1 1657/15/1 1655/67/1
f 1661/37/621 1662/89/621 1659/80/621
f 1660/15/1 1659/67/1 1662/16/1
f 1663/15/1 1662/67/1 1665/16/1
f 1664/15/1 1665/67/1 1667/16/1
f 1668/17/4036 1666/15/4036 1667/67/4036
f 1661/38/4037 1670/37/4037 1665/89/4037
f 1671/37/624 1667/89/624 1665/80/624
f 1672/37/4038 1669/89/4038 1667/80/4038
f 1648/10/112 1661/26/112 1652/27/112
f 1648/26/627 1651/27/627 1671/9/627
f 1674/37/4039 1657/89/4039 1660/80/4039
f 1675/38/630 1658/80/630 1657/89/630
f 1676/38/631 1677/37/631 1664/89/631
f 1679/10/1 1680/9/1 1681/27/1
f 1682/10/1 1683/9/1 1680/27/1
f 1684/18/4040 1685/44/4040 1686/19/4040
f 1690/43/4041 1691/42/4041 1692/45/4041
f 1693/43/4042 1696/42/4042 1697/45/4042
f 1699/43/4043 1700/42/4043 1689/45/4043
f 1700/43/4044 1697/42/4044 1702/45/4044
f 1703/44/4045 1704/19/4045 1695/20/4045
f 1705/32/4046 1706/40/4046 1704/49/4046
f 1699/44/4047 1698/19/4047 1706/20/4047
f 1693/41/4048 1707/43/4048 1708/42/4048
f 1709/43/4049 1710/42/4049 1711/45/4049
f 1711/41/4050 1710/43/4050 1707/42/4050
f 1714/56/4051 1715/54/4051 1716/61/4051
f 1718/6/653 1719/35/653 1720/34/653
f 1723/1/1 1724/4/1 1725/2/1
f 1727/1/1 1728/4/1 1729/2/1
f 1726/1/1 1729/4/1 1730/2/1
f 1724/1/1 1730/4/1 1731/2/1
f 1725/1/1 1731/4/1 1733/2/1
f 1732/1/1 1733/4/1 1735/2/1
f 1734/1/1 1735/4/1 1737/2/1
f 1736/1/1 1737/4/1 1739/2/1
f 1740/11/654 1741/13/654 1742/12/654
f 1744/11/4052 1745/13/4052 1741/12/4052
f 1747/59/656 1748/70/656 1749/15/656
f 1750/7/4053 1751/69/4053 1752/12/4053
f 1755/27/4054 1756/9/4054 1757/10/4054
f 1758/38/4055 1759/80/4055 1760/89/4055
f 1761/38/660 1760/80/660 1762/89/660
f 1764/38/4056 1765/80/4056 1766/89/4056
f 1767/38/662 1766/80/662 1768/89/662
f 1769/38/663 1768/80/663 1770/89/663
f 1765/15/664 1772/67/664 1773/16/664
f 1766/15/1 1773/67/1 1774/16/1
f 1768/15/665 1774/67/665 1775/16/665
f 1776/17/666 1770/15/666 1775/67/666
f 1778/38/4057 1779/37/4057 1780/89/4057
f 1779/38/668 1782/37/668 1783/89/668
f 1782/38/669 1784/37/669 1785/89/669
f 1761/62/670 1786/55/670 1787/56/670
f 1763/62/671 1788/55/671 1786/56/671
f 1764/27/672 1767/9/672 1779/10/672
f 1767/27/1 1769/9/1 1782/10/1
f 1769/27/665 1771/9/665 1784/10/665
f 1789/38/4058 1787/37/4058 1773/89/4058
f 1787/38/4059 1786/37/4059 1774/89/4059
f 1786/38/675 1788/37/675 1775/89/675
f 1788/38/4060 1790/37/4060 1777/89/4060
f 1759/16/664 1791/67/664 1781/15/664
f 1760/16/1 1759/67/1 1780/15/1
f 1762/16/665 1760/67/665 1783/15/665
f 1792/26/4061 1793/10/4061 1794/9/4061
f 1797/10/4062 1798/9/4062 1799/27/4062
f 1801/10/3791 1802/9/3791 1803/27/3791
f 1757/10/4063 1796/9/4063 1804/27/4063
f 1803/10/4064 1797/9/4064 1796/27/4064
f 1756/26/4065 1800/10/4065 1803/9/4065
f 1795/10/4066 1805/9/4066 1802/27/4066
f 1806/26/4067 1807/10/4067 1808/9/4067
f 1811/14/4068 1812/12/4068 1813/13/4068
f 1817/41/4069 1814/43/4069 1816/42/4069
f 1819/32/4070 1820/40/4070 1818/49/4070
f 1822/1/1 1823/4/1 1824/2/1
f 1825/1/1 1826/4/1 1827/2/1
f 1823/1/1 1827/4/1 1828/2/1
f 1824/1/1 1828/4/1 1830/2/1
f 1829/1/1 1830/4/1 1832/2/1
f 1831/1/1 1832/4/1 1834/2/1
f 1826/1/1 1835/4/1 1836/2/1
f 1827/1/1 1836/4/1 1837/2/1
f 1828/1/1 1837/4/1 1838/2/1
f 1830/1/1 1838/4/1 1839/2/1
f 1832/1/1 1839/4/1 1840/2/1
f 1835/1/1 1841/4/1 1842/2/1
f 1836/1/1 1842/4/1 1843/2/1
f 1837/1/1 1843/4/1 1844/2/1
f 1838/1/1 1844/4/1 1845/2/1
f 1839/1/1 1845/4/1 1846/2/1
f 1840/1/1 1846/4/1 1848/2/1
f 1841/1/1 1849/4/1 1850/2/1
f 1842/1/1 1850/4/1 1851/2/1
f 1843/1/1 1851/4/1 1852/2/1
f 1844/1/1 1852/4/1 1853/2/1
f 1845/1/1 1853/4/1 1854/2/1
f 1849/1/1 1855/4/1 1856/2/1
f 1850/1/1 1856/4/1 1857/2/1
f 1851/1/1 1857/4/1 1858/2/1
f 1852/1/1 1858/4/1 1859/2/1
f 1853/1/1 1859/4/1 1860/2/1
f 1855/1/1 1861/4/1 1862/2/1
f 1856/1/1 1862/4/1 1863/2/1
f 1857/1/1 1863/4/1 1864/2/1
f 1858/1/1 1864/4/1 1865/2/1
f 1859/1/1 1865/4/1 1866/2/1
f 1861/1/1 1867/4/1 1868/2/1
f 1872/11/4071 1869/14/4071 1871/12/4071
f 1875/15/4072 1876/67/4072 1877/16/4072
f 1876/17/591 1875/15/591 1878/67/591
f 1880/17/591 1879/15/591 1878/67/591
f 1882/17/4073 1880/15/4073 1881/67/4073
f 1882/15/693 1883/67/693 1885/16/693
f 1877/15/591 1886/67/591 1887/16/591
f 1887/17/591 1886/15/591 1884/67/591
f 1888/11/4074 1869/14/4074 1872/12/4074
f 1891/32/4075 1888/40/4075 1889/49/4075
f 1892/50/1 1893/45/1 1875/64/1
f 1892/8/4076 1894/86/4076 1895/81/4076
f 1897/15/4077 1898/67/4077 1899/66/4077
f 1898/70/4078 1897/66/4078 1902/67/4078
f 1895/86/4079 1903/81/4079 1904/79/4079
f 1900/15/4080 1883/67/4080 1881/16/4080
f 1885/17/4081 1883/15/4081 1905/67/4081
f 1885/17/4082 1906/16/4082 1894/67/4082
f 1874/8/4083 1887/86/4083 1894/81/4083
f 1907/89/4084 1908/57/4084 1909/2/4084
f 1875/8/4085 1893/79/4085 1902/81/4085
f 1902/17/4086 1897/15/4086 1881/67/4086
f 1910/47/4087 1911/48/4087 1912/65/4087
f 1913/28/4088 1912/47/4088 1914/46/4088
f 1916/28/4089 1917/47/4089 1915/46/4089
f 1918/28/4090 1919/52/4090 1920/46/4090
f 1922/51/4091 1919/50/4091 1923/45/4091
f 1925/48/4092 1920/65/4092 1919/46/4092
f 1927/30/4093 1925/32/4093 1922/39/4093
f 1928/82/4094 1926/30/4094 1922/32/4094
f 1910/39/4095 1926/82/4095 1929/30/4095
f 1928/70/591 1924/8/591 1923/86/591
f 1936/26/4096 1937/10/4096 1938/9/4096
f 1939/26/4097 1938/10/4097 1940/9/4097
f 1942/26/2522 1943/10/2522 1944/9/2522
f 1941/26/4098 1940/10/4098 1945/9/4098
f 1947/26/726 1936/10/726 1939/9/726
f 1945/59/4099 1949/70/4099 1950/15/4099
f 1949/37/4100 1951/89/4100 1952/80/4100
f 1950/37/4101 1952/89/4101 1954/80/4101
f 1953/37/4102 1954/89/4102 1956/80/4102
f 1958/59/4103 1955/70/4103 1959/15/4103
f 1955/37/4104 1956/89/4104 1960/80/4104
f 1963/26/734 1962/27/734 1964/9/734
f 1964/38/4105 1966/80/4105 1967/89/4105
f 1962/38/736 1969/80/736 1966/89/736
f 1934/38/737 1935/80/737 1969/89/737
f 1960/5/4106 1956/85/4106 1970/71/4106
f 1956/5/4107 1954/85/4107 1972/71/4107
f 1954/5/4108 1952/85/4108 1973/71/4108
f 1952/5/4109 1951/85/4109 1974/71/4109
f 1951/5/4110 1934/85/4110 1975/71/4110
f 1967/17/743 1966/15/743 1976/67/743
f 1976/16/744 1966/17/744 1969/15/744
f 1932/16/4111 1969/17/4111 1935/15/4111
f 1979/37/4112 1977/89/4112 1976/80/4112
f 1980/52/4113 1981/36/4113 1982/53/4113
f 1984/15/4114 1985/67/4114 1986/66/4114
f 1988/15/4115 1989/67/4115 1985/66/4115
f 1990/70/4116 1991/8/4116 1989/86/4116
f 1992/52/128 1993/46/128 1994/53/128
f 1997/85/1 1998/71/1 1990/35/1
f 2000/45/1 1997/64/1 1996/1/1
f 2002/45/1 2000/64/1 2003/1/1
f 1980/50/1 1983/45/1 2003/64/1
f 1980/50/1 2004/45/1 2005/64/1
f 2006/50/1 2005/45/1 2007/64/1
f 2007/50/1 1999/45/1 2001/64/1
f 2010/72/4117 2011/16/4117 2012/17/4117
f 2013/52/129 2014/46/129 1981/53/129
f 2016/46/752 1982/53/752 1981/36/752
f 1980/46/4118 2006/52/4118 2015/36/4118
f 1992/46/130 1995/53/130 2018/36/130
f 2001/52/4119 1995/36/4119 1994/53/4119
f 2017/46/755 2018/53/755 1982/36/755
f 2012/34/756 2019/17/756 2020/16/756
f 1984/15/4120 2021/67/4120 2022/16/4120
f 1987/15/4121 2019/67/4121 2021/16/4121
f 1996/70/4122 1990/8/4122 1988/86/4122
f 2025/16/4123 2026/67/4123 2027/15/4123
f 1997/70/4124 2025/66/4124 2024/86/4124
f 2026/16/4125 2012/67/4125 2028/15/4125
f 2007/42/1 2003/63/1 2000/64/1
f 2003/42/1 2007/63/1 2005/64/1
f 2008/52/4126 1994/36/4126 2015/53/4126
f 2025/65/4127 2002/3/4127 2018/53/4127
f 2019/46/4128 2012/65/4128 2018/3/4128
f 2022/65/4129 2021/3/4129 1995/53/4129
f 2027/15/4130 2028/70/4130 2029/66/4130
f 2024/15/4131 2027/70/4131 2030/66/4131
f 2020/2/4132 2032/57/4132 2010/89/4132
f 1993/52/136 2013/46/136 2015/53/136
f 1982/36/4133 2018/53/4133 2002/46/4133
f 2033/38/4134 2034/37/4134 2035/89/4134
f 2037/17/4135 2038/15/4135 2036/67/4135
f 2048/75/4136 2049/74/4136 2050/68/4136
f 2053/74/4137 2049/68/4137 2048/69/4137
f 2043/75/4138 2041/74/4138 2053/68/4138
f 2042/75/4139 2039/74/4139 2041/68/4139
f 2054/73/4140 2039/87/4140 2042/68/4140
f 2047/75/4141 2055/74/4141 2054/68/4141
f 2056/38/787 2057/80/787 2058/89/787
f 2059/38/4142 2058/80/4142 2060/89/4142
f 2061/37/4143 2060/89/4143 2038/80/4143
f 2063/38/790 2064/80/790 2065/89/790
f 2065/17/791 2064/15/791 2067/67/791
f 2065/15/4144 2068/67/4144 2070/16/4144
f 2071/38/793 2072/37/793 2073/89/793
f 2072/38/794 2075/37/794 2076/89/794
f 2059/4/795 2061/62/795 2077/55/795
f 2079/27/796 2063/9/796 2072/10/796
f 2063/27/791 2066/9/791 2075/10/791
f 2075/65/797 2066/50/797 2080/1/797
f 2078/38/4145 2077/37/4145 2068/89/4145
f 2058/16/796 2057/67/796 2074/15/796
f 2076/17/791 2060/16/791 2058/67/791
f 2038/16/4144 2060/67/4144 2076/15/4144
f 2082/42/1 2083/63/1 2084/64/1
f 2049/10/4146 2053/9/4146 2087/27/4146
f 2088/10/4147 2089/9/4147 2047/27/4147
f 2044/26/4148 2090/10/4148 2046/9/4148
f 2092/10/4149 2093/9/4149 2094/27/4149
f 2087/10/4150 2092/9/4150 2091/27/4150
f 2096/10/4151 2088/9/4151 2046/27/4151
f 2053/10/4152 2041/9/4152 2092/27/4152
f 2092/26/4153 2041/10/4153 2040/9/4153
f 2098/1/1 2099/4/1 2100/2/1
f 2102/1/1 2103/4/1 2104/2/1
f 2100/1/1 2106/4/1 2107/2/1
f 2105/1/1 2107/4/1 2108/2/1
f 2103/1/1 2108/4/1 2109/2/1
f 2104/1/1 2109/4/1 2111/2/1
f 2112/3/1 2110/1/1 2111/4/1
f 2106/1/1 2117/4/1 2118/2/1
f 2107/1/1 2118/4/1 2119/2/1
f 2108/1/1 2119/4/1 2120/2/1
f 2109/1/1 2120/4/1 2121/2/1
f 2113/3/1 2111/1/1 2121/4/1
f 2117/1/1 2123/4/1 2124/2/1
f 2118/1/1 2124/4/1 2125/2/1
f 2119/1/1 2125/4/1 2126/2/1
f 2120/1/1 2126/4/1 2127/2/1
f 2122/3/1 2121/1/1 2127/4/1
f 2123/1/1 2129/4/1 2130/2/1
f 2124/1/1 2130/4/1 2131/2/1
f 2125/1/1 2131/4/1 2132/2/1
f 2126/1/1 2132/4/1 2133/2/1
f 2128/3/1 2127/1/1 2133/4/1
f 2129/1/1 2135/4/1 2136/2/1
f 2130/1/1 2136/4/1 2137/2/1
f 2131/1/1 2137/4/1 2138/2/1
f 2132/1/1 2138/4/1 2139/2/1
f 2133/1/1 2139/4/1 2140/2/1
f 2135/1/1 2141/4/1 2142/2/1
f 2136/1/1 2142/4/1 2143/2/1
f 2137/1/1 2143/4/1 2144/2/1
f 2138/1/1 2144/4/1 2145/2/1
f 2139/1/1 2145/4/1 2146/2/1
f 2116/3/1 2140/1/1 2146/4/1
f 2144/1/1 2147/4/1 2148/2/1
f 2145/1/1 2148/4/1 2149/2/1
f 2113/3/1 2150/2/1 2151/37/1
f 2122/53/1 2152/37/1 2150/38/1
f 2122/53/1 2128/3/1 2153/2/1
f 2134/53/1 2154/37/1 2153/38/1
f 2116/3/1 2155/2/1 2154/37/1
f 2115/53/1 2156/37/1 2155/38/1
f 2155/48/4154 2157/65/4154 2158/46/4154
f 2154/41/4155 2158/45/4155 2159/50/4155
f 2152/51/4156 2153/41/4156 2159/45/4156
f 2150/51/4157 2152/41/4157 2160/45/4157
f 2151/47/4158 2150/48/4158 2161/65/4158
f 2164/30/4159 2165/32/4159 2166/39/4159
f 2169/82/4160 2163/30/4160 2166/32/4160
f 2170/69/4161 2171/68/4161 2164/5/4161
f 2164/12/4162 2177/69/4162 2174/7/4162
f 2178/64/4163 2177/56/4163 2164/54/4163
f 2180/10/4164 2181/9/4164 2182/27/4164
f 2184/10/4165 2180/9/4165 2179/27/4165
f 2185/50/4166 2184/1/4166 2183/3/4166
f 2186/3/4167 2187/1/4167 2181/50/4167
f 2188/10/4168 2186/9/4168 2180/27/4168
f 2166/44/4169 2189/19/4169 2190/20/4169
f 2190/11/4170 2191/14/4170 2192/12/4170
f 2167/32/4171 2190/40/4171 2193/49/4171
f 2163/84/4172 2195/43/4172 2196/42/4172
f 2198/65/4173 2199/3/4173 2200/53/4173
f 2207/17/4174 2208/15/4174 2209/67/4174
f 2211/17/4175 2212/16/4175 2209/67/4175
f 2213/17/4176 2211/15/4176 2212/67/4176
f 2205/8/4177 2215/86/4177 2209/66/4177
f 2212/16/4178 2209/67/4178 2215/15/4178
f 2212/17/4179 2217/16/4179 2218/67/4179
f 2209/66/4180 2218/86/4180 2219/8/4180
f 2220/15/4181 2221/67/4181 2222/16/4181
f 2212/17/4182 2216/16/4182 2223/67/4182
f 2212/17/4183 2214/15/4183 2225/67/4183
f 2226/70/4184 2227/66/4184 2228/86/4184
f 2230/17/4185 2231/16/4185 2228/67/4185
f 2233/16/4186 2231/67/4186 2230/15/4186
f 2225/34/4187 2234/72/4187 2233/16/4187
f 2222/34/4188 2224/17/4188 2235/16/4188
f 2236/89/4189 2234/57/4189 2225/2/4189
f 2235/34/4190 2233/17/4190 2234/16/4190
f 2217/15/4191 2225/70/4191 2232/66/4191
f 2230/15/4192 2227/70/4192 2218/66/4192
f 2219/70/4193 2218/66/4193 2227/86/4193
f 2221/15/4194 2237/67/4194 2238/66/4194
f 2216/15/4195 2231/67/4195 2233/66/4195
f 2231/15/4196 2216/67/4196 2215/66/4196
f 2205/70/4197 2229/8/4197 2228/86/4197
f 2239/26/1 2240/27/1 2241/9/1
f 2244/19/4198 2245/77/4198 2246/78/4198
f 2247/20/4199 2248/19/4199 2244/77/4199
f 2250/20/864 2248/78/864 2247/54/864
f 2247/82/865 2243/30/865 2251/22/865
f 2240/21/4200 2252/82/4200 2253/30/4200
f 2255/82/4201 2252/30/4201 2240/22/4201
f 2256/19/4202 2257/77/4202 2253/78/4202
f 2258/19/4203 2256/77/4203 2252/78/4203
f 2257/82/4204 2256/30/4204 2260/22/4204
f 2262/19/4205 2263/77/4205 2264/78/4205
f 2265/11/4206 2266/14/4206 2267/12/4206
f 2269/11/4207 2265/14/4207 2268/12/4207
f 2271/11/4208 2269/14/4208 2270/12/4208
f 2273/51/4209 2274/50/4209 2275/45/4209
f 2277/11/4210 2278/13/4210 2279/12/4210
f 2278/11/4211 2281/13/4211 2271/12/4211
f 2281/20/4212 2278/19/4212 2283/44/4212
f 2284/41/4213 2285/45/4213 2282/42/4213
f 2274/48/4214 2285/65/4214 2284/50/4214
f 2287/53/1 2276/37/1 2288/38/1
f 2289/3/1 2273/2/1 2276/37/1
f 2286/3/1 2290/1/1 2291/4/1
f 2289/36/1 2292/53/1 2293/37/1
f 2292/53/1 2294/3/1 2295/2/1
f 2297/20/4215 2281/19/4215 2282/44/4215
f 2296/45/4216 2282/42/4216 2285/43/4216
f 2298/65/4217 2285/50/4217 2274/51/4217
f 2299/46/4218 2274/65/4218 2273/48/4218
f 2265/13/4219 2269/12/4219 2297/14/4219
f 2300/49/4220 2297/40/4220 2296/32/4220
f 2301/45/4221 2296/42/4221 2298/43/4221
f 2302/65/4222 2298/50/4222 2299/51/4222
f 2303/50/4223 2299/45/4223 2293/41/4223
f 2266/13/4224 2265/12/4224 2300/14/4224
f 2304/20/4225 2300/19/4225 2301/44/4225
f 2305/45/4226 2301/42/4226 2302/43/4226
f 2306/52/4227 2302/46/4227 2303/47/4227
f 2307/46/4228 2303/65/4228 2295/48/4228
f 2269/13/4229 2271/12/4229 2281/14/4229
f 2316/7/4230 2317/6/4230 2318/35/4230
f 2321/6/896 2322/35/896 2323/5/896
f 2324/4/1 2325/62/1 2322/55/1
f 2326/8/4231 2327/79/4231 2328/9/4231
f 2329/8/4232 2330/79/4232 2327/9/4232
f 2331/8/4233 2332/79/4233 2330/9/4233
f 2328/9/3622 2327/79/3622 2334/8/3622
f 2327/9/3623 2330/79/3623 2335/8/3623
f 2330/9/3624 2332/79/3624 2336/8/3624
f 2334/8/3625 2337/79/3625 2312/9/3625
f 2335/8/3626 2338/79/3626 2337/9/3626
f 2336/8/3627 2339/79/3627 2338/9/3627
f 2312/9/4234 2337/79/4234 2326/8/4234
f 2337/9/4235 2338/79/4235 2329/8/4235
f 2338/9/4236 2339/79/4236 2331/8/4236
f 2340/3/1 2328/2/1 2341/4/1
f 2328/2/1 2333/4/1 2323/1/1
f 2343/34/904 2344/72/904 2345/88/904
f 2346/31/904 2342/34/904 2345/72/904
f 2349/31/906 2345/88/906 2344/40/906
f 2349/32/4237 2350/31/4237 2347/88/4237
f 2352/35/4238 2348/34/4238 2344/31/4238
f 2351/59/908 2344/70/908 2343/15/908
f 2347/31/4239 2350/34/4239 2355/35/4239
f 2346/15/910 2347/70/910 2354/59/910
f 2351/27/4240 2357/9/4240 2358/10/4240
f 2359/26/1 2360/27/1 2361/9/1
f 2362/26/4241 2361/27/4241 2354/9/4241
f 2365/10/4242 2366/9/4242 2367/27/4242
f 2369/10/1 2365/9/1 2364/27/1
f 2370/26/1 2349/10/1 2348/9/1
f 2366/26/1 2350/10/1 2349/9/1
f 2350/5/1 2366/35/1 2365/71/1
f 2365/35/1 2369/71/1 2373/85/1
f 2374/39/914 2375/32/914 2376/40/914
f 2379/64/4243 2375/56/4243 2374/4/4243
f 2381/44/4244 2382/19/4244 2383/20/4244
f 2367/64/4245 2381/56/4245 2380/4/4245
f 2385/14/4246 2386/12/4246 2387/13/4246
f 2384/11/4247 2387/14/4247 2388/12/4247
f 2387/11/4248 2386/14/4248 2389/12/4248
f 2390/14/4249 2382/12/4249 2388/13/4249
f 2390/11/4250 2389/14/4250 2391/12/4250
f 2392/14/4251 2383/12/4251 2382/13/4251
f 2362/70/4252 2355/8/4252 2350/86/4252
f 2359/70/4253 2362/8/4253 2372/86/4253
f 2393/11/4254 2394/14/4254 2395/12/4254
f 2397/11/4255 2393/14/4255 2396/12/4255
f 2399/11/4256 2397/14/4256 2398/12/4256
f 2401/11/4257 2399/14/4257 2400/12/4257
f 2403/14/4258 2404/12/4258 2405/13/4258
f 2395/14/4259 2405/12/4259 2406/13/4259
f 2398/11/4260 2396/14/4260 2406/12/4260
f 2400/11/4261 2398/14/4261 2407/12/4261
f 2402/11/4262 2400/14/4262 2408/12/4262
f 2410/11/4263 2402/14/4263 2409/12/4263
f 2404/11/4264 2412/14/4264 2413/12/4264
f 2404/14/4265 2414/12/4265 2415/13/4265
f 2405/14/4266 2415/12/4266 2416/13/4266
f 2406/14/4267 2416/12/4267 2417/13/4267
f 2407/14/4268 2417/12/4268 2418/13/4268
f 2408/14/4269 2418/12/4269 2419/13/4269
f 2420/36/1 2421/53/1 2422/37/1
f 2424/11/4270 2425/14/4270 2426/12/4270
f 2428/39/4271 2429/32/4271 2425/40/4271
f 2430/47/4272 2431/48/4272 2432/65/4272
f 2434/11/4273 2424/14/4273 2427/12/4273
f 2436/39/4274 2428/32/4274 2424/40/4274
f 2438/43/4275 2428/42/4275 2436/45/4275
f 2433/51/4276 2438/50/4276 2437/65/4276
f 2440/51/4277 2430/41/4277 2433/45/4277
f 2441/11/4278 2434/14/4278 2435/12/4278
f 2443/18/4279 2436/44/4279 2434/19/4279
f 2444/41/4280 2437/43/4280 2436/42/4280
f 2445/28/4281 2439/47/4281 2437/46/4281
f 2446/11/4282 2441/14/4282 2442/12/4282
f 2443/32/4283 2441/40/4283 2446/49/4283
f 2449/41/4284 2444/43/4284 2443/42/4284
f 2445/47/4285 2444/46/4285 2449/52/4285
f 2446/14/4286 2447/12/4286 2452/13/4286
f 2453/18/4287 2448/44/4287 2446/19/4287
f 2454/41/4288 2449/43/4288 2448/42/4288
f 2450/51/4289 2449/50/4289 2454/65/4289
f 2422/51/4290 2456/41/4290 2450/45/4290
f 2451/14/4291 2452/12/4291 2458/13/4291
f 2451/20/4292 2457/19/4292 2459/44/4292
f 2460/41/4293 2454/43/4293 2453/42/4293
f 2461/11/4294 2457/14/4294 2458/12/4294
f 2463/32/967 2464/31/967 2465/88/967
f 2467/32/967 2463/31/967 2466/88/967
f 2467/31/967 2468/88/967 2470/40/967
f 2473/59/969 2471/70/969 2465/15/969
f 2475/26/4295 2474/27/4295 2477/9/4295
f 2480/26/4296 2481/10/4296 2482/59/4296
f 2479/26/4297 2482/10/4297 2484/59/4297
f 2486/65/4298 2480/3/4298 2479/53/4298
f 2487/22/4299 2485/7/4299 2479/6/4299
f 2489/32/4300 2490/31/4300 2491/6/4300
f 2492/25/4301 2493/23/4301 2494/26/4301
f 2491/25/4302 2494/23/4302 2495/26/4302
f 2497/21/4303 2498/22/4303 2499/12/4303
f 2498/21/4304 2489/22/4304 2490/12/4304
f 2500/25/4305 2501/24/4305 2502/26/4305
f 2501/25/4306 2488/24/4306 2504/26/4306
f 2506/12/4307 2507/22/4307 2508/21/4307
f 2502/13/4308 2504/12/4308 2510/22/4308
f 2489/6/4309 2510/31/4309 2504/32/4309
f 2516/43/4310 2517/42/4310 2518/45/4310
f 2522/26/4311 2523/27/4311 2524/9/4311
f 2537/27/4312 2538/9/4312 2539/10/4312
f 2538/27/4313 2534/9/4313 2540/10/4313
f 2532/10/4314 2531/9/4314 2542/27/4314
f 2543/26/238 2544/10/238 2545/9/238
f 2534/26/4315 2538/10/4315 2526/9/4315
f 2544/26/4316 2542/10/4316 2547/9/4316
f 2549/10/4317 2550/9/4317 2551/27/4317
f 2552/26/4318 2553/10/4318 2549/9/4318
f 2554/26/4319 2555/10/4319 2556/9/4319
f 2557/10/4320 2559/9/4320 2541/27/4320
f 2523/26/4321 2522/10/4321 2553/9/4321
f 2556/26/4322 2552/10/4322 2548/9/4322
f 2562/10/4323 2563/9/4323 2540/27/4323
f 2524/10/4324 2523/9/4324 2555/27/4324
f 2563/10/4325 2565/9/4325 2539/27/4325
f 2551/10/4326 2566/9/4326 2563/27/4326
f 2541/26/4327 2559/10/4327 2561/9/4327
f 2568/10/4328 2569/9/4328 2570/27/4328
f 2544/26/804 2558/10/804 2541/9/804
f 2523/10/4329 2552/9/4329 2556/27/4329
f 2572/10/4330 2564/9/4330 2573/27/4330
f 2574/26/4331 2554/10/4331 2557/9/4331
f 2572/26/4332 2575/10/4332 2524/9/4332
f 2571/3/4333 2573/1/4333 2569/50/4333
f 2566/10/4334 2576/9/4334 2565/27/4334
f 2522/26/4335 2577/10/4335 2578/9/4335
f 2557/26/4336 2556/10/4336 2560/9/4336
f 2580/10/4337 2571/9/4337 2568/27/4337
f 2573/26/4338 2564/10/4338 2555/9/4338
f 2548/10/4339 2551/9/4339 2562/27/4339
f 2565/10/4340 2581/9/4340 2536/27/4340
f 2569/10/4341 2574/9/4341 2543/27/4341
f 2574/10/4342 2558/9/4342 2544/27/4342
f 2559/26/4343 2560/10/4343 2562/9/4343
f 2569/26/4344 2573/10/4344 2554/9/4344
f 2532/26/4345 2561/10/4345 2540/9/4345
f 2583/27/1 2584/9/1 2585/10/1
f 2586/9/4346 2582/10/4346 2587/26/4346
f 2583/9/4347 2582/10/4347 2586/26/4347
f 2591/35/1034 2592/34/1034 2593/31/1034
f 2594/11/4348 2595/14/4348 2596/12/4348
f 2601/31/1037 2602/34/1037 2583/35/1037
f 2603/60/1038 2604/15/1038 2601/70/1038
f 2605/60/1039 2606/15/1039 2604/70/1039
f 2602/15/1040 2607/70/1040 2584/59/1040
f 2599/11/4349 2608/13/4349 2609/12/4349
f 2607/18/4350 2602/44/4350 2608/19/4350
f 2608/11/4351 2610/13/4351 2611/12/4351
f 2602/18/4352 2601/44/4352 2610/19/4352
f 2610/11/4353 2612/13/4353 2613/12/4353
f 2601/39/1046 2604/32/1046 2612/40/1046
f 2612/11/4354 2614/13/4354 2615/12/4354
f 2604/18/4355 2606/44/4355 2614/19/4355
f 2616/39/4356 2607/32/4356 2599/40/4356
f 2588/27/4357 2587/9/4357 2591/10/4357
f 2621/13/4358 2622/12/4358 2618/14/4358
f 2619/14/4359 2618/12/4359 2624/13/4359
f 2625/26/4360 2626/10/4360 2627/9/4360
f 2627/26/290 2629/10/290 2630/9/290
f 2586/26/2023 2588/10/2023 2625/9/2023
f 2627/10/4361 2631/9/4361 2632/27/4361
f 2588/26/4362 2620/10/4362 2626/9/4362
f 2634/10/4363 2635/9/4363 2629/27/4363
f 2628/10/4364 2632/9/4364 2605/27/4364
f 2626/26/4365 2633/10/4365 2629/9/4365
f 2625/3/4366 2628/1/4366 2603/50/4366
f 2620/26/4367 2636/10/4367 2633/9/4367
f 2590/10/4368 2636/9/4368 2620/27/4368
f 2637/10/1024 2634/9/1024 2633/27/1024
f 2638/60/4369 2590/59/4369 2593/70/4369
f 2640/59/1066 2641/70/1066 2642/15/1066
f 2585/35/1067 2642/34/1067 2643/31/1067
f 2582/59/1068 2643/70/1068 2644/15/1068
f 2587/59/1069 2644/70/1069 2592/15/1069
f 2646/32/4370 2647/40/4370 2648/49/4370
f 2649/11/4371 2650/14/4371 2651/12/4371
f 2648/11/4372 2649/14/4372 2652/12/4372
f 2645/44/4373 2648/19/4373 2653/20/4373
f 2652/11/4374 2651/14/4374 2655/12/4374
f 2653/11/4375 2652/14/4375 2656/12/4375
f 2654/32/4376 2653/40/4376 2657/49/4376
f 2657/11/4377 2656/14/4377 2658/12/4377
f 2642/18/4378 2641/44/4378 2657/19/4378
f 2658/14/4379 2660/12/4379 2661/13/4379
f 2643/39/4380 2642/32/4380 2659/40/4380
f 2660/11/4381 2655/14/4381 2662/12/4381
f 2660/14/4382 2663/12/4382 2664/13/4382
f 2644/18/4383 2643/44/4383 2661/19/4383
f 2662/14/4384 2622/12/4384 2665/13/4384
f 2663/14/4385 2665/12/4385 2666/13/4385
f 2644/32/4386 2664/40/4386 2666/49/4386
f 2667/11/4387 2665/14/4387 2622/12/4387
f 2592/44/4388 2666/19/4388 2667/20/4388
f 2650/14/4389 2668/12/4389 2669/13/4389
f 2622/11/4390 2662/14/4390 2670/12/4390
f 2670/11/4391 2669/14/4391 2597/12/4391
f 2662/11/4392 2655/14/4392 2669/12/4392
f 2618/11/4393 2670/14/4393 2671/12/4393
f 2639/39/4394 2593/32/4394 2667/40/4394
f 2671/11/4395 2597/14/4395 2596/12/4395
f 2674/14/4396 2675/12/4396 2676/13/4396
f 2600/14/4397 2674/12/4397 2673/13/4397
f 2677/18/4398 2616/44/4398 2598/19/4398
f 2678/52/4399 2679/36/4399 2680/53/4399
f 2679/53/472 2678/46/472 2682/52/472
f 2680/42/4400 2684/18/4400 2685/84/4400
f 2687/65/3943 2680/3/3943 2679/53/3943
f 2686/65/473 2679/3/473 2683/53/473
f 2684/87/1106 2690/85/1106 2691/5/1106
f 2684/69/475 2680/68/475 2687/5/475
f 2692/12/2283 2691/69/2283 2693/7/2283
f 2690/69/1109 2695/7/1109 2693/22/1109
f 2687/69/4401 2696/7/4401 2695/22/4401
f 2698/36/1111 2699/38/1111 2700/79/1111
f 2702/37/1 2703/2/1 2704/3/1
f 2704/36/1 2703/38/1 2705/37/1
f 2706/53/1 2705/37/1 2707/2/1
f 2707/38/1 2709/37/1 2710/53/1
f 2710/53/1 2709/37/1 2711/2/1
f 2711/38/1 2702/37/1 2701/53/1
f 2708/53/1 2713/37/1 2714/2/1
f 2714/38/1 2716/37/1 2717/53/1
f 2716/37/1 2718/2/1 2719/3/1
f 2719/36/1 2718/38/1 2720/37/1
f 2721/53/1 2720/37/1 2722/2/1
f 2723/36/1 2722/38/1 2713/37/1
f 2710/3/1 2724/1/1 2723/4/1
f 2706/3/1 2708/1/1 2715/4/1
f 2721/3/1 2726/1/1 2727/4/1
f 2728/43/4402 2730/42/4402 2722/45/4402
f 2722/41/4403 2730/43/4403 2731/42/4403
f 2731/43/4404 2732/42/4404 2714/45/4404
f 2732/43/4405 2733/42/4405 2716/45/4405
f 2733/43/4406 2734/42/4406 2718/45/4406
f 2718/41/4407 2734/43/4407 2728/42/4407
f 2735/43/4408 2736/42/4408 2702/45/4408
f 2703/41/4409 2737/43/4409 2738/42/4409
f 2739/43/4410 2735/42/4410 2711/45/4410
f 2705/41/4411 2738/43/4411 2740/42/4411
f 2736/43/4412 2737/42/4412 2703/45/4412
f 2740/43/4413 2739/42/4413 2709/45/4413
f 2737/41/4414 2736/43/4414 2735/42/4414
f 2735/41/1 2739/43/1 2740/42/1
f 2741/41/1132 2742/43/1132 2743/42/1132
f 2746/58/4415 2743/60/4415 2742/71/4415
f 2747/85/607 2745/58/607 2742/60/607
f 2747/58/1135 2741/60/1135 2744/71/1135
f 2748/58/4416 2744/60/4416 2743/71/4416
f 2750/45/1137 2751/42/1137 2752/43/1137
f 2752/71/1138 2751/60/1138 2754/58/1138
f 2755/85/4417 2749/71/4417 2752/60/4417
f 2756/85/1139 2750/71/1139 2749/60/1139
f 2751/71/4418 2750/60/4418 2756/58/4418
f 2758/1/1 2759/4/1 2760/2/1
f 2761/3/1 2762/1/1 2763/4/1
f 2765/1/1 2766/4/1 2767/2/1
f 2759/1/1 2767/4/1 2768/2/1
f 2760/1/1 2768/4/1 2770/2/1
f 2769/1/1 2770/4/1 2771/2/1
f 2764/3/1 2763/1/1 2771/4/1
f 2773/3/1 2764/1/1 2772/4/1
f 2767/1/1 2776/4/1 2777/2/1
f 2768/1/1 2777/4/1 2778/2/1
f 2770/1/1 2778/4/1 2779/2/1
f 2771/1/1 2779/4/1 2780/2/1
f 2772/1/1 2780/4/1 2781/2/1
f 2775/3/1 2774/1/1 2781/4/1
f 2776/1/1 2727/4/1 2726/2/1
f 2777/1/1 2726/4/1 2783/2/1
f 2778/1/1 2783/4/1 2784/2/1
f 2779/1/1 2784/4/1 2785/2/1
f 2781/3/1 2780/1/1 2785/4/1
f 2782/3/1 2781/1/1 2786/4/1
f 2726/1/1 2723/4/1 2724/2/1
f 2783/1/1 2724/4/1 2788/2/1
f 2784/1/1 2788/4/1 2789/2/1
f 2786/3/1 2785/1/1 2789/4/1
f 2787/3/1 2786/1/1 2790/4/1
f 2724/1/1 2712/4/1 2792/2/1
f 2788/1/1 2792/4/1 2793/2/1
f 2790/3/1 2789/1/1 2793/4/1
f 2791/3/1 2790/1/1 2794/4/1
f 2717/3/1 2796/1/1 2797/4/1
f 2792/3/1 2712/1/1 2701/4/1
f 2792/1/1 2798/4/1 2799/2/1
f 2793/1/1 2799/4/1 2800/2/1
f 2794/1/1 2800/4/1 2801/2/1
f 2799/1/1 2802/4/1 2803/2/1
f 2801/3/1 2800/1/1 2803/4/1
f 2808/13/4419 2809/12/4419 2806/14/4419
f 2810/13/4420 2811/12/4420 2809/14/4420
f 2812/11/4421 2813/14/4421 2814/12/4421
f 2822/10/4422 2823/8/4422 2824/70/4422
f 2821/10/4423 2825/8/4423 2826/70/4423
f 2821/10/4424 2824/8/4424 2828/70/4424
f 2821/59/4425 2827/10/4425 2829/8/4425
f 2825/59/4426 2829/10/4426 2830/8/4426
f 2827/59/4427 2832/10/4427 2833/8/4427
f 2829/59/4428 2833/10/4428 2834/8/4428
f 2832/59/4429 2835/10/4429 2836/8/4429
f 2836/10/4430 2837/8/4430 2834/70/4430
f 2822/10/4431 2826/8/4431 2836/70/4431
f 2842/70/4432 2844/8/4432 2845/10/4432
f 2847/5/4433 2848/85/4433 2849/87/4433
f 2851/7/4434 2852/5/4434 2853/68/4434
f 2855/1/1 2856/4/1 2857/2/1
f 2854/1/1 2857/4/1 2859/2/1
f 2858/1/1 2859/4/1 2861/2/1
f 2860/1/1 2861/4/1 2863/2/1
f 2862/1/1 2863/4/1 2865/2/1
f 2859/1/1 2866/4/1 2867/2/1
f 2868/26/4435 2869/27/4435 2870/9/4435
f 2872/26/4436 2868/27/4436 2871/9/4436
f 2871/27/4437 2874/9/4437 2875/10/4437
f 2879/26/1 2880/10/1 2881/9/1
f 2883/26/1 2884/10/1 2880/9/1
f 2885/26/1 2886/10/1 2884/9/1
f 2887/26/1 2888/10/1 2886/9/1
f 2889/5/1 2890/35/1 2881/71/1
f 2891/5/1 2881/35/1 2880/71/1
f 2892/5/1 2880/35/1 2884/71/1
f 2893/5/1 2884/35/1 2886/71/1
f 2894/5/1 2886/35/1 2888/71/1
f 2895/5/1 2888/35/1 2896/71/1
f 2899/32/1170 2900/40/1170 2901/49/1170
f 2898/44/1171 2901/19/1171 2903/20/1171
f 2879/1/4438 2882/64/4438 2898/56/4438
f 2904/39/1173 2902/32/1173 2903/40/1173
f 2883/1/4439 2879/64/4439 2902/56/4439
f 2904/44/1175 2905/19/1175 2907/20/1175
f 2885/1/4440 2883/64/4440 2904/56/4440
f 2908/39/1177 2906/32/1177 2907/40/1177
f 2885/64/4441 2906/56/4441 2908/4/4441
f 2911/14/4442 2912/12/4442 2913/13/4442
f 2910/11/4443 2913/14/4443 2903/12/4443
f 2912/14/4444 2914/12/4444 2915/13/4444
f 2913/11/4445 2915/14/4445 2905/12/4445
f 2914/14/4446 2916/12/4446 2917/13/4446
f 2915/11/4447 2917/14/4447 2907/12/4447
f 2916/14/4448 2918/12/4448 2919/13/4448
f 2917/11/4449 2919/14/4449 2909/12/4449
f 2918/14/4450 2920/12/4450 2921/13/4450
f 2876/8/4451 2891/86/4451 2892/66/4451
f 2875/8/4452 2892/86/4452 2893/66/4452
f 2873/8/4453 2893/86/4453 2894/66/4453
f 2877/8/4454 2894/86/4454 2895/66/4454
f 2922/26/1193 2923/27/1193 2924/9/1193
f 2926/50/4455 2927/1/4455 2924/3/4455
f 2926/26/1 2928/27/1 2929/9/1
f 2930/9/1 2931/10/1 2932/26/1
f 2934/27/4456 2935/9/4456 2930/10/4456
f 2934/65/1 2936/50/1 2937/1/1
f 2938/27/1 2939/9/1 2937/10/1
f 2940/27/1 2922/9/1 2939/10/1
f 2941/27/1 2923/9/1 2922/10/1
f 2942/27/1 2926/9/1 2923/10/1
f 2944/27/1 2934/9/1 2933/10/1
f 2945/27/1 2936/9/1 2934/10/1
f 2946/27/1 2938/9/1 2936/10/1
f 2947/27/1 2940/9/1 2938/10/1
f 2948/26/1 2949/27/1 2945/9/1
f 2949/26/1 2950/27/1 2946/9/1
f 2951/12/4457 2952/22/4457 2953/7/4457
f 2956/22/4458 2957/7/4458 2958/69/4458
f 2960/70/4459 2959/8/4459 2966/10/4459
f 2959/70/4460 2962/8/4460 2956/10/4460
f 2956/59/4461 2962/70/4461 2963/8/4461
f 2963/70/4462 2964/8/4462 2967/10/4462
f 2964/70/4463 2965/8/4463 2952/10/4463
f 2965/70/4464 2960/8/4464 2953/10/4464
f 2968/11/4465 2969/14/4465 2970/12/4465
f 2971/11/4466 2970/14/4466 2972/12/4466
f 2975/14/4467 2976/12/4467 2977/13/4467
f 2978/11/4468 2979/14/4468 2980/12/4468
f 2976/11/4469 2978/14/4469 2981/12/4469
f 2984/6/4470 2985/7/4470 2986/5/4470
f 2988/27/4471 2989/9/4471 2990/10/4471
f 2992/27/1 2987/9/1 2990/10/1
f 2994/45/4472 2995/64/4472 2996/1/4472
f 2997/47/4473 2998/48/4473 2999/65/4473
f 3001/51/4474 2997/41/4474 3000/45/4474
f 3003/47/4475 3001/48/4475 3002/65/4475
f 3005/35/4476 3006/34/4476 3007/17/4476
f 3009/45/1 3007/64/1 3006/63/1
f 3012/65/4477 3013/3/4477 3014/53/4477
f 3001/31/1224 3003/34/1224 3016/35/1224
f 2997/15/1225 3001/70/1225 3015/59/1225
f 2998/15/1226 2997/70/1226 3017/59/1226
f 3020/14/4478 3021/12/4478 3022/13/4478
f 3023/39/4479 3024/32/4479 3025/40/4479
f 3027/48/4480 3028/51/4480 3023/50/4480
f 3029/18/4481 3023/44/4481 3026/19/4481
f 3031/15/4482 3032/70/4482 3033/66/4482
f 3034/16/1232 3033/67/1232 3036/15/1232
f 3038/15/1233 3039/70/1233 3040/59/1233
f 3042/26/4483 3043/27/4483 3044/9/4483
f 3046/26/4484 3042/27/4484 3045/9/4484
f 3046/27/4485 3047/9/4485 3049/10/4485
f 3047/27/4486 3050/9/4486 3051/10/4486
f 3054/27/4487 3043/9/4487 3042/10/4487
f 3055/27/4488 3042/9/4488 3046/10/4488
f 3056/27/4489 3046/9/4489 3048/10/4489
f 3054/26/4490 3053/27/4490 3058/9/4490
f 3060/34/4491 3061/17/4491 3062/71/4491
f 3063/46/4492 3064/65/4492 3065/3/4492
f 3063/7/4493 3066/6/4493 3068/30/4493
f 3045/84/4494 3044/90/4494 3064/44/4494
f 3069/26/4495 3070/27/4495 3071/9/4495
f 3072/27/4496 3071/9/4496 3075/10/4496
f 3075/26/1 3071/27/1 3076/9/1
f 3076/27/1 3078/9/1 3079/10/1
f 3086/27/1 3077/9/1 3079/10/1
f 3088/27/1250 3089/9/1250 3090/10/1250
f 3089/50/1250 3091/1/1250 3092/3/1250
f 3092/26/4497 3091/27/4497 3094/9/4497
f 3097/10/4498 3098/9/4498 3099/27/4498
f 3100/26/4499 3101/10/4499 3097/9/4499
f 3069/10/1 3101/9/1 3100/27/1
f 3069/9/1 3102/27/1 3103/26/1
f 3104/26/4500 3105/10/4500 3070/9/4500
f 3106/10/1259 3107/9/1259 3098/27/1259
f 3108/10/4501 3106/9/4501 3097/27/4501
f 3072/10/1258 3108/9/1258 3101/27/1258
f 3109/10/1259 3110/9/1259 3107/27/1259
f 3111/10/4502 3109/9/4502 3106/27/4502
f 3072/26/4503 3074/10/4503 3111/9/4503
f 3112/10/1259 3113/9/1259 3110/27/1259
f 3114/10/1259 3112/9/1259 3109/27/1259
f 3092/10/4504 3095/9/4504 3113/27/4504
f 3090/10/1259 3092/9/1259 3112/27/1259
f 3094/6/1263 3115/31/1263 3116/34/1263
f 3118/42/1 3119/63/1 3120/64/1
f 3121/45/1 3119/42/1 3118/63/1
f 3070/1/4505 3105/64/4505 3117/56/4505
f 3071/1/4506 3070/64/4506 3120/56/4506
f 3076/1/4507 3071/64/4507 3119/56/4507
f 3078/1/4508 3076/64/4508 3121/56/4508
f 3078/64/4509 3122/56/4509 3118/4/4509
f 3082/64/4510 3118/56/4510 3117/4/4510
f 3124/42/1 3125/63/1 3126/64/1
f 3127/45/1 3125/42/1 3124/63/1
f 3073/64/4511 3123/56/4511 3126/4/4511
f 3129/1/4512 3074/64/4512 3126/56/4512
f 3086/1/4513 3129/64/4513 3125/56/4513
f 3086/64/4514 3127/56/4514 3128/4/4514
f 3077/64/4515 3128/56/4515 3124/4/4515
f 3073/1/4516 3075/64/4516 3124/56/4516
f 3131/42/1 3132/63/1 3133/64/1
f 3079/64/4517 3133/56/4517 3132/4/4517
f 3135/1/1 3136/4/1 3137/2/1
f 3139/1/1 3140/4/1 3141/2/1
f 3138/1/1 3141/4/1 3143/2/1
f 3142/1/1 3143/4/1 3145/2/1
f 3144/1/1 3145/4/1 3146/2/1
f 3136/1/1 3146/4/1 3147/2/1
f 3140/1/1 3148/4/1 3149/2/1
f 3141/1/1 3149/4/1 3150/2/1
f 3143/1/1 3150/4/1 3151/2/1
f 3145/1/1 3151/4/1 3152/2/1
f 3146/1/1 3152/4/1 3153/2/1
f 3148/1/1 3154/4/1 3155/2/1
f 3149/1/1 3155/4/1 3156/2/1
f 3150/1/1 3156/4/1 3157/2/1
f 3151/1/1 3157/4/1 3158/2/1
f 3152/1/1 3158/4/1 3159/2/1
f 3154/1/1 3160/4/1 3161/2/1
f 3155/1/1 3161/4/1 3162/2/1
f 3156/1/1 3162/4/1 3163/2/1
f 3157/1/1 3163/4/1 3164/2/1
f 3158/1/1 3164/4/1 3165/2/1
f 3160/1/1 3166/4/1 3167/2/1
f 3161/1/1 3167/4/1 3168/2/1
f 3162/1/1 3168/4/1 3169/2/1
f 3163/1/1 3169/4/1 3170/2/1
f 3164/1/1 3170/4/1 3171/2/1
f 3166/1/1 3172/4/1 3173/2/1
f 3167/1/1 3173/4/1 3174/2/1
f 3168/1/1 3174/4/1 3175/2/1
f 3169/1/1 3175/4/1 3176/2/1
f 3170/1/1 3176/4/1 3177/2/1
f 3176/1/1 3178/4/1 3179/2/1
f 3184/65/4518 3185/48/4518 3186/51/4518
f 3182/27/4519 3187/9/4519 3188/10/4519
f 3191/11/4520 3192/14/4520 3193/12/4520
f 3195/51/4521 3196/41/4521 3197/45/4521
f 3193/14/4522 3199/12/4522 3200/13/4522
f 3201/47/4523 3195/48/4523 3198/65/4523
f 3203/51/4524 3201/41/4524 3202/45/4524
f 3206/34/4525 3207/17/4525 3208/71/4525
f 3207/34/4526 3209/17/4526 3210/71/4526
f 3209/34/4527 3211/17/4527 3212/71/4527
f 3213/46/4528 3214/65/4528 3215/3/4528
f 3217/90/4529 3218/44/4529 3214/18/4529
f 3180/84/4530 3188/90/4530 3214/44/4530
f 3187/60/1292 3203/15/1292 3219/70/1292
f 3181/59/1293 3195/70/1293 3201/15/1293
f 3182/35/1294 3201/34/1294 3203/31/1294
f 3220/37/461 3221/2/461 3222/57/461
f 3224/34/1295 3225/17/1295 3221/16/1295
f 3226/15/4531 3227/67/4531 3228/66/4531
f 3227/15/4532 3226/67/4532 3230/66/4532
f 3232/15/4533 3233/70/4533 3234/66/4533
f 3237/15/1232 3230/67/1232 3226/16/1232
f 3229/15/1299 3225/67/1299 3236/16/1299
f 3238/16/1300 3224/67/1300 3233/15/1300
f 3239/9/4534 3240/10/4534 3241/26/4534
f 3243/26/4535 3244/27/4535 3242/9/4535
f 3244/26/4536 3245/27/4536 3246/9/4536
f 3245/65/4537 3247/50/4537 3248/1/4537
f 3250/50/1 3243/1/1 3251/3/1
f 3252/27/1 3244/9/1 3243/10/1
f 3253/27/1 3245/9/1 3244/10/1
f 3253/26/3844 3254/27/3844 3247/9/3844
f 3255/26/1005 3256/27/1005 3249/9/1005
f 3258/27/1 3250/9/1 3249/10/1
f 3259/27/1 3252/9/1 3250/10/1
f 3260/27/1 3253/9/1 3252/10/1
f 3260/26/4538 3261/27/4538 3254/9/4538
f 3263/27/1005 3256/9/1005 3255/10/1005
f 3264/27/1 3258/9/1 3256/10/1
f 3265/27/1 3259/9/1 3258/10/1
f 3266/27/1 3260/9/1 3259/10/1
f 3266/65/4539 3267/50/4539 3261/1/4539
f 3269/27/4540 3263/9/4540 3262/10/4540
f 3269/26/4541 3270/27/4541 3264/9/4541
f 3271/27/1311 3265/9/1311 3264/10/1311
f 3271/26/4542 3272/27/4542 3266/9/4542
f 3272/26/4543 3273/27/4543 3267/9/4543
f 3275/27/4544 3269/9/4544 3268/10/4544
f 3275/26/4545 3276/27/4545 3270/9/4545
f 3277/27/1315 3271/9/1315 3270/10/1315
f 3278/27/4546 3272/9/4546 3271/10/4546
f 3279/27/4547 3273/9/4547 3272/10/4547
f 3280/27/4548 3281/9/4548 3273/10/4548
f 3283/27/4549 3275/9/4549 3274/10/4549
f 3283/26/4550 3284/27/4550 3276/9/4550
f 3285/51/4551 3286/41/4551 3287/45/4551
f 3289/47/4552 3285/48/4552 3288/65/4552
f 3291/51/4553 3289/41/4553 3290/45/4553
f 3287/51/4554 3293/50/4554 3294/65/4554
f 3290/28/4555 3288/47/4555 3294/46/4555
f 3292/48/4556 3290/51/4556 3295/50/4556
f 3297/48/4557 3294/65/4557 3293/50/4557
f 3295/52/4558 3294/46/4558 3297/47/4558
f 3296/65/4559 3295/50/4559 3299/51/4559
f 3302/47/4560 3297/46/4560 3298/52/4560
f 3302/48/4561 3303/51/4561 3299/50/4561
f 3303/28/4562 3304/47/4562 3300/46/4562
f 3306/65/4563 3300/50/4563 3304/51/4563
f 3301/28/4564 3307/52/4564 3308/46/4564
f 3303/48/4565 3302/51/4565 3308/50/4565
f 3309/52/4566 3310/46/4566 3304/47/4566
f 3305/48/4567 3304/51/4567 3310/50/4567
f 3313/48/4568 3308/65/4568 3307/46/4568
f 3309/50/4569 3308/45/4569 3313/41/4569
f 3314/47/4570 3315/48/4570 3310/65/4570
f 3319/82/4571 3316/30/4571 3315/32/4571
f 3316/82/4572 3319/30/4572 3289/32/4572
f 3320/82/4573 3319/30/4573 3314/32/4573
f 3319/82/4574 3320/30/4574 3285/32/4574
f 3318/8/425 3321/86/425 3311/81/425
f 3324/48/4575 3325/65/4575 3326/46/4575
f 3323/41/4576 3326/45/4576 3328/50/4576
f 3327/48/4577 3328/65/4577 3330/46/4577
f 3326/51/4578 3331/50/4578 3332/65/4578
f 3328/47/4579 3332/46/4579 3333/52/4579
f 3334/48/4580 3332/65/4580 3331/50/4580
f 3336/28/4581 3333/52/4581 3332/46/4581
f 3338/47/4582 3334/46/4582 3335/52/4582
f 3339/51/4583 3340/50/4583 3336/65/4583
f 3341/47/4584 3342/46/4584 3340/52/4584
f 3337/28/4585 3343/52/4585 3344/46/4585
f 3338/51/4586 3344/50/4586 3345/65/4586
f 3339/28/4587 3345/52/4587 3346/46/4587
f 3348/48/4588 3344/65/4588 3343/46/4588
f 3345/50/4589 3344/45/4589 3348/41/4589
f 3349/47/4590 3350/48/4590 3346/65/4590
f 3352/30/4591 3349/32/4591 3348/39/4591
f 3353/30/4592 3327/32/4592 3329/39/4592
f 3353/30/4593 3348/32/4593 3347/39/4593
f 3327/39/4594 3353/82/4594 3354/30/4594
f 3352/82/4595 3355/30/4595 3350/32/4595
f 3357/13/4596 3358/12/4596 3359/14/4596
f 3361/11/4597 3362/13/4597 3357/12/4597
f 3357/14/4598 3362/11/4598 3364/13/4598
f 3356/14/4599 3364/11/4599 3365/13/4599
f 3366/13/4600 3367/12/4600 3360/14/4600
f 3368/39/1375 3366/49/1375 3365/40/1375
f 3370/13/4601 3371/12/4601 3367/14/4601
f 3370/20/4602 3366/19/4602 3368/44/4602
f 3373/41/4603 3374/45/4603 3372/42/4603
f 3374/65/4603 3373/50/4603 3376/51/4603
f 3374/41/1380 3377/45/1380 3378/42/1380
f 3377/65/4604 3374/50/4604 3375/51/4604
f 3381/59/1382 3382/70/1382 3383/15/1382
f 3359/14/4605 3360/12/4605 3385/13/4605
f 3384/14/4606 3385/12/4606 3387/13/4606
f 3388/32/4607 3386/40/4607 3387/49/4607
f 3360/14/4608 3367/12/4608 3389/13/4608
f 3385/14/4609 3389/12/4609 3390/13/4609
f 3382/44/4610 3387/19/4610 3390/20/4610
f 3390/11/4611 3389/14/4611 3391/12/4611
f 3383/32/4612 3390/40/4612 3392/49/4612
f 3392/11/4613 3391/14/4613 3394/12/4613
f 3393/44/4614 3392/19/4614 3395/20/4614
f 3397/14/1393 3398/12/1393 3399/13/1393
f 3395/11/4615 3394/14/4615 3399/12/4615
f 3396/32/4616 3395/40/4616 3400/49/4616
f 3398/14/4617 3402/12/4617 3403/13/4617
f 3400/11/4618 3399/14/4618 3403/12/4618
f 3401/44/4619 3400/19/4619 3404/20/4619
f 3404/11/4620 3403/14/4620 3406/12/4620
f 3405/32/4621 3404/40/4621 3407/49/4621
f 3410/89/425 3411/57/425 3412/2/425
f 3414/89/482 3415/57/482 3416/2/482
f 3413/72/1401 3416/16/1401 3418/17/1401
f 3419/15/4622 3420/67/4622 3421/66/4622
f 3420/15/4623 3419/67/4623 3423/66/4623
f 3422/15/1300 3417/67/1300 3425/16/1300
f 3427/26/482 3428/10/482 3429/59/482
f 3430/46/482 3431/65/482 3426/3/482
f 3433/30/1404 3434/6/1404 3435/31/1404
f 3433/6/1405 3436/31/1405 3438/32/1405
f 3440/14/4624 3441/12/4624 3442/13/4624
f 3441/14/4625 3443/12/4625 3444/13/4625
f 3442/14/4626 3444/12/4626 3446/13/4626
f 3445/14/4627 3446/12/4627 3448/13/4627
f 3447/14/4628 3448/12/4628 3450/13/4628
f 3452/6/461 3453/31/461 3454/32/461
f 3451/6/1411 3454/31/1411 3456/32/1411
f 3458/32/4629 3459/31/4629 3460/6/4629
f 3462/32/1413 3458/31/1413 3457/6/1413
f 3453/32/1404 3462/31/1404 3461/6/1404
f 3454/32/1405 3453/31/1405 3463/6/1405
f 3465/30/1309 3456/32/1309 3454/31/1309
f 3452/30/461 3466/6/461 3462/31/461
f 3466/30/1414 3467/6/1414 3458/31/1414
f 3467/30/4630 3468/6/4630 3459/31/4630
f 3473/10/4631 3474/9/4631 3475/27/4631
f 3477/68/4632 3478/5/4632 3479/7/4632
f 3483/12/4633 3481/22/4633 3471/7/4633
f 3479/12/4634 3482/22/4634 3481/7/4634
f 3479/56/4635 3483/54/4635 3475/63/4635
f 3483/56/4636 3484/54/4636 3472/63/4636
f 3485/71/4637 3486/17/4637 3478/15/4637
f 3496/26/4638 3497/27/4638 3498/9/4638
f 3488/75/4639 3492/74/4639 3491/68/4639
f 3496/74/4640 3492/68/4640 3488/69/4640
f 3487/68/4641 3490/74/4641 3497/73/4641
f 3506/10/4642 3499/9/4642 3498/27/4642
f 3506/26/4643 3493/10/4643 3492/9/4643
f 3495/26/4644 3507/10/4644 3500/9/4644
f 3508/10/4645 3509/9/4645 3504/27/4645
f 3510/10/4646 3508/9/4646 3501/27/4646
f 3511/10/4647 3510/9/4647 3500/27/4647
f 3513/10/1064 3514/9/1064 3508/27/1064
f 3515/10/282 3513/9/282 3510/27/282
f 3519/26/4648 3520/27/4648 3521/9/4648
f 3523/26/4649 3519/27/4649 3522/9/4649
f 3522/27/4650 3525/9/4650 3526/10/4650
f 3528/3/4651 3529/1/4651 3530/50/4651
f 3524/10/4652 3528/9/4652 3527/27/4652
f 3526/10/4653 3531/9/4653 3528/27/4653
f 3532/38/4654 3533/37/4654 3534/89/4654
f 3536/38/1454 3532/37/1454 3535/89/1454
f 3518/38/1455 3536/37/1455 3537/89/1455
f 3542/30/3344 3543/6/3344 3540/31/3344
f 3544/38/1458 3545/37/1458 3543/89/1458
f 3547/57/1459 3542/62/1459 3539/4/1459
f 3542/80/1458 3547/89/1458 3548/37/1458
f 3548/38/1458 3547/80/1458 3549/89/1458
f 3551/22/461 3552/7/461 3553/6/461
f 3555/80/4655 3556/89/4655 3541/37/4655
f 3557/80/4656 3555/89/4656 3540/37/4656
f 3529/59/1462 3544/70/1462 3548/15/1462
f 3530/35/1462 3548/34/1462 3550/31/1462
f 3534/17/1463 3556/16/1463 3555/67/1463
f 3555/16/1464 3557/67/1464 3537/15/1464
f 3557/16/4657 3517/67/4657 3516/15/4657
f 3560/10/4658 3561/26/4658 3562/27/4658
f 3561/27/4659 3560/9/4659 3564/10/4659
f 3565/11/4660 3566/14/4660 3567/12/4660
f 3566/11/4661 3565/14/4661 3570/12/4661
f 3565/11/4662 3572/14/4662 3573/12/4662
f 3574/39/1472 3575/32/1472 3571/40/1472
f 3576/18/4663 3574/44/4663 3570/19/4663
f 3576/32/4664 3573/40/4664 3578/49/4664
f 3568/14/4665 3579/12/4665 3572/13/4665
f 3580/14/4666 3581/12/4666 3582/13/4666
f 3579/14/4667 3582/12/4667 3583/13/4667
f 3572/11/4668 3583/14/4668 3578/12/4668
f 3582/14/4669 3584/12/4669 3585/13/4669
f 3586/27/4670 3580/9/4670 3579/10/4670
f 3590/32/4671 3588/40/4671 3587/88/4671
f 3593/18/4672 3588/20/4672 3590/63/4672
f 3600/82/4673 3591/30/4673 3601/22/4673
f 3602/20/4674 3603/19/4674 3604/77/4674
f 3600/20/4675 3604/19/4675 3590/77/4675
f 3592/21/4676 3590/82/4676 3604/30/4676
f 3607/82/1494 3608/30/1494 3609/22/1494
f 3593/10/1 3606/9/1 3609/27/1
f 3592/26/1 3605/10/1 3606/9/1
f 3612/7/1737 3613/5/1737 3614/68/1737
f 3616/7/1496 3612/5/1496 3611/68/1496
f 3617/69/4677 3618/7/4677 3616/5/4677
f 3619/43/4678 3620/84/4678 3613/18/4678
f 3621/22/4679 3622/30/4679 3623/6/4679
f 3625/52/4680 3621/36/4680 3624/53/4680
f 3623/53/4681 3614/3/4681 3613/65/4681
f 3624/36/4682 3613/53/4682 3620/46/4682
f 3616/11/4683 3627/14/4683 3628/12/4683
f 3627/11/4684 3630/14/4684 3631/12/4684
f 3634/27/4685 3635/9/4685 3636/10/4685
f 3640/47/4686 3641/48/4686 3642/65/4686
f 3634/60/1508 3641/15/1508 3640/70/1508
f 3645/8/4687 3646/79/4687 3647/9/4687
f 3647/9/4688 3646/79/4688 3649/8/4688
f 3648/8/4689 3651/79/4689 3652/9/4689
f 3652/9/4690 3651/79/4690 3644/8/4690
f 3646/59/4691 3656/70/4691 3655/8/4691
f 3646/59/4692 3645/10/4692 3657/8/4692
f 3659/70/3538 3660/8/3538 3656/10/3538
f 3659/70/4693 3657/8/4693 3658/10/4693
f 3662/35/4694 3663/71/4694 3664/17/4694
f 3667/69/4695 3668/7/4695 3663/22/4695
f 3667/12/1521 3669/69/1521 3670/7/1521
f 3668/71/4696 3673/17/4696 3664/34/4696
f 3667/69/1545 3666/68/1545 3674/5/1545
f 3676/87/1526 3669/85/1526 3667/5/1526
f 3670/71/1527 3677/17/1527 3673/34/1527
f 3678/71/4697 3679/17/4697 3677/34/4697
f 3680/43/4698 3681/84/4698 3674/18/4698
f 3674/68/4699 3666/5/4699 3683/7/4699
f 3683/12/4700 3666/69/4700 3663/7/4700
f 3685/59/1536 3686/70/1536 3687/15/1536
f 3689/7/4701 3690/5/4701 3691/68/4701
f 3689/12/4702 3692/22/4702 3693/7/4702
f 3694/35/1539 3695/34/1539 3696/17/1539
f 3692/35/4703 3696/34/4703 3697/17/4703
f 3693/22/3450 3698/7/3450 3699/69/3450
f 3698/22/1521 3700/7/1521 3701/69/1521
f 3697/34/4704 3703/17/4704 3698/71/4704
f 3691/69/3451 3690/7/3451 3699/5/3451
f 3699/5/1526 3701/85/1526 3705/87/1526
f 3707/7/1525 3705/5/1525 3701/68/1525
f 3703/34/1527 3708/17/1527 3700/71/1527
f 3709/43/4705 3705/42/4705 3707/18/4705
f 3712/51/4706 3713/50/4706 3714/45/4706
f 3713/45/4707 3712/41/4707 3716/51/4707
f 3718/51/4708 3719/50/4708 3717/45/4708
f 3720/41/4709 3721/45/4709 3722/42/4709
f 3721/65/4710 3720/50/4710 3714/51/4710
f 3721/41/4711 3724/45/4711 3725/42/4711
f 3724/65/4712 3721/50/4712 3713/51/4712
f 3719/48/1557 3726/65/1557 3724/50/1557
f 3716/2/1 3712/37/1 3727/53/1
f 3729/53/1 3718/37/1 3716/38/1
f 3731/1/1 3732/4/1 3733/2/1
f 3730/1/1 3733/4/1 3735/2/1
f 3734/1/1 3735/4/1 3737/2/1
f 3736/1/1 3737/4/1 3739/2/1
f 3738/1/1 3739/4/1 3740/2/1
f 3728/3/1 3727/1/1 3740/4/1
f 3741/21/4713 3742/82/4713 3743/30/4713
f 3743/82/4714 3745/30/4714 3746/22/4714
f 3747/20/4715 3745/78/4715 3748/77/4715
f 3746/21/4716 3745/82/4716 3747/30/4716
f 3753/27/4717 3751/9/4717 3750/10/4717
f 3751/6/4718 3753/35/4718 3754/34/4718
f 3741/60/4719 3751/59/4719 3755/70/4719
f 3756/11/4720 3757/14/4720 3758/12/4720
f 3760/39/4721 3761/32/4721 3757/40/4721
f 3754/28/4722 3762/47/4722 3761/46/4722
f 3764/14/4723 3765/12/4723 3758/13/4723
f 3760/50/4724 3766/65/4724 3755/48/4724
f 3757/11/4725 3767/14/4725 3763/12/4725
f 3761/18/4726 3768/44/4726 3767/19/4726
f 3770/14/4727 3764/12/4727 3763/13/4727
f 3765/14/4728 3772/12/4728 3759/13/4728
f 3774/14/4729 3775/12/4729 3776/13/4729
f 3779/11/4730 3777/14/4730 3778/12/4730
f 3781/11/4731 3779/14/4731 3780/12/4731
f 3783/11/4732 3784/14/4732 3785/12/4732
f 3787/18/4733 3788/44/4733 3789/19/4733
f 3788/39/4734 3791/32/4734 3792/40/4734
f 3791/39/4735 3793/32/4735 3794/40/4735
f 3795/11/4736 3783/13/4736 3786/12/4736
f 3794/11/4737 3797/13/4737 3783/12/4737
f 3793/18/4738 3798/44/4738 3797/19/4738
f 3800/59/1589 3793/70/1589 3791/15/1589
f 3800/6/4739 3801/35/4739 3798/34/4739
f 3802/59/4740 3803/70/4740 3798/15/4740
f 3778/14/4741 3775/12/4741 3806/13/4741
f 3784/14/4742 3783/12/4742 3797/13/4742
f 3775/14/4743 3774/12/4743 3785/13/4743
f 3798/39/4744 3803/32/4744 3807/40/4744
f 3774/14/4745 3808/12/4745 3786/13/4745
f 3809/11/4746 3810/14/4746 3811/12/4746
f 3815/14/4747 3817/12/4747 3812/13/4747
f 3818/11/53 3819/14/53 3813/12/53
f 3821/10/4748 3822/8/4748 3823/79/4748
f 3825/9/4749 3826/79/4749 3822/8/4749
f 3827/10/4750 3824/9/4750 3823/79/4750
f 3828/8/4689 3826/79/4689 3825/9/4689
f 3832/59/4691 3833/70/4691 3831/8/4691
f 3834/12/4751 3836/13/4751 3837/11/4751
f 3847/26/4752 3848/27/4752 3849/9/4752
f 3851/26/4753 3852/27/4753 3853/9/4753
f 3856/10/4754 3857/9/4754 3858/27/4754
f 3860/10/4755 3856/9/4755 3855/27/4755
f 3839/10/4756 3860/9/4756 3859/27/4756
f 3840/10/4757 3839/9/4757 3861/27/4757
f 3863/10/4758 3864/9/4758 3857/27/4758
f 3860/26/4759 3865/10/4759 3863/9/4759
f 3843/10/4760 3865/9/4760 3860/27/4760
f 3866/26/4761 3867/10/4761 3868/9/4761
f 3863/26/4762 3870/10/4762 3871/9/4762
f 3865/26/4763 3872/10/4763 3870/9/4763
f 3843/26/4764 3873/10/4764 3872/9/4764
f 3845/65/523 3874/3/523 3873/1/523
f 3875/26/4765 3853/10/4765 3874/9/4765
f 3870/26/3783 3876/10/3783 3877/9/3783
f 3872/26/4766 3878/10/4766 3876/9/4766
f 3873/26/1632 3879/10/1632 3878/9/1632
f 3880/10/1632 3879/9/1632 3873/27/1632
f 3852/10/4767 3880/9/4767 3874/27/4767
f 3848/26/4768 3866/10/4768 3869/9/4768
f 3881/26/1634 3882/10/1634 3866/9/1634
f 3882/26/4769 3883/10/4769 3867/9/4769
f 3867/26/4770 3859/10/4770 3855/9/4770
f 3883/26/4771 3861/10/4771 3859/9/4771
f 3884/26/4772 3862/10/4772 3861/9/4772
f 3877/27/4773 3885/9/4773 3886/10/4773
f 3849/60/1643 3888/15/1643 3889/70/1643
f 3869/6/1644 3890/31/1644 3888/34/1644
f 3868/60/1645 3891/15/1645 3890/70/1645
f 3887/60/1646 3892/15/1646 3891/70/1646
f 3858/60/1647 3893/15/1647 3892/70/1647
f 3857/6/1648 3894/31/1648 3893/34/1648
f 3864/60/1649 3895/15/1649 3894/70/1649
f 3886/60/1650 3896/15/1650 3895/70/1650
f 3885/60/1225 3897/15/1225 3896/70/1225
f 3898/11/4774 3899/13/4774 3900/12/4774
f 3902/13/4775 3903/12/4775 3904/14/4775
f 3905/13/4776 3902/12/4776 3900/14/4776
f 3907/13/4777 3905/12/4777 3899/14/4777
f 3888/32/4778 3907/40/4778 3906/49/4778
f 3908/13/4779 3909/12/4779 3903/14/4779
f 3910/13/4780 3908/12/4780 3902/14/4780
f 3911/13/4781 3910/12/4781 3905/14/4781
f 3890/44/4782 3911/19/4782 3907/20/4782
f 3912/13/4783 3913/12/4783 3909/14/4783
f 3914/13/4784 3912/12/4784 3908/14/4784
f 3915/13/4785 3914/12/4785 3910/14/4785
f 3891/32/4786 3915/40/4786 3911/49/4786
f 3916/13/4787 3917/12/4787 3913/14/4787
f 3918/13/4788 3916/12/4788 3912/14/4788
f 3919/13/4789 3918/12/4789 3914/14/4789
f 3892/44/4790 3919/19/4790 3915/20/4790
f 3920/13/4791 3921/12/4791 3917/14/4791
f 3918/11/4792 3922/13/4792 3920/12/4792
f 3919/11/4793 3923/13/4793 3922/12/4793
f 3893/32/4794 3923/40/4794 3919/49/4794
f 3924/13/4795 3835/12/4795 3921/14/4795
f 3925/13/4796 3924/12/4796 3920/14/4796
f 3926/13/4797 3925/12/4797 3922/14/4797
f 3894/44/4798 3926/19/4798 3923/20/4798
f 3924/11/4799 3927/13/4799 3836/12/4799
f 3928/13/4800 3927/12/4800 3924/14/4800
f 3929/13/4801 3928/12/4801 3925/14/4801
f 3895/32/4802 3929/40/4802 3926/49/4802
f 3930/13/4803 3837/12/4803 3836/14/4803
f 3931/13/4804 3930/12/4804 3927/14/4804
f 3932/13/4805 3931/12/4805 3928/14/4805
f 3896/44/4806 3932/19/4806 3929/20/4806
f 3933/13/4807 3934/12/4807 3931/14/4807
f 3897/32/4808 3933/40/4808 3932/49/4808
f 3936/15/4809 3937/67/4809 3938/16/4809
f 3939/17/4810 3940/15/4810 3941/67/4810
f 3942/17/4811 3941/15/4811 3935/67/4811
f 3846/8/4812 3943/86/4812 3942/66/4812
f 3938/16/4813 3942/67/4813 3943/15/4813
f 3938/17/4814 3945/16/4814 3946/67/4814
f 3942/66/4815 3946/86/4815 3841/8/4815
f 3947/10/4816 3881/9/4816 3848/27/4816
f 3948/10/1320 3949/9/1320 3881/27/1320
f 3950/16/4817 3945/67/4817 3938/15/4817
f 3842/8/4818 3951/86/4818 3952/66/4818
f 3953/17/4819 3952/15/4819 3951/67/4819
f 3955/17/4820 3953/15/4820 3954/67/4820
f 3957/17/4821 3958/16/4821 3956/72/4821
f 3953/15/4822 3944/67/4822 3943/66/4822
f 3846/70/4823 3844/8/4823 3952/86/4823
f 3945/15/4824 3950/70/4824 3956/66/4824
f 3954/15/4825 3951/70/4825 3946/66/4825
f 3841/70/4826 3946/66/4826 3951/86/4826
f 3960/68/4827 3961/5/4827 3962/7/4827
f 3963/35/4828 3964/34/4828 3965/17/4828
f 3966/35/4829 3965/34/4829 3967/17/4829
f 3965/45/1 3964/42/1 3969/63/1
f 3970/45/1 3971/64/1 3969/63/1
f 3972/23/4830 3973/26/4830 3974/10/4830
f 3973/23/4831 3976/26/4831 3977/10/4831
f 3979/27/1 3980/9/1 3981/10/1
f 3983/10/4832 3984/9/4832 3985/27/4832
f 3984/10/4833 3986/9/4833 3987/27/4833
f 3980/60/1712 3988/59/1712 3989/70/1712
f 3991/15/4834 3992/70/4834 3987/59/4834
f 3993/80/4835 3994/89/4835 3992/37/4835
f 3996/80/4836 3993/89/4836 3991/37/4836
f 3998/80/4837 3996/89/4837 3995/37/4837
f 4000/15/4838 3997/70/4838 4001/59/4838
f 4002/80/4839 3998/89/4839 3997/37/4839
f 4003/11/4840 4004/13/4840 4005/12/4840
f 4007/11/4841 4008/13/4841 4004/12/4841
f 4010/13/4842 4011/12/4842 4012/14/4842
f 4013/13/4843 4010/12/4843 4005/14/4843
f 4014/13/4844 4013/12/4844 4004/14/4844
f 4014/20/4845 4008/19/4845 4009/44/4845
f 4016/11/4846 4007/13/4846 4003/12/4846
f 4018/13/4847 4019/12/4847 4011/14/4847
f 4013/11/4848 4020/13/4848 4018/12/4848
f 4021/13/4849 4020/12/4849 4013/14/4849
f 4021/49/4850 4014/40/4850 4015/32/4850
f 4005/13/4851 4012/12/4851 4023/14/4851
f 4024/30/1732 4022/6/1732 4015/31/1732
f 4025/30/4852 4015/6/4852 4009/31/4852
f 4026/30/1734 4009/6/1734 4007/31/1734
f 4028/69/3393 4029/68/3393 4030/5/3393
f 4028/68/1736 4031/5/1736 4033/7/1736
f 4030/68/4677 4034/5/4677 4035/7/4677
f 4031/68/1496 4035/5/1496 4016/7/1496
f 4036/69/1495 4033/68/1495 4016/5/1495
f 4038/43/4853 4035/42/4853 4034/18/4853
f 4040/43/1739 4016/42/1739 4035/18/1739
f 4029/59/4854 4041/10/4854 4042/26/4854
f 4034/46/4855 4030/53/4855 4042/3/4855
f 4040/60/4856 4044/59/4856 4027/70/4856
f 4045/60/4857 4046/59/4857 4024/70/4857
f 4047/6/4858 4045/35/4858 4025/34/4858
f 4044/60/4859 4047/59/4859 4026/70/4859
f 3978/10/4860 3981/9/4860 4046/27/4860
f 4002/5/4861 4048/35/4861 4049/71/4861
f 4045/10/4862 4049/9/4862 4048/27/4862
f 3998/5/4863 4049/35/4863 4050/71/4863
f 4047/10/4864 4050/9/4864 4049/27/4864
f 3996/5/4865 4050/35/4865 4051/71/4865
f 4044/10/4866 4051/9/4866 4050/27/4866
f 3993/5/4867 4051/35/4867 4052/71/4867
f 4038/10/4868 4052/9/4868 4051/27/4868
f 4054/69/4869 4055/7/4869 4056/22/4869
f 4057/69/438 4058/7/438 4055/22/438
f 4062/53/1 4060/3/1 4059/2/1
f 4062/53/1 4063/37/1 4065/38/1
f 4066/53/1 4068/37/1 4069/2/1
f 4070/53/1 4069/37/1 4072/38/1
f 4070/3/1 4075/1/1 4073/4/1
f 4071/3/1 4077/1/1 4075/4/1
f 4082/41/4870 4080/43/4870 4081/42/4870
f 4083/41/4871 4081/43/4871 4084/42/4871
f 4083/41/4872 4090/43/4872 4092/42/4872
f 4092/43/4873 4093/42/4873 4094/45/4873
f 4095/43/4874 4096/42/4874 4059/45/4874
f 4059/41/4875 4096/43/4875 4098/42/4875
f 4063/41/4876 4098/43/4876 4099/42/4876
f 4065/41/4877 4099/43/4877 4100/42/4877
f 4089/41/4878 4090/43/4878 4100/42/4878
f 4105/41/4879 4102/43/4879 4104/42/4879
f 4069/41/4880 4105/43/4880 4106/42/4880
f 4106/41/4881 4104/43/4881 4107/42/4881
f 4108/41/4882 4107/43/4882 4109/42/4882
f 4109/43/4883 4111/42/4883 4112/45/4883
f 4111/43/1796 4113/42/1796 4114/45/1796
f 4113/43/4884 4102/42/4884 4105/45/4884
f 4114/43/4885 4105/42/4885 4069/45/4885
f 4116/1/1 4073/4/1 4075/2/1
f 4115/1/1 4075/4/1 4077/2/1
f 4117/1/1 4077/4/1 4119/2/1
f 4118/1/1 4119/4/1 4121/2/1
f 4120/1/1 4121/4/1 4123/2/1
f 4122/1/1 4123/4/1 4125/2/1
f 4127/1/1 4128/4/1 4129/2/1
f 4126/1/1 4129/4/1 4131/2/1
f 4130/1/1 4131/4/1 4133/2/1
f 4135/1/1 4136/4/1 4137/2/1
f 4134/1/1 4137/4/1 4139/2/1
f 4138/1/1 4139/4/1 4141/2/1
f 4060/2/1 4119/3/1 4077/1/1
f 4062/2/1 4121/3/1 4119/1/1
f 4123/3/1 4121/1/1 4062/4/1
f 4123/1/1 4064/4/1 4142/2/1
f 4132/1/1 4133/4/1 4144/2/1
f 4143/1/1 4144/4/1 4146/2/1
f 4136/1/1 4118/4/1 4120/2/1
f 4137/1/1 4120/4/1 4122/2/1
f 4139/1/1 4122/4/1 4124/2/1
f 4148/1/1 4116/4/1 4115/2/1
f 4149/1/1 4150/4/1 4128/2/1
f 4141/1/1 4124/4/1 4152/2/1
f 4154/1/1 4148/4/1 4147/2/1
f 4153/1/1 4147/4/1 4156/2/1
f 4155/1/1 4156/4/1 4136/2/1
f 4158/1/1 4126/4/1 4130/2/1
f 4150/1/1 4154/4/1 4153/2/1
f 4160/1/1 4143/4/1 4145/2/1
f 4128/1/1 4153/4/1 4155/2/1
f 4147/1/1 4115/4/1 4117/2/1
f 4156/1/1 4117/4/1 4118/2/1
f 4129/1/1 4155/4/1 4135/2/1
f 4131/1/1 4135/4/1 4134/2/1
f 4133/1/1 4134/4/1 4138/2/1
f 4144/1/1 4138/4/1 4140/2/1
f 4161/5/1 4162/85/1 4163/71/1
f 4164/26/1 4163/27/1 4165/9/1
f 4168/14/4886 4169/12/4886 4170/13/4886
f 4167/14/4887 4170/12/4887 4172/13/4887
f 4173/11/4888 4168/14/4888 4167/12/4888
f 4162/48/4889 4175/65/4889 4176/46/4889
f 4171/11/4890 4172/14/4890 4177/12/4890
f 4182/1/1 4183/4/1 3/2/1
f 13/1/1 14/4/1 4185/2/1
f 4183/1/1 4186/4/1 15/2/1
f 4/1/1 16/4/1 972/2/1
f 6/1/1 972/4/1 971/2/1
f 8/1/1 971/4/1 17/2/1
f 12/1/1 18/4/1 4187/2/1
f 14/1/1 4187/4/1 4188/2/1
f 697/10/4891 4191/9/4891 694/27/4891
f 697/65/4892 4190/3/4892 4189/1/4892
f 4192/11/1808 4193/14/1808 48/12/1808
f 1720/18/4893 4195/44/4893 4193/19/4893
f 4195/39/4894 1408/32/4894 1409/40/4894
f 4193/11/4895 1409/14/4895 49/12/4895
f 27/5/1812 28/35/1812 1418/6/1812
f 35/7/4896 29/5/4896 1418/35/4896
f 26/56/1 25/55/1 4197/62/1
f 28/56/1 26/55/1 4196/62/1
f 1418/56/1 28/55/1 1420/62/1
f 4196/4/1814 4197/56/1814 4191/64/1814
f 1420/4/1815 4196/56/1815 4189/64/1815
f 4198/6/1816 4199/35/1816 22/5/1816
f 4198/35/4897 19/5/4897 32/7/4897
f 31/7/4898 35/5/4898 1417/35/4898
f 31/5/1829 4200/35/1829 1719/6/1829
f 20/2/1 22/4/1 4201/1/1
f 40/10/4899 3821/8/4899 3824/79/4899
f 44/9/4900 3825/79/4900 3821/8/4900
f 47/10/4901 41/9/4901 3824/79/4901
f 3827/8/4902 3825/79/4902 44/9/4902
f 4203/44/4903 50/19/4903 4204/20/4903
f 4202/39/4904 4204/49/4904 3814/40/4904
f 4194/11/4905 48/14/4905 51/12/4905
f 1417/59/4906 1408/70/4906 4195/15/4906
f 4200/59/4907 4195/70/4907 1720/15/4907
f 52/11/4908 883/14/4908 885/12/4908
f 54/14/4909 56/12/4909 4207/13/4909
f 57/11/4910 4207/14/4910 4208/12/4910
f 3317/85/1 4211/71/1 4212/35/1
f 3306/34/1834 4213/17/1834 4214/16/1834
f 4216/72/1835 4217/16/1835 4218/17/1835
f 58/15/4911 4219/67/4911 4220/66/4911
f 4219/15/4912 58/67/4912 4221/66/4912
f 4212/70/3123 4223/8/3123 4222/86/3123
f 3321/15/1839 4221/67/1839 58/16/1839
f 3318/70/1840 4212/8/1840 4221/86/1840
f 4216/34/4913 60/17/4913 3306/16/4913
f 4224/8/1842 4210/86/1842 4222/66/1842
f 4219/17/1843 4222/15/1843 4210/67/1843
f 4220/17/535 4219/15/535 3305/67/535
f 3116/15/4914 4210/70/4914 4224/59/4914
f 4209/11/4915 69/13/4915 66/12/4915
f 4210/39/4916 3116/32/4916 69/40/4916
f 3116/18/4917 3115/44/4917 70/19/4917
f 3115/39/4918 76/32/4918 73/40/4918
f 883/12/4919 52/14/4919 71/11/4919
f 72/11/4920 75/13/4920 890/12/4920
f 4225/25/4921 4226/23/4921 112/58/4921
f 4227/12/4922 4228/22/4922 4226/21/4922
f 78/13/4923 80/21/4923 83/22/4923
f 4229/23/4924 83/26/4924 84/24/4924
f 4230/24/4925 111/26/4925 94/23/4925
f 1163/28/4926 109/52/4926 110/27/4926
f 110/23/4927 111/26/4927 4230/24/4927
f 4232/12/4928 4233/22/4928 105/21/4928
f 88/21/4929 109/22/4929 1163/12/4929
f 96/12/4930 95/22/4930 81/21/4930
f 99/25/4931 89/23/4931 88/26/4931
f 104/25/4932 4234/24/4932 81/26/4932
f 4235/15/4933 108/67/4933 107/66/4933
f 4237/15/4934 117/70/4934 4233/66/4934
f 4236/37/1865 116/89/1865 115/57/1865
f 4236/34/4935 4238/17/4935 113/16/4935
f 100/30/4936 99/32/4936 1162/31/4936
f 104/30/4937 102/32/4937 120/31/4937
f 79/21/4938 4239/22/4938 1161/12/4938
f 4239/21/4939 4240/22/4939 1160/12/4939
f 4241/14/4940 4242/12/4940 123/13/4940
f 145/11/4941 131/14/4941 132/12/4941
f 4242/14/4942 3440/12/4942 3439/13/4942
f 123/14/4943 3439/12/4943 133/13/4943
f 130/11/4944 128/14/4944 135/12/4944
f 132/11/4945 130/14/4945 4244/12/4945
f 4243/11/4946 132/14/4946 4245/12/4946
f 4246/5/4947 4247/35/4947 138/6/4947
f 4249/53/1 156/37/1 4250/38/1
f 140/3/1 143/2/1 156/37/1
f 141/53/1 1621/3/1 165/2/1
f 1621/36/1 1622/53/1 170/37/1
f 4251/3/1 136/2/1 170/37/1
f 138/85/4948 4252/71/4948 4253/35/4948
f 4255/11/4949 4256/14/4949 4257/12/4949
f 3235/17/1884 4258/16/1884 174/67/1884
f 155/48/4950 149/65/4950 150/50/4950
f 156/51/4951 155/50/4951 4260/45/4951
f 122/12/4952 171/14/4952 4255/11/4952
f 175/32/4953 4255/40/4953 171/49/4953
f 4253/48/4954 174/65/4954 173/50/4954
f 201/1/1 204/4/1 217/2/1
f 4261/1/1 217/4/1 207/2/1
f 213/1/1 214/4/1 2765/2/1
f 214/1/1 221/4/1 2766/2/1
f 215/1/1 1847/4/1 222/2/1
f 221/1/1 224/4/1 228/2/1
f 1847/1/1 1848/4/1 225/2/1
f 1848/1/1 4263/4/1 230/2/1
f 4263/1/1 4264/4/1 236/2/1
f 234/1/1 242/4/1 2796/2/1
f 4264/1/1 4265/4/1 243/2/1
f 242/1/1 249/4/1 2797/2/1
f 4265/1/1 4266/4/1 4267/2/1
f 243/1/1 4267/4/1 4268/2/1
f 244/1/1 4268/4/1 4269/2/1
f 245/1/1 4269/4/1 4270/2/1
f 246/1/1 4270/4/1 4271/2/1
f 247/1/1 4271/4/1 4272/2/1
f 248/1/1 4272/4/1 4273/2/1
f 249/1/1 4273/4/1 2098/2/1
f 4278/41/4955 250/43/4955 252/42/4955
f 252/43/4956 4277/42/4956 4280/45/4956
f 4281/41/4957 253/43/4957 255/42/4957
f 4283/1/1 257/4/1 256/2/1
f 4282/1/1 256/4/1 260/2/1
f 4284/1/1 260/4/1 262/2/1
f 4285/1/1 262/4/1 264/2/1
f 4286/1/1 264/4/1 266/2/1
f 4287/1/1 266/4/1 268/2/1
f 4288/1/1 268/4/1 270/2/1
f 4289/1/1 270/4/1 1727/2/1
f 270/1/1 271/4/1 1728/2/1
f 272/77/4958 275/83/4958 4292/76/4958
f 275/6/4959 277/31/4959 4258/32/4959
f 284/78/4960 4293/77/4960 4294/83/4960
f 286/30/4961 4294/6/4961 4295/31/4961
f 4296/54/1904 296/61/1904 289/55/1904
f 288/45/120 294/64/120 4297/1/120
f 294/45/120 295/64/120 622/1/120
f 622/56/1905 295/54/1905 292/61/1905
f 4298/45/1906 4299/64/1906 282/1/1906
f 282/50/1906 4299/45/1906 4300/64/1906
f 277/58/4962 279/60/4962 4301/59/4962
f 4302/60/4963 279/59/4963 280/23/4963
f 1313/64/126 303/63/126 302/42/126
f 312/52/752 320/46/752 4303/53/752
f 311/46/4964 305/65/4964 308/3/4964
f 4305/45/1 318/64/1 317/1/1
f 1313/52/4965 1316/36/4965 308/53/4965
f 4307/84/4966 317/18/4966 4308/42/4966
f 320/52/755 315/46/755 316/53/755
f 320/46/4967 312/65/4967 1315/3/4967
f 1315/53/4968 1314/46/4968 302/52/4968
f 312/52/4969 318/36/4969 4309/53/4969
f 311/52/4970 1316/46/4970 4308/53/4970
f 4208/14/4971 4311/12/4971 349/13/4971
f 349/11/4972 4311/14/4972 323/12/4972
f 4312/11/4973 4213/14/4973 351/12/4973
f 4209/14/4974 351/12/4974 3306/13/4974
f 4313/15/425 4314/67/425 4312/66/425
f 330/16/1924 4316/67/1924 4313/15/1924
f 4315/16/1925 4218/67/1925 331/15/1925
f 3317/70/1926 4313/66/1926 4316/86/1926
f 4217/34/4975 4214/72/4975 4213/16/4975
f 332/15/216 4213/67/216 4312/16/216
f 347/15/215 4317/67/215 333/16/215
f 4318/70/1928 4319/8/1928 4317/86/1928
f 4320/6/1929 343/31/1929 342/34/1929
f 4318/60/4976 347/15/4976 343/70/4976
f 64/12/4977 349/14/4977 348/11/4977
f 350/11/4978 65/13/4978 62/12/4978
f 351/11/4979 4209/13/4979 65/12/4979
f 356/5/4980 4322/85/4980 3959/87/4980
f 352/69/4981 355/7/4981 4323/5/4981
f 3959/68/4982 3962/5/4982 354/7/4982
f 355/69/4983 354/68/4983 4325/5/4983
f 4307/5/4984 357/85/4984 352/87/4984
f 356/12/4985 4327/22/4985 4328/7/4985
f 4329/22/4986 4327/7/4986 356/69/4986
f 359/70/4987 358/8/4987 4329/10/4987
f 4329/59/4988 358/70/4988 361/8/4988
f 361/70/4989 362/8/4989 4328/10/4989
f 4333/84/4990 2689/18/4990 4334/42/4990
f 364/30/160 4335/6/160 2684/31/160
f 372/23/4991 371/59/4991 2689/10/4991
f 371/32/1947 365/31/1947 2684/6/1947
f 4336/11/4992 2812/14/4992 2815/12/4992
f 2815/11/4993 2814/14/4993 376/12/4993
f 4337/11/4994 2815/14/4994 375/12/4994
f 1478/11/1951 375/14/1951 378/12/1951
f 1479/11/4995 378/14/4995 380/12/4995
f 1481/11/1953 380/14/1953 382/12/1953
f 1483/11/4996 382/14/4996 384/12/4996
f 1485/11/4997 384/14/4997 395/12/4997
f 1493/11/4998 395/14/4998 385/12/4998
f 392/14/1957 4338/12/1957 1500/13/1957
f 4338/14/4999 3358/12/4999 1501/13/4999
f 405/71/5000 777/35/5000 397/34/5000
f 407/35/5001 400/34/5001 401/17/5001
f 401/34/5002 402/17/5002 4340/71/5002
f 4340/35/5003 402/34/5003 403/17/5003
f 403/34/5004 404/17/5004 4342/71/5004
f 4342/35/5005 404/34/5005 397/17/5005
f 3681/27/1 4346/9/1 3685/10/1
f 4347/9/5006 414/10/5006 3685/26/5006
f 420/26/5007 416/10/5007 418/9/5007
f 421/11/5008 443/13/5008 4350/12/5008
f 431/14/5009 4351/12/5009 4352/13/5009
f 425/14/5010 428/12/5010 422/13/5010
f 433/11/5011 432/14/5011 4352/12/5011
f 434/32/5012 433/40/5012 4353/49/5012
f 435/51/5013 434/50/5013 4354/65/5013
f 437/41/5014 435/45/5014 4355/50/5014
f 4357/70/1987 4358/66/1987 4356/86/1987
f 4360/70/5015 4361/66/5015 4358/86/5015
f 4358/5/1 439/35/1 437/71/1
f 439/26/1 442/10/1 438/9/1
f 440/35/1 439/71/1 4358/85/1
f 4350/11/5016 446/14/5016 449/12/5016
f 425/11/5017 449/14/5017 451/12/5017
f 4362/5/1 455/35/1 453/71/1
f 458/32/204 832/40/204 461/49/204
f 835/11/5018 834/14/5018 463/12/5018
f 465/14/5019 462/12/5019 461/13/5019
f 473/21/5020 4363/22/5020 4364/30/5020
f 4365/22/5021 3748/30/5021 4364/82/5021
f 470/43/1999 2850/42/1999 2853/18/1999
f 4367/8/5022 482/86/5022 4368/66/5022
f 4369/16/5023 4368/67/5023 482/15/5023
f 4369/15/5024 481/67/5024 478/16/5024
f 4371/19/2004 1365/77/2004 470/78/2004
f 478/37/2005 480/89/2005 4372/57/2005
f 470/34/2006 1365/17/2006 4372/16/2006
f 4367/70/538 474/8/538 475/86/538
f 4373/1/1 484/4/1 483/2/1
f 1269/1/1 483/4/1 487/2/1
f 1270/1/1 487/4/1 489/2/1
f 4374/1/1 489/4/1 491/2/1
f 4375/1/1 491/4/1 493/2/1
f 4376/1/1 493/4/1 495/2/1
f 516/1/1 523/4/1 4378/2/1
f 523/1/1 529/4/1 4379/2/1
f 524/1/1 4380/4/1 1822/2/1
f 525/1/1 1822/4/1 1821/2/1
f 526/1/1 1821/4/1 530/2/1
f 529/1/1 532/4/1 202/2/1
f 548/74/5025 551/68/5025 4381/69/5025
f 559/59/5026 4386/70/5026 4387/15/5026
f 4385/60/5027 557/59/5027 4387/70/5027
f 4389/26/5028 558/10/5028 563/9/5028
f 585/10/5029 534/9/5029 4391/27/5029
f 4392/26/5030 4384/10/5030 558/9/5030
f 4389/10/5031 585/9/5031 4390/27/5031
f 553/26/1 4394/10/1 4395/9/1
f 570/26/5032 569/27/5032 4396/9/5032
f 4395/10/5033 4397/9/5033 4398/27/5033
f 584/26/5034 570/10/5034 3999/9/5034
f 4381/10/5035 568/9/5035 567/27/5035
f 584/10/5036 4001/9/5036 4400/27/5036
f 573/10/5037 584/9/5037 4401/27/5037
f 4402/10/290 577/9/290 572/27/290
f 582/10/2023 579/9/2023 577/27/2023
f 586/4/1 4403/62/1 4404/55/1
f 591/7/2024 588/6/2024 4404/35/2024
f 25/4/1 4404/62/1 4403/55/1
f 4404/6/2025 25/35/2025 24/5/2025
f 580/64/2026 592/56/2026 4406/4/2026
f 592/62/1 593/55/1 2318/56/1
f 2319/7/5038 2318/6/5038 593/35/5038
f 4406/4/2028 595/56/2028 565/64/2028
f 596/4/2029 2325/56/2029 4394/64/2029
f 596/4/1 595/62/1 2317/55/1
f 4366/15/425 4409/67/425 4410/16/425
f 4363/26/1 473/10/1 4367/9/1
f 4412/26/1 4411/27/1 1415/9/1
f 4408/85/1 1415/71/1 4367/35/1
f 4414/27/1 4365/9/1 4415/10/1
f 4416/26/1 4413/27/1 4415/9/1
f 4363/50/1 4411/1/1 4415/3/1
f 4415/26/1 4411/27/1 4412/9/1
f 597/27/5039 600/9/5039 2250/10/5039
f 4418/26/1 611/27/1 4419/9/1
f 4418/27/5040 615/9/5040 4421/10/5040
f 602/26/1 4422/27/1 4423/9/1
f 2260/10/1 2249/9/1 2251/27/1
f 4414/26/1 4413/27/1 4425/9/1
f 4426/26/1 4365/27/1 4414/9/1
f 4426/27/1 598/9/1 597/10/1
f 597/27/1 2249/9/1 4424/10/1
f 606/26/1 2259/27/1 2251/9/1
f 605/27/1 607/9/1 4429/10/1
f 4429/27/1 3606/9/1 3605/10/1
f 4430/10/1 601/9/1 610/27/1
f 4433/27/1 4422/9/1 602/10/1
f 602/27/1 601/9/1 4431/10/1
f 4416/3/1 4420/1/1 4425/50/1
f 4434/10/1 4420/9/1 4416/27/1
f 4435/27/1 611/9/1 4418/10/1
f 4418/27/1 4420/9/1 4434/10/1
f 4423/27/5041 4437/9/5041 613/10/5041
f 4421/26/5042 615/27/5042 616/9/5042
f 613/26/5043 4437/27/5043 4439/9/5043
f 616/27/5042 600/9/5042 599/10/5042
f 4419/26/5044 4440/27/5044 612/9/5044
f 618/26/2037 617/27/2037 4441/9/2037
f 618/27/5045 4442/9/5045 2250/10/5045
f 604/27/2035 603/9/2035 612/10/2035
f 4429/26/1 607/27/1 4441/9/1
f 4429/27/5046 617/9/5046 4439/10/5046
f 4443/45/1 623/64/1 621/1/1
f 4444/45/1 626/64/1 623/1/1
f 659/45/1 658/64/1 626/1/1
f 621/45/1 625/64/1 4297/1/1
f 658/45/1 641/64/1 627/1/1
f 625/45/1 629/64/1 4296/1/1
f 641/45/1 640/64/1 630/1/1
f 629/45/1 4445/64/1 4446/1/1
f 628/45/1 4447/64/1 4445/1/1
f 630/45/1 4448/64/1 4447/1/1
f 640/45/1 4449/64/1 4448/1/1
f 4450/58/5047 299/23/5047 298/59/5047
f 300/6/5048 299/31/5048 4450/32/5048
f 656/58/5049 4451/60/5049 298/59/5049
f 656/32/5050 297/31/5050 296/6/5050
f 4444/56/2046 4443/54/2046 632/61/2046
f 4444/77/2046 631/83/2046 635/76/2046
f 640/77/5051 636/83/5051 643/76/5051
f 4445/77/5052 645/83/5052 644/76/5052
f 622/77/5053 648/83/5053 647/76/5053
f 4443/56/2046 620/54/2046 650/61/2046
f 620/78/2046 619/77/2046 647/83/2046
f 643/76/2053 651/83/2053 4448/77/2053
f 4450/32/2059 652/31/2059 648/6/2059
f 652/58/5054 4450/23/5054 4451/59/5054
f 654/58/5055 4454/60/5055 4451/59/5055
f 644/76/5056 653/83/5056 4296/77/5056
f 662/26/5057 661/10/5057 667/9/5057
f 660/9/5058 663/27/5058 665/26/5058
f 664/26/5059 4457/10/5059 673/9/5059
f 4458/10/5060 674/9/5060 673/27/5060
f 4386/79/1 678/81/1 677/80/1
f 4388/79/1 4387/38/1 677/80/1
f 559/60/5061 4384/59/5061 678/70/5061
f 4385/59/5062 4388/70/5062 680/15/5062
f 4383/60/5063 684/59/5063 676/70/5063
f 4383/59/5064 675/70/5064 678/15/5064
f 4460/10/5065 4461/9/5065 4462/27/5065
f 674/26/5066 4458/10/5066 4190/9/5066
f 4458/26/5067 4463/10/5067 1421/9/5067
f 670/10/5068 669/9/5068 687/27/5068
f 698/10/5069 670/9/5069 4464/27/5069
f 689/10/1 4402/9/1 575/27/1
f 692/10/1 582/9/1 4402/27/1
f 692/26/1 695/10/1 583/9/1
f 694/26/1 4191/10/1 4465/9/1
f 4197/4/2076 4403/56/2076 4465/64/2076
f 4465/1/2077 4403/4/2077 586/56/2077
f 4461/21/2078 4466/82/2078 699/30/2078
f 4466/20/5070 4467/19/5070 4468/77/5070
f 4468/19/5071 4469/77/5071 700/78/5071
f 4430/21/5072 4469/82/5072 4468/30/5072
f 4468/82/2082 4467/30/2082 4432/22/2082
f 663/21/5073 707/82/5073 702/30/5073
f 707/19/5074 4470/77/5074 704/78/5074
f 4436/21/2085 705/82/2085 704/30/2085
f 704/82/5075 4470/30/5075 608/22/5075
f 701/21/5076 700/82/5076 706/30/5076
f 706/78/5077 4471/77/5077 4470/19/5077
f 700/78/5078 4469/77/5078 4471/19/5078
f 608/21/5079 4470/82/5079 4471/30/5079
f 4471/82/5080 4469/30/5080 4430/22/5080
f 4472/82/2092 4473/30/2092 610/22/2092
f 610/21/2093 4473/82/2093 4474/30/2093
f 4475/50/1 4476/45/1 716/64/1
f 4478/45/1 725/64/1 4479/1/1
f 4480/78/5081 4481/77/5081 727/83/5081
f 709/56/5082 4480/54/5082 726/61/5082
f 4479/56/5083 708/54/5083 711/61/5083
f 1715/78/5084 712/77/5084 715/83/5084
f 715/6/5085 719/31/5085 4483/32/5085
f 4476/77/2058 721/83/2058 717/76/2058
f 4477/78/2057 4479/77/2057 4482/83/2057
f 720/58/5086 722/23/5086 4484/59/5086
f 4488/58/5087 4486/60/5087 4485/59/5087
f 3418/17/461 4485/16/461 4484/72/461
f 3035/15/461 4489/67/461 4485/66/461
f 4489/15/461 3035/67/461 3036/66/461
f 4478/8/461 4477/79/461 4487/81/461
f 3425/15/461 3417/70/461 4484/66/461
f 722/15/461 721/70/461 4490/66/461
f 4475/8/461 4490/86/461 721/81/461
f 712/45/1 1715/64/1 4491/1/1
f 709/50/1 724/45/1 4491/64/1
f 725/45/1 723/64/1 708/1/1
f 711/4/5088 731/62/5088 4488/57/5088
f 719/58/5089 4492/60/5089 4493/59/5089
f 4494/60/5090 4492/59/5090 719/23/5090
f 4486/60/5091 4494/59/5091 718/23/5091
f 729/58/5092 728/23/5092 4495/59/5092
f 730/58/5093 729/23/5093 4493/59/5093
f 730/23/5094 4492/59/5094 4494/60/5094
f 731/23/5095 4494/59/5095 4486/60/5095
f 4487/30/2059 4482/6/2059 4488/31/2059
f 4496/1/1 738/4/1 734/2/1
f 736/1/1 737/4/1 743/2/1
f 3178/1/1 743/4/1 745/2/1
f 3179/1/1 745/4/1 257/2/1
f 745/1/1 746/4/1 258/2/1
f 4500/12/5096 4501/69/5096 409/7/5096
f 4501/12/2114 757/69/2114 410/7/2114
f 757/12/5097 756/69/5097 4339/7/5097
f 759/69/5098 411/7/5098 4339/22/5098
f 761/69/322 412/7/322 411/22/322
f 4500/69/5099 4345/7/5099 412/22/5099
f 4498/84/5100 4501/18/5100 4500/42/5100
f 754/84/325 757/18/325 4501/42/325
f 760/43/5101 4499/84/5101 4500/18/5101
f 764/23/2120 763/26/2120 777/10/2120
f 766/23/2121 764/26/2121 405/10/2121
f 766/26/2122 406/10/2122 407/59/2122
f 4502/26/2123 407/10/2123 4339/59/2123
f 4503/26/2124 4339/10/2124 4340/59/2124
f 770/26/2125 4340/10/2125 4341/59/2125
f 771/23/2126 767/26/2126 4341/10/2126
f 763/23/2127 771/26/2127 4342/10/2127
f 765/7/5102 766/6/5102 4502/30/5102
f 4497/22/5103 4504/7/5103 4502/6/5103
f 4497/3/5104 4503/65/5104 770/46/5104
f 1453/46/5105 762/53/5105 765/36/5105
f 4505/52/5106 1457/46/5106 765/53/5106
f 1461/46/5107 769/53/5107 768/36/5107
f 784/12/5108 783/22/5108 4343/7/5108
f 785/12/2114 4343/22/2114 776/7/2114
f 791/27/5109 794/9/5109 4506/10/5109
f 800/27/5110 4506/9/5110 2360/10/5110
f 4507/26/1318 4508/27/1318 3056/9/1318
f 4506/26/5111 794/27/5111 4509/9/5111
f 4359/27/5112 4511/9/5112 4508/10/5112
f 4357/27/5113 4508/9/5113 4507/10/5113
f 4360/27/5114 4507/9/5114 796/10/5114
f 4507/27/5115 3057/9/5115 799/10/5115
f 797/26/5116 789/27/5116 800/9/5116
f 803/10/1 2369/9/1 2368/27/1
f 457/26/1 456/10/1 808/9/1
f 812/5/1 808/35/1 456/71/1
f 456/35/1 455/71/1 4362/85/1
f 814/18/2144 4512/44/2144 4513/19/2144
f 804/1/2144 2368/64/2144 4512/56/2144
f 458/18/2145 819/44/2145 820/19/2145
f 807/64/2145 819/56/2145 458/4/2145
f 4514/11/5117 4515/14/5117 4516/12/5117
f 821/14/5118 815/12/5118 4513/13/5118
f 4516/11/5119 4208/14/5119 4207/12/5119
f 821/11/5120 4516/14/5120 823/12/5120
f 823/11/5121 4207/14/5121 56/12/5121
f 824/11/5122 56/14/5122 828/12/5122
f 835/14/5123 461/12/5123 832/13/5123
f 834/11/5124 833/14/5124 464/12/5124
f 797/70/5125 2363/8/5125 809/86/5125
f 795/70/5126 790/8/5126 836/86/5126
f 795/8/5127 4362/86/5127 4361/66/5127
f 4517/26/5128 869/27/5128 866/9/5128
f 850/26/5129 852/27/5129 4520/9/5129
f 870/26/5130 850/27/5130 4521/9/5130
f 4524/26/5131 870/27/5131 4523/9/5131
f 857/10/5132 855/9/5132 4526/27/5132
f 855/10/5133 839/9/5133 838/27/5133
f 4519/10/5134 849/9/5134 845/27/5134
f 4527/26/5135 4526/10/5135 838/9/5135
f 3709/10/5136 4519/9/5136 856/27/5136
f 877/26/5137 4528/27/5137 876/9/5137
f 4524/74/5138 859/73/5138 862/87/5138
f 4517/10/5139 852/9/5139 851/27/5139
f 877/10/5140 880/9/5140 4529/27/5140
f 873/10/5141 876/9/5141 2187/27/5141
f 841/10/5142 873/9/5142 2186/27/5142
f 842/10/5143 841/9/5143 2188/27/5143
f 879/3/5144 3493/1/5144 3506/50/5144
f 864/10/5145 863/9/5145 3493/27/5145
f 854/64/5146 4530/56/5146 3485/54/5146
f 853/64/5147 4531/56/5147 4530/54/5147
f 1504/34/5148 4533/17/5148 4534/71/5148
f 4533/34/5149 4535/17/5149 4536/71/5149
f 4536/35/5150 4535/34/5150 4537/17/5150
f 4538/35/5151 4537/34/5151 4539/17/5151
f 4539/34/5152 1505/17/5152 1750/71/5152
f 4532/71/5153 1750/35/5153 1505/34/5153
f 888/15/2184 77/70/2184 908/59/2184
f 4540/6/5154 902/31/5154 887/34/5154
f 75/11/5155 894/13/5155 891/12/5155
f 74/11/5156 896/13/5156 894/12/5156
f 77/39/5157 888/32/5157 896/40/5157
f 905/10/1 4540/9/1 886/27/1
f 912/59/5158 911/70/5158 902/15/5158
f 4542/6/5159 4543/31/5159 910/34/5159
f 910/30/5160 4543/32/5160 4544/31/5160
f 4545/11/5161 4546/14/5161 916/12/5161
f 4547/11/5162 4545/14/5162 915/12/5162
f 4544/44/5163 4547/19/5163 919/20/5163
f 916/11/2196 4546/14/2196 4548/12/2196
f 1256/1/1 1257/4/1 925/2/1
f 935/1/1 936/4/1 4074/2/1
f 1257/1/1 1268/4/1 937/2/1
f 936/1/1 943/4/1 4549/2/1
f 1268/1/1 4377/4/1 4550/2/1
f 937/1/1 4550/4/1 4551/2/1
f 938/1/1 4551/4/1 4552/2/1
f 939/1/1 4552/4/1 944/2/1
f 942/1/1 946/4/1 4553/2/1
f 943/1/1 4553/4/1 4554/2/1
f 4555/1/1 4556/4/1 955/2/1
f 977/1/1 4555/4/1 954/2/1
f 924/2/1 955/3/1 4556/1/1
f 4186/1/1 976/4/1 975/2/1
f 15/1/1 975/4/1 978/2/1
f 16/1/1 978/4/1 973/2/1
f 970/1/1 948/4/1 947/2/1
f 971/1/1 974/4/1 979/2/1
f 17/1/1 979/4/1 980/2/1
f 18/1/1 980/4/1 981/2/1
f 4187/1/1 981/4/1 4558/2/1
f 981/1/1 970/4/1 4557/2/1
f 4559/47/5164 987/46/5164 986/52/5164
f 2156/48/2198 4559/65/2198 2157/46/2198
f 1004/43/5165 1003/42/5165 1007/45/5165
f 2425/11/5166 1005/14/5166 1006/12/5166
f 2429/18/5167 1007/44/5167 1005/19/5167
f 4560/43/5168 1007/42/5168 2429/45/5168
f 4563/1/1 4564/4/1 4565/2/1
f 1010/53/1 1009/3/1 1578/2/1
f 4377/1/1 495/4/1 1014/2/1
f 4550/1/1 1014/4/1 1013/2/1
f 4551/1/1 1013/4/1 1017/2/1
f 4552/1/1 1017/4/1 1019/2/1
f 944/1/1 1019/4/1 1021/2/1
f 945/1/1 1021/4/1 1023/2/1
f 946/1/1 1023/4/1 1025/2/1
f 4553/1/1 1025/4/1 1026/2/1
f 495/1/1 496/4/1 1015/2/1
f 496/1/1 503/4/1 1027/2/1
f 503/1/1 510/4/1 1033/2/1
f 510/1/1 517/4/1 1041/2/1
f 517/1/1 4378/4/1 1049/2/1
f 4378/1/1 4379/4/1 1057/2/1
f 4379/1/1 202/4/1 201/2/1
f 1057/1/1 201/4/1 4261/2/1
f 1058/1/1 4261/4/1 206/2/1
f 1059/1/1 206/4/1 205/2/1
f 1060/1/1 205/4/1 209/2/1
f 1061/1/1 209/4/1 211/2/1
f 1062/1/1 211/4/1 213/2/1
f 1063/1/1 213/4/1 4262/2/1
f 4266/1/1 1066/4/1 1065/2/1
f 4267/1/1 1065/4/1 1069/2/1
f 4268/1/1 1069/4/1 1071/2/1
f 4269/1/1 1071/4/1 1073/2/1
f 4270/1/1 1073/4/1 1075/2/1
f 4271/1/1 1075/4/1 1077/2/1
f 4272/1/1 1077/4/1 1079/2/1
f 4273/1/1 1079/4/1 2099/2/1
f 1079/1/1 1080/4/1 4566/2/1
f 1080/1/1 1088/4/1 4567/2/1
f 1088/1/1 1096/4/1 4568/2/1
f 1089/1/1 4569/4/1 1097/2/1
f 1096/1/1 1103/4/1 4570/2/1
f 4569/1/1 1111/4/1 1104/2/1
f 1103/1/1 1110/4/1 4571/2/1
f 1110/1/1 1119/4/1 4572/2/1
f 1112/1/1 4283/4/1 4282/2/1
f 1113/1/1 4282/4/1 4284/2/1
f 1114/1/1 4284/4/1 4285/2/1
f 1115/1/1 4285/4/1 4286/2/1
f 1116/1/1 4286/4/1 4287/2/1
f 1117/1/1 4287/4/1 4288/2/1
f 1118/1/1 4288/4/1 4289/2/1
f 1119/1/1 4289/4/1 4290/2/1
f 4574/59/653 4575/70/653 4576/15/653
f 4577/35/2203 4578/34/2203 4575/31/2203
f 4579/59/425 4580/70/425 4578/15/425
f 4581/31/425 1123/88/425 1122/72/425
f 1128/88/425 1129/72/425 4583/34/425
f 4584/79/5169 1131/81/5169 1128/86/5169
f 1127/15/5170 1130/67/5170 1235/16/5170
f 1143/17/5171 4585/16/5171 1142/67/5171
f 1238/89/2206 4586/57/2206 1136/2/2206
f 1130/15/5172 1233/67/5172 4587/66/5172
f 1131/15/5173 1232/67/5173 1233/66/5173
f 4584/8/5174 1229/79/5174 1232/81/5174
f 1144/46/473 368/53/473 374/3/473
f 368/5/3591 1144/68/3591 1147/69/3591
f 1145/7/2211 1144/69/2211 4588/12/2211
f 4590/7/475 4589/5/475 1147/68/475
f 4590/87/1106 1149/85/1106 1151/5/1106
f 4592/69/2280 3630/7/2280 4591/5/2280
f 374/7/3589 3630/5/3589 4592/68/3589
f 1151/12/4869 1150/22/4869 1156/7/4869
f 1156/22/3590 1155/7/3590 4588/69/3590
f 4593/52/5175 4594/36/5175 4595/9/5175
f 4596/27/5176 4597/9/5176 1159/36/5176
f 4597/25/5177 4232/23/5177 103/26/5177
f 4599/27/5178 1439/52/5178 4595/36/5178
f 4600/25/5179 4595/24/5179 98/26/5179
f 4601/8/2230 4599/79/2230 4600/81/2230
f 4602/15/5180 4600/67/5180 108/66/5180
f 4603/8/5181 4604/86/5181 4597/81/5181
f 4604/15/5182 4237/70/5182 4232/66/5182
f 1159/9/5183 1158/36/5183 4605/52/5183
f 1171/16/5184 4609/67/5184 4602/15/5184
f 4601/79/5185 4602/81/5185 4609/86/5185
f 4612/86/5186 4604/81/5186 4603/79/5186
f 4604/17/5187 4612/16/5187 1166/67/5187
f 1166/16/5188 1169/67/5188 117/15/5188
f 1171/17/5189 4235/15/5189 4236/67/5189
f 4612/17/5190 4613/15/5190 1167/67/5190
f 1170/17/5191 4614/15/5191 4609/67/5191
f 4615/59/5192 2831/10/5192 1173/8/5192
f 2831/59/5193 2830/10/5193 1175/8/5193
f 2834/10/5194 1176/8/5194 1175/70/5194
f 2837/10/5195 1177/8/5195 1176/70/5195
f 2837/59/5196 4615/10/5196 1172/8/5196
f 4617/11/5197 1178/14/5197 1181/12/5197
f 4617/14/5198 4618/12/5198 1185/13/5198
f 4576/18/653 4575/44/653 1187/19/653
f 4575/39/5199 4578/32/5199 4619/40/5199
f 4578/18/425 4580/44/425 1193/19/425
f 1682/78/461 1226/77/461 1228/83/461
f 1202/6/461 4620/31/461 1228/32/461
f 1718/78/482 1721/76/482 4621/83/482
f 4621/32/482 1721/31/482 1197/6/482
f 1222/54/482 4621/61/482 4622/55/482
f 1219/54/482 4622/61/482 1218/55/482
f 4621/4/482 1196/62/482 1204/57/482
f 4622/4/482 1204/62/482 1206/57/482
f 4581/91/591 4583/94/591 4582/92/591
f 4587/17/5200 1233/15/5200 1234/67/5200
f 1136/31/5201 4586/88/5201 4585/72/5201
f 1237/31/2269 4585/34/2269 4586/72/2269
f 2509/70/5202 1251/8/5202 1241/10/5202
f 1242/59/5203 4624/70/5203 4625/8/5203
f 1240/10/5204 1244/59/5204 2506/70/5204
f 1239/59/5205 4625/70/5205 4626/8/5205
f 1246/59/5206 1249/70/5206 2506/8/5206
f 1243/59/5207 4626/70/5207 2843/8/5207
f 2843/70/5208 2845/8/5208 1250/10/5208
f 2845/70/5209 4624/8/5209 1242/10/5209
f 1260/1/1 4373/4/1 1269/2/1
f 1263/1/1 1270/4/1 4374/2/1
f 1265/1/1 4374/4/1 4375/2/1
f 1266/1/1 4375/4/1 4376/2/1
f 1267/1/1 4376/4/1 4377/2/1
f 1291/1/1 1292/4/1 4556/2/1
f 1290/1/1 1291/4/1 4555/2/1
f 4628/1/1 1298/4/1 1297/2/1
f 4627/1/1 1297/4/1 1299/2/1
f 1256/2/1 4556/3/1 1292/1/1
f 2866/1/1 1299/4/1 1300/2/1
f 2867/1/1 1300/4/1 1295/2/1
f 1293/1/1 1296/4/1 976/2/1
f 1296/1/1 1290/4/1 977/2/1
f 1302/52/2964 4629/46/2964 3460/53/2964
f 1301/46/4399 1304/53/4399 1308/36/4399
f 4631/43/4990 3459/42/4990 3460/18/4990
f 1303/53/2965 3460/3/2965 4632/65/2965
f 1309/5/1106 4633/85/1106 3459/87/1106
f 3459/69/5210 4633/7/5210 4632/5/5210
f 4632/12/5211 2820/22/5211 1311/7/5211
f 1312/22/2966 2817/7/2966 1307/69/2966
f 1307/12/4401 2817/22/4401 2816/7/4401
f 2816/22/1109 2819/7/1109 4633/69/1109
f 2819/22/1108 2820/7/1108 4632/69/1108
f 4307/69/5212 4331/7/5212 4329/22/5212
f 4635/84/5213 4310/18/5213 4309/42/5213
f 4635/43/5214 4306/84/5214 4308/18/5214
f 3661/13/5215 1337/12/5215 1340/14/5215
f 4637/14/5216 1337/12/5216 3661/13/5216
f 4638/11/425 4639/14/425 1331/12/425
f 4640/14/5217 1352/12/5217 1330/13/5217
f 1332/14/5218 1337/12/5218 4637/13/5218
f 4641/14/5219 1353/12/5219 1352/13/5219
f 3659/14/5220 1340/12/5220 1343/13/5220
f 3656/10/3539 3660/8/3539 1357/70/3539
f 4409/15/425 4366/67/425 4368/16/425
f 4643/17/425 4642/15/425 4368/67/425
f 4643/15/425 4369/67/425 4370/16/425
f 4410/15/425 1361/67/425 1360/16/425
f 1362/15/425 4644/67/425 4370/16/425
f 1371/82/5221 1369/30/5221 4417/22/5221
f 1384/21/5222 1376/82/5222 1371/30/5222
f 4417/21/5223 1369/82/5223 1368/30/5223
f 1392/26/5224 1393/10/5224 664/9/5224
f 1393/26/5225 1394/10/5225 4457/9/5225
f 1394/26/5226 4463/10/5226 4458/9/5226
f 1385/26/5227 1389/10/5227 4463/9/5227
f 1377/14/5228 1366/12/5228 4645/13/5228
f 1398/11/5229 1379/14/5229 4645/12/5229
f 1401/14/5230 3818/12/5230 3820/13/5230
f 1360/66/3924 1405/86/3924 1415/8/3924
f 1363/17/5231 4370/15/5231 1414/67/5231
f 4463/26/5232 1389/10/5232 1406/9/5232
f 1402/14/533 1403/12/533 49/13/533
f 1414/34/5233 4372/72/5233 1365/16/5233
f 666/21/2314 703/82/2314 1367/30/2314
f 703/20/5234 705/19/5234 1368/77/5234
f 1368/82/2316 705/30/2316 4436/22/2316
f 49/11/5235 1403/14/5235 3820/12/5235
f 4646/11/5236 1434/14/5236 1422/12/5236
f 4647/11/5237 4646/14/5237 1426/12/5237
f 4648/32/5238 4647/40/5238 1428/49/5238
f 3989/44/5239 1428/19/5239 1429/20/5239
f 4649/39/5240 3990/32/5240 1429/40/5240
f 1436/6/5241 4598/30/5241 1442/32/5241
f 4650/87/5242 4651/33/5242 4652/58/5242
f 4653/6/5243 1437/31/5243 1441/32/5243
f 1444/32/5244 1437/31/5244 4653/6/5244
f 4659/87/5245 4593/33/5245 1439/58/5245
f 4659/33/5246 1438/58/5246 1443/85/5246
f 4650/87/5247 4653/85/5247 4657/58/5247
f 4603/6/5248 4596/31/5248 4598/32/5248
f 1439/6/5248 4599/31/5248 4601/32/5248
f 4601/6/5249 4610/31/5249 4611/32/5249
f 4661/87/5250 1442/85/5250 4598/58/5250
f 1440/85/5251 1442/58/5251 4661/33/5251
f 4610/15/5252 4614/67/5252 4613/16/5252
f 4651/26/5253 4662/27/5253 4663/9/5253
f 4660/27/5254 4661/9/5254 1450/10/5254
f 4665/26/5255 4664/27/5255 1450/9/5255
f 1447/27/5256 4666/9/5256 4593/10/5256
f 1451/27/5257 4605/9/5257 4667/10/5257
f 4668/26/5258 4669/27/5258 4664/9/5258
f 4663/26/2359 4670/27/2359 1446/9/2359
f 4671/27/5259 1747/9/5259 1446/10/5259
f 1447/26/5260 1747/27/5260 1746/9/5260
f 1453/52/5261 1456/46/5261 747/53/5261
f 4505/46/5262 4504/53/5262 4497/36/5262
f 1461/52/5263 1460/46/5263 4497/53/5263
f 773/46/5264 772/53/5264 747/36/5264
f 1458/52/5265 1457/36/5265 4505/53/5265
f 4672/52/5266 4505/36/5266 1460/53/5266
f 1461/36/5267 774/53/5267 4673/46/5267
f 4673/52/5268 774/36/5268 773/53/5268
f 773/36/5269 1456/53/5269 1455/46/5269
f 1469/18/5270 1465/20/5270 1464/63/5270
f 1464/20/5271 1463/63/5271 4523/42/5271
f 1467/63/5272 4525/42/5272 4523/18/5272
f 1475/82/2375 4466/30/2375 4461/22/2375
f 4525/21/5273 1467/82/5273 1475/30/5273
f 1476/19/5274 4467/77/5274 4466/78/5274
f 4432/21/2378 4467/82/2378 1476/30/2378
f 1476/82/5275 1466/30/5275 1468/22/5275
f 4421/20/2380 4675/78/2380 4676/54/2380
f 4474/54/2381 4677/78/2381 4419/20/2381
f 4678/19/5276 4677/77/5276 4474/78/5276
f 4472/20/5277 4679/19/5277 4678/77/5277
f 604/20/2382 4679/78/2382 4472/54/2382
f 4440/21/2383 4678/82/2383 4679/30/2383
f 4677/82/2384 4678/30/2384 4440/22/2384
f 4422/63/2385 4680/54/2385 4681/78/2385
f 1452/6/5278 4667/35/5278 4682/34/5278
f 1449/60/2387 1452/59/2387 4683/70/2387
f 4665/60/2388 1449/59/2388 4684/70/2388
f 4668/60/2389 4665/59/2389 4685/70/2389
f 4687/6/2390 4668/35/2390 4686/34/2390
f 3257/60/2391 4687/59/2391 4688/70/2391
f 4690/11/5279 4336/14/5279 4337/12/5279
f 4682/32/5280 4690/40/5280 4691/49/5280
f 4691/11/5281 4337/14/5281 1478/12/5281
f 4683/44/5282 4691/19/5282 1477/20/5282
f 4684/32/2396 1477/40/2396 1480/49/2396
f 4685/44/5283 1480/19/5283 1482/20/5283
f 4686/32/5284 1482/40/5284 1484/49/5284
f 4688/44/5285 1484/19/5285 1486/20/5285
f 1489/11/5286 1493/14/5286 389/12/5286
f 1490/11/5287 389/14/5287 390/12/5287
f 4689/32/5288 1486/40/5288 1489/49/5288
f 1496/60/2404 3257/59/2404 4689/70/2404
f 1497/59/2405 1498/70/2405 1503/15/2405
f 393/14/5289 1500/12/5289 1499/13/5289
f 1537/36/589 1540/38/589 4693/79/589
f 1531/79/2412 1530/38/2412 1541/36/2412
f 1532/79/1111 1531/38/1111 2698/36/1111
f 1533/79/2413 1532/38/2413 2697/36/2413
f 2697/36/2413 2700/38/2413 1543/79/2413
f 1540/85/591 1511/71/591 1515/60/591
f 4693/85/591 1515/71/591 1518/60/591
f 2699/85/591 1518/71/591 1521/60/591
f 2700/85/591 1521/71/591 1524/60/591
f 1545/36/1 1544/53/1 1561/37/1
f 1545/3/1 4082/2/1 4094/37/1
f 1009/36/1 1547/53/1 1550/37/1
f 1553/36/1 1010/53/1 1580/37/1
f 1553/3/1 1557/1/1 1026/4/1
f 1547/1/1 1009/4/1 1040/2/1
f 1546/53/1 4094/37/1 4695/38/1
f 4697/53/1 4698/37/1 1560/38/1
f 1557/3/1 1563/1/1 1566/4/1
f 4694/3/1 1570/1/1 1569/4/1
f 4697/1/1 1559/4/1 1601/2/1
f 4699/1/1 1601/4/1 4249/2/1
f 1601/1/1 1602/4/1 140/2/1
f 1602/1/1 1607/4/1 141/2/1
f 1607/1/1 1613/4/1 1621/2/1
f 1040/1/1 1048/4/1 1614/2/1
f 1048/1/1 1056/4/1 1623/2/1
f 1620/1/1 1629/4/1 4251/2/1
f 1056/1/1 1064/4/1 1630/2/1
f 1064/1/1 4262/4/1 2758/2/1
f 1630/1/1 2758/4/1 2757/2/1
f 1631/1/1 2757/4/1 4700/2/1
f 1632/1/1 4700/4/1 2762/2/1
f 1634/3/1 1633/1/1 2762/4/1
f 1634/1/1 2761/4/1 4701/2/1
f 4702/5/2414 4703/35/2414 4247/6/2414
f 4702/7/2414 4704/5/2414 4705/35/2414
f 4251/36/1 1629/53/1 137/37/1
f 1629/53/1 1635/3/1 4246/2/1
f 4701/53/1 4702/37/1 4246/38/1
f 1637/23/614 4706/26/614 1310/10/614
f 1308/42/4400 1310/18/4400 4706/84/4400
f 1642/6/5290 1645/31/5290 3459/32/5290
f 3459/6/1947 1645/31/1947 1638/32/1947
f 2037/15/5291 2035/67/5291 1656/16/5291
f 2034/38/5292 1654/37/5292 1656/89/5292
f 4708/78/2420 1673/76/2420 4709/61/2420
f 1673/37/2421 1660/89/2421 1663/80/2421
f 4710/54/5293 4707/78/5293 4709/76/5293
f 4712/61/5294 1675/76/5294 4713/78/5294
f 4715/78/5295 1676/76/5295 4716/61/5295
f 4714/78/2425 4716/76/2425 4712/61/2425
f 4715/54/2426 4710/78/2426 1677/76/2426
f 4717/78/5296 1674/76/5296 1673/61/5296
f 4713/54/2428 1675/61/2428 1674/76/2428
f 1650/27/2429 2034/9/2429 1672/10/2429
f 2037/80/5297 1658/89/5297 1675/37/5297
f 1663/80/5298 1664/89/5298 1677/37/5298
f 1676/37/5299 1666/89/5299 1668/80/5299
f 4199/27/1 4718/9/1 1681/10/1
f 4720/26/1 4719/27/1 1680/9/1
f 1718/10/1 4718/9/1 4198/27/1
f 1678/10/1 1681/9/1 4718/27/1
f 1682/26/1 4722/10/1 4721/9/1
f 1686/14/5300 1870/12/5300 4724/13/5300
f 4725/16/5301 4726/67/5301 1688/15/5301
f 4728/72/5302 1688/16/5302 4729/17/5302
f 4723/11/5303 1896/14/5303 1687/12/5303
f 1712/45/5304 1685/42/5304 1688/43/5304
f 4280/41/5305 1696/43/5305 4281/42/5305
f 4274/43/5306 4275/42/5306 1691/45/5306
f 1691/41/5307 4275/43/5307 4276/42/5307
f 1691/43/5308 4731/42/5308 4732/45/5308
f 4731/41/5309 4276/43/5309 250/42/5309
f 4277/43/5310 4274/42/5310 1690/45/5310
f 1702/41/5311 4280/43/5311 1690/42/5311
f 1708/43/5312 253/42/5312 4281/45/5312
f 1713/41/5313 255/43/5313 1709/42/5313
f 1685/39/5314 1711/32/5314 1870/40/5314
f 1693/44/5315 1695/19/5315 1870/20/5315
f 1713/41/5316 1712/43/5316 4279/42/5316
f 1702/41/5317 1697/43/5317 1696/42/5317
f 4447/1/1 4734/64/1 4735/45/1
f 4447/50/1 4448/1/1 4736/64/1
f 4734/1/1 4737/64/1 1714/45/1
f 4736/1/1 4481/64/1 4737/45/1
f 4739/23/2458 4495/59/2458 4740/60/2458
f 1717/4/2459 4739/62/2459 4738/57/2459
f 1714/54/2460 1717/61/2460 4741/55/2460
f 4740/60/2461 4495/59/2461 728/23/2461
f 4743/4/2462 4742/62/2462 728/57/2462
f 4481/56/1462 4736/54/1462 4743/61/1462
f 4745/60/2461 4740/59/2461 4742/23/2461
f 4746/4/2462 4744/62/2462 4742/57/2462
f 4736/56/5318 4448/54/5318 4746/61/5318
f 1716/4/5319 4483/62/5319 4739/57/5319
f 1714/50/1 4737/1/1 4491/64/1
f 4737/50/1 4481/1/1 4480/64/1
f 4738/23/2458 4740/59/2458 4745/60/2458
f 4741/4/2459 4738/62/2459 4747/57/2459
f 4735/54/2460 4741/61/2460 4748/55/2460
f 645/30/2459 4748/6/2459 4747/31/2459
f 4455/58/2458 4747/23/2458 4745/59/2458
f 4456/58/5320 4453/60/5320 4745/59/5320
f 651/6/2462 4456/31/2462 4744/32/2462
f 4483/58/5321 4493/60/5321 4495/59/5321
f 1198/14/425 4749/12/425 4750/13/425
f 1197/11/5322 4192/14/5322 4194/12/5322
f 1721/39/5323 1720/32/5323 4192/40/5323
f 1197/14/653 4751/12/653 4749/13/653
f 1202/11/653 1200/14/653 4750/12/653
f 4752/11/5324 1202/14/5324 2979/12/5324
f 4753/39/524 4620/32/524 1202/40/524
f 4722/6/425 1682/35/425 4620/34/425
f 4194/14/5325 4206/12/5325 4755/13/5325
f 4751/14/425 4755/12/425 4756/13/425
f 4749/14/5326 4756/12/5326 4757/13/5326
f 2979/11/653 4750/14/653 4757/12/653
f 4290/1/1 1727/4/1 1726/2/1
f 4758/1/1 1726/4/1 1724/2/1
f 1722/1/1 1725/4/1 1732/2/1
f 2147/1/1 1732/4/1 1734/2/1
f 2148/1/1 1734/4/1 1736/2/1
f 2149/1/1 1736/4/1 1738/2/1
f 4759/1/1 1738/4/1 4563/2/1
f 1738/1/1 1739/4/1 4564/2/1
f 4761/39/5327 1749/32/5327 4762/40/5327
f 2810/11/5328 1743/13/5328 3586/12/5328
f 4764/11/5329 1740/13/5329 1743/12/5329
f 4762/11/5330 1744/13/5330 1740/12/5330
f 1749/18/5331 1748/44/5331 1744/19/5331
f 1742/13/5332 3580/12/5332 3586/14/5332
f 1748/39/5333 4765/32/5333 1745/40/5333
f 1741/11/5334 4767/13/5334 4766/12/5334
f 4766/11/5335 4768/13/5335 3581/12/5335
f 4761/15/2486 4666/60/2486 1746/59/2486
f 4671/59/2487 4765/70/2487 1748/15/2487
f 4769/26/5336 4770/27/5336 4771/9/5336
f 4775/10/1 4769/9/1 4772/27/1
f 4776/26/1 2890/10/1 4775/9/1
f 4769/35/1 4775/71/1 4777/85/1
f 4777/5/1 4775/35/1 2890/71/1
f 175/18/5337 4778/44/5337 4256/19/5337
f 4302/41/5338 4295/43/5338 4779/42/5338
f 175/45/5339 4258/41/5339 4301/43/5339
f 3224/34/482 4301/72/482 4302/16/482
f 3236/15/482 3225/70/482 4302/66/482
f 3238/15/482 4258/67/482 4301/66/482
f 4258/15/482 3238/67/482 4780/66/482
f 4298/8/482 4291/79/482 4292/81/482
f 1751/12/2495 1750/22/2495 4532/7/2495
f 2847/12/5340 4532/22/5340 4534/7/5340
f 4534/22/5341 4536/7/5341 4781/69/5341
f 4536/22/2498 4538/7/2498 4782/69/2498
f 4538/22/5342 1753/7/5342 1752/69/5342
f 1800/26/5343 4783/27/5343 4784/9/5343
f 1754/10/5344 3087/9/5344 4786/27/5344
f 4787/38/5345 1791/80/5345 1759/89/5345
f 1763/38/5346 1762/80/5346 2057/89/5346
f 1771/38/2506 1770/80/2506 1776/89/2506
f 4788/50/2507 1809/1/2507 3520/3/2507
f 1809/27/5347 1808/9/5347 3521/10/5347
f 3521/26/5348 1808/27/5348 4789/9/5348
f 1784/38/793 2071/37/793 2074/89/793
f 1758/62/2508 1787/55/2508 1789/56/2508
f 1763/4/2509 2056/62/2509 1790/55/2509
f 1771/27/666 2079/9/666 2071/10/666
f 2074/17/666 2057/16/666 1762/67/666
f 4784/64/5349 2083/56/5349 4791/4/5349
f 1756/64/5350 4792/56/5350 3131/4/5350
f 4793/1/5351 4783/64/5351 3131/56/5351
f 1795/26/5352 1794/10/5352 1942/9/5352
f 1798/10/5353 4794/9/5353 1957/27/5353
f 540/10/5354 539/9/5354 4789/27/5354
f 539/10/5355 562/9/5355 4790/27/5355
f 4795/10/5356 4789/9/5356 1808/27/5356
f 1797/26/1023 1947/10/1023 1948/9/1023
f 4796/10/5357 4797/9/5357 1958/27/5357
f 1796/10/5358 1799/9/5358 906/27/5358
f 1794/26/2013 4788/10/2013 1943/9/2013
f 4798/10/5359 4788/9/5359 1794/27/5359
f 1806/10/5360 1809/9/5360 4788/27/5360
f 4799/65/5361 1792/3/5361 1795/1/5361
f 1801/9/5362 1800/27/5362 4785/26/5362
f 1799/27/5363 1957/9/5363 4541/10/5363
f 1802/10/5364 1947/9/5364 1797/27/5364
f 1798/26/2659 1948/10/2659 4796/9/2659
f 4800/27/1 4801/9/1 4802/10/1
f 4803/26/5365 868/27/5365 4804/9/5365
f 4805/26/1 3709/27/1 3710/9/1
f 867/26/5366 4519/27/5366 4805/9/5366
f 4518/27/5367 4803/9/5367 420/10/5367
f 868/14/5368 867/75/5368 4807/69/5368
f 419/10/5369 420/9/5369 4803/27/5369
f 4808/18/5370 4809/44/5370 3194/19/5370
f 3200/11/5371 3199/14/5371 1812/12/5371
f 4808/32/5372 3200/40/5372 1811/49/5372
f 4810/44/5373 1811/19/5373 1810/20/5373
f 4730/44/5374 1813/19/5374 1812/20/5374
f 4812/41/5375 4732/43/5375 4731/42/5375
f 2518/41/5376 2517/43/5376 1814/42/5376
f 4813/44/5377 4815/19/5377 1820/20/5377
f 4278/41/5378 4816/43/5378 4817/42/5378
f 4818/43/5379 4819/42/5379 4820/45/5379
f 4820/44/5380 4821/19/5380 4815/20/5380
f 4819/43/5381 2519/42/5381 4822/45/5381
f 4820/39/5382 4822/32/5382 3199/40/5382
f 1712/41/5383 4822/43/5383 4733/42/5383
f 4822/18/5384 1712/44/5384 1812/19/5384
f 4823/79/5385 4824/81/5385 1901/86/5385
f 4380/1/1 1825/4/1 1823/2/1
f 1821/1/1 1824/4/1 1829/2/1
f 530/1/1 1829/4/1 1831/2/1
f 531/1/1 1831/4/1 1833/2/1
f 532/1/1 1833/4/1 203/2/1
f 1833/1/1 1834/4/1 215/2/1
f 1834/1/1 1840/4/1 1847/2/1
f 1846/1/1 1854/4/1 4263/2/1
f 1854/1/1 1860/4/1 4264/2/1
f 1860/1/1 1866/4/1 4265/2/1
f 1862/1/1 1868/4/1 4825/2/1
f 1863/1/1 4825/4/1 4826/2/1
f 1864/1/1 4826/4/1 3135/2/1
f 1865/1/1 3135/4/1 3134/2/1
f 1866/1/1 3134/4/1 4266/2/1
f 4827/11/5386 1872/14/5386 1873/12/5386
f 4830/18/5387 4831/44/5387 1896/19/5387
f 3643/28/5388 3642/47/5388 4831/46/5388
f 4832/39/5389 4830/32/5389 4723/40/5389
f 1888/13/5390 4724/11/5390 1870/14/5390
f 4832/44/5391 4724/19/5391 1888/20/5391
f 1889/11/5392 1872/14/5392 4827/12/5392
f 1890/44/5393 1889/19/5393 4833/20/5393
f 4833/11/5394 4827/14/5394 4168/12/5394
f 4834/32/5395 4833/40/5395 4173/49/5395
f 1909/34/5396 1908/72/5396 1688/16/5396
f 1900/34/5397 4727/17/5397 4728/16/5397
f 1906/15/5398 1905/70/5398 4726/66/5398
f 1894/67/5399 1906/66/5399 4725/70/5399
f 1893/8/5400 1810/79/5400 1901/81/5400
f 1684/16/5401 1903/67/5401 1895/15/5401
f 4836/45/5402 4829/64/5402 4837/1/5402
f 4728/34/5403 1688/17/5403 1908/16/5403
f 1892/50/1 4829/1/1 4836/64/1
f 1896/46/5404 4831/53/5404 4838/36/5404
f 4839/36/5405 4811/53/5405 1810/46/5405
f 1901/15/5406 4824/67/5406 4730/16/5406
f 4730/17/5407 4728/15/5407 1899/67/5407
f 1910/41/5408 1913/45/5408 3325/50/5408
f 1913/51/5409 1915/50/5409 4840/65/5409
f 1918/51/5410 1917/50/5410 4842/65/5410
f 4843/48/5411 4840/65/5411 1915/50/5411
f 1921/47/5412 4843/46/5412 1917/52/5412
f 4841/51/5413 1923/50/5413 1919/65/5413
f 3324/39/5414 1927/82/5414 1926/30/5414
f 4844/15/591 4841/67/591 4842/66/591
f 4841/15/591 4844/67/591 1930/66/591
f 4845/17/591 4842/16/591 1916/72/591
f 4847/15/591 4846/70/591 1916/66/591
f 1914/15/591 1912/70/591 4848/66/591
f 1929/70/591 4848/66/591 1912/86/591
f 1805/26/2590 1942/10/2590 1937/9/2590
f 1940/26/5415 4849/10/5415 3558/9/5415
f 1938/26/5416 4850/10/5416 4849/9/5416
f 1937/26/5417 1944/10/5417 4850/9/5417
f 4796/26/5418 1941/10/5418 1946/9/5418
f 1948/26/5419 1939/10/5419 1941/9/5419
f 1805/10/2596 1936/9/2596 1947/27/2596
f 4797/59/5420 1953/70/5420 1955/15/5420
f 1946/59/5421 1950/70/5421 1953/15/5421
f 3558/59/5422 3550/70/5422 1949/15/5422
f 3550/37/5423 1934/89/5423 1951/80/5423
f 1965/27/2604 1964/9/2604 1968/10/2604
f 1961/27/733 1962/9/733 1963/10/733
f 4853/26/1 4854/27/1 1975/9/1
f 4855/26/1 1975/27/1 1934/9/1
f 1961/27/1 4852/9/1 4856/10/1
f 4857/43/1739 3619/84/1739 3612/18/1739
f 4858/60/5424 4859/15/5424 4543/70/5424
f 1968/38/5425 1967/80/5425 1765/89/5425
f 4543/30/2608 4859/32/2608 3629/31/2608
f 4541/5/5426 1960/85/5426 1971/71/5426
f 912/27/5427 4540/9/5427 907/10/5427
f 1971/27/5428 1970/9/5428 909/10/5428
f 1970/27/5429 1972/9/5429 4542/10/5429
f 1972/50/5430 1973/1/5430 4858/3/5430
f 1973/27/5431 1974/9/5431 3619/10/5431
f 1974/27/5432 1975/9/5432 4854/10/5432
f 1765/17/5433 1967/15/5433 1977/67/5433
f 1932/80/5434 3549/38/5434 1978/37/5434
f 1979/38/5435 1789/37/5435 1772/89/5435
f 4857/60/5436 3616/15/5436 4859/70/5436
f 1993/71/128 1992/60/128 310/15/128
f 2020/34/5437 2019/17/5437 4860/16/5437
f 2013/60/129 314/15/129 313/17/129
f 2014/60/752 313/15/752 4303/17/752
f 1992/71/130 2017/60/130 316/15/130
f 4861/17/5438 2031/16/5438 2030/67/5438
f 2011/16/5439 4863/67/5439 2030/15/5439
f 2017/71/755 2016/60/755 4303/15/755
f 2010/72/5440 2032/16/5440 4860/17/5440
f 1985/17/5441 1989/15/5441 2023/67/5441
f 1985/15/5442 4325/67/5442 4860/16/5442
f 2011/69/5443 4860/68/5443 354/5/5443
f 2012/30/5444 2019/6/5444 4860/31/5444
f 1998/70/5445 2024/66/5445 2031/86/5445
f 1993/60/136 309/15/136 314/17/136
f 4864/18/5446 3694/44/5446 4865/19/5446
f 3706/26/482 4867/10/482 3428/59/482
f 3707/65/482 3706/3/482 4869/53/482
f 4869/65/482 3706/3/482 3427/53/482
f 3710/46/482 3707/53/482 4868/36/482
f 4864/88/5447 3428/31/5447 4867/34/5447
f 4716/56/2632 4871/55/2632 2062/62/2632
f 2096/26/5448 3503/27/5448 3502/9/5448
f 4872/27/5449 3503/9/5449 2096/10/5449
f 4873/27/5450 4872/9/5450 2090/10/5450
f 2080/37/5451 2069/89/5451 1669/80/5451
f 2069/15/5452 2070/67/5452 1668/16/5452
f 2062/37/5453 2038/89/5453 2037/80/5453
f 2033/27/2639 2080/9/2639 1672/10/2639
f 1668/80/5454 2070/89/5454 4871/37/5454
f 4798/27/5455 2054/9/5455 2055/10/5455
f 2089/74/5456 1807/73/5456 2055/87/5456
f 4391/75/5457 4795/74/5457 1807/68/5457
f 534/75/5458 540/74/5458 4795/68/5458
f 2079/38/2506 1776/80/2506 2064/89/2506
f 2066/38/5459 2065/80/5459 2069/89/5459
f 1776/15/796 1777/67/796 2067/16/796
f 2075/38/5460 2033/37/5460 2036/89/5460
f 2059/62/2649 2078/55/2649 1790/56/2649
f 2062/62/2650 4871/55/2650 2077/56/2650
f 1790/38/2651 2078/37/2651 2067/89/2651
f 2077/38/5461 4871/37/5461 2070/89/5461
f 4714/27/5462 4711/9/5462 3503/10/5462
f 4791/45/1 2083/42/1 2082/63/1
f 4876/1/5463 3081/64/5463 2081/56/5463
f 4784/1/5464 4876/64/5464 2084/56/5464
f 4785/64/5465 4791/56/5465 4875/4/5465
f 3084/64/5466 4875/56/5466 2082/4/5466
f 3081/1/5467 3080/64/5467 2082/56/5467
f 2085/26/5468 2039/10/5468 1793/9/5468
f 4390/10/5469 4391/9/5469 2089/27/5469
f 2054/10/5470 4798/9/5470 1793/27/5470
f 2052/26/5471 4873/10/5471 2044/9/5471
f 2048/26/5472 4877/10/5472 4873/9/5472
f 2093/26/5473 2040/10/5473 2085/9/5473
f 3083/26/5474 2085/10/5474 1792/9/5474
f 4393/10/2014 4390/9/2014 2088/27/2014
f 2097/1/1 2100/4/1 2105/2/1
f 4878/1/1 2105/4/1 2103/2/1
f 2101/1/1 2104/4/1 2110/2/1
f 2803/3/1 2802/1/1 2110/4/1
f 2099/1/1 4566/4/1 2106/2/1
f 4566/1/1 4567/4/1 2117/2/1
f 4567/1/1 4568/4/1 2123/2/1
f 4568/1/1 4570/4/1 2129/2/1
f 4570/1/1 4571/4/1 2135/2/1
f 4571/1/1 4572/4/1 2141/2/1
f 4572/1/1 4290/4/1 4758/2/1
f 2141/1/1 4758/4/1 1723/2/1
f 2142/1/1 1723/4/1 1722/2/1
f 2143/1/1 1722/4/1 2147/2/1
f 2146/1/1 2149/4/1 4759/2/1
f 2115/3/1 2114/1/1 4759/4/1
f 2804/36/1 2112/53/1 2151/37/1
f 2157/47/2667 986/46/2667 992/52/2667
f 2158/51/5475 992/50/5475 996/65/5475
f 2160/48/5476 2159/51/5476 996/50/5476
f 2160/51/5477 1000/50/5477 1004/65/5477
f 2161/47/5478 1004/46/5478 4560/52/5478
f 2162/51/5479 4560/50/5479 4561/65/5479
f 2431/51/5480 2151/41/5480 2162/45/5480
f 3479/82/5481 2168/30/5481 2167/32/5481
f 2166/39/5482 2165/32/5482 2623/40/5482
f 4879/11/5483 2193/14/5483 2192/12/5483
f 2185/26/5484 2178/27/5484 2171/9/5484
f 2194/12/5485 2193/22/5485 3482/7/5485
f 2164/69/5486 2176/7/5486 2623/22/5486
f 4882/69/5487 2617/7/5487 2175/22/5487
f 4881/69/5488 2175/7/5488 2174/22/5488
f 4881/56/5489 2177/54/5489 2178/63/5489
f 2187/26/5490 876/10/5490 4528/9/5490
f 2183/10/5491 2179/9/5491 2634/27/5491
f 4883/26/5492 2178/10/5492 2183/9/5492
f 853/10/5493 2188/9/5493 2184/27/5493
f 2672/11/5494 2596/14/5494 4885/12/5494
f 2191/11/5495 2672/14/5495 4886/12/5495
f 4886/14/5496 4885/12/5496 2419/13/5496
f 2192/11/5497 4886/14/5497 4887/12/5497
f 2671/14/5498 2672/12/5498 2191/13/5498
f 2189/11/5499 2624/14/5499 2191/12/5499
f 4889/42/5500 2196/18/5500 2195/84/5500
f 2172/17/5501 2196/15/5501 4531/60/5501
f 2196/17/5502 4889/15/5502 4530/60/5502
f 2169/32/5503 4888/30/5503 2195/6/5503
f 4890/30/5504 4888/6/5504 2169/31/5504
f 2170/56/5505 4531/54/5505 853/63/5505
f 4862/27/5506 4891/9/5506 4893/10/5506
f 4893/26/5507 4891/27/5507 4894/9/5507
f 2464/26/5508 4893/27/5508 4895/9/5508
f 4895/27/5509 4896/9/5509 2870/10/5509
f 4862/63/5510 4863/54/5510 4897/56/5510
f 4899/65/5511 3973/3/5511 3972/53/5511
f 2198/46/5512 4898/65/5512 3972/3/5512
f 4900/46/5513 2197/65/5513 2200/3/5513
f 4902/46/5514 4900/65/5514 4901/3/5514
f 4899/46/5515 4902/65/5515 3976/3/5515
f 4903/84/5516 4904/90/5516 4898/44/5516
f 4896/84/5517 4903/90/5517 2198/44/5517
f 4905/84/5518 4896/90/5518 2197/44/5518
f 4905/90/5519 4900/44/5519 4902/18/5519
f 4906/26/5520 4907/27/5520 4908/9/5520
f 4347/10/5521 3684/26/5521 4909/27/5521
f 4347/26/5522 4906/27/5522 2239/9/5522
f 2241/27/5523 417/9/5523 415/10/5523
f 414/26/5524 4347/27/5524 2242/9/5524
f 4908/27/5525 2254/9/5525 2240/10/5525
f 3752/27/5526 2254/9/5526 4908/10/5526
f 4428/21/2728 3603/82/2728 4911/30/2728
f 4911/82/5527 4912/30/5527 606/22/5527
f 2246/54/2730 2245/78/2730 4441/20/2730
f 4442/21/2731 2244/82/2731 2248/30/2731
f 2245/82/2732 2244/30/2732 4442/22/2732
f 2251/21/2733 2243/82/2733 2246/30/2733
f 2253/82/5528 4913/30/5528 417/22/5528
f 3752/21/2735 4914/82/2735 2255/30/2735
f 2257/19/5529 4912/77/5529 4913/78/5529
f 4915/19/5530 2258/77/5530 2255/78/5530
f 606/21/5531 4912/82/5531 2257/30/5531
f 2258/82/2739 4915/30/2739 4427/22/2739
f 2260/21/5532 2256/82/5532 2258/30/5532
f 2264/54/2741 2263/78/2741 599/20/2741
f 4676/20/5533 4675/19/5533 2262/77/5533
f 4438/21/2743 2262/82/2743 4675/30/2743
f 2263/82/2744 2262/30/2744 4438/22/2744
f 4676/82/2745 2261/30/2745 4425/22/2745
f 4425/21/2746 2261/82/2746 2264/30/2746
f 4437/21/2747 4916/82/2747 4917/30/2747
f 4681/82/2748 4916/30/2748 4437/22/2748
f 2266/11/5534 145/14/5534 4243/12/5534
f 2279/11/5535 2271/14/5535 2272/12/5535
f 2267/11/5536 4243/14/5536 2394/12/5536
f 2268/11/5537 2267/14/5537 2393/12/5537
f 2270/11/5538 2268/14/5538 2397/12/5538
f 2272/11/5539 2270/14/5539 2399/12/5539
f 4918/11/5540 2272/14/5540 2401/12/5540
f 4921/14/5541 3371/12/5541 2280/13/5541
f 4920/14/5542 2280/12/5542 2279/13/5542
f 2276/51/5543 2275/50/5543 3379/45/5543
f 2278/49/2759 2277/40/2759 3378/32/2759
f 3377/41/2760 2284/45/2760 2283/42/2760
f 2284/65/5544 3377/50/5544 3379/51/5544
f 4923/53/1 4924/37/1 4925/38/1
f 2286/3/1 2288/2/1 4924/37/1
f 2287/3/1 2291/1/1 4151/4/1
f 4151/1/1 4152/4/1 2292/2/1
f 2294/3/1 2292/1/1 4152/4/1
f 2294/36/1 4927/53/1 2308/37/1
f 4927/53/1 4248/3/1 4250/2/1
f 2304/14/5545 146/11/5545 145/13/5545
f 146/49/5546 2304/40/5546 2305/32/5546
f 148/45/5547 2305/42/5547 2306/43/5547
f 150/65/5548 2306/50/5548 2307/51/5548
f 4260/50/5549 2307/45/5549 2308/41/5549
f 2314/10/1 2313/9/1 4397/27/1
f 2341/7/2767 4407/6/2767 2317/35/2767
f 2322/6/2768 4407/35/2768 2341/5/2768
f 2984/6/5550 2321/35/5550 2320/5/5550
f 2325/4/2770 2324/56/2770 2314/64/2770
f 2313/6/5551 2984/35/5551 4929/34/5551
f 4928/60/2772 2313/59/2772 4930/70/2772
f 2974/14/5552 2977/12/5552 4932/13/5552
f 2974/49/5553 4931/40/5553 4930/32/5553
f 4406/62/1 2318/55/1 2317/56/1
f 2325/4/1 596/62/1 4407/55/1
f 2315/4/5554 2324/62/5554 2321/55/5554
f 4721/6/5555 4722/35/5555 4933/5/5555
f 2309/5/2776 2311/7/2776 4720/6/2776
f 2331/10/5556 3653/8/5556 4934/79/5556
f 2336/10/4901 2332/9/4901 4934/79/4901
f 3650/8/4902 3652/79/4902 2339/9/4902
f 2339/9/5557 3652/79/5557 3653/8/5557
f 4935/2/1 2340/4/1 2316/1/1
f 2311/2/1 2310/4/1 2340/1/1
f 2320/2/1 2323/4/1 2333/1/1
f 2333/2/1 2312/4/1 2986/1/1
f 2312/4/1 2309/1/1 4933/3/1
f 4931/11/5558 4932/14/5558 4646/12/5558
f 4930/44/5559 4931/19/5559 4647/20/5559
f 4938/31/2783 2471/34/2783 2343/72/2783
f 4938/34/2783 2342/72/2783 2346/88/2783
f 2353/59/2784 2343/70/2784 2471/15/2784
f 3039/15/2785 2346/70/2785 2356/59/2785
f 2473/27/3000 4939/9/3000 4940/10/3000
f 2353/27/5560 4940/9/5560 2357/10/5560
f 2360/26/5561 4506/27/5561 4510/9/5561
f 4510/26/5562 4509/27/5562 3040/9/5562
f 2361/26/5563 4510/27/5563 2356/9/5563
f 2371/27/5564 4941/9/5564 4942/10/5564
f 2366/26/5565 2370/27/5565 4943/9/5565
f 4944/27/1 4945/9/1 2367/10/1
f 4941/26/5566 2371/27/5566 2378/9/5566
f 4946/1/5567 2378/64/5567 2374/56/5567
f 2374/44/5568 2377/19/5568 1914/20/5568
f 1916/11/5569 1914/14/5569 2377/12/5569
f 4841/11/5570 4842/14/5570 2388/12/5570
f 2381/39/5571 4948/32/5571 4841/40/5571
f 4945/64/5572 4948/56/5572 2381/4/5572
f 4515/11/5573 323/13/5573 4311/12/5573
f 1928/85/1 4943/71/1 4942/35/1
f 2371/10/1 2896/9/1 2379/27/1
f 2897/5/1 2896/35/1 2371/71/1
f 2369/35/1 803/71/1 809/85/1
f 2380/32/2804 2383/40/2804 4513/49/2804
f 2368/1/2804 2364/64/2804 2380/56/2804
f 4937/14/5574 1184/12/5574 2385/13/5574
f 2920/14/5575 2385/12/5575 2384/13/5575
f 2921/11/5576 2384/14/5576 2377/12/5576
f 2386/13/5577 2385/11/5577 1184/14/5577
f 4936/14/5578 328/12/5578 2389/13/5578
f 2389/11/5579 328/14/5579 326/12/5579
f 2391/11/5580 326/14/5580 324/12/5580
f 2392/11/5581 2391/14/5581 4515/12/5581
f 2392/11/5582 4514/14/5582 4513/12/5582
f 2352/70/5583 2358/8/5583 2897/86/5583
f 2363/70/5584 2359/8/5584 2373/86/5584
f 2415/13/5585 2414/12/5585 4865/14/5585
f 2414/13/5586 2413/12/5586 4866/14/5586
f 2413/13/5587 4950/12/5587 4951/14/5587
f 4951/11/5588 4950/13/5588 3021/12/5588
f 4245/11/5589 4244/14/5589 4952/12/5589
f 2394/11/5590 4245/14/5590 2403/12/5590
f 4919/11/5591 2401/14/5591 2402/12/5591
f 2403/11/5592 4952/14/5592 2412/12/5592
f 3448/14/5593 3021/12/5593 4950/13/5593
f 2412/11/5594 3450/14/5594 4950/12/5594
f 2411/11/5595 2409/14/5595 2419/12/5595
f 2595/11/5596 3402/14/5596 4885/12/5596
f 4919/11/5597 3397/14/5597 4920/12/5597
f 3398/14/5598 3397/12/5598 4919/13/5598
f 2411/11/5599 3402/14/5599 3398/12/5599
f 4887/11/5600 2419/14/5600 2418/12/5600
f 4880/14/5601 4887/12/5601 4953/13/5601
f 4953/11/5602 2418/14/5602 2417/12/5602
f 3470/11/5603 4953/13/5603 4954/12/5603
f 4954/11/5604 2417/14/5604 2416/12/5604
f 4956/11/5605 2416/14/5605 2415/12/5605
f 4959/5/5606 4960/35/5606 4957/71/5606
f 4778/39/5607 4779/32/5607 2461/40/5607
f 2461/14/2842 2462/12/2842 4257/13/2842
f 3227/17/2843 3231/15/2843 4962/67/2843
f 2438/41/5608 4561/43/5608 2429/42/5608
f 2432/47/5609 4561/46/5609 2438/52/5609
f 4963/47/5610 2440/48/5610 2439/65/5610
f 2456/47/5611 4963/48/5611 2445/65/5611
f 2455/47/5612 2454/46/5612 2460/52/5612
f 2423/47/5613 2422/48/5613 2455/65/5613
f 4779/18/5614 2459/44/5614 2457/19/5614
f 2460/43/5615 2459/42/5615 4779/45/5615
f 4960/48/5616 4959/51/5616 2460/50/5616
f 4964/27/5617 1990/9/5617 1998/10/5617
f 2468/34/968 4938/72/968 3039/88/968
f 2468/31/968 2466/34/968 2471/72/968
f 4964/9/5618 2467/10/5618 2469/26/5618
f 2467/26/5619 4964/27/5619 4892/9/5619
f 2463/26/5620 4892/27/5620 4893/9/5620
f 4939/26/5621 2473/27/5621 2472/9/5621
f 1991/64/5622 4966/63/5622 4326/54/5622
f 4904/27/5623 4903/9/5623 4968/10/5623
f 4904/9/5624 2475/10/5624 2478/26/5624
f 4891/26/5625 2992/27/5625 2991/9/5625
f 2476/26/5626 3017/27/5626 3015/9/5626
f 2991/27/5627 4968/9/5627 4903/10/5627
f 4894/27/5628 4903/9/5628 4896/10/5628
f 2478/26/5629 2477/27/5629 3016/9/5629
f 4969/26/5630 2478/27/5630 4970/9/5630
f 4971/12/5631 4972/69/5631 4973/7/5631
f 4975/69/5632 4976/7/5632 3961/5/5632
f 4976/69/5633 4977/7/5633 4897/5/5633
f 3960/68/5634 4972/5/5634 4971/85/5634
f 4897/56/5635 4977/54/5635 2987/63/5635
f 2481/35/5636 3009/34/5636 3010/17/5636
f 3010/34/5637 4979/17/5637 2484/71/5637
f 2484/35/5638 4979/34/5638 4980/17/5638
f 3010/42/1 3006/63/1 4980/64/1
f 2483/26/5639 2484/10/5639 4981/59/5639
f 2487/65/5640 2483/3/5640 4982/53/5640
f 2991/84/5641 2990/90/5641 2486/44/5641
f 4968/84/5642 2991/90/5642 2485/44/5642
f 4968/90/5643 2487/44/5643 4983/18/5643
f 4971/43/5644 4634/84/5644 4309/18/5644
f 4984/36/5645 4975/53/5645 4971/46/5645
f 4973/59/5646 4985/70/5646 4330/8/5646
f 4969/90/5647 4899/44/5647 4898/18/5647
f 4229/24/5648 2489/26/5648 2513/27/5648
f 2513/21/5649 2512/22/5649 79/12/5649
f 90/24/5650 92/29/5650 2490/27/5650
f 112/12/5651 4986/22/5651 2490/21/5651
f 2490/6/5652 4986/31/5652 2492/32/5652
f 2493/21/5653 4987/22/5653 4988/12/5653
f 112/13/5654 4226/12/5654 4989/22/5654
f 4986/24/5655 4987/26/5655 2493/23/5655
f 2508/21/5656 2507/22/5656 2828/12/5656
f 2507/21/5657 2497/22/5657 2496/12/5657
f 2807/21/5658 4991/22/5658 4990/12/5658
f 2807/13/5659 4992/21/5659 2508/22/5659
f 2500/32/5660 2512/31/5660 2513/6/5660
f 2501/32/5661 2513/31/5661 2489/6/5661
f 2511/12/5662 4993/22/5662 2503/21/5662
f 2499/13/5663 4986/12/5663 4994/22/5663
f 4989/12/5664 2823/22/5664 4994/21/5664
f 4990/13/5665 4991/12/5665 2824/22/5665
f 79/13/5666 2512/21/5666 4995/22/5666
f 1249/12/5667 2497/22/5667 2507/21/5667
f 2514/12/5668 2498/22/5668 2497/21/5668
f 2513/12/5669 2489/22/5669 2498/21/5669
f 4998/13/5670 2505/12/5670 2508/22/5670
f 2514/13/5671 1249/21/5671 1248/22/5671
f 1248/21/5672 1251/22/5672 4995/12/5672
f 4996/13/5673 1251/21/5673 2509/22/5673
f 2494/12/5674 4988/22/5674 4999/21/5674
f 2489/30/5675 2488/6/5675 2495/31/5675
f 4986/13/5676 2490/12/5676 4988/22/5676
f 2490/13/5677 2489/12/5677 4999/22/5677
f 2512/12/5678 4993/22/5678 2511/21/5678
f 2513/12/5679 2511/22/5679 2510/21/5679
f 2512/25/5680 2500/24/5680 2503/26/5680
f 4814/41/5681 4813/43/5681 2516/42/5681
f 4818/42/5682 4814/45/5682 4812/41/5682
f 4822/41/5683 2519/43/5683 2521/42/5683
f 4733/41/5684 2521/43/5684 4816/42/5684
f 2585/26/1 2584/27/1 5000/9/1
f 2638/59/5685 2639/70/5685 4882/15/5685
f 3281/60/5686 5002/59/5686 2677/70/5686
f 5002/6/5687 5000/35/5687 2616/34/5687
f 2607/15/2950 2616/70/2950 5000/59/2950
f 2600/11/5688 2609/13/5688 5004/12/5688
f 2609/11/5689 2611/13/5689 5005/12/5689
f 2611/11/5690 2613/13/5690 5006/12/5690
f 4882/18/5691 2639/44/5691 2621/19/5691
f 4883/26/5692 2590/27/5692 2638/9/5692
f 4882/56/5693 4881/54/5693 4883/63/5693
f 4883/10/5694 2637/9/5694 2636/27/5694
f 2942/6/2958 5007/35/2958 2646/34/2958
f 2928/60/2959 2942/59/2959 2645/70/2959
f 2640/60/2960 2928/59/2960 2654/70/2960
f 5008/11/5695 2594/14/5695 2650/12/5695
f 2647/11/5696 5008/14/5696 2649/12/5696
f 5003/39/5697 2677/32/5697 2673/40/5697
f 4334/36/2278 2683/53/2278 2682/46/2278
f 2692/46/2279 2688/65/2279 2683/3/2279
f 2689/68/5210 2691/5/5210 2692/7/5210
f 2687/12/2282 2686/69/2282 1153/7/2282
f 2688/69/476 1154/7/476 1153/22/476
f 2692/69/5211 2694/7/5211 1154/22/5211
f 1541/36/2412 4693/38/2412 2699/79/2412
f 4262/1/1 2765/4/1 2759/2/1
f 2757/1/1 2760/4/1 2769/2/1
f 4700/1/1 2769/4/1 2763/2/1
f 4701/3/1 2761/1/1 2764/4/1
f 2766/1/1 228/4/1 2776/2/1
f 228/1/1 229/4/1 2727/2/1
f 2727/3/1 229/1/1 235/4/1
f 235/1/1 2796/4/1 2717/2/1
f 2797/1/1 2098/4/1 2097/2/1
f 2725/1/1 2097/4/1 4878/2/1
f 2704/1/1 4878/4/1 2102/2/1
f 2798/3/1 2701/1/1 2102/4/1
f 2798/1/1 2101/4/1 2802/2/1
f 2782/3/1 2421/1/1 2420/4/1
f 4704/7/5698 5009/5/5698 4958/35/5698
f 2423/5/5699 4959/35/5699 4958/6/5699
f 4701/53/1 2773/3/1 4704/2/1
f 2775/53/1 5009/37/1 4704/38/1
f 2420/3/1 2423/2/1 5009/37/1
f 2421/53/1 2787/3/1 2456/2/1
f 2787/36/1 2791/53/1 4963/37/1
f 2791/53/1 2795/3/1 2440/2/1
f 2795/36/1 2801/53/1 2430/37/1
f 2801/53/1 2804/3/1 2431/2/1
f 4996/12/5700 2505/22/5700 4998/21/5700
f 4682/18/5701 1158/44/5701 1160/19/5701
f 4240/14/5702 4336/12/5702 4690/13/5702
f 4997/14/5703 2812/12/5703 4336/13/5703
f 4997/11/5704 4998/14/5704 2813/12/5704
f 4666/35/5705 4761/34/5705 4594/31/5705
f 4761/44/5706 4763/19/5706 4227/20/5706
f 4763/13/5707 5010/12/5707 4228/14/5707
f 5010/13/5708 2808/12/5708 2805/14/5708
f 4667/60/5709 4605/59/5709 1158/70/5709
f 4764/13/5710 2810/12/5710 2808/14/5710
f 4762/13/5711 4764/12/5711 5010/14/5711
f 2826/59/5712 2825/10/5712 2831/8/5712
f 2832/59/5713 2827/10/5713 2828/8/5713
f 2835/59/5714 2832/10/5714 2496/8/5714
f 2835/10/5715 4994/8/5715 2823/70/5715
f 2826/10/5716 4615/8/5716 2837/70/5716
f 4624/59/5717 2840/70/5717 2839/8/5717
f 4625/59/5718 2839/70/5718 2841/8/5718
f 2841/70/5719 2842/8/5719 2843/10/5719
f 2840/8/5720 4624/10/5720 2845/59/5720
f 2849/69/2990 2848/7/2990 4781/5/2990
f 2851/68/425 4781/5/425 4782/85/425
f 2852/69/5721 4782/7/5721 1752/5/5721
f 1752/5/5722 1751/85/5722 2968/87/5722
f 2849/7/5723 2851/5/5723 2850/68/5723
f 2852/7/5724 5015/5/5724 1366/68/5724
f 2864/1/1 2865/4/1 4183/2/1
f 2856/1/1 4628/4/1 4627/2/1
f 2857/1/1 4627/4/1 2866/2/1
f 2861/1/1 2867/4/1 1294/2/1
f 2863/1/1 1294/4/1 1293/2/1
f 2865/1/1 1293/4/1 4186/2/1
f 5016/26/1 5017/10/1 5018/9/1
f 5016/27/1 4038/26/1 4039/10/1
f 4854/26/1 4853/27/1 3625/9/1
f 4854/27/1 3626/9/1 3620/10/1
f 4937/11/5725 5020/14/5725 1178/12/5725
f 2464/27/5726 2869/9/5726 2868/10/5726
f 4939/27/5727 2868/9/5727 2872/10/5727
f 4940/27/1 2872/9/1 2878/10/1
f 2870/26/5728 4896/27/5728 4905/9/5728
f 2871/26/5729 2870/27/5729 5021/9/5729
f 5021/27/5730 5022/9/5730 2876/10/5730
f 2882/26/1 2881/10/1 2890/9/1
f 2896/10/1 2888/9/1 2887/27/1
f 2882/1/5731 4776/64/5731 2899/56/5731
f 2375/18/3005 2908/44/3005 2909/19/3005
f 2887/64/5732 2908/56/5732 2375/4/5732
f 3581/14/5733 5024/12/5733 3584/13/5733
f 5024/14/5734 3773/12/5734 2911/13/5734
f 3584/14/5735 2911/12/5735 2910/13/5735
f 3585/11/5736 2910/14/5736 2901/12/5736
f 3773/14/5737 3776/12/5737 2912/13/5737
f 3776/14/5738 5025/12/5738 2914/13/5738
f 5025/14/5739 5026/12/5739 2916/13/5739
f 5026/14/5740 5020/12/5740 2918/13/5740
f 2920/13/5741 2918/11/5741 5020/14/5741
f 2919/11/5742 2921/14/5742 2376/12/5742
f 5023/8/5743 2889/86/5743 2891/66/5743
f 2878/8/5744 2895/86/5744 2897/66/5744
f 2930/27/1 5027/9/1 4692/10/1
f 2930/26/5745 2935/27/5745 3282/9/5745
f 2935/26/1195 2937/27/1195 3283/9/1195
f 2937/26/3021 2939/27/3021 3284/9/3021
f 2922/27/5746 2925/9/5746 3284/10/5746
f 2640/27/1 5000/9/1 2929/10/1
f 3380/26/1 2943/27/1 2933/9/1
f 5007/27/1 2941/9/1 2940/10/1
f 2966/22/5747 2956/7/5747 2955/69/5747
f 2958/12/5748 2957/22/5748 2967/7/5748
f 2967/22/5749 2952/7/5749 2951/69/5749
f 2953/22/5750 2966/7/5750 5028/69/5750
f 469/11/5751 468/14/5751 2954/12/5751
f 2846/7/3028 2968/5/3028 1751/68/3028
f 5030/14/5752 5031/12/5752 2954/13/5752
f 5031/14/5753 5032/12/5753 2846/13/5753
f 2846/11/5754 5032/14/5754 2969/12/5754
f 4645/11/5755 1366/14/5755 2971/12/5755
f 2973/11/5756 2972/14/5756 5033/12/5756
f 2984/60/5757 2983/59/5757 5035/70/5757
f 4722/59/5758 4753/70/5758 5035/15/5758
f 2975/11/5759 4752/14/5759 2978/12/5759
f 5035/18/5760 4753/44/5760 4752/19/5760
f 4929/39/3039 5035/32/3039 2975/40/3039
f 4933/5/5761 4722/35/5761 2983/6/5761
f 2988/26/5762 3636/27/5762 3018/9/5762
f 2989/26/5763 3018/27/5763 3017/9/5763
f 2994/52/5764 2993/46/5764 5036/53/5764
f 2995/52/5765 5038/36/5765 5039/53/5765
f 2993/52/5766 2996/46/5766 5039/53/5766
f 2999/48/5767 3643/51/5767 4830/50/5767
f 2998/51/5768 3640/41/5768 3643/45/5768
f 2999/47/5769 4832/46/5769 1891/52/5769
f 3000/51/5770 1891/50/5770 1890/65/5770
f 3002/47/5771 1890/46/5771 4834/52/5771
f 4175/48/5772 3004/51/5772 4834/50/5772
f 4162/51/5773 3003/41/5773 3004/45/5773
f 3008/35/5774 3007/34/5774 3009/17/5774
f 4981/35/5775 4980/34/5775 3006/17/5775
f 3014/23/5776 3013/26/5776 3005/10/5776
f 2480/23/5777 3014/26/5777 3008/10/5777
f 4982/26/5778 4981/10/5778 3005/59/5778
f 2486/22/5779 3011/7/5779 3014/6/5779
f 3012/22/5780 4983/7/5780 4982/6/5780
f 2989/84/5781 2476/90/5781 3012/44/5781
f 2989/90/5782 3011/44/5782 2486/18/5782
f 2475/90/5783 4983/44/5783 3012/18/5783
f 3003/15/5784 4162/70/5784 4970/59/5784
f 3640/31/3066 2998/34/3066 3018/35/3066
f 4837/46/5785 5040/53/5785 5038/36/5785
f 4829/46/5786 4838/53/5786 5040/36/5786
f 4305/52/5787 2994/46/5787 5037/53/5787
f 5020/11/5788 5026/14/5788 1182/12/5788
f 5041/15/3771 5042/67/3771 5043/66/3771
f 5042/15/5789 5041/67/5789 5045/66/5789
f 4942/70/3262 4941/8/3262 5046/86/3262
f 4848/15/1924 5045/67/1924 5041/16/1924
f 1929/70/1926 4942/8/1926 5045/86/1926
f 4946/8/1928 4947/86/1928 5046/66/1928
f 5042/17/215 5046/15/215 4947/67/215
f 5043/17/216 5042/15/216 1914/67/216
f 5047/11/5790 3019/14/5790 3022/12/5790
f 3025/11/5791 5047/14/5791 5048/12/5791
f 3028/28/5792 3687/47/5792 3024/46/5792
f 3684/59/3078 3687/70/3078 3028/15/3078
f 4909/35/3079 3028/34/3079 3027/31/3079
f 5050/59/3080 3027/70/3080 5051/15/3080
f 3768/39/5793 3029/32/5793 3030/40/5793
f 5051/28/5794 3027/47/5794 3029/46/5794
f 5050/27/5795 4907/9/5795 4906/10/5795
f 4804/70/5796 3033/66/5796 3032/86/5796
f 4478/70/3085 3036/66/3085 3033/86/3085
f 5052/15/3086 3431/67/3086 3430/16/3086
f 5053/15/3087 3032/67/3087 3031/16/3087
f 4801/70/2844 4800/8/2844 3032/86/2844
f 3038/40/967 3041/32/967 2469/31/967
f 4509/26/5797 3041/27/5797 3037/9/5797
f 4967/26/5798 4965/27/5798 1991/9/5798
f 3043/26/5799 3058/27/5799 3180/9/5799
f 3045/27/5800 5054/9/5800 3050/10/5800
f 3048/27/5801 3049/9/5801 793/10/5801
f 793/26/5802 3049/27/5802 3051/9/5802
f 794/26/5803 793/27/5803 3041/9/5803
f 3052/27/5804 3054/9/5804 3055/10/5804
f 4511/27/5805 3055/9/5805 3056/10/5805
f 3050/26/5806 5054/27/5806 4966/9/5806
f 3050/27/5807 4965/9/5807 4967/10/5807
f 3041/26/5808 3051/27/5808 4967/9/5808
f 3057/27/3100 3048/9/3100 792/10/3100
f 3211/34/5809 3060/17/5809 3059/71/5809
f 3209/42/1 3061/63/1 3060/64/1
f 3068/26/5810 3062/10/5810 5056/59/5810
f 3066/23/5811 3065/26/5811 3212/10/5811
f 3068/23/5812 3066/26/5812 5057/10/5812
f 3067/65/5813 3068/3/5813 5055/53/5813
f 5054/90/5814 3067/44/5814 3218/18/5814
f 3045/90/5815 3063/44/5815 3067/18/5815
f 3078/26/1 4876/27/1 4793/9/1
f 3081/27/1 4876/9/1 3078/10/1
f 2094/26/5816 3080/27/5816 3082/9/5816
f 4799/26/5817 4785/27/5817 3084/9/5817
f 4784/26/1 4783/27/1 4793/9/1
f 3129/27/1 3086/9/1 3085/10/1
f 1754/26/4316 1804/27/4316 3088/9/4316
f 2094/26/5818 3105/27/5818 3104/9/5818
f 3074/26/5819 4786/10/5819 3114/9/5819
f 3087/10/1259 3090/9/1259 3114/27/1259
f 3113/27/5820 4223/9/5820 4212/10/5820
f 3107/26/5821 3110/27/5821 4211/9/5821
f 4319/27/1 4318/9/1 4320/10/1
f 3098/27/5822 4320/9/5822 4321/10/5822
f 333/15/5823 4317/70/5823 4316/66/5823
f 4211/70/5824 4316/66/5824 4317/86/5824
f 4216/37/591 4215/89/591 4214/57/591
f 76/15/3124 3115/70/3124 3094/59/3124
f 77/15/3125 76/70/3125 3093/59/3125
f 3132/42/1 3131/63/1 4792/64/1
f 3079/1/5825 4793/64/5825 3130/56/5825
f 1755/1/5826 3085/64/5826 3132/56/5826
f 1756/1/5827 1755/64/5827 5058/56/5827
f 3088/10/1 904/9/1 903/27/1
f 3091/26/1 3089/10/1 903/9/1
f 3088/26/5828 1804/10/5828 906/9/5828
f 2094/26/5829 2093/10/5829 3083/9/5829
f 1867/1/1 3139/4/1 3138/2/1
f 1868/1/1 3138/4/1 3142/2/1
f 4825/1/1 3142/4/1 3144/2/1
f 4826/1/1 3144/4/1 3136/2/1
f 3134/1/1 3137/4/1 1066/2/1
f 3137/1/1 3147/4/1 1067/2/1
f 3147/1/1 3153/4/1 1081/2/1
f 3153/1/1 3159/4/1 1089/2/1
f 3159/1/1 3165/4/1 4569/2/1
f 3165/1/1 3171/4/1 1111/2/1
f 3171/1/1 3177/4/1 1112/2/1
f 3172/1/1 4496/4/1 733/2/1
f 3173/1/1 733/4/1 732/2/1
f 3174/1/1 732/4/1 736/2/1
f 3175/1/1 736/4/1 3178/2/1
f 3177/1/1 3179/4/1 4283/2/1
f 3183/18/5830 4354/44/5830 4353/19/5830
f 3184/39/5831 3183/32/5831 5059/40/5831
f 4351/14/5832 5061/12/5832 5062/13/5832
f 5061/14/5833 5063/12/5833 5064/13/5833
f 4352/14/5834 5062/12/5834 5059/13/5834
f 5062/14/5835 5064/12/5835 5060/13/5835
f 4359/59/5836 4356/70/5836 5065/15/5836
f 3052/35/3137 5065/34/3137 5066/31/3137
f 4354/46/5837 3183/52/5837 3186/28/5837
f 5065/47/5838 4356/48/5838 4355/65/5838
f 5066/51/5839 5065/41/5839 3186/45/5839
f 3188/26/5840 3187/27/5840 3190/9/5840
f 3217/26/5841 3188/27/5841 3637/9/5841
f 3217/27/5842 3639/9/5842 4966/10/5842
f 5064/14/5843 3192/12/5843 3191/13/5843
f 3184/44/5844 5060/19/5844 3191/20/5844
f 3197/28/5845 3185/47/5845 3184/46/5845
f 3196/47/5846 5066/48/5846 3185/65/5846
f 5067/32/5847 3191/40/5847 3194/49/5847
f 3198/48/5848 3197/51/5848 5067/50/5848
f 3202/28/5849 3198/47/5849 4809/46/5849
f 3204/48/5850 3202/51/5850 4808/50/5850
f 5068/28/5851 3204/47/5851 4810/46/5851
f 3219/47/5852 3203/48/5852 3204/65/5852
f 3061/34/5853 3206/17/5853 3205/71/5853
f 3207/45/1 3206/64/1 3061/63/1
f 5055/26/5854 5056/10/5854 3208/59/5854
f 3215/26/5855 3208/10/5855 3210/59/5855
f 3216/26/5856 3210/10/5856 3212/59/5856
f 3218/7/5857 5055/6/5857 3215/30/5857
f 3213/7/5858 3216/6/5858 3065/30/5858
f 3044/84/5859 3180/90/5859 3213/44/5859
f 3053/59/3162 5066/70/3162 3196/15/3162
f 3058/59/3163 3196/70/3163 3195/15/3163
f 5063/14/5860 5069/12/5860 3192/13/5860
f 3192/11/5861 5069/14/5861 4821/12/5861
f 4705/85/5862 4957/71/5862 5070/35/5862
f 4247/5/3167 4703/85/3167 5070/71/3167
f 4254/26/5863 4252/27/5863 5070/9/5863
f 4961/26/3169 5071/10/3169 5070/9/3169
f 4295/17/3171 4302/15/3171 3228/67/3171
f 4258/17/3172 3235/16/3172 3234/67/3172
f 4299/85/1 5071/71/1 4961/35/1
f 4298/85/1 4254/71/1 5071/35/1
f 3221/34/5864 3225/17/5864 4302/16/5864
f 3220/34/5865 3223/72/5865 4301/16/5865
f 3223/72/3175 3222/16/3175 4302/17/3175
f 4961/70/3178 4960/8/3178 3231/86/3178
f 3235/15/5866 4259/70/5866 5072/66/5866
f 4254/70/5867 5072/66/5867 4259/86/5867
f 4300/70/3085 4961/8/3085 3230/86/3085
f 3232/16/3179 5072/67/3179 4780/15/3179
f 4298/70/3180 4780/66/3180 5072/86/3180
f 4295/15/482 4294/70/482 3237/66/482
f 4300/8/482 3237/86/482 4294/81/482
f 3239/26/5868 4662/27/5868 4651/9/5868
f 3240/27/5869 4650/9/5869 4660/10/5869
f 3246/26/5870 3248/27/5870 5073/9/5870
f 4662/9/5871 3239/10/5871 3242/26/5871
f 4662/26/5872 5073/27/5872 4670/9/5872
f 3241/27/3200 3240/9/3200 4664/10/3200
f 4687/26/5873 3251/27/5873 4669/9/5873
f 3243/27/5874 3241/9/5874 4669/10/5874
f 3799/27/5875 5074/9/5875 3248/10/5875
f 3249/27/5876 3251/9/5876 4687/10/5876
f 3800/27/5877 3799/9/5877 3247/10/5877
f 3261/26/5878 3801/27/5878 3800/9/5878
f 3262/27/5879 3255/9/5879 1496/10/5879
f 3267/26/5880 3802/27/5880 3801/9/5880
f 1494/26/5881 3268/27/5881 3262/9/5881
f 3273/26/5882 3281/27/5882 3802/9/5882
f 5074/27/5883 5075/9/5883 5073/10/5883
f 5076/26/5884 3274/27/5884 3268/9/5884
f 5027/27/1 5076/9/1 1497/10/1
f 3282/27/5884 3274/9/5884 5076/10/5884
f 2925/27/3200 3277/9/3200 3276/10/3200
f 2924/27/4498 3278/9/4498 3277/10/4498
f 2924/26/5885 2927/27/5885 3279/9/5885
f 2929/27/5886 3280/9/5886 3279/10/5886
f 2929/65/1 5000/50/1 5002/1/1
f 5075/27/5887 4671/9/5887 4670/10/5887
f 3286/47/5888 5077/48/5888 5078/65/5888
f 5079/47/5889 3291/48/5889 3292/65/5889
f 5078/47/5890 5080/46/5890 3293/52/5890
f 4314/28/5891 3292/47/5891 3296/46/5891
f 3300/28/5892 4213/47/5892 4312/46/5892
f 3311/50/5893 3310/45/5893 3315/41/5893
f 3317/82/5894 3316/30/5894 3291/32/5894
f 3315/82/5895 3316/30/5895 3318/32/5895
f 5081/82/5896 3320/30/5896 3313/32/5896
f 3286/32/5897 3285/39/5897 3320/82/5897
f 4315/15/425 4312/67/425 4213/66/425
f 3317/8/425 5079/79/425 4314/81/425
f 4218/17/425 4213/16/425 3306/72/425
f 61/15/425 60/70/425 3306/66/425
f 3321/15/425 61/70/425 3305/66/425
f 3329/41/5898 3330/45/5898 5078/50/5898
f 3325/47/5899 4840/46/5899 3331/52/5899
f 3330/51/5900 3333/50/5900 5080/65/5900
f 3335/28/5901 3331/52/5901 4840/46/5901
f 3340/48/5902 5080/65/5902 3333/50/5902
f 3342/28/5903 3293/52/5903 5080/46/5903
f 3337/51/5904 3335/50/5904 4843/65/5904
f 3301/51/5905 3298/50/5905 3342/65/5905
f 1921/51/5906 1920/50/5906 3343/65/5906
f 3341/51/5907 3346/50/5907 3307/65/5907
f 3347/51/5908 3343/50/5908 1920/45/5908
f 3312/51/5909 3307/50/5909 3346/45/5909
f 3351/30/5910 3329/32/5910 5077/39/5910
f 3354/30/5911 3347/32/5911 1925/39/5911
f 3323/39/5912 3354/82/5912 1927/30/5912
f 3355/82/5913 5081/30/5913 3312/32/5913
f 3355/82/5914 3352/30/5914 5077/32/5914
f 2950/26/1 5082/27/1 2947/9/1
f 4925/51/5915 3376/50/5915 3719/45/5915
f 4924/51/3237 3375/50/3237 3376/45/3237
f 2288/51/3236 3379/50/3236 3375/45/3236
f 3726/41/3238 3373/45/3238 3368/42/3238
f 3376/48/3239 3373/65/3239 3726/50/3239
f 2277/13/5916 2280/12/5916 3371/14/5916
f 2277/49/5917 3370/40/5917 3372/32/5917
f 4692/59/3242 1503/70/3242 3388/15/3242
f 2931/35/3243 3388/34/3243 3382/31/3243
f 3380/59/3244 3383/70/3244 3393/15/3244
f 2948/60/3245 2943/59/3245 3393/70/3245
f 2949/6/3246 2948/35/3246 3396/34/3246
f 2950/60/3247 2949/59/3247 3401/70/3247
f 5082/60/3248 2950/59/3248 3405/70/3248
f 5007/60/3249 5082/59/3249 3408/70/3249
f 3358/14/5918 3359/12/5918 3384/13/5918
f 1501/14/5919 3384/12/5919 3386/13/5919
f 1503/44/5920 1502/19/5920 3386/20/5920
f 3367/14/5921 4921/12/5921 3391/13/5921
f 4921/14/5922 3397/12/5922 3394/13/5922
f 3403/11/5923 3402/14/5923 2595/12/5923
f 3406/11/5924 2595/14/5924 2594/12/5924
f 3407/11/5925 3406/14/5925 5008/12/5925
f 3408/44/5926 3407/19/5926 2647/20/5926
f 5083/15/5927 5084/70/5927 5085/66/5927
f 5086/15/5928 5087/70/5928 5088/66/5928
f 4943/70/5929 5088/66/5929 5087/86/5929
f 1916/34/2269 4842/17/2269 3411/16/2269
f 4846/34/3263 3409/72/3263 3412/16/3263
f 5044/15/1925 4846/67/1925 4847/16/1925
f 5083/16/1839 5088/67/1839 1930/15/1839
f 4844/16/20 4845/67/20 5084/15/20
f 1928/70/1840 1930/66/1840 5088/86/1840
f 3412/34/5930 3411/72/5930 4842/16/5930
f 3409/34/5931 4846/17/5931 1916/16/5931
f 4841/16/535 5086/17/535 5085/15/535
f 4948/15/1843 5087/67/1843 5086/16/1843
f 4945/70/1842 4944/8/1842 5087/86/1842
f 3413/31/5932 3417/34/5932 4870/72/5932
f 3431/34/3267 3415/72/3267 3414/88/3267
f 3416/31/5933 3415/88/5933 3431/72/5933
f 4478/85/1 4804/71/1 4807/35/1
f 3034/15/5934 5089/70/5934 5052/66/5934
f 4807/70/3084 4805/8/3084 3424/86/3084
f 3035/16/1299 3418/67/1299 5089/15/1299
f 4490/15/3179 3423/67/3179 3419/16/3179
f 4475/70/3180 4807/8/3180 3423/86/3180
f 4806/8/1885 4868/86/1885 3424/66/1885
f 3420/17/3271 3424/15/3271 4868/67/3271
f 3421/17/3172 3420/15/3172 4869/67/3172
f 5090/18/5935 5091/44/5935 4951/19/5935
f 5091/39/5936 4864/32/5936 4866/40/5936
f 3432/23/482 3426/26/482 3429/10/482
f 4870/65/482 3427/3/482 3426/53/482
f 5092/46/482 5053/65/482 3430/3/482
f 4802/52/482 4801/46/482 5053/53/482
f 3429/31/3274 3428/34/3274 4864/72/3274
f 5091/72/5937 5090/88/5937 3678/31/5937
f 4029/6/5938 1647/31/5938 5093/32/5938
f 4041/6/1413 5093/31/1413 3435/32/1413
f 5094/30/1309 3437/6/1309 3438/31/1309
f 4589/30/3287 5094/6/3287 5095/31/3287
f 3439/14/5939 3442/12/5939 3445/13/5939
f 133/14/5940 3445/12/5940 3447/13/5940
f 135/11/5941 134/14/5941 3447/12/5941
f 4244/11/5942 135/14/5942 3449/12/5942
f 4952/11/5943 3449/14/5943 3450/12/5943
f 3443/14/5944 5049/12/5944 5048/13/5944
f 3444/14/5945 5048/12/5945 3022/13/5945
f 3446/14/5946 3022/12/5946 3021/13/5946
f 1310/42/3285 3459/18/3285 4631/84/3285
f 4333/43/3285 2685/84/3285 2684/18/3285
f 3455/6/5947 3456/31/5947 2684/32/5947
f 2680/30/5948 2684/32/5948 3456/31/5948
f 3469/11/5949 4879/14/5949 4880/12/5949
f 5096/10/5950 858/9/5950 857/27/5950
f 3474/10/5951 4526/9/5951 4527/27/5951
f 5097/10/5952 857/9/5952 3474/27/5952
f 3471/44/5953 3470/19/5953 4955/20/5953
f 3484/51/5954 3471/50/5954 5099/65/5954
f 4955/14/5955 4954/12/5955 4956/13/5955
f 3473/60/5956 3472/59/5956 3484/70/5956
f 3473/59/3300 5100/70/3300 5102/15/3300
f 4889/17/5957 3486/15/5957 3485/60/5957
f 3486/42/5958 4889/18/5958 4888/84/5958
f 3478/42/5959 3486/18/5959 4890/84/5959
f 4527/64/5960 3485/56/5960 3477/54/5960
f 4459/26/5961 4524/27/5961 4525/9/5961
f 4877/26/5962 2051/27/5962 3490/9/5962
f 2051/74/5963 2050/73/5963 3497/87/5963
f 3512/75/5964 860/74/5964 859/68/5964
f 863/74/5965 860/68/5965 3512/69/5965
f 3491/74/5966 863/68/5966 3507/69/5966
f 3503/27/5967 4711/9/5967 4713/10/5967
f 4717/27/5968 4708/9/5968 3494/10/5968
f 3489/26/5969 3488/27/5969 4707/9/5969
f 4715/27/5970 4714/9/5970 4872/10/5970
f 4710/27/5971 4715/9/5971 4877/10/5971
f 3504/26/5972 4713/27/5972 4717/9/5972
f 3494/26/5973 4708/27/5973 4707/9/5973
f 4392/10/5974 4389/9/5974 4393/27/5974
f 5103/26/5975 3497/10/5975 2050/9/5975
f 3504/26/5976 3509/10/5976 4392/9/5976
f 4462/10/5977 3515/9/5977 3511/27/5977
f 4462/26/5978 4461/10/5978 4464/9/5978
f 4524/26/5979 4459/10/5979 4462/9/5979
f 4392/3/583 3509/1/583 4382/50/583
f 3514/10/2023 4382/9/2023 3509/27/2023
f 685/10/5980 684/9/5980 4382/27/5980
f 3513/26/5981 687/10/5981 685/9/5981
f 3515/26/5982 4464/10/5982 687/9/5982
f 1943/27/1404 3520/9/1404 3519/10/1404
f 4850/26/1000 1944/27/1000 3519/9/1000
f 3521/27/1452 4790/9/1452 3525/10/1452
f 4849/26/5983 3527/10/5983 3530/9/5983
f 3982/10/5984 3985/9/5984 3531/27/5984
f 4790/26/5985 562/10/5985 5105/9/5985
f 3531/10/5986 5106/9/5986 3529/27/5986
f 3525/26/5987 5105/10/5987 3982/9/5987
f 4850/26/5988 3523/10/5988 3527/9/5988
f 3533/38/5989 1778/37/5989 1781/89/5989
f 3533/65/2604 3532/50/2604 1965/1/2604
f 1963/27/734 1965/9/734 3532/10/734
f 3538/50/733 4852/1/733 1963/3/733
f 5107/26/1 3538/10/1 3518/9/1
f 4855/27/1 4856/9/1 5109/10/1
f 4852/27/1 3538/9/1 5107/10/1
f 4856/27/1 5107/9/1 5019/10/1
f 3541/4/3342 4787/62/3342 1789/55/3342
f 3539/4/3342 3541/62/3342 1979/55/3342
f 3547/30/5990 3546/32/5990 1978/31/5990
f 3551/7/461 3554/6/461 3622/30/461
f 5110/52/461 5018/46/461 3552/53/461
f 5110/46/461 3551/53/461 3621/36/461
f 5019/27/1 5018/9/1 5110/10/1
f 5110/27/1 3625/9/1 4853/10/1
f 3553/23/461 3434/59/461 3433/10/461
f 3433/59/461 3437/10/461 3622/26/461
f 3541/38/5991 3556/80/5991 1791/89/5991
f 3529/60/1462 5106/59/1462 3545/70/1462
f 1781/17/2616 1791/16/2616 3556/67/2616
f 5111/69/5992 2955/7/5992 2958/5/5992
f 2958/7/5993 5029/5/5993 5113/68/5993
f 5029/7/5994 2951/5/5994 468/68/5994
f 467/43/5995 3766/84/5995 5112/18/5995
f 3559/70/5996 4970/8/5996 4162/86/5996
f 3560/70/5997 3559/8/5997 4161/86/5997
f 4166/1/5998 4165/64/5998 5114/56/5998
f 5021/26/5999 4905/27/5999 3563/9/5999
f 3563/27/6000 3564/9/6000 5023/10/6000
f 4969/84/6001 3561/90/6001 4902/44/6001
f 3567/14/6002 2811/12/6002 3586/13/6002
f 3569/14/6003 5115/12/6003 2811/13/6003
f 4771/1/6004 4166/64/6004 3575/56/6004
f 4772/1/6005 4771/64/6005 3574/56/6005
f 3577/44/3367 3578/19/3367 2900/20/3367
f 4776/1/6006 4774/64/6006 3577/56/6006
f 4774/1/6007 4772/64/6007 3576/56/6007
f 3583/11/6008 3585/14/6008 2900/12/6008
f 5117/14/6009 3571/12/6009 5118/13/6009
f 4178/11/6010 4177/14/6010 5115/12/6010
f 3575/18/3356 5114/44/3356 5118/19/3356
f 5117/11/6011 4178/14/6011 3569/12/6011
f 3564/70/6012 3560/8/6012 4773/86/6012
f 3564/8/6013 4777/86/6013 2889/66/6013
f 4518/26/6014 866/27/6014 868/9/6014
f 4517/26/6015 3599/27/6015 3601/9/6015
f 4518/26/6016 4348/10/6016 3599/9/6016
f 3589/63/6017 3588/20/6017 3593/18/6017
f 852/42/6018 3587/63/6018 3589/20/6018
f 3591/63/6019 3587/20/6019 852/18/6019
f 4349/21/3384 3602/82/3384 3600/30/3384
f 5119/82/3385 3602/30/3385 4349/22/3385
f 417/21/6020 4913/82/6020 5119/30/6020
f 4913/19/6021 4912/77/6021 4911/78/6021
f 4911/19/6022 3603/77/6022 3602/78/6022
f 3604/82/3389 3603/30/3389 4428/22/3389
f 4916/19/6023 4681/77/6023 4680/78/6023
f 3607/20/6024 4917/19/6024 4916/77/6024
f 4439/20/3390 4917/78/3390 3607/54/3390
f 3609/21/3391 3608/82/3391 4680/30/3391
f 1469/26/1 3610/27/1 3609/9/1
f 1468/27/1 1469/9/1 4422/10/1
f 4520/27/1 3593/9/1 3610/10/1
f 4522/26/1 4521/27/1 3610/9/1
f 4590/69/6025 3611/7/6025 3614/5/6025
f 4590/68/1736 4591/69/1736 3615/7/1736
f 3617/7/1735 3615/5/1735 4591/68/1735
f 3622/23/6026 3437/59/6026 5094/10/6026
f 3623/23/6027 5094/59/6027 4589/10/6027
f 3628/11/6028 3631/14/6028 4546/12/6028
f 3629/11/6029 3628/14/6029 4545/12/6029
f 4546/11/3400 3631/14/3400 3632/12/3400
f 3633/27/292 3636/9/292 2988/10/292
f 3638/27/6030 2988/9/6030 2987/10/6030
f 3633/10/6031 3190/26/6031 3189/27/6031
f 3638/10/292 3637/26/292 3190/27/292
f 5038/32/6032 5037/31/6032 5036/6/6032
f 4324/69/6033 4323/7/6033 4976/5/6033
f 4326/7/6034 5120/5/6034 4323/68/6034
f 3639/64/6035 5120/56/6035 4326/54/6035
f 2987/63/6036 4977/54/6036 5120/56/6036
f 5120/69/6037 4977/68/6037 4976/5/6037
f 3642/48/6038 5068/51/6038 4811/50/6038
f 3641/51/6039 3219/41/6039 5068/45/6039
f 1319/36/6040 4839/53/6040 4836/46/6040
f 4304/52/6041 5121/36/6041 1324/53/6041
f 4838/4/6042 4831/62/6042 4811/57/6042
f 5040/56/6043 4838/55/6043 4839/62/6043
f 1318/4/6044 5038/56/6044 5040/55/6044
f 5037/56/6045 5038/55/6045 1318/62/6045
f 5121/4/6046 4984/56/6046 5037/55/6046
f 4984/2/6047 5121/4/6047 4324/62/6047
f 4307/46/6048 4324/53/6048 5121/36/6048
f 1325/6/6049 1324/31/6049 1318/32/6049
f 1320/45/3421 4837/64/3421 2995/1/3421
f 1317/45/3422 2995/64/3422 2994/1/3422
f 2994/45/6050 4305/64/6050 4304/1/6050
f 3189/60/3424 3219/15/3424 3641/70/3424
f 2977/11/6051 2976/14/6051 2982/12/6051
f 3653/10/6052 3644/8/6052 3647/79/6052
f 3650/10/4750 4934/9/4750 3647/79/4750
f 3649/8/6053 2981/79/6053 3651/9/6053
f 3651/9/6054 2981/79/6054 3645/8/6054
f 5123/20/6055 2982/19/6055 3649/44/6055
f 3645/32/4903 2980/40/4903 4754/49/4903
f 5124/32/3437 4639/40/3437 4755/49/3437
f 4754/49/6056 4636/40/6056 3661/32/6056
f 3654/10/6057 3655/8/6057 1357/70/6057
f 5123/49/3434 3654/39/3434 1359/32/3434
f 5125/13/6058 5126/12/6058 4932/14/6058
f 4639/14/6059 4638/12/6059 4756/13/6059
f 4756/11/6060 4638/14/6060 4637/12/6060
f 4757/11/6061 4637/14/6061 4636/12/6061
f 4932/11/6062 5126/14/6062 1434/12/6062
f 5126/11/6063 1356/13/6063 1435/12/6063
f 5125/11/6064 1355/13/6064 1356/12/6064
f 1355/14/6065 5125/11/6065 5123/13/6065
f 3678/35/6066 5090/71/6066 3672/17/6066
f 5090/35/1539 3662/71/1539 3665/17/1539
f 3669/12/1541 3432/69/1541 3678/7/1541
f 3669/68/1544 3676/5/1544 5092/7/1544
f 413/84/6067 3675/18/6067 3674/42/6067
f 413/43/3453 419/84/3453 3676/18/3453
f 419/43/6068 4802/84/6068 5092/18/6068
f 3683/44/6069 3662/19/6069 3019/20/6069
f 3682/51/6070 3683/50/6070 5127/65/6070
f 5129/39/6071 5127/32/6071 3019/40/6071
f 3686/28/6072 5128/47/6072 5127/46/6072
f 3024/18/6073 5129/44/6073 5047/19/6073
f 3687/48/6074 3686/51/6074 5129/50/6074
f 3680/35/6075 3682/34/6075 5128/31/6075
f 4346/59/3462 5128/70/3462 3686/15/3462
f 5098/60/6076 5097/59/6076 5102/70/6076
f 3692/14/6077 4949/12/6077 4865/13/6077
f 5098/43/6078 3688/42/6078 3691/18/6078
f 4867/35/6079 3711/34/6079 3695/17/6079
f 3701/12/4695 3700/22/4695 4867/7/4695
f 3691/42/6080 3704/18/6080 858/84/6080
f 858/43/3453 3704/42/3453 3705/18/3453
f 3708/34/6081 3711/17/6081 4867/71/6081
f 5099/32/6082 4955/40/6082 5101/49/6082
f 5100/47/6083 5099/46/6083 5130/52/6083
f 5101/14/6084 4956/12/6084 4949/13/6084
f 3689/18/6085 5130/44/6085 5101/19/6085
f 3688/48/6086 5102/51/6086 5130/50/6086
f 3362/20/6087 3361/19/6087 3723/44/6087
f 3364/49/6088 3362/40/6088 3722/32/6088
f 3369/18/6089 3365/20/6089 3364/19/6089
f 3726/45/6090 3369/42/6090 3725/43/6090
f 4922/3/1 4925/2/1 3718/37/1
f 4184/1/1 4185/4/1 3732/2/1
f 4185/1/1 4188/4/1 5131/2/1
f 3732/1/1 5131/4/1 5132/2/1
f 3733/1/1 5132/4/1 4158/2/1
f 3735/1/1 4158/4/1 4157/2/1
f 3737/1/1 4157/4/1 5133/2/1
f 3739/1/1 5133/4/1 4160/2/1
f 3740/1/1 4160/4/1 4159/2/1
f 3766/18/6091 3760/44/6091 3756/19/6091
f 5111/11/6092 3756/14/6092 3759/12/6092
f 3026/11/6093 3025/14/6093 5049/12/6093
f 4364/20/6094 3743/78/6094 3742/77/6094
f 3745/78/6095 3743/77/6095 4364/19/6095
f 4365/21/6096 4426/22/6096 3749/30/6096
f 4910/60/3484 4907/59/3484 5051/70/3484
f 4910/59/3485 3762/70/3485 3754/15/3485
f 3772/14/6097 5030/12/6097 5028/13/6097
f 3766/46/6098 467/52/6098 3742/28/6098
f 3767/11/6099 3030/14/6099 3771/12/6099
f 3762/48/6100 5051/51/6100 3768/50/6100
f 3030/11/6101 3026/14/6101 3769/12/6101
f 3747/82/3492 4914/30/3492 3752/22/3492
f 3749/19/6102 4915/77/6102 4914/78/6102
f 4427/21/3494 4915/82/3494 3749/30/3494
f 3808/14/6103 3774/12/6103 3773/13/6103
f 3781/14/6104 3782/12/6104 4616/13/6104
f 5025/11/6105 3776/14/6105 3777/12/6105
f 5026/11/6106 5025/14/6106 3779/12/6106
f 1745/11/6107 3790/13/6107 4767/12/6107
f 4765/18/6108 3787/44/6108 3790/19/6108
f 3790/11/6109 3789/13/6109 5136/12/6109
f 3789/11/6110 3792/13/6110 5137/12/6110
f 3792/11/6111 3794/13/6111 3795/12/6111
f 3796/11/6112 3786/13/6112 3808/12/6112
f 5075/35/3508 3787/34/3508 4765/31/3508
f 5074/59/3509 3788/70/3509 3787/15/3509
f 3799/59/3510 3791/70/3510 3788/15/3510
f 3802/60/3511 3281/59/3511 5003/70/3511
f 3805/11/6113 5004/13/6113 3780/12/6113
f 5004/11/6114 5005/13/6114 3782/12/6114
f 5006/11/6115 5138/13/6115 4616/12/6115
f 3805/14/6116 3804/12/6116 2674/13/6116
f 3806/14/6117 3785/12/6117 3784/13/6117
f 2675/14/6118 3784/12/6118 3807/13/6118
f 3803/18/6119 5003/44/6119 2676/19/6119
f 3804/14/6120 3806/12/6120 2675/13/6120
f 4767/11/6121 5136/13/6121 4768/12/6121
f 4768/11/6122 5139/13/6122 5134/12/6122
f 5136/11/6123 5137/13/6123 5139/12/6123
f 5139/11/6124 3796/13/6124 5135/12/6124
f 5137/11/6125 3795/13/6125 3796/12/6125
f 1328/11/6126 3809/14/6126 3812/12/6126
f 3816/14/6127 4641/12/6127 4640/13/6127
f 3817/14/6128 4640/12/6128 1329/13/6128
f 4645/14/6129 2973/12/6129 5034/13/6129
f 5034/11/6130 5033/14/6130 3819/12/6130
f 1400/14/6131 5034/12/6131 3818/13/6131
f 3820/11/6132 3813/14/6132 3814/12/6132
f 4203/8/6133 3832/79/6133 3823/9/6133
f 3826/9/6134 51/79/6134 4203/8/6134
f 3823/9/4688 3832/79/4688 3830/8/4688
f 3830/8/6053 51/79/6053 3826/9/6053
f 4755/20/6055 4206/19/6055 3830/44/6055
f 3832/59/6135 4203/10/6135 5140/8/6135
f 3833/10/6136 5140/59/6136 3809/70/6136
f 3809/70/6137 5140/8/6137 4202/10/6137
f 1327/70/2300 3831/59/2300 3833/10/2300
f 3829/10/6057 3831/8/6057 1327/70/6057
f 4322/7/6138 4972/5/6138 3960/68/6138
f 3961/68/6139 4897/5/6139 4863/7/6139
f 4322/12/6140 4328/22/6140 4973/7/6140
f 362/70/6141 4985/8/6141 4973/10/6141
f 3974/35/6142 3969/34/6142 3971/17/6142
f 3975/35/6143 3971/34/6143 3970/17/6143
f 3970/34/6144 3964/17/6144 3963/71/6144
f 3968/35/6145 3967/34/6145 3969/17/6145
f 2199/23/6146 3972/26/6146 3975/10/6146
f 2199/26/6147 5141/10/6147 3963/59/6147
f 2200/26/6148 3963/10/6148 3966/59/6148
f 3976/23/6149 4901/26/6149 3966/10/6149
f 569/27/6150 568/9/6150 5142/10/6150
f 3979/26/6151 3978/27/6151 569/9/6151
f 551/74/6152 552/68/6152 5142/69/6152
f 552/14/1 4398/12/1 5143/69/1
f 4398/27/6153 3980/9/6153 3979/10/6153
f 5105/26/6154 5144/10/6154 3983/9/6154
f 562/26/289 561/10/289 5144/9/289
f 4400/10/6155 4399/9/6155 3986/27/6155
f 3983/26/6156 4401/10/6156 4400/9/6156
f 5144/26/6157 574/10/6157 4401/9/6157
f 561/65/6158 571/3/6158 574/1/6158
f 3988/27/6159 4398/26/6159 4397/10/6159
f 3985/10/6160 3987/9/6160 5106/27/6160
f 4928/59/3566 4648/70/3566 3989/15/3566
f 3990/31/6161 4649/34/6161 3981/35/6161
f 3997/15/6162 3995/70/6162 4399/59/6162
f 3995/15/6163 3991/70/6163 3986/59/6163
f 3992/31/6164 3545/34/6164 5106/35/6164
f 3994/80/6165 3518/89/6165 3545/37/6165
f 4017/11/6166 4003/13/6166 4006/12/6166
f 1431/13/6167 1430/12/6167 4019/14/6167
f 1432/13/6168 1431/12/6168 4018/14/6168
f 1433/13/6169 1432/12/6169 4020/14/6169
f 1433/20/6170 4021/19/6170 4022/44/6170
f 5019/26/1 5107/10/1 5108/9/1
f 4032/68/6025 4033/5/6025 4036/7/6025
f 4042/30/6171 3553/6/6171 3552/7/6171
f 4043/36/6172 3552/53/6172 5018/46/6172
f 4039/52/6173 4034/36/6173 4043/53/6173
f 4041/59/6174 3434/10/6174 3553/26/6174
f 4046/60/6175 3981/59/6175 4649/70/6175
f 4396/5/6176 3978/35/6176 4048/71/6176
f 3994/5/6177 4052/35/6177 5108/71/6177
f 5016/10/6178 5108/9/6178 4052/27/6178
f 5147/68/473 1641/5/473 1647/7/473
f 4053/69/2214 5146/68/2214 1647/5/2214
f 5146/69/2211 5014/7/2211 5013/22/2211
f 5146/12/2215 4053/69/2215 4056/7/2215
f 4053/68/2280 4029/5/2280 4028/7/2280
f 4057/5/1106 4054/85/1106 4028/87/1106
f 5148/69/2212 4057/68/2212 4032/5/2212
f 5148/68/2210 5145/5/2210 1641/7/2210
f 4057/12/437 5148/69/437 5012/7/437
f 5147/69/3929 5013/7/3929 5012/22/3929
f 4694/53/1 4696/37/1 4061/38/1
f 4064/3/1 4065/2/1 4698/37/1
f 1565/37/1 4068/2/1 4067/3/1
f 1567/53/1 4071/3/1 4072/2/1
f 4067/1/1 4549/4/1 4554/2/1
f 4066/3/1 4074/1/1 4549/4/1
f 4076/1/1 4071/4/1 1567/2/1
f 4078/43/6179 4080/42/6179 4082/45/6179
f 4065/41/6180 4084/43/6180 4085/42/6180
f 4698/41/6181 4085/43/6181 4086/42/6181
f 1560/41/6182 4086/43/6182 4078/42/6182
f 4091/43/6183 4087/42/6183 4696/45/6183
f 4094/41/6184 4093/43/6184 4091/42/6184
f 4101/43/6185 4095/42/6185 4061/45/6185
f 4106/43/6186 4108/42/6186 1568/45/6186
f 1568/41/6187 4108/43/6187 4110/42/6187
f 4110/43/6188 4112/42/6188 1565/45/6188
f 1565/41/3605 4112/43/3605 4114/42/3605
f 968/1/1 4074/4/1 4073/2/1
f 4124/1/1 4125/4/1 4926/2/1
f 4125/1/1 4142/4/1 4927/2/1
f 4140/1/1 4141/4/1 4151/2/1
f 4076/1/1 1570/4/1 4694/2/1
f 4142/3/1 4064/1/1 4697/4/1
f 4142/1/1 4699/4/1 4248/2/1
f 4145/1/1 4146/4/1 2290/2/1
f 950/1/1 968/4/1 4116/2/1
f 947/1/1 950/4/1 4148/2/1
f 4557/1/1 947/4/1 4154/2/1
f 4188/1/1 4558/4/1 4149/2/1
f 5131/1/1 4149/4/1 4127/2/1
f 5132/1/1 4127/4/1 4126/2/1
f 4157/1/1 4130/4/1 4132/2/1
f 5133/1/1 4132/4/1 4143/2/1
f 4922/3/1 4159/1/1 4145/4/1
f 4146/1/1 4140/4/1 2291/2/1
f 4558/1/1 4557/4/1 4150/2/1
f 4161/85/1 4164/71/1 4770/35/1
f 4168/11/6189 4827/14/6189 4828/12/6189
f 4835/44/6190 4173/19/6190 4174/20/6190
f 4175/47/6191 4835/46/6191 5149/52/6191
f 4174/11/6192 4167/14/6192 4171/12/6192
f 5118/11/6193 5149/14/6193 4174/12/6193
f 4176/32/6194 5149/40/6194 5118/49/6194
f 4165/51/6195 4163/41/6195 4176/45/6195
f 4770/26/1 4164/27/1 4166/9/1
f 5116/11/6196 4171/14/6196 4178/12/6196
f 590/2/1 591/4/1 4181/1/1
f 4719/6/3614 4720/35/3614 2311/5/3614
f 4199/6/3615 4719/35/3615 4179/5/3615
f 34/2/1 4201/4/1 4405/1/1
f 4201/2/1 4181/4/1 591/1/1
f 594/3/1 4180/2/1 4935/4/1
f 2311/2/1 4935/4/1 4180/1/1
f 22/2/1 4179/4/1 4181/1/1
