
*** Running vivado
    with args -log tangerineA7_100_wrapper.vds -m64 -product Vivado -mode batch -messageDb vivado.pb -notrace -source tangerineA7_100_wrapper.tcl



****** Vivado v2023.1 (64-bit)
  **** SW Build 3865809 on Sun May  7 15:05:29 MDT 2023
  **** IP Build 3864474 on Sun May  7 20:36:21 MDT 2023
  **** SharedData Build 3865790 on Sun May 07 13:33:03 MDT 2023
    ** Copyright 1986-2022 Xilinx, Inc. All Rights Reserved.
    ** Copyright 2022-2023 Advanced Micro Devices, Inc. All Rights Reserved.

source tangerineA7_100_wrapper.tcl -notrace
INFO: [IP_Flow 19-5107] Inferred bus interface 's_axi' of definition 'xilinx.com:interface:aximm:1.0' (from Xilinx Repository).
INFO: [IP_Flow 19-5107] Inferred bus interface 'aresetn' of definition 'xilinx.com:signal:reset:1.0' (from Xilinx Repository).
INFO: [IP_Flow 19-5107] Inferred bus interface 'sys_rst' of definition 'xilinx.com:signal:reset:1.0' (from Xilinx Repository).
INFO: [IP_Flow 19-5107] Inferred bus interface 'ui_clk_sync_rst' of definition 'xilinx.com:signal:reset:1.0' (from Xilinx Repository).
INFO: [IP_Flow 19-5107] Inferred bus interface 'ui_clk' of definition 'xilinx.com:signal:clock:1.0' (from Xilinx Repository).
INFO: [IP_Flow 19-4728] Bus Interface 'aresetn': Added interface parameter 'POLARITY' with value 'ACTIVE_LOW'.
INFO: [IP_Flow 19-4728] Bus Interface 'ui_clk': Added interface parameter 'ASSOCIATED_RESET' with value 'ui_clk_sync_rst'.
WARNING: [IP_Flow 19-3158] Bus Interface 's_axi': FREQ_HZ bus parameter missing from AXI interface when interface is not associated to a clock.
WARNING: [IP_Flow 19-5661] Bus Interface 'ui_clk' does not have any bus interfaces associated with it.
CRITICAL WARNING: [IP_Flow 19-4751] Bus Interface 'ui_clk': FREQ_HZ bus parameter is missing for output clock interface.
INFO: [IP_Flow 19-5107] Inferred bus interface 'm00_axi' of definition 'xilinx.com:interface:aximm:1.0' (from Xilinx Repository).
INFO: [IP_Flow 19-5107] Inferred bus interface 'm00_axi_aresetn' of definition 'xilinx.com:signal:reset:1.0' (from Xilinx Repository).
INFO: [IP_Flow 19-5107] Inferred bus interface 'resetn' of definition 'xilinx.com:signal:reset:1.0' (from Xilinx Repository).
INFO: [IP_Flow 19-5107] Inferred bus interface 'm00_axi_aclk' of definition 'xilinx.com:signal:clock:1.0' (from Xilinx Repository).
INFO: [IP_Flow 19-4728] Bus Interface 'm00_axi_aresetn': Added interface parameter 'POLARITY' with value 'ACTIVE_LOW'.
INFO: [IP_Flow 19-4728] Bus Interface 'resetn': Added interface parameter 'POLARITY' with value 'ACTIVE_LOW'.
INFO: [IP_Flow 19-4728] Bus Interface 'm00_axi_aclk': Added interface parameter 'ASSOCIATED_BUSIF' with value 'm00_axi'.
INFO: [IP_Flow 19-4728] Bus Interface 'm00_axi_aclk': Added interface parameter 'ASSOCIATED_RESET' with value 'm00_axi_aresetn'.
WARNING: [IP_Flow 19-11770] Clock interface 'm00_axi_aclk' has no FREQ_HZ parameter.
INFO: [IP_Flow 19-5107] Inferred bus interface 'resetn' of definition 'xilinx.com:signal:reset:1.0' (from Xilinx Repository).
INFO: [IP_Flow 19-4728] Bus Interface 'resetn': Added interface parameter 'POLARITY' with value 'ACTIVE_LOW'.
Command: synth_design -top tangerineA7_100_wrapper -part xc7a100tfgg676-1 -flatten_hierarchy full -directive PerformanceOptimized -fsm_extraction one_hot -keep_equivalent_registers -resource_sharing off -no_lc -shreg_min_size 5
Starting synth_design
Attempting to get a license for feature 'Synthesis' and/or device 'xc7a100t'
INFO: [Common 17-349] Got license for feature 'Synthesis' and/or device 'xc7a100t'
INFO: [Device 21-403] Loading part xc7a100tfgg676-1
INFO: [Synth 8-7079] Multithreading enabled for synth_design using a maximum of 2 processes.
INFO: [Synth 8-7078] Launching helper process for spawning children vivado processes
INFO: [Synth 8-7075] Helper process launched with PID 284316
CRITICAL WARNING: [Synth 8-9339] data object 'clk200_tangerineA7_100_clk_wiz_1_0' is already declared [c:/Users/qubeck/Documents/Development/ProjektyVHDL/WukongBoard/tangerineA7_100/tangerineA7_100.gen/sources_1/bd/tangerineA7_100/ip/tangerineA7_100_clk_wiz_1_0/tangerineA7_100_clk_wiz_1_0_clk_wiz.v:99]
INFO: [Synth 8-6826] previous declaration of 'clk200_tangerineA7_100_clk_wiz_1_0' is from here [c:/Users/qubeck/Documents/Development/ProjektyVHDL/WukongBoard/tangerineA7_100/tangerineA7_100.gen/sources_1/bd/tangerineA7_100/ip/tangerineA7_100_clk_wiz_1_0/tangerineA7_100_clk_wiz_1_0_clk_wiz.v:96]
CRITICAL WARNING: [Synth 8-11152] second declaration of 'clk200_tangerineA7_100_clk_wiz_1_0' is ignored [c:/Users/qubeck/Documents/Development/ProjektyVHDL/WukongBoard/tangerineA7_100/tangerineA7_100.gen/sources_1/bd/tangerineA7_100/ip/tangerineA7_100_clk_wiz_1_0/tangerineA7_100_clk_wiz_1_0_clk_wiz.v:99]
---------------------------------------------------------------------------------
Starting RTL Elaboration : Time (s): cpu = 00:00:03 ; elapsed = 00:00:03 . Memory (MB): peak = 2358.883 ; gain = 408.625
---------------------------------------------------------------------------------
INFO: [Synth 8-6157] synthesizing module 'tangerineA7_100_wrapper' [C:/Users/qubeck/Documents/Development/ProjektyVHDL/WukongBoard/tangerineA7_100/tangerineA7_100.gen/sources_1/bd/tangerineA7_100/hdl/tangerineA7_100_wrapper.v:13]
INFO: [Synth 8-6157] synthesizing module 'tangerineA7_100' [c:/Users/qubeck/Documents/Development/ProjektyVHDL/WukongBoard/tangerineA7_100/tangerineA7_100.gen/sources_1/bd/tangerineA7_100/synth/tangerineA7_100.v:13]
INFO: [Synth 8-6157] synthesizing module 'tangerineA7_100_clk_wiz_0_0' [c:/Users/qubeck/Documents/Development/ProjektyVHDL/WukongBoard/tangerineA7_100/tangerineA7_100.gen/sources_1/bd/tangerineA7_100/ip/tangerineA7_100_clk_wiz_0_0/tangerineA7_100_clk_wiz_0_0.v:70]
INFO: [Synth 8-6157] synthesizing module 'tangerineA7_100_clk_wiz_0_0_clk_wiz' [c:/Users/qubeck/Documents/Development/ProjektyVHDL/WukongBoard/tangerineA7_100/tangerineA7_100.gen/sources_1/bd/tangerineA7_100/ip/tangerineA7_100_clk_wiz_0_0/tangerineA7_100_clk_wiz_0_0_clk_wiz.v:70]
INFO: [Synth 8-6157] synthesizing module 'BUFG' [D:/Xilinx2023.1/Vivado/2023.1/scripts/rt/data/unisim_comp.v:1519]
INFO: [Synth 8-6155] done synthesizing module 'BUFG' (0#1) [D:/Xilinx2023.1/Vivado/2023.1/scripts/rt/data/unisim_comp.v:1519]
INFO: [Synth 8-6157] synthesizing module 'MMCME2_ADV' [D:/Xilinx2023.1/Vivado/2023.1/scripts/rt/data/unisim_comp.v:80311]
	Parameter BANDWIDTH bound to: OPTIMIZED - type: string 
	Parameter CLKFBOUT_MULT_F bound to: 64.000000 - type: double 
	Parameter CLKFBOUT_PHASE bound to: 0.000000 - type: double 
	Parameter CLKFBOUT_USE_FINE_PS bound to: FALSE - type: string 
	Parameter CLKIN1_PERIOD bound to: 20.000000 - type: double 
	Parameter CLKOUT0_DIVIDE_F bound to: 10.000000 - type: double 
	Parameter CLKOUT0_DUTY_CYCLE bound to: 0.500000 - type: double 
	Parameter CLKOUT0_PHASE bound to: 0.000000 - type: double 
	Parameter CLKOUT0_USE_FINE_PS bound to: FALSE - type: string 
	Parameter CLKOUT1_DIVIDE bound to: 2 - type: integer 
	Parameter CLKOUT1_DUTY_CYCLE bound to: 0.500000 - type: double 
	Parameter CLKOUT1_PHASE bound to: 0.000000 - type: double 
	Parameter CLKOUT1_USE_FINE_PS bound to: FALSE - type: string 
	Parameter CLKOUT4_CASCADE bound to: FALSE - type: string 
	Parameter COMPENSATION bound to: ZHOLD - type: string 
	Parameter DIVCLK_DIVIDE bound to: 5 - type: integer 
	Parameter STARTUP_WAIT bound to: FALSE - type: string 
INFO: [Synth 8-6155] done synthesizing module 'MMCME2_ADV' (0#1) [D:/Xilinx2023.1/Vivado/2023.1/scripts/rt/data/unisim_comp.v:80311]
INFO: [Synth 8-6155] done synthesizing module 'tangerineA7_100_clk_wiz_0_0_clk_wiz' (0#1) [c:/Users/qubeck/Documents/Development/ProjektyVHDL/WukongBoard/tangerineA7_100/tangerineA7_100.gen/sources_1/bd/tangerineA7_100/ip/tangerineA7_100_clk_wiz_0_0/tangerineA7_100_clk_wiz_0_0_clk_wiz.v:70]
INFO: [Synth 8-6155] done synthesizing module 'tangerineA7_100_clk_wiz_0_0' (0#1) [c:/Users/qubeck/Documents/Development/ProjektyVHDL/WukongBoard/tangerineA7_100/tangerineA7_100.gen/sources_1/bd/tangerineA7_100/ip/tangerineA7_100_clk_wiz_0_0/tangerineA7_100_clk_wiz_0_0.v:70]
INFO: [Synth 8-6157] synthesizing module 'tangerineA7_100_clk_wiz_1_0' [c:/Users/qubeck/Documents/Development/ProjektyVHDL/WukongBoard/tangerineA7_100/tangerineA7_100.gen/sources_1/bd/tangerineA7_100/ip/tangerineA7_100_clk_wiz_1_0/tangerineA7_100_clk_wiz_1_0.v:68]
INFO: [Synth 8-6157] synthesizing module 'tangerineA7_100_clk_wiz_1_0_clk_wiz' [c:/Users/qubeck/Documents/Development/ProjektyVHDL/WukongBoard/tangerineA7_100/tangerineA7_100.gen/sources_1/bd/tangerineA7_100/ip/tangerineA7_100_clk_wiz_1_0/tangerineA7_100_clk_wiz_1_0_clk_wiz.v:68]
INFO: [Synth 8-6157] synthesizing module 'MMCME2_ADV__parameterized0' [D:/Xilinx2023.1/Vivado/2023.1/scripts/rt/data/unisim_comp.v:80311]
	Parameter BANDWIDTH bound to: OPTIMIZED - type: string 
	Parameter CLKFBOUT_MULT_F bound to: 20.000000 - type: double 
	Parameter CLKFBOUT_PHASE bound to: 0.000000 - type: double 
	Parameter CLKFBOUT_USE_FINE_PS bound to: FALSE - type: string 
	Parameter CLKIN1_PERIOD bound to: 20.000000 - type: double 
	Parameter CLKOUT0_DIVIDE_F bound to: 5.000000 - type: double 
	Parameter CLKOUT0_DUTY_CYCLE bound to: 0.500000 - type: double 
	Parameter CLKOUT0_PHASE bound to: 0.000000 - type: double 
	Parameter CLKOUT0_USE_FINE_PS bound to: FALSE - type: string 
	Parameter CLKOUT4_CASCADE bound to: FALSE - type: string 
	Parameter COMPENSATION bound to: ZHOLD - type: string 
	Parameter DIVCLK_DIVIDE bound to: 1 - type: integer 
	Parameter STARTUP_WAIT bound to: FALSE - type: string 
INFO: [Synth 8-6155] done synthesizing module 'MMCME2_ADV__parameterized0' (0#1) [D:/Xilinx2023.1/Vivado/2023.1/scripts/rt/data/unisim_comp.v:80311]
INFO: [Synth 8-6155] done synthesizing module 'tangerineA7_100_clk_wiz_1_0_clk_wiz' (0#1) [c:/Users/qubeck/Documents/Development/ProjektyVHDL/WukongBoard/tangerineA7_100/tangerineA7_100.gen/sources_1/bd/tangerineA7_100/ip/tangerineA7_100_clk_wiz_1_0/tangerineA7_100_clk_wiz_1_0_clk_wiz.v:68]
INFO: [Synth 8-6155] done synthesizing module 'tangerineA7_100_clk_wiz_1_0' (0#1) [c:/Users/qubeck/Documents/Development/ProjektyVHDL/WukongBoard/tangerineA7_100/tangerineA7_100.gen/sources_1/bd/tangerineA7_100/ip/tangerineA7_100_clk_wiz_1_0/tangerineA7_100_clk_wiz_1_0.v:68]
INFO: [Synth 8-6157] synthesizing module 'tangerineA7_100_clk_wiz_2_0' [c:/Users/qubeck/Documents/Development/ProjektyVHDL/WukongBoard/tangerineA7_100/tangerineA7_100.gen/sources_1/bd/tangerineA7_100/ip/tangerineA7_100_clk_wiz_2_0/tangerineA7_100_clk_wiz_2_0.v:71]
INFO: [Synth 8-6157] synthesizing module 'tangerineA7_100_clk_wiz_2_0_clk_wiz' [c:/Users/qubeck/Documents/Development/ProjektyVHDL/WukongBoard/tangerineA7_100/tangerineA7_100.gen/sources_1/bd/tangerineA7_100/ip/tangerineA7_100_clk_wiz_2_0/tangerineA7_100_clk_wiz_2_0_clk_wiz.v:71]
INFO: [Synth 8-6157] synthesizing module 'MMCME2_ADV__parameterized1' [D:/Xilinx2023.1/Vivado/2023.1/scripts/rt/data/unisim_comp.v:80311]
	Parameter BANDWIDTH bound to: OPTIMIZED - type: string 
	Parameter CLKFBOUT_MULT_F bound to: 10.000000 - type: double 
	Parameter CLKFBOUT_PHASE bound to: 0.000000 - type: double 
	Parameter CLKFBOUT_USE_FINE_PS bound to: FALSE - type: string 
	Parameter CLKIN1_PERIOD bound to: 12.308000 - type: double 
	Parameter CLKOUT0_DIVIDE_F bound to: 5.000000 - type: double 
	Parameter CLKOUT0_DUTY_CYCLE bound to: 0.500000 - type: double 
	Parameter CLKOUT0_PHASE bound to: 0.000000 - type: double 
	Parameter CLKOUT0_USE_FINE_PS bound to: FALSE - type: string 
	Parameter CLKOUT1_DIVIDE bound to: 10 - type: integer 
	Parameter CLKOUT1_DUTY_CYCLE bound to: 0.500000 - type: double 
	Parameter CLKOUT1_PHASE bound to: 0.000000 - type: double 
	Parameter CLKOUT1_USE_FINE_PS bound to: FALSE - type: string 
	Parameter CLKOUT2_DIVIDE bound to: 5 - type: integer 
	Parameter CLKOUT2_DUTY_CYCLE bound to: 0.500000 - type: double 
	Parameter CLKOUT2_PHASE bound to: 189.000000 - type: double 
	Parameter CLKOUT2_USE_FINE_PS bound to: FALSE - type: string 
	Parameter CLKOUT3_DIVIDE bound to: 20 - type: integer 
	Parameter CLKOUT3_DUTY_CYCLE bound to: 0.500000 - type: double 
	Parameter CLKOUT3_PHASE bound to: 0.000000 - type: double 
	Parameter CLKOUT3_USE_FINE_PS bound to: FALSE - type: string 
	Parameter CLKOUT4_CASCADE bound to: FALSE - type: string 
	Parameter COMPENSATION bound to: ZHOLD - type: string 
	Parameter DIVCLK_DIVIDE bound to: 1 - type: integer 
	Parameter STARTUP_WAIT bound to: FALSE - type: string 
INFO: [Synth 8-6155] done synthesizing module 'MMCME2_ADV__parameterized1' (0#1) [D:/Xilinx2023.1/Vivado/2023.1/scripts/rt/data/unisim_comp.v:80311]
INFO: [Synth 8-6155] done synthesizing module 'tangerineA7_100_clk_wiz_2_0_clk_wiz' (0#1) [c:/Users/qubeck/Documents/Development/ProjektyVHDL/WukongBoard/tangerineA7_100/tangerineA7_100.gen/sources_1/bd/tangerineA7_100/ip/tangerineA7_100_clk_wiz_2_0/tangerineA7_100_clk_wiz_2_0_clk_wiz.v:71]
INFO: [Synth 8-6155] done synthesizing module 'tangerineA7_100_clk_wiz_2_0' (0#1) [c:/Users/qubeck/Documents/Development/ProjektyVHDL/WukongBoard/tangerineA7_100/tangerineA7_100.gen/sources_1/bd/tangerineA7_100/ip/tangerineA7_100_clk_wiz_2_0/tangerineA7_100_clk_wiz_2_0.v:71]
WARNING: [Synth 8-7071] port 'clk81_25' of module 'tangerineA7_100_clk_wiz_2_0' is unconnected for instance 'clk_wiz_2' [c:/Users/qubeck/Documents/Development/ProjektyVHDL/WukongBoard/tangerineA7_100/tangerineA7_100.gen/sources_1/bd/tangerineA7_100/synth/tangerineA7_100.v:218]
WARNING: [Synth 8-7071] port 'clk162_5ps' of module 'tangerineA7_100_clk_wiz_2_0' is unconnected for instance 'clk_wiz_2' [c:/Users/qubeck/Documents/Development/ProjektyVHDL/WukongBoard/tangerineA7_100/tangerineA7_100.gen/sources_1/bd/tangerineA7_100/synth/tangerineA7_100.v:218]
WARNING: [Synth 8-7023] instance 'clk_wiz_2' of module 'tangerineA7_100_clk_wiz_2_0' has 7 connections declared, but only 5 given [c:/Users/qubeck/Documents/Development/ProjektyVHDL/WukongBoard/tangerineA7_100/tangerineA7_100.gen/sources_1/bd/tangerineA7_100/synth/tangerineA7_100.v:218]
INFO: [Synth 8-6157] synthesizing module 'tangerineA7_100_hdmiOut_0_0' [c:/Users/qubeck/Documents/Development/ProjektyVHDL/WukongBoard/tangerineA7_100/tangerineA7_100.gen/sources_1/bd/tangerineA7_100/ip/tangerineA7_100_hdmiOut_0_0/synth/tangerineA7_100_hdmiOut_0_0.v:53]
INFO: [Synth 8-638] synthesizing module 'hdmiOut' [C:/Users/qubeck/Documents/Development/ProjektyVHDL/WukongBoard/tangerineA7_100/tangerineA7_100.srcs/sources_1/new/hdmiOut/hdmiOut.vhd:37]
INFO: [Synth 8-113] binding component instance 'OBUFDS_blue' to cell 'OBUFDS' [C:/Users/qubeck/Documents/Development/ProjektyVHDL/WukongBoard/tangerineA7_100/tangerineA7_100.srcs/sources_1/new/hdmiOut/hdmiOut.vhd:76]
INFO: [Synth 8-113] binding component instance 'OBUFDS_green' to cell 'OBUFDS' [C:/Users/qubeck/Documents/Development/ProjektyVHDL/WukongBoard/tangerineA7_100/tangerineA7_100.srcs/sources_1/new/hdmiOut/hdmiOut.vhd:77]
INFO: [Synth 8-113] binding component instance 'OBUFDS_red' to cell 'OBUFDS' [C:/Users/qubeck/Documents/Development/ProjektyVHDL/WukongBoard/tangerineA7_100/tangerineA7_100.srcs/sources_1/new/hdmiOut/hdmiOut.vhd:78]
INFO: [Synth 8-113] binding component instance 'OBUFDS_clock' to cell 'OBUFDS' [C:/Users/qubeck/Documents/Development/ProjektyVHDL/WukongBoard/tangerineA7_100/tangerineA7_100.srcs/sources_1/new/hdmiOut/hdmiOut.vhd:79]
INFO: [Synth 8-3491] module 'dvid' declared at 'C:/Users/qubeck/Documents/Development/ProjektyVHDL/WukongBoard/tangerineA7_100/tangerineA7_100.srcs/sources_1/new/hdmiOut/dvid.vhd:15' bound to instance 'dvidInst' of component 'dvid' [C:/Users/qubeck/Documents/Development/ProjektyVHDL/WukongBoard/tangerineA7_100/tangerineA7_100.srcs/sources_1/new/hdmiOut/hdmiOut.vhd:83]
INFO: [Synth 8-638] synthesizing module 'dvid' [C:/Users/qubeck/Documents/Development/ProjektyVHDL/WukongBoard/tangerineA7_100/tangerineA7_100.srcs/sources_1/new/hdmiOut/dvid.vhd:31]
INFO: [Synth 8-3491] module 'TDMS_encoder' declared at 'C:/Users/qubeck/Documents/Development/ProjektyVHDL/WukongBoard/tangerineA7_100/tangerineA7_100.srcs/sources_1/new/hdmiOut/TMDS_encoder.vhd:14' bound to instance 'TDMS_encoder_red' of component 'TDMS_encoder' [C:/Users/qubeck/Documents/Development/ProjektyVHDL/WukongBoard/tangerineA7_100/tangerineA7_100.srcs/sources_1/new/hdmiOut/dvid.vhd:56]
INFO: [Synth 8-638] synthesizing module 'TDMS_encoder' [C:/Users/qubeck/Documents/Development/ProjektyVHDL/WukongBoard/tangerineA7_100/tangerineA7_100.srcs/sources_1/new/hdmiOut/TMDS_encoder.vhd:22]
INFO: [Synth 8-256] done synthesizing module 'TDMS_encoder' (0#1) [C:/Users/qubeck/Documents/Development/ProjektyVHDL/WukongBoard/tangerineA7_100/tangerineA7_100.srcs/sources_1/new/hdmiOut/TMDS_encoder.vhd:22]
INFO: [Synth 8-3491] module 'TDMS_encoder' declared at 'C:/Users/qubeck/Documents/Development/ProjektyVHDL/WukongBoard/tangerineA7_100/tangerineA7_100.srcs/sources_1/new/hdmiOut/TMDS_encoder.vhd:14' bound to instance 'TDMS_encoder_green' of component 'TDMS_encoder' [C:/Users/qubeck/Documents/Development/ProjektyVHDL/WukongBoard/tangerineA7_100/tangerineA7_100.srcs/sources_1/new/hdmiOut/dvid.vhd:57]
INFO: [Synth 8-3491] module 'TDMS_encoder' declared at 'C:/Users/qubeck/Documents/Development/ProjektyVHDL/WukongBoard/tangerineA7_100/tangerineA7_100.srcs/sources_1/new/hdmiOut/TMDS_encoder.vhd:14' bound to instance 'TDMS_encoder_blue' of component 'TDMS_encoder' [C:/Users/qubeck/Documents/Development/ProjektyVHDL/WukongBoard/tangerineA7_100/tangerineA7_100.srcs/sources_1/new/hdmiOut/dvid.vhd:58]
	Parameter DDR_ALIGNMENT bound to: C0 - type: string 
	Parameter INIT bound to: 1'b0 
	Parameter SRTYPE bound to: ASYNC - type: string 
INFO: [Synth 8-113] binding component instance 'ODDR2_red' to cell 'ODDR2' [C:/Users/qubeck/Documents/Development/ProjektyVHDL/WukongBoard/tangerineA7_100/tangerineA7_100.srcs/sources_1/new/hdmiOut/dvid.vhd:60]
	Parameter DDR_ALIGNMENT bound to: C0 - type: string 
	Parameter INIT bound to: 1'b0 
	Parameter SRTYPE bound to: ASYNC - type: string 
INFO: [Synth 8-113] binding component instance 'ODDR2_green' to cell 'ODDR2' [C:/Users/qubeck/Documents/Development/ProjektyVHDL/WukongBoard/tangerineA7_100/tangerineA7_100.srcs/sources_1/new/hdmiOut/dvid.vhd:63]
	Parameter DDR_ALIGNMENT bound to: C0 - type: string 
	Parameter INIT bound to: 1'b0 
	Parameter SRTYPE bound to: ASYNC - type: string 
INFO: [Synth 8-113] binding component instance 'ODDR2_blue' to cell 'ODDR2' [C:/Users/qubeck/Documents/Development/ProjektyVHDL/WukongBoard/tangerineA7_100/tangerineA7_100.srcs/sources_1/new/hdmiOut/dvid.vhd:66]
	Parameter DDR_ALIGNMENT bound to: C0 - type: string 
	Parameter INIT bound to: 1'b0 
	Parameter SRTYPE bound to: ASYNC - type: string 
INFO: [Synth 8-113] binding component instance 'ODDR2_clock' to cell 'ODDR2' [C:/Users/qubeck/Documents/Development/ProjektyVHDL/WukongBoard/tangerineA7_100/tangerineA7_100.srcs/sources_1/new/hdmiOut/dvid.vhd:69]
INFO: [Synth 8-256] done synthesizing module 'dvid' (0#1) [C:/Users/qubeck/Documents/Development/ProjektyVHDL/WukongBoard/tangerineA7_100/tangerineA7_100.srcs/sources_1/new/hdmiOut/dvid.vhd:31]
INFO: [Synth 8-256] done synthesizing module 'hdmiOut' (0#1) [C:/Users/qubeck/Documents/Development/ProjektyVHDL/WukongBoard/tangerineA7_100/tangerineA7_100.srcs/sources_1/new/hdmiOut/hdmiOut.vhd:37]
INFO: [Synth 8-6155] done synthesizing module 'tangerineA7_100_hdmiOut_0_0' (0#1) [c:/Users/qubeck/Documents/Development/ProjektyVHDL/WukongBoard/tangerineA7_100/tangerineA7_100.gen/sources_1/bd/tangerineA7_100/ip/tangerineA7_100_hdmiOut_0_0/synth/tangerineA7_100_hdmiOut_0_0.v:53]
INFO: [Synth 8-6157] synthesizing module 'tangerineA7_100_tangerineMIGWrapper_0_0' [c:/Users/qubeck/Documents/Development/ProjektyVHDL/WukongBoard/tangerineA7_100/tangerineA7_100.gen/sources_1/bd/tangerineA7_100/ip/tangerineA7_100_tangerineMIGWrapper_0_0/synth/tangerineA7_100_tangerineMIGWrapper_0_0.v:53]
INFO: [Synth 8-638] synthesizing module 'tangerineMIGWrapper' [C:/Users/qubeck/Documents/Development/ProjektyVHDL/WukongBoard/tangerineA7_100/tangerineA7_100.srcs/sources_1/new/tangerineMIGWrapper.vhd:96]
INFO: [Synth 8-3491] module 'mig_7series_tangerine' declared at 'C:/Users/qubeck/Documents/Development/ProjektyVHDL/WukongBoard/tangerineA7_100/tangerineA7_100.runs/synth_2/.Xil/Vivado-285920-DESKTOP-T3E75FC/realtime/mig_7series_tangerine_stub.v:6' bound to instance 'tangerineMIGInst' of component 'mig_7series_tangerine' [C:/Users/qubeck/Documents/Development/ProjektyVHDL/WukongBoard/tangerineA7_100/tangerineA7_100.srcs/sources_1/new/tangerineMIGWrapper.vhd:190]
INFO: [Synth 8-6157] synthesizing module 'mig_7series_tangerine' [C:/Users/qubeck/Documents/Development/ProjektyVHDL/WukongBoard/tangerineA7_100/tangerineA7_100.runs/synth_2/.Xil/Vivado-285920-DESKTOP-T3E75FC/realtime/mig_7series_tangerine_stub.v:6]
INFO: [Synth 8-6155] done synthesizing module 'mig_7series_tangerine' (0#1) [C:/Users/qubeck/Documents/Development/ProjektyVHDL/WukongBoard/tangerineA7_100/tangerineA7_100.runs/synth_2/.Xil/Vivado-285920-DESKTOP-T3E75FC/realtime/mig_7series_tangerine_stub.v:6]
INFO: [Synth 8-256] done synthesizing module 'tangerineMIGWrapper' (0#1) [C:/Users/qubeck/Documents/Development/ProjektyVHDL/WukongBoard/tangerineA7_100/tangerineA7_100.srcs/sources_1/new/tangerineMIGWrapper.vhd:96]
INFO: [Synth 8-6155] done synthesizing module 'tangerineA7_100_tangerineMIGWrapper_0_0' (0#1) [c:/Users/qubeck/Documents/Development/ProjektyVHDL/WukongBoard/tangerineA7_100/tangerineA7_100.gen/sources_1/bd/tangerineA7_100/ip/tangerineA7_100_tangerineMIGWrapper_0_0/synth/tangerineA7_100_tangerineMIGWrapper_0_0.v:53]
WARNING: [Synth 8-7071] port 'init_calib_complete' of module 'tangerineA7_100_tangerineMIGWrapper_0_0' is unconnected for instance 'tangerineMIGWrapper_0' [c:/Users/qubeck/Documents/Development/ProjektyVHDL/WukongBoard/tangerineA7_100/tangerineA7_100.gen/sources_1/bd/tangerineA7_100/synth/tangerineA7_100.v:239]
WARNING: [Synth 8-7071] port 'ui_clk_sync_rst' of module 'tangerineA7_100_tangerineMIGWrapper_0_0' is unconnected for instance 'tangerineMIGWrapper_0' [c:/Users/qubeck/Documents/Development/ProjektyVHDL/WukongBoard/tangerineA7_100/tangerineA7_100.gen/sources_1/bd/tangerineA7_100/synth/tangerineA7_100.v:239]
WARNING: [Synth 8-7071] port 'app_sr_active' of module 'tangerineA7_100_tangerineMIGWrapper_0_0' is unconnected for instance 'tangerineMIGWrapper_0' [c:/Users/qubeck/Documents/Development/ProjektyVHDL/WukongBoard/tangerineA7_100/tangerineA7_100.gen/sources_1/bd/tangerineA7_100/synth/tangerineA7_100.v:239]
WARNING: [Synth 8-7071] port 'app_ref_ack' of module 'tangerineA7_100_tangerineMIGWrapper_0_0' is unconnected for instance 'tangerineMIGWrapper_0' [c:/Users/qubeck/Documents/Development/ProjektyVHDL/WukongBoard/tangerineA7_100/tangerineA7_100.gen/sources_1/bd/tangerineA7_100/synth/tangerineA7_100.v:239]
WARNING: [Synth 8-7071] port 'app_zq_ack' of module 'tangerineA7_100_tangerineMIGWrapper_0_0' is unconnected for instance 'tangerineMIGWrapper_0' [c:/Users/qubeck/Documents/Development/ProjektyVHDL/WukongBoard/tangerineA7_100/tangerineA7_100.gen/sources_1/bd/tangerineA7_100/synth/tangerineA7_100.v:239]
WARNING: [Synth 8-7071] port 's_axi_bid' of module 'tangerineA7_100_tangerineMIGWrapper_0_0' is unconnected for instance 'tangerineMIGWrapper_0' [c:/Users/qubeck/Documents/Development/ProjektyVHDL/WukongBoard/tangerineA7_100/tangerineA7_100.gen/sources_1/bd/tangerineA7_100/synth/tangerineA7_100.v:239]
WARNING: [Synth 8-7023] instance 'tangerineMIGWrapper_0' of module 'tangerineA7_100_tangerineMIGWrapper_0_0' has 64 connections declared, but only 58 given [c:/Users/qubeck/Documents/Development/ProjektyVHDL/WukongBoard/tangerineA7_100/tangerineA7_100.gen/sources_1/bd/tangerineA7_100/synth/tangerineA7_100.v:239]
INFO: [Synth 8-6157] synthesizing module 'tangerineA7_100_tangerineSOC_0_0' [c:/Users/qubeck/Documents/Development/ProjektyVHDL/WukongBoard/tangerineA7_100/tangerineA7_100.gen/sources_1/bd/tangerineA7_100/ip/tangerineA7_100_tangerineSOC_0_0/synth/tangerineA7_100_tangerineSOC_0_0.v:53]
INFO: [Synth 8-638] synthesizing module 'tangerineSOC' [C:/Users/qubeck/Documents/Development/ProjektyVHDL/WukongBoard/tangerineA7_100/tangerineA7_100.srcs/sources_1/new/tangerineSOC.vhd:107]
	Parameter inputWidth bound to: 1 - type: integer 
INFO: [Synth 8-3491] module 'inputSync' declared at 'C:/Users/qubeck/Documents/Development/ProjektyVHDL/WukongBoard/tangerineA7_100/tangerineA7_100.srcs/sources_1/new/common/InputSync.vhd:7' bound to instance 'inputSyncVSInst' of component 'inputSync' [C:/Users/qubeck/Documents/Development/ProjektyVHDL/WukongBoard/tangerineA7_100/tangerineA7_100.srcs/sources_1/new/tangerineSOC.vhd:693]
INFO: [Synth 8-638] synthesizing module 'inputSync' [C:/Users/qubeck/Documents/Development/ProjektyVHDL/WukongBoard/tangerineA7_100/tangerineA7_100.srcs/sources_1/new/common/InputSync.vhd:26]
INFO: [Synth 8-256] done synthesizing module 'inputSync' (0#1) [C:/Users/qubeck/Documents/Development/ProjektyVHDL/WukongBoard/tangerineA7_100/tangerineA7_100.srcs/sources_1/new/common/InputSync.vhd:26]
	Parameter inputWidth bound to: 2 - type: integer 
INFO: [Synth 8-3491] module 'inputSync' declared at 'C:/Users/qubeck/Documents/Development/ProjektyVHDL/WukongBoard/tangerineA7_100/tangerineA7_100.srcs/sources_1/new/common/InputSync.vhd:7' bound to instance 'inputSyncDmaRequestInst' of component 'inputSync' [C:/Users/qubeck/Documents/Development/ProjektyVHDL/WukongBoard/tangerineA7_100/tangerineA7_100.srcs/sources_1/new/tangerineSOC.vhd:706]
INFO: [Synth 8-638] synthesizing module 'inputSync__parameterized1' [C:/Users/qubeck/Documents/Development/ProjektyVHDL/WukongBoard/tangerineA7_100/tangerineA7_100.srcs/sources_1/new/common/InputSync.vhd:26]
INFO: [Synth 8-256] done synthesizing module 'inputSync__parameterized1' (0#1) [C:/Users/qubeck/Documents/Development/ProjektyVHDL/WukongBoard/tangerineA7_100/tangerineA7_100.srcs/sources_1/new/common/InputSync.vhd:26]
INFO: [Synth 8-3491] module 'systemRam' declared at 'C:/Users/qubeck/Documents/Development/ProjektyVHDL/WukongBoard/tangerineA7_100/tangerineA7_100.runs/synth_2/.Xil/Vivado-285920-DESKTOP-T3E75FC/realtime/systemRam_stub.v:6' bound to instance 'txtfbRamInst' of component 'systemRam' [C:/Users/qubeck/Documents/Development/ProjektyVHDL/WukongBoard/tangerineA7_100/tangerineA7_100.srcs/sources_1/new/tangerineSOC.vhd:729]
INFO: [Synth 8-6157] synthesizing module 'systemRam' [C:/Users/qubeck/Documents/Development/ProjektyVHDL/WukongBoard/tangerineA7_100/tangerineA7_100.runs/synth_2/.Xil/Vivado-285920-DESKTOP-T3E75FC/realtime/systemRam_stub.v:6]
INFO: [Synth 8-6155] done synthesizing module 'systemRam' (0#1) [C:/Users/qubeck/Documents/Development/ProjektyVHDL/WukongBoard/tangerineA7_100/tangerineA7_100.runs/synth_2/.Xil/Vivado-285920-DESKTOP-T3E75FC/realtime/systemRam_stub.v:6]
INFO: [Synth 8-3491] module 'systemRam' declared at 'C:/Users/qubeck/Documents/Development/ProjektyVHDL/WukongBoard/tangerineA7_100/tangerineA7_100.runs/synth_2/.Xil/Vivado-285920-DESKTOP-T3E75FC/realtime/systemRam_stub.v:6' bound to instance 'systemRamInst' of component 'systemRam' [C:/Users/qubeck/Documents/Development/ProjektyVHDL/WukongBoard/tangerineA7_100/tangerineA7_100.srcs/sources_1/new/tangerineSOC.vhd:770]
INFO: [Synth 8-3491] module 'fastRam' declared at 'C:/Users/qubeck/Documents/Development/ProjektyVHDL/WukongBoard/tangerineA7_100/tangerineA7_100.runs/synth_2/.Xil/Vivado-285920-DESKTOP-T3E75FC/realtime/fastRam_stub.v:6' bound to instance 'fastRamInst' of component 'fastRam' [C:/Users/qubeck/Documents/Development/ProjektyVHDL/WukongBoard/tangerineA7_100/tangerineA7_100.srcs/sources_1/new/tangerineSOC.vhd:810]
INFO: [Synth 8-6157] synthesizing module 'fastRam' [C:/Users/qubeck/Documents/Development/ProjektyVHDL/WukongBoard/tangerineA7_100/tangerineA7_100.runs/synth_2/.Xil/Vivado-285920-DESKTOP-T3E75FC/realtime/fastRam_stub.v:6]
INFO: [Synth 8-6155] done synthesizing module 'fastRam' (0#1) [C:/Users/qubeck/Documents/Development/ProjektyVHDL/WukongBoard/tangerineA7_100/tangerineA7_100.runs/synth_2/.Xil/Vivado-285920-DESKTOP-T3E75FC/realtime/fastRam_stub.v:6]
INFO: [Synth 8-3491] module 'dmaCh2BufRam' declared at 'C:/Users/qubeck/Documents/Development/ProjektyVHDL/WukongBoard/tangerineA7_100/tangerineA7_100.runs/synth_2/.Xil/Vivado-285920-DESKTOP-T3E75FC/realtime/dmaCh2BufRam_stub.v:6' bound to instance 'dmaCh2BufRamInst' of component 'dmaCh2BufRam' [C:/Users/qubeck/Documents/Development/ProjektyVHDL/WukongBoard/tangerineA7_100/tangerineA7_100.srcs/sources_1/new/tangerineSOC.vhd:842]
INFO: [Synth 8-6157] synthesizing module 'dmaCh2BufRam' [C:/Users/qubeck/Documents/Development/ProjektyVHDL/WukongBoard/tangerineA7_100/tangerineA7_100.runs/synth_2/.Xil/Vivado-285920-DESKTOP-T3E75FC/realtime/dmaCh2BufRam_stub.v:6]
INFO: [Synth 8-6155] done synthesizing module 'dmaCh2BufRam' (0#1) [C:/Users/qubeck/Documents/Development/ProjektyVHDL/WukongBoard/tangerineA7_100/tangerineA7_100.runs/synth_2/.Xil/Vivado-285920-DESKTOP-T3E75FC/realtime/dmaCh2BufRam_stub.v:6]
INFO: [Synth 8-3491] module 'vga' declared at 'C:/Users/qubeck/Documents/Development/ProjektyVHDL/WukongBoard/tangerineA7_100/tangerineA7_100.srcs/sources_1/new/vga/vga.vhd:8' bound to instance 'vgaInst' of component 'vga' [C:/Users/qubeck/Documents/Development/ProjektyVHDL/WukongBoard/tangerineA7_100/tangerineA7_100.srcs/sources_1/new/tangerineSOC.vhd:882]
INFO: [Synth 8-638] synthesizing module 'vga' [C:/Users/qubeck/Documents/Development/ProjektyVHDL/WukongBoard/tangerineA7_100/tangerineA7_100.srcs/sources_1/new/vga/vga.vhd:51]
	Parameter inputWidth bound to: 1 - type: integer 
INFO: [Synth 8-3491] module 'inputSync' declared at 'C:/Users/qubeck/Documents/Development/ProjektyVHDL/WukongBoard/tangerineA7_100/tangerineA7_100.srcs/sources_1/new/common/InputSync.vhd:7' bound to instance 'inputSyncVSInst' of component 'inputSync' [C:/Users/qubeck/Documents/Development/ProjektyVHDL/WukongBoard/tangerineA7_100/tangerineA7_100.srcs/sources_1/new/vga/vga.vhd:255]
INFO: [Synth 8-3491] module 'fontPROM' declared at 'C:/Users/qubeck/Documents/Development/ProjektyVHDL/WukongBoard/tangerineA7_100/tangerineA7_100.runs/synth_2/.Xil/Vivado-285920-DESKTOP-T3E75FC/realtime/fontPROM_stub.v:6' bound to instance 'fontPromInst' of component 'fontPROM' [C:/Users/qubeck/Documents/Development/ProjektyVHDL/WukongBoard/tangerineA7_100/tangerineA7_100.srcs/sources_1/new/vga/vga.vhd:272]
INFO: [Synth 8-6157] synthesizing module 'fontPROM' [C:/Users/qubeck/Documents/Development/ProjektyVHDL/WukongBoard/tangerineA7_100/tangerineA7_100.runs/synth_2/.Xil/Vivado-285920-DESKTOP-T3E75FC/realtime/fontPROM_stub.v:6]
INFO: [Synth 8-6155] done synthesizing module 'fontPROM' (0#1) [C:/Users/qubeck/Documents/Development/ProjektyVHDL/WukongBoard/tangerineA7_100/tangerineA7_100.runs/synth_2/.Xil/Vivado-285920-DESKTOP-T3E75FC/realtime/fontPROM_stub.v:6]
INFO: [Synth 8-3491] module 'pixelGenTxt' declared at 'C:/Users/qubeck/Documents/Development/ProjektyVHDL/WukongBoard/tangerineA7_100/tangerineA7_100.srcs/sources_1/new/vga/pixelGenTxt.vhd:13' bound to instance 'pixelGenInst' of component 'pixelGenTxt' [C:/Users/qubeck/Documents/Development/ProjektyVHDL/WukongBoard/tangerineA7_100/tangerineA7_100.srcs/sources_1/new/vga/vga.vhd:288]
INFO: [Synth 8-638] synthesizing module 'pixelGenTxt' [C:/Users/qubeck/Documents/Development/ProjektyVHDL/WukongBoard/tangerineA7_100/tangerineA7_100.srcs/sources_1/new/vga/pixelGenTxt.vhd:70]
INFO: [Synth 8-226] default block is never used [C:/Users/qubeck/Documents/Development/ProjektyVHDL/WukongBoard/tangerineA7_100/tangerineA7_100.srcs/sources_1/new/vga/pixelGenTxt.vhd:141]
INFO: [Synth 8-226] default block is never used [C:/Users/qubeck/Documents/Development/ProjektyVHDL/WukongBoard/tangerineA7_100/tangerineA7_100.srcs/sources_1/new/vga/pixelGenTxt.vhd:196]
INFO: [Synth 8-256] done synthesizing module 'pixelGenTxt' (0#1) [C:/Users/qubeck/Documents/Development/ProjektyVHDL/WukongBoard/tangerineA7_100/tangerineA7_100.srcs/sources_1/new/vga/pixelGenTxt.vhd:70]
INFO: [Synth 8-3491] module 'pixelGenGfx' declared at 'C:/Users/qubeck/Documents/Development/ProjektyVHDL/WukongBoard/tangerineA7_100/tangerineA7_100.srcs/sources_1/new/vga/pixelGenGfx.vhd:6' bound to instance 'pixelGenGfxInst' of component 'pixelGenGfx' [C:/Users/qubeck/Documents/Development/ProjektyVHDL/WukongBoard/tangerineA7_100/tangerineA7_100.srcs/sources_1/new/vga/vga.vhd:352]
INFO: [Synth 8-638] synthesizing module 'pixelGenGfx' [C:/Users/qubeck/Documents/Development/ProjektyVHDL/WukongBoard/tangerineA7_100/tangerineA7_100.srcs/sources_1/new/vga/pixelGenGfx.vhd:50]
INFO: [Synth 8-256] done synthesizing module 'pixelGenGfx' (0#1) [C:/Users/qubeck/Documents/Development/ProjektyVHDL/WukongBoard/tangerineA7_100/tangerineA7_100.srcs/sources_1/new/vga/pixelGenGfx.vhd:50]
INFO: [Synth 8-3491] module 'videoMux' declared at 'C:/Users/qubeck/Documents/Development/ProjektyVHDL/WukongBoard/tangerineA7_100/tangerineA7_100.srcs/sources_1/new/vga/videoMux.vhd:8' bound to instance 'videoMuxInst' of component 'videoMux' [C:/Users/qubeck/Documents/Development/ProjektyVHDL/WukongBoard/tangerineA7_100/tangerineA7_100.srcs/sources_1/new/vga/vga.vhd:397]
INFO: [Synth 8-638] synthesizing module 'videoMux' [C:/Users/qubeck/Documents/Development/ProjektyVHDL/WukongBoard/tangerineA7_100/tangerineA7_100.srcs/sources_1/new/vga/videoMux.vhd:48]
INFO: [Synth 8-256] done synthesizing module 'videoMux' (0#1) [C:/Users/qubeck/Documents/Development/ProjektyVHDL/WukongBoard/tangerineA7_100/tangerineA7_100.srcs/sources_1/new/vga/videoMux.vhd:48]
INFO: [Synth 8-226] default block is never used [C:/Users/qubeck/Documents/Development/ProjektyVHDL/WukongBoard/tangerineA7_100/tangerineA7_100.srcs/sources_1/new/vga/vga.vhd:451]
INFO: [Synth 8-256] done synthesizing module 'vga' (0#1) [C:/Users/qubeck/Documents/Development/ProjektyVHDL/WukongBoard/tangerineA7_100/tangerineA7_100.srcs/sources_1/new/vga/vga.vhd:51]
INFO: [Synth 8-3491] module 'nekoRv' declared at 'C:/Users/qubeck/Documents/Development/ProjektyVHDL/WukongBoard/tangerineA7_100/tangerineA7_100.srcs/sources_1/new/nekoRv/nekoRv.vhd:22' bound to instance 'nekoRvInst' of component 'nekoRv' [C:/Users/qubeck/Documents/Development/ProjektyVHDL/WukongBoard/tangerineA7_100/tangerineA7_100.srcs/sources_1/new/tangerineSOC.vhd:986]
INFO: [Synth 8-638] synthesizing module 'nekoRv' [C:/Users/qubeck/Documents/Development/ProjektyVHDL/WukongBoard/tangerineA7_100/tangerineA7_100.srcs/sources_1/new/nekoRv/nekoRv.vhd:50]
INFO: [Synth 8-226] default block is never used [C:/Users/qubeck/Documents/Development/ProjektyVHDL/WukongBoard/tangerineA7_100/tangerineA7_100.srcs/sources_1/new/nekoRv/nekoRv.vhd:509]
INFO: [Synth 8-226] default block is never used [C:/Users/qubeck/Documents/Development/ProjektyVHDL/WukongBoard/tangerineA7_100/tangerineA7_100.srcs/sources_1/new/nekoRv/nekoRv.vhd:693]
INFO: [Synth 8-226] default block is never used [C:/Users/qubeck/Documents/Development/ProjektyVHDL/WukongBoard/tangerineA7_100/tangerineA7_100.srcs/sources_1/new/nekoRv/nekoRv.vhd:982]
INFO: [Synth 8-226] default block is never used [C:/Users/qubeck/Documents/Development/ProjektyVHDL/WukongBoard/tangerineA7_100/tangerineA7_100.srcs/sources_1/new/nekoRv/nekoRv.vhd:1439]
INFO: [Synth 8-226] default block is never used [C:/Users/qubeck/Documents/Development/ProjektyVHDL/WukongBoard/tangerineA7_100/tangerineA7_100.srcs/sources_1/new/nekoRv/nekoRv.vhd:1502]
INFO: [Synth 8-226] default block is never used [C:/Users/qubeck/Documents/Development/ProjektyVHDL/WukongBoard/tangerineA7_100/tangerineA7_100.srcs/sources_1/new/nekoRv/nekoRv.vhd:1575]
INFO: [Synth 8-256] done synthesizing module 'nekoRv' (0#1) [C:/Users/qubeck/Documents/Development/ProjektyVHDL/WukongBoard/tangerineA7_100/tangerineA7_100.srcs/sources_1/new/nekoRv/nekoRv.vhd:50]
INFO: [Synth 8-3491] module 'axiDMA' declared at 'C:/Users/qubeck/Documents/Development/ProjektyVHDL/WukongBoard/tangerineA7_100/tangerineA7_100.srcs/sources_1/new/axiDMA.vhd:8' bound to instance 'axiDMAInst' of component 'axiDMA' [C:/Users/qubeck/Documents/Development/ProjektyVHDL/WukongBoard/tangerineA7_100/tangerineA7_100.srcs/sources_1/new/tangerineSOC.vhd:1043]
INFO: [Synth 8-638] synthesizing module 'axiDMA' [C:/Users/qubeck/Documents/Development/ProjektyVHDL/WukongBoard/tangerineA7_100/tangerineA7_100.srcs/sources_1/new/axiDMA.vhd:113]
INFO: [Synth 8-3491] module 'dmaCh1BufRam' declared at 'C:/Users/qubeck/Documents/Development/ProjektyVHDL/WukongBoard/tangerineA7_100/tangerineA7_100.runs/synth_2/.Xil/Vivado-285920-DESKTOP-T3E75FC/realtime/dmaCh1BufRam_stub.v:6' bound to instance 'dmaCh1BufRamInst' of component 'dmaCh1BufRam' [C:/Users/qubeck/Documents/Development/ProjektyVHDL/WukongBoard/tangerineA7_100/tangerineA7_100.srcs/sources_1/new/axiDMA.vhd:344]
INFO: [Synth 8-6157] synthesizing module 'dmaCh1BufRam' [C:/Users/qubeck/Documents/Development/ProjektyVHDL/WukongBoard/tangerineA7_100/tangerineA7_100.runs/synth_2/.Xil/Vivado-285920-DESKTOP-T3E75FC/realtime/dmaCh1BufRam_stub.v:6]
INFO: [Synth 8-6155] done synthesizing module 'dmaCh1BufRam' (0#1) [C:/Users/qubeck/Documents/Development/ProjektyVHDL/WukongBoard/tangerineA7_100/tangerineA7_100.runs/synth_2/.Xil/Vivado-285920-DESKTOP-T3E75FC/realtime/dmaCh1BufRam_stub.v:6]
INFO: [Synth 8-3491] module 'cacheDataRam' declared at 'C:/Users/qubeck/Documents/Development/ProjektyVHDL/WukongBoard/tangerineA7_100/tangerineA7_100.runs/synth_2/.Xil/Vivado-285920-DESKTOP-T3E75FC/realtime/cacheDataRam_stub.v:6' bound to instance 'cacheDataRamW0Inst' of component 'cacheDataRam' [C:/Users/qubeck/Documents/Development/ProjektyVHDL/WukongBoard/tangerineA7_100/tangerineA7_100.srcs/sources_1/new/axiDMA.vhd:373]
INFO: [Synth 8-6157] synthesizing module 'cacheDataRam' [C:/Users/qubeck/Documents/Development/ProjektyVHDL/WukongBoard/tangerineA7_100/tangerineA7_100.runs/synth_2/.Xil/Vivado-285920-DESKTOP-T3E75FC/realtime/cacheDataRam_stub.v:6]
INFO: [Synth 8-6155] done synthesizing module 'cacheDataRam' (0#1) [C:/Users/qubeck/Documents/Development/ProjektyVHDL/WukongBoard/tangerineA7_100/tangerineA7_100.runs/synth_2/.Xil/Vivado-285920-DESKTOP-T3E75FC/realtime/cacheDataRam_stub.v:6]
INFO: [Synth 8-3491] module 'cacheDataRam' declared at 'C:/Users/qubeck/Documents/Development/ProjektyVHDL/WukongBoard/tangerineA7_100/tangerineA7_100.runs/synth_2/.Xil/Vivado-285920-DESKTOP-T3E75FC/realtime/cacheDataRam_stub.v:6' bound to instance 'cacheDataRamW1Inst' of component 'cacheDataRam' [C:/Users/qubeck/Documents/Development/ProjektyVHDL/WukongBoard/tangerineA7_100/tangerineA7_100.srcs/sources_1/new/axiDMA.vhd:392]
INFO: [Synth 8-3491] module 'cacheDataRam' declared at 'C:/Users/qubeck/Documents/Development/ProjektyVHDL/WukongBoard/tangerineA7_100/tangerineA7_100.runs/synth_2/.Xil/Vivado-285920-DESKTOP-T3E75FC/realtime/cacheDataRam_stub.v:6' bound to instance 'cacheDataRamW2Inst' of component 'cacheDataRam' [C:/Users/qubeck/Documents/Development/ProjektyVHDL/WukongBoard/tangerineA7_100/tangerineA7_100.srcs/sources_1/new/axiDMA.vhd:411]
INFO: [Synth 8-3491] module 'cacheDataRam' declared at 'C:/Users/qubeck/Documents/Development/ProjektyVHDL/WukongBoard/tangerineA7_100/tangerineA7_100.runs/synth_2/.Xil/Vivado-285920-DESKTOP-T3E75FC/realtime/cacheDataRam_stub.v:6' bound to instance 'cacheDataRamW3Inst' of component 'cacheDataRam' [C:/Users/qubeck/Documents/Development/ProjektyVHDL/WukongBoard/tangerineA7_100/tangerineA7_100.srcs/sources_1/new/axiDMA.vhd:430]
INFO: [Synth 8-3491] module 'cacheTagRam' declared at 'C:/Users/qubeck/Documents/Development/ProjektyVHDL/WukongBoard/tangerineA7_100/tangerineA7_100.runs/synth_2/.Xil/Vivado-285920-DESKTOP-T3E75FC/realtime/cacheTagRam_stub.v:6' bound to instance 'cacheTagRamW0Inst' of component 'cacheTagRam' [C:/Users/qubeck/Documents/Development/ProjektyVHDL/WukongBoard/tangerineA7_100/tangerineA7_100.srcs/sources_1/new/axiDMA.vhd:463]
INFO: [Synth 8-6157] synthesizing module 'cacheTagRam' [C:/Users/qubeck/Documents/Development/ProjektyVHDL/WukongBoard/tangerineA7_100/tangerineA7_100.runs/synth_2/.Xil/Vivado-285920-DESKTOP-T3E75FC/realtime/cacheTagRam_stub.v:6]
INFO: [Synth 8-6155] done synthesizing module 'cacheTagRam' (0#1) [C:/Users/qubeck/Documents/Development/ProjektyVHDL/WukongBoard/tangerineA7_100/tangerineA7_100.runs/synth_2/.Xil/Vivado-285920-DESKTOP-T3E75FC/realtime/cacheTagRam_stub.v:6]
INFO: [Synth 8-3491] module 'cacheTagRam' declared at 'C:/Users/qubeck/Documents/Development/ProjektyVHDL/WukongBoard/tangerineA7_100/tangerineA7_100.runs/synth_2/.Xil/Vivado-285920-DESKTOP-T3E75FC/realtime/cacheTagRam_stub.v:6' bound to instance 'cacheTagRamW1Inst' of component 'cacheTagRam' [C:/Users/qubeck/Documents/Development/ProjektyVHDL/WukongBoard/tangerineA7_100/tangerineA7_100.srcs/sources_1/new/axiDMA.vhd:473]
INFO: [Synth 8-3491] module 'cacheTagRam' declared at 'C:/Users/qubeck/Documents/Development/ProjektyVHDL/WukongBoard/tangerineA7_100/tangerineA7_100.runs/synth_2/.Xil/Vivado-285920-DESKTOP-T3E75FC/realtime/cacheTagRam_stub.v:6' bound to instance 'cacheTagRamW2Inst' of component 'cacheTagRam' [C:/Users/qubeck/Documents/Development/ProjektyVHDL/WukongBoard/tangerineA7_100/tangerineA7_100.srcs/sources_1/new/axiDMA.vhd:483]
INFO: [Synth 8-3491] module 'cacheTagRam' declared at 'C:/Users/qubeck/Documents/Development/ProjektyVHDL/WukongBoard/tangerineA7_100/tangerineA7_100.runs/synth_2/.Xil/Vivado-285920-DESKTOP-T3E75FC/realtime/cacheTagRam_stub.v:6' bound to instance 'cacheTagRamW3Inst' of component 'cacheTagRam' [C:/Users/qubeck/Documents/Development/ProjektyVHDL/WukongBoard/tangerineA7_100/tangerineA7_100.srcs/sources_1/new/axiDMA.vhd:493]
INFO: [Synth 8-226] default block is never used [C:/Users/qubeck/Documents/Development/ProjektyVHDL/WukongBoard/tangerineA7_100/tangerineA7_100.srcs/sources_1/new/axiDMA.vhd:2306]
INFO: [Synth 8-256] done synthesizing module 'axiDMA' (0#1) [C:/Users/qubeck/Documents/Development/ProjektyVHDL/WukongBoard/tangerineA7_100/tangerineA7_100.srcs/sources_1/new/axiDMA.vhd:113]
INFO: [Synth 8-3491] module 'blitter' declared at 'C:/Users/qubeck/Documents/Development/ProjektyVHDL/WukongBoard/tangerineA7_100/tangerineA7_100.srcs/sources_1/new/blitter/blitter.vhd:29' bound to instance 'blitterInst' of component 'blitter' [C:/Users/qubeck/Documents/Development/ProjektyVHDL/WukongBoard/tangerineA7_100/tangerineA7_100.srcs/sources_1/new/tangerineSOC.vhd:1145]
INFO: [Synth 8-638] synthesizing module 'blitter' [C:/Users/qubeck/Documents/Development/ProjektyVHDL/WukongBoard/tangerineA7_100/tangerineA7_100.srcs/sources_1/new/blitter/blitter.vhd:60]
INFO: [Synth 8-226] default block is never used [C:/Users/qubeck/Documents/Development/ProjektyVHDL/WukongBoard/tangerineA7_100/tangerineA7_100.srcs/sources_1/new/blitter/blitter.vhd:495]
INFO: [Synth 8-3491] module 'pixelAlpha' declared at 'C:/Users/qubeck/Documents/Development/ProjektyVHDL/WukongBoard/tangerineA7_100/tangerineA7_100.srcs/sources_1/new/blitter/pixelAlpha.vhd:6' bound to instance 'pixelAlphaInst' of component 'pixelAlpha' [C:/Users/qubeck/Documents/Development/ProjektyVHDL/WukongBoard/tangerineA7_100/tangerineA7_100.srcs/sources_1/new/blitter/blitter.vhd:1957]
INFO: [Synth 8-638] synthesizing module 'pixelAlpha' [C:/Users/qubeck/Documents/Development/ProjektyVHDL/WukongBoard/tangerineA7_100/tangerineA7_100.srcs/sources_1/new/blitter/pixelAlpha.vhd:21]
INFO: [Synth 8-256] done synthesizing module 'pixelAlpha' (0#1) [C:/Users/qubeck/Documents/Development/ProjektyVHDL/WukongBoard/tangerineA7_100/tangerineA7_100.srcs/sources_1/new/blitter/pixelAlpha.vhd:21]
INFO: [Synth 8-3491] module 'boundingBox' declared at 'C:/Users/qubeck/Documents/Development/ProjektyVHDL/WukongBoard/tangerineA7_100/tangerineA7_100.srcs/sources_1/new/blitter/boundingBox.vhd:31' bound to instance 'boundingBoxInst' of component 'boundingBox' [C:/Users/qubeck/Documents/Development/ProjektyVHDL/WukongBoard/tangerineA7_100/tangerineA7_100.srcs/sources_1/new/blitter/blitter.vhd:1971]
INFO: [Synth 8-638] synthesizing module 'boundingBox' [C:/Users/qubeck/Documents/Development/ProjektyVHDL/WukongBoard/tangerineA7_100/tangerineA7_100.srcs/sources_1/new/blitter/boundingBox.vhd:61]
INFO: [Synth 8-256] done synthesizing module 'boundingBox' (0#1) [C:/Users/qubeck/Documents/Development/ProjektyVHDL/WukongBoard/tangerineA7_100/tangerineA7_100.srcs/sources_1/new/blitter/boundingBox.vhd:61]
INFO: [Synth 8-3491] module 'gouraudEdge' declared at 'C:/Users/qubeck/Documents/Development/ProjektyVHDL/WukongBoard/tangerineA7_100/tangerineA7_100.srcs/sources_1/new/blitter/gouraudEdge.vhd:6' bound to instance 'gouraudEdgeAreaInst' of component 'gouraudEdge' [C:/Users/qubeck/Documents/Development/ProjektyVHDL/WukongBoard/tangerineA7_100/tangerineA7_100.srcs/sources_1/new/blitter/blitter.vhd:2005]
INFO: [Synth 8-638] synthesizing module 'gouraudEdge' [C:/Users/qubeck/Documents/Development/ProjektyVHDL/WukongBoard/tangerineA7_100/tangerineA7_100.srcs/sources_1/new/blitter/gouraudEdge.vhd:26]
INFO: [Synth 8-256] done synthesizing module 'gouraudEdge' (0#1) [C:/Users/qubeck/Documents/Development/ProjektyVHDL/WukongBoard/tangerineA7_100/tangerineA7_100.srcs/sources_1/new/blitter/gouraudEdge.vhd:26]
INFO: [Synth 8-3491] module 'gouraudEdge' declared at 'C:/Users/qubeck/Documents/Development/ProjektyVHDL/WukongBoard/tangerineA7_100/tangerineA7_100.srcs/sources_1/new/blitter/gouraudEdge.vhd:6' bound to instance 'gouraudEBAInst' of component 'gouraudEdge' [C:/Users/qubeck/Documents/Development/ProjektyVHDL/WukongBoard/tangerineA7_100/tangerineA7_100.srcs/sources_1/new/blitter/blitter.vhd:2023]
INFO: [Synth 8-3491] module 'gouraudEdge' declared at 'C:/Users/qubeck/Documents/Development/ProjektyVHDL/WukongBoard/tangerineA7_100/tangerineA7_100.srcs/sources_1/new/blitter/gouraudEdge.vhd:6' bound to instance 'gouraudECBInst' of component 'gouraudEdge' [C:/Users/qubeck/Documents/Development/ProjektyVHDL/WukongBoard/tangerineA7_100/tangerineA7_100.srcs/sources_1/new/blitter/blitter.vhd:2041]
INFO: [Synth 8-3491] module 'gouraudEdge' declared at 'C:/Users/qubeck/Documents/Development/ProjektyVHDL/WukongBoard/tangerineA7_100/tangerineA7_100.srcs/sources_1/new/blitter/gouraudEdge.vhd:6' bound to instance 'gouraudEACInst' of component 'gouraudEdge' [C:/Users/qubeck/Documents/Development/ProjektyVHDL/WukongBoard/tangerineA7_100/tangerineA7_100.srcs/sources_1/new/blitter/blitter.vhd:2059]
INFO: [Synth 8-3491] module 'triangleAreaDivisor' declared at 'C:/Users/qubeck/Documents/Development/ProjektyVHDL/WukongBoard/tangerineA7_100/tangerineA7_100.srcs/sources_1/new/blitter/triangleAreaDivisor.vhd:31' bound to instance 'triangleAreaDivisorInst' of component 'triangleAreaDivisor' [C:/Users/qubeck/Documents/Development/ProjektyVHDL/WukongBoard/tangerineA7_100/tangerineA7_100.srcs/sources_1/new/blitter/blitter.vhd:2078]
INFO: [Synth 8-638] synthesizing module 'triangleAreaDivisor' [C:/Users/qubeck/Documents/Development/ProjektyVHDL/WukongBoard/tangerineA7_100/tangerineA7_100.srcs/sources_1/new/blitter/triangleAreaDivisor.vhd:46]
INFO: [Synth 8-226] default block is never used [C:/Users/qubeck/Documents/Development/ProjektyVHDL/WukongBoard/tangerineA7_100/tangerineA7_100.srcs/sources_1/new/blitter/triangleAreaDivisor.vhd:91]
INFO: [Synth 8-256] done synthesizing module 'triangleAreaDivisor' (0#1) [C:/Users/qubeck/Documents/Development/ProjektyVHDL/WukongBoard/tangerineA7_100/tangerineA7_100.srcs/sources_1/new/blitter/triangleAreaDivisor.vhd:46]
INFO: [Synth 8-3491] module 'gouraudWeight' declared at 'C:/Users/qubeck/Documents/Development/ProjektyVHDL/WukongBoard/tangerineA7_100/tangerineA7_100.srcs/sources_1/new/blitter/gouraudWeight.vhd:8' bound to instance 'gouraudWeightBAInst' of component 'gouraudWeight' [C:/Users/qubeck/Documents/Development/ProjektyVHDL/WukongBoard/tangerineA7_100/tangerineA7_100.srcs/sources_1/new/blitter/blitter.vhd:2093]
INFO: [Synth 8-638] synthesizing module 'gouraudWeight' [C:/Users/qubeck/Documents/Development/ProjektyVHDL/WukongBoard/tangerineA7_100/tangerineA7_100.srcs/sources_1/new/blitter/gouraudWeight.vhd:24]
INFO: [Synth 8-256] done synthesizing module 'gouraudWeight' (0#1) [C:/Users/qubeck/Documents/Development/ProjektyVHDL/WukongBoard/tangerineA7_100/tangerineA7_100.srcs/sources_1/new/blitter/gouraudWeight.vhd:24]
INFO: [Synth 8-3491] module 'gouraudWeight' declared at 'C:/Users/qubeck/Documents/Development/ProjektyVHDL/WukongBoard/tangerineA7_100/tangerineA7_100.srcs/sources_1/new/blitter/gouraudWeight.vhd:8' bound to instance 'gouraudWeightCBInst' of component 'gouraudWeight' [C:/Users/qubeck/Documents/Development/ProjektyVHDL/WukongBoard/tangerineA7_100/tangerineA7_100.srcs/sources_1/new/blitter/blitter.vhd:2105]
INFO: [Synth 8-3491] module 'gouraudWeight' declared at 'C:/Users/qubeck/Documents/Development/ProjektyVHDL/WukongBoard/tangerineA7_100/tangerineA7_100.srcs/sources_1/new/blitter/gouraudWeight.vhd:8' bound to instance 'gouraudWeightACInst' of component 'gouraudWeight' [C:/Users/qubeck/Documents/Development/ProjektyVHDL/WukongBoard/tangerineA7_100/tangerineA7_100.srcs/sources_1/new/blitter/blitter.vhd:2117]
INFO: [Synth 8-3491] module 'gouraudIterator' declared at 'C:/Users/qubeck/Documents/Development/ProjektyVHDL/WukongBoard/tangerineA7_100/tangerineA7_100.srcs/sources_1/new/blitter/gouraudIterator.vhd:6' bound to instance 'gouraudIterator0Inst' of component 'gouraudIterator' [C:/Users/qubeck/Documents/Development/ProjektyVHDL/WukongBoard/tangerineA7_100/tangerineA7_100.srcs/sources_1/new/blitter/blitter.vhd:2131]
INFO: [Synth 8-638] synthesizing module 'gouraudIterator' [C:/Users/qubeck/Documents/Development/ProjektyVHDL/WukongBoard/tangerineA7_100/tangerineA7_100.srcs/sources_1/new/blitter/gouraudIterator.vhd:26]
INFO: [Synth 8-256] done synthesizing module 'gouraudIterator' (0#1) [C:/Users/qubeck/Documents/Development/ProjektyVHDL/WukongBoard/tangerineA7_100/tangerineA7_100.srcs/sources_1/new/blitter/gouraudIterator.vhd:26]
INFO: [Synth 8-3491] module 'gouraudIterator' declared at 'C:/Users/qubeck/Documents/Development/ProjektyVHDL/WukongBoard/tangerineA7_100/tangerineA7_100.srcs/sources_1/new/blitter/gouraudIterator.vhd:6' bound to instance 'gouraudIterator1Inst' of component 'gouraudIterator' [C:/Users/qubeck/Documents/Development/ProjektyVHDL/WukongBoard/tangerineA7_100/tangerineA7_100.srcs/sources_1/new/blitter/blitter.vhd:2148]
INFO: [Synth 8-3491] module 'gouraudIterator' declared at 'C:/Users/qubeck/Documents/Development/ProjektyVHDL/WukongBoard/tangerineA7_100/tangerineA7_100.srcs/sources_1/new/blitter/gouraudIterator.vhd:6' bound to instance 'gouraudIterator2Inst' of component 'gouraudIterator' [C:/Users/qubeck/Documents/Development/ProjektyVHDL/WukongBoard/tangerineA7_100/tangerineA7_100.srcs/sources_1/new/blitter/blitter.vhd:2165]
INFO: [Synth 8-3491] module 'gouraudIterator16' declared at 'C:/Users/qubeck/Documents/Development/ProjektyVHDL/WukongBoard/tangerineA7_100/tangerineA7_100.srcs/sources_1/new/blitter/gouraudIterator16.vhd:6' bound to instance 'gouraudIterator3Inst' of component 'gouraudIterator16' [C:/Users/qubeck/Documents/Development/ProjektyVHDL/WukongBoard/tangerineA7_100/tangerineA7_100.srcs/sources_1/new/blitter/blitter.vhd:2182]
INFO: [Synth 8-638] synthesizing module 'gouraudIterator16' [C:/Users/qubeck/Documents/Development/ProjektyVHDL/WukongBoard/tangerineA7_100/tangerineA7_100.srcs/sources_1/new/blitter/gouraudIterator16.vhd:25]
INFO: [Synth 8-256] done synthesizing module 'gouraudIterator16' (0#1) [C:/Users/qubeck/Documents/Development/ProjektyVHDL/WukongBoard/tangerineA7_100/tangerineA7_100.srcs/sources_1/new/blitter/gouraudIterator16.vhd:25]
INFO: [Synth 8-3491] module 'textureShader' declared at 'C:/Users/qubeck/Documents/Development/ProjektyVHDL/WukongBoard/tangerineA7_100/tangerineA7_100.srcs/sources_1/new/blitter/textureShader.vhd:6' bound to instance 'textureShaderInst' of component 'textureShader' [C:/Users/qubeck/Documents/Development/ProjektyVHDL/WukongBoard/tangerineA7_100/tangerineA7_100.srcs/sources_1/new/blitter/blitter.vhd:2200]
INFO: [Synth 8-638] synthesizing module 'textureShader' [C:/Users/qubeck/Documents/Development/ProjektyVHDL/WukongBoard/tangerineA7_100/tangerineA7_100.srcs/sources_1/new/blitter/textureShader.vhd:20]
INFO: [Synth 8-256] done synthesizing module 'textureShader' (0#1) [C:/Users/qubeck/Documents/Development/ProjektyVHDL/WukongBoard/tangerineA7_100/tangerineA7_100.srcs/sources_1/new/blitter/textureShader.vhd:20]
INFO: [Synth 8-256] done synthesizing module 'blitter' (0#1) [C:/Users/qubeck/Documents/Development/ProjektyVHDL/WukongBoard/tangerineA7_100/tangerineA7_100.srcs/sources_1/new/blitter/blitter.vhd:60]
INFO: [Synth 8-3491] module 'rootRegisters' declared at 'C:/Users/qubeck/Documents/Development/ProjektyVHDL/WukongBoard/tangerineA7_100/tangerineA7_100.srcs/sources_1/new/rootRegisters.vhd:10' bound to instance 'rootRegistersInst' of component 'rootRegisters' [C:/Users/qubeck/Documents/Development/ProjektyVHDL/WukongBoard/tangerineA7_100/tangerineA7_100.srcs/sources_1/new/tangerineSOC.vhd:1178]
INFO: [Synth 8-638] synthesizing module 'rootRegisters' [C:/Users/qubeck/Documents/Development/ProjektyVHDL/WukongBoard/tangerineA7_100/tangerineA7_100.srcs/sources_1/new/rootRegisters.vhd:46]
INFO: [Synth 8-226] default block is never used [C:/Users/qubeck/Documents/Development/ProjektyVHDL/WukongBoard/tangerineA7_100/tangerineA7_100.srcs/sources_1/new/rootRegisters.vhd:115]
INFO: [Synth 8-256] done synthesizing module 'rootRegisters' (0#1) [C:/Users/qubeck/Documents/Development/ProjektyVHDL/WukongBoard/tangerineA7_100/tangerineA7_100.srcs/sources_1/new/rootRegisters.vhd:46]
INFO: [Synth 8-3491] module 'UART' declared at 'C:/Users/qubeck/Documents/Development/ProjektyVHDL/WukongBoard/tangerineA7_100/tangerineA7_100.srcs/sources_1/new/uart/uart.vhd:7' bound to instance 'UARTInst' of component 'UART' [C:/Users/qubeck/Documents/Development/ProjektyVHDL/WukongBoard/tangerineA7_100/tangerineA7_100.srcs/sources_1/new/tangerineSOC.vhd:1207]
INFO: [Synth 8-638] synthesizing module 'UART' [C:/Users/qubeck/Documents/Development/ProjektyVHDL/WukongBoard/tangerineA7_100/tangerineA7_100.srcs/sources_1/new/uart/uart.vhd:41]
INFO: [Synth 8-226] default block is never used [C:/Users/qubeck/Documents/Development/ProjektyVHDL/WukongBoard/tangerineA7_100/tangerineA7_100.srcs/sources_1/new/uart/uart.vhd:142]
	Parameter inputWidth bound to: 1 - type: integer 
INFO: [Synth 8-3491] module 'inputSync' declared at 'C:/Users/qubeck/Documents/Development/ProjektyVHDL/WukongBoard/tangerineA7_100/tangerineA7_100.srcs/sources_1/new/common/InputSync.vhd:7' bound to instance 'rxdSyncInst' of component 'inputSync' [C:/Users/qubeck/Documents/Development/ProjektyVHDL/WukongBoard/tangerineA7_100/tangerineA7_100.srcs/sources_1/new/uart/uart.vhd:226]
INFO: [Synth 8-3491] module 'uartFiFo' declared at 'C:/Users/qubeck/Documents/Development/ProjektyVHDL/WukongBoard/tangerineA7_100/tangerineA7_100.runs/synth_2/.Xil/Vivado-285920-DESKTOP-T3E75FC/realtime/uartFiFo_stub.v:6' bound to instance 'rxFiFoInst' of component 'uartFiFo' [C:/Users/qubeck/Documents/Development/ProjektyVHDL/WukongBoard/tangerineA7_100/tangerineA7_100.srcs/sources_1/new/uart/uart.vhd:243]
INFO: [Synth 8-6157] synthesizing module 'uartFiFo' [C:/Users/qubeck/Documents/Development/ProjektyVHDL/WukongBoard/tangerineA7_100/tangerineA7_100.runs/synth_2/.Xil/Vivado-285920-DESKTOP-T3E75FC/realtime/uartFiFo_stub.v:6]
INFO: [Synth 8-6155] done synthesizing module 'uartFiFo' (0#1) [C:/Users/qubeck/Documents/Development/ProjektyVHDL/WukongBoard/tangerineA7_100/tangerineA7_100.runs/synth_2/.Xil/Vivado-285920-DESKTOP-T3E75FC/realtime/uartFiFo_stub.v:6]
INFO: [Synth 8-256] done synthesizing module 'UART' (0#1) [C:/Users/qubeck/Documents/Development/ProjektyVHDL/WukongBoard/tangerineA7_100/tangerineA7_100.srcs/sources_1/new/uart/uart.vhd:41]
INFO: [Synth 8-3491] module 'ps2Host' declared at 'C:/Users/qubeck/Documents/Development/ProjektyVHDL/WukongBoard/tangerineA7_100/tangerineA7_100.srcs/sources_1/new/ps2/ps2Host.vhd:14' bound to instance 'ps2HostInst' of component 'ps2Host' [C:/Users/qubeck/Documents/Development/ProjektyVHDL/WukongBoard/tangerineA7_100/tangerineA7_100.srcs/sources_1/new/tangerineSOC.vhd:1225]
INFO: [Synth 8-638] synthesizing module 'ps2Host' [C:/Users/qubeck/Documents/Development/ProjektyVHDL/WukongBoard/tangerineA7_100/tangerineA7_100.srcs/sources_1/new/ps2/ps2Host.vhd:41]
INFO: [Synth 8-3491] module 'ps2PortController' declared at 'C:/Users/qubeck/Documents/Development/ProjektyVHDL/WukongBoard/tangerineA7_100/tangerineA7_100.srcs/sources_1/new/ps2/ps2PortController.vhd:9' bound to instance 'ps2aControllerInst' of component 'ps2PortController' [C:/Users/qubeck/Documents/Development/ProjektyVHDL/WukongBoard/tangerineA7_100/tangerineA7_100.srcs/sources_1/new/ps2/ps2Host.vhd:130]
INFO: [Synth 8-638] synthesizing module 'ps2PortController' [C:/Users/qubeck/Documents/Development/ProjektyVHDL/WukongBoard/tangerineA7_100/tangerineA7_100.srcs/sources_1/new/ps2/ps2PortController.vhd:32]
	Parameter inputWidth bound to: 2 - type: integer 
INFO: [Synth 8-3491] module 'inputSync' declared at 'C:/Users/qubeck/Documents/Development/ProjektyVHDL/WukongBoard/tangerineA7_100/tangerineA7_100.srcs/sources_1/new/common/InputSync.vhd:7' bound to instance 'inputSyncPs2AInst' of component 'inputSync' [C:/Users/qubeck/Documents/Development/ProjektyVHDL/WukongBoard/tangerineA7_100/tangerineA7_100.srcs/sources_1/new/ps2/ps2PortController.vhd:86]
INFO: [Synth 8-256] done synthesizing module 'ps2PortController' (0#1) [C:/Users/qubeck/Documents/Development/ProjektyVHDL/WukongBoard/tangerineA7_100/tangerineA7_100.srcs/sources_1/new/ps2/ps2PortController.vhd:32]
INFO: [Synth 8-3491] module 'ps2PortController' declared at 'C:/Users/qubeck/Documents/Development/ProjektyVHDL/WukongBoard/tangerineA7_100/tangerineA7_100.srcs/sources_1/new/ps2/ps2PortController.vhd:9' bound to instance 'ps2bControllerInst' of component 'ps2PortController' [C:/Users/qubeck/Documents/Development/ProjektyVHDL/WukongBoard/tangerineA7_100/tangerineA7_100.srcs/sources_1/new/ps2/ps2Host.vhd:153]
INFO: [Synth 8-3491] module 'ps2ControllerFifo' declared at 'C:/Users/qubeck/Documents/Development/ProjektyVHDL/WukongBoard/tangerineA7_100/tangerineA7_100.runs/synth_2/.Xil/Vivado-285920-DESKTOP-T3E75FC/realtime/ps2ControllerFifo_stub.v:6' bound to instance 'ps2aFifoInst' of component 'ps2ControllerFifo' [C:/Users/qubeck/Documents/Development/ProjektyVHDL/WukongBoard/tangerineA7_100/tangerineA7_100.srcs/sources_1/new/ps2/ps2Host.vhd:176]
INFO: [Synth 8-6157] synthesizing module 'ps2ControllerFifo' [C:/Users/qubeck/Documents/Development/ProjektyVHDL/WukongBoard/tangerineA7_100/tangerineA7_100.runs/synth_2/.Xil/Vivado-285920-DESKTOP-T3E75FC/realtime/ps2ControllerFifo_stub.v:6]
INFO: [Synth 8-6155] done synthesizing module 'ps2ControllerFifo' (0#1) [C:/Users/qubeck/Documents/Development/ProjektyVHDL/WukongBoard/tangerineA7_100/tangerineA7_100.runs/synth_2/.Xil/Vivado-285920-DESKTOP-T3E75FC/realtime/ps2ControllerFifo_stub.v:6]
INFO: [Synth 8-3491] module 'ps2ControllerFifo' declared at 'C:/Users/qubeck/Documents/Development/ProjektyVHDL/WukongBoard/tangerineA7_100/tangerineA7_100.runs/synth_2/.Xil/Vivado-285920-DESKTOP-T3E75FC/realtime/ps2ControllerFifo_stub.v:6' bound to instance 'ps2bFifoInst' of component 'ps2ControllerFifo' [C:/Users/qubeck/Documents/Development/ProjektyVHDL/WukongBoard/tangerineA7_100/tangerineA7_100.srcs/sources_1/new/ps2/ps2Host.vhd:189]
INFO: [Synth 8-226] default block is never used [C:/Users/qubeck/Documents/Development/ProjektyVHDL/WukongBoard/tangerineA7_100/tangerineA7_100.srcs/sources_1/new/ps2/ps2Host.vhd:234]
INFO: [Synth 8-256] done synthesizing module 'ps2Host' (0#1) [C:/Users/qubeck/Documents/Development/ProjektyVHDL/WukongBoard/tangerineA7_100/tangerineA7_100.srcs/sources_1/new/ps2/ps2Host.vhd:41]
INFO: [Synth 8-3491] module 'SPI' declared at 'C:/Users/qubeck/Documents/Development/ProjektyVHDL/WukongBoard/tangerineA7_100/tangerineA7_100.srcs/sources_1/new/spi/spi.vhd:7' bound to instance 'SPIInst' of component 'SPI' [C:/Users/qubeck/Documents/Development/ProjektyVHDL/WukongBoard/tangerineA7_100/tangerineA7_100.srcs/sources_1/new/tangerineSOC.vhd:1256]
INFO: [Synth 8-638] synthesizing module 'SPI' [C:/Users/qubeck/Documents/Development/ProjektyVHDL/WukongBoard/tangerineA7_100/tangerineA7_100.srcs/sources_1/new/spi/spi.vhd:32]
INFO: [Synth 8-226] default block is never used [C:/Users/qubeck/Documents/Development/ProjektyVHDL/WukongBoard/tangerineA7_100/tangerineA7_100.srcs/sources_1/new/spi/spi.vhd:76]
INFO: [Synth 8-256] done synthesizing module 'SPI' (0#1) [C:/Users/qubeck/Documents/Development/ProjektyVHDL/WukongBoard/tangerineA7_100/tangerineA7_100.srcs/sources_1/new/spi/spi.vhd:32]
INFO: [Synth 8-3491] module 'fpAlu' declared at 'C:/Users/qubeck/Documents/Development/ProjektyVHDL/WukongBoard/tangerineA7_100/tangerineA7_100.srcs/sources_1/new/fpalu/fpAlu.vhd:5' bound to instance 'fpAluInst' of component 'fpAlu' [C:/Users/qubeck/Documents/Development/ProjektyVHDL/WukongBoard/tangerineA7_100/tangerineA7_100.srcs/sources_1/new/tangerineSOC.vhd:1281]
INFO: [Synth 8-638] synthesizing module 'fpAlu' [C:/Users/qubeck/Documents/Development/ProjektyVHDL/WukongBoard/tangerineA7_100/tangerineA7_100.srcs/sources_1/new/fpalu/fpAlu.vhd:25]
INFO: [Synth 8-3491] module 'fpAddSub' declared at 'C:/Users/qubeck/Documents/Development/ProjektyVHDL/WukongBoard/tangerineA7_100/tangerineA7_100.runs/synth_2/.Xil/Vivado-285920-DESKTOP-T3E75FC/realtime/fpAddSub_stub.v:6' bound to instance 'fpAddSubInst' of component 'fpAddSub' [C:/Users/qubeck/Documents/Development/ProjektyVHDL/WukongBoard/tangerineA7_100/tangerineA7_100.srcs/sources_1/new/fpalu/fpAlu.vhd:318]
INFO: [Synth 8-6157] synthesizing module 'fpAddSub' [C:/Users/qubeck/Documents/Development/ProjektyVHDL/WukongBoard/tangerineA7_100/tangerineA7_100.runs/synth_2/.Xil/Vivado-285920-DESKTOP-T3E75FC/realtime/fpAddSub_stub.v:6]
INFO: [Synth 8-6155] done synthesizing module 'fpAddSub' (0#1) [C:/Users/qubeck/Documents/Development/ProjektyVHDL/WukongBoard/tangerineA7_100/tangerineA7_100.runs/synth_2/.Xil/Vivado-285920-DESKTOP-T3E75FC/realtime/fpAddSub_stub.v:6]
INFO: [Synth 8-3491] module 'fpMul' declared at 'C:/Users/qubeck/Documents/Development/ProjektyVHDL/WukongBoard/tangerineA7_100/tangerineA7_100.runs/synth_2/.Xil/Vivado-285920-DESKTOP-T3E75FC/realtime/fpMul_stub.v:6' bound to instance 'fpMulinst' of component 'fpMul' [C:/Users/qubeck/Documents/Development/ProjektyVHDL/WukongBoard/tangerineA7_100/tangerineA7_100.srcs/sources_1/new/fpalu/fpAlu.vhd:331]
INFO: [Synth 8-6157] synthesizing module 'fpMul' [C:/Users/qubeck/Documents/Development/ProjektyVHDL/WukongBoard/tangerineA7_100/tangerineA7_100.runs/synth_2/.Xil/Vivado-285920-DESKTOP-T3E75FC/realtime/fpMul_stub.v:6]
INFO: [Synth 8-6155] done synthesizing module 'fpMul' (0#1) [C:/Users/qubeck/Documents/Development/ProjektyVHDL/WukongBoard/tangerineA7_100/tangerineA7_100.runs/synth_2/.Xil/Vivado-285920-DESKTOP-T3E75FC/realtime/fpMul_stub.v:6]
INFO: [Synth 8-3491] module 'fpDiv' declared at 'C:/Users/qubeck/Documents/Development/ProjektyVHDL/WukongBoard/tangerineA7_100/tangerineA7_100.runs/synth_2/.Xil/Vivado-285920-DESKTOP-T3E75FC/realtime/fpDiv_stub.v:6' bound to instance 'fpDivInst' of component 'fpDiv' [C:/Users/qubeck/Documents/Development/ProjektyVHDL/WukongBoard/tangerineA7_100/tangerineA7_100.srcs/sources_1/new/fpalu/fpAlu.vhd:342]
INFO: [Synth 8-6157] synthesizing module 'fpDiv' [C:/Users/qubeck/Documents/Development/ProjektyVHDL/WukongBoard/tangerineA7_100/tangerineA7_100.runs/synth_2/.Xil/Vivado-285920-DESKTOP-T3E75FC/realtime/fpDiv_stub.v:6]
INFO: [Synth 8-6155] done synthesizing module 'fpDiv' (0#1) [C:/Users/qubeck/Documents/Development/ProjektyVHDL/WukongBoard/tangerineA7_100/tangerineA7_100.runs/synth_2/.Xil/Vivado-285920-DESKTOP-T3E75FC/realtime/fpDiv_stub.v:6]
INFO: [Synth 8-256] done synthesizing module 'fpAlu' (0#1) [C:/Users/qubeck/Documents/Development/ProjektyVHDL/WukongBoard/tangerineA7_100/tangerineA7_100.srcs/sources_1/new/fpalu/fpAlu.vhd:25]
INFO: [Synth 8-3491] module 'is2Controller' declared at 'C:/Users/qubeck/Documents/Development/ProjektyVHDL/WukongBoard/tangerineA7_100/tangerineA7_100.srcs/sources_1/new/i2s/is2Controller.vhd:10' bound to instance 'is2ControllerInst' of component 'is2Controller' [C:/Users/qubeck/Documents/Development/ProjektyVHDL/WukongBoard/tangerineA7_100/tangerineA7_100.srcs/sources_1/new/tangerineSOC.vhd:1301]
INFO: [Synth 8-638] synthesizing module 'is2Controller' [C:/Users/qubeck/Documents/Development/ProjektyVHDL/WukongBoard/tangerineA7_100/tangerineA7_100.srcs/sources_1/new/i2s/is2Controller.vhd:36]
INFO: [Synth 8-3491] module 'i2sControllerFifo' declared at 'C:/Users/qubeck/Documents/Development/ProjektyVHDL/WukongBoard/tangerineA7_100/tangerineA7_100.runs/synth_2/.Xil/Vivado-285920-DESKTOP-T3E75FC/realtime/i2sControllerFifo_stub.v:6' bound to instance 'i2sControllerFifoInst' of component 'i2sControllerFifo' [C:/Users/qubeck/Documents/Development/ProjektyVHDL/WukongBoard/tangerineA7_100/tangerineA7_100.srcs/sources_1/new/i2s/is2Controller.vhd:113]
INFO: [Synth 8-6157] synthesizing module 'i2sControllerFifo' [C:/Users/qubeck/Documents/Development/ProjektyVHDL/WukongBoard/tangerineA7_100/tangerineA7_100.runs/synth_2/.Xil/Vivado-285920-DESKTOP-T3E75FC/realtime/i2sControllerFifo_stub.v:6]
INFO: [Synth 8-6155] done synthesizing module 'i2sControllerFifo' (0#1) [C:/Users/qubeck/Documents/Development/ProjektyVHDL/WukongBoard/tangerineA7_100/tangerineA7_100.runs/synth_2/.Xil/Vivado-285920-DESKTOP-T3E75FC/realtime/i2sControllerFifo_stub.v:6]
INFO: [Synth 8-226] default block is never used [C:/Users/qubeck/Documents/Development/ProjektyVHDL/WukongBoard/tangerineA7_100/tangerineA7_100.srcs/sources_1/new/i2s/is2Controller.vhd:259]
INFO: [Synth 8-256] done synthesizing module 'is2Controller' (0#1) [C:/Users/qubeck/Documents/Development/ProjektyVHDL/WukongBoard/tangerineA7_100/tangerineA7_100.srcs/sources_1/new/i2s/is2Controller.vhd:36]
INFO: [Synth 8-256] done synthesizing module 'tangerineSOC' (0#1) [C:/Users/qubeck/Documents/Development/ProjektyVHDL/WukongBoard/tangerineA7_100/tangerineA7_100.srcs/sources_1/new/tangerineSOC.vhd:107]
INFO: [Synth 8-6155] done synthesizing module 'tangerineA7_100_tangerineSOC_0_0' (0#1) [c:/Users/qubeck/Documents/Development/ProjektyVHDL/WukongBoard/tangerineA7_100/tangerineA7_100.gen/sources_1/bd/tangerineA7_100/ip/tangerineA7_100_tangerineSOC_0_0/synth/tangerineA7_100_tangerineSOC_0_0.v:53]
INFO: [Synth 8-6157] synthesizing module 'tangerineA7_100_xlconstant_0_0' [c:/Users/qubeck/Documents/Development/ProjektyVHDL/WukongBoard/tangerineA7_100/tangerineA7_100.gen/sources_1/bd/tangerineA7_100/ip/tangerineA7_100_xlconstant_0_0/synth/tangerineA7_100_xlconstant_0_0.v:53]
INFO: [Synth 8-6157] synthesizing module 'xlconstant_v1_1_7_xlconstant' [c:/Users/qubeck/Documents/Development/ProjektyVHDL/WukongBoard/tangerineA7_100/tangerineA7_100.gen/sources_1/bd/tangerineA7_100/ipshared/b0f2/hdl/xlconstant_v1_1_vl_rfs.v:23]
INFO: [Synth 8-6155] done synthesizing module 'xlconstant_v1_1_7_xlconstant' (0#1) [c:/Users/qubeck/Documents/Development/ProjektyVHDL/WukongBoard/tangerineA7_100/tangerineA7_100.gen/sources_1/bd/tangerineA7_100/ipshared/b0f2/hdl/xlconstant_v1_1_vl_rfs.v:23]
INFO: [Synth 8-6155] done synthesizing module 'tangerineA7_100_xlconstant_0_0' (0#1) [c:/Users/qubeck/Documents/Development/ProjektyVHDL/WukongBoard/tangerineA7_100/tangerineA7_100.gen/sources_1/bd/tangerineA7_100/ip/tangerineA7_100_xlconstant_0_0/synth/tangerineA7_100_xlconstant_0_0.v:53]
INFO: [Synth 8-6157] synthesizing module 'tangerineA7_100_xlslice_0_0' [c:/Users/qubeck/Documents/Development/ProjektyVHDL/WukongBoard/tangerineA7_100/tangerineA7_100.gen/sources_1/bd/tangerineA7_100/ip/tangerineA7_100_xlslice_0_0/synth/tangerineA7_100_xlslice_0_0.v:53]
INFO: [Synth 8-6157] synthesizing module 'xlslice_v1_0_2_xlslice' [c:/Users/qubeck/Documents/Development/ProjektyVHDL/WukongBoard/tangerineA7_100/tangerineA7_100.gen/sources_1/bd/tangerineA7_100/ipshared/11d0/hdl/xlslice_v1_0_vl_rfs.v:13]
INFO: [Synth 8-6155] done synthesizing module 'xlslice_v1_0_2_xlslice' (0#1) [c:/Users/qubeck/Documents/Development/ProjektyVHDL/WukongBoard/tangerineA7_100/tangerineA7_100.gen/sources_1/bd/tangerineA7_100/ipshared/11d0/hdl/xlslice_v1_0_vl_rfs.v:13]
INFO: [Synth 8-6155] done synthesizing module 'tangerineA7_100_xlslice_0_0' (0#1) [c:/Users/qubeck/Documents/Development/ProjektyVHDL/WukongBoard/tangerineA7_100/tangerineA7_100.gen/sources_1/bd/tangerineA7_100/ip/tangerineA7_100_xlslice_0_0/synth/tangerineA7_100_xlslice_0_0.v:53]
INFO: [Synth 8-6157] synthesizing module 'tangerineA7_100_xlslice_1_0' [c:/Users/qubeck/Documents/Development/ProjektyVHDL/WukongBoard/tangerineA7_100/tangerineA7_100.gen/sources_1/bd/tangerineA7_100/ip/tangerineA7_100_xlslice_1_0/synth/tangerineA7_100_xlslice_1_0.v:53]
INFO: [Synth 8-6157] synthesizing module 'xlslice_v1_0_2_xlslice__parameterized0' [c:/Users/qubeck/Documents/Development/ProjektyVHDL/WukongBoard/tangerineA7_100/tangerineA7_100.gen/sources_1/bd/tangerineA7_100/ipshared/11d0/hdl/xlslice_v1_0_vl_rfs.v:13]
INFO: [Synth 8-6155] done synthesizing module 'xlslice_v1_0_2_xlslice__parameterized0' (0#1) [c:/Users/qubeck/Documents/Development/ProjektyVHDL/WukongBoard/tangerineA7_100/tangerineA7_100.gen/sources_1/bd/tangerineA7_100/ipshared/11d0/hdl/xlslice_v1_0_vl_rfs.v:13]
INFO: [Synth 8-6155] done synthesizing module 'tangerineA7_100_xlslice_1_0' (0#1) [c:/Users/qubeck/Documents/Development/ProjektyVHDL/WukongBoard/tangerineA7_100/tangerineA7_100.gen/sources_1/bd/tangerineA7_100/ip/tangerineA7_100_xlslice_1_0/synth/tangerineA7_100_xlslice_1_0.v:53]
INFO: [Synth 8-6155] done synthesizing module 'tangerineA7_100' (0#1) [c:/Users/qubeck/Documents/Development/ProjektyVHDL/WukongBoard/tangerineA7_100/tangerineA7_100.gen/sources_1/bd/tangerineA7_100/synth/tangerineA7_100.v:13]
INFO: [Synth 8-6155] done synthesizing module 'tangerineA7_100_wrapper' (0#1) [C:/Users/qubeck/Documents/Development/ProjektyVHDL/WukongBoard/tangerineA7_100/tangerineA7_100.gen/sources_1/bd/tangerineA7_100/hdl/tangerineA7_100_wrapper.v:13]
WARNING: [Synth 8-6014] Unused sequential element paletteRamAddrA_reg was removed.  [C:/Users/qubeck/Documents/Development/ProjektyVHDL/WukongBoard/tangerineA7_100/tangerineA7_100.srcs/sources_1/new/vga/pixelGenGfx.vhd:119]
WARNING: [Synth 8-6014] Unused sequential element cacheHitWay0_reg was removed.  [C:/Users/qubeck/Documents/Development/ProjektyVHDL/WukongBoard/tangerineA7_100/tangerineA7_100.srcs/sources_1/new/axiDMA.vhd:616]
WARNING: [Synth 8-6014] Unused sequential element cacheHitWay1_reg was removed.  [C:/Users/qubeck/Documents/Development/ProjektyVHDL/WukongBoard/tangerineA7_100/tangerineA7_100.srcs/sources_1/new/axiDMA.vhd:617]
WARNING: [Synth 8-6014] Unused sequential element cacheHitWay2_reg was removed.  [C:/Users/qubeck/Documents/Development/ProjektyVHDL/WukongBoard/tangerineA7_100/tangerineA7_100.srcs/sources_1/new/axiDMA.vhd:618]
WARNING: [Synth 8-6014] Unused sequential element cacheHitWay3_reg was removed.  [C:/Users/qubeck/Documents/Development/ProjektyVHDL/WukongBoard/tangerineA7_100/tangerineA7_100.srcs/sources_1/new/axiDMA.vhd:619]
WARNING: [Synth 8-3936] Found unconnected internal register 'mul1_reg' and it is trimmed from '24' to '20' bits. [C:/Users/qubeck/Documents/Development/ProjektyVHDL/WukongBoard/tangerineA7_100/tangerineA7_100.srcs/sources_1/new/blitter/gouraudIterator.vhd:42]
WARNING: [Synth 8-3936] Found unconnected internal register 'mul2_reg' and it is trimmed from '24' to '20' bits. [C:/Users/qubeck/Documents/Development/ProjektyVHDL/WukongBoard/tangerineA7_100/tangerineA7_100.srcs/sources_1/new/blitter/gouraudIterator.vhd:43]
WARNING: [Synth 8-3936] Found unconnected internal register 'mul3_reg' and it is trimmed from '24' to '20' bits. [C:/Users/qubeck/Documents/Development/ProjektyVHDL/WukongBoard/tangerineA7_100/tangerineA7_100.srcs/sources_1/new/blitter/gouraudIterator.vhd:44]
WARNING: [Synth 8-3936] Found unconnected internal register 'mul1_reg' and it is trimmed from '32' to '28' bits. [C:/Users/qubeck/Documents/Development/ProjektyVHDL/WukongBoard/tangerineA7_100/tangerineA7_100.srcs/sources_1/new/blitter/gouraudIterator16.vhd:41]
WARNING: [Synth 8-3936] Found unconnected internal register 'mul2_reg' and it is trimmed from '32' to '28' bits. [C:/Users/qubeck/Documents/Development/ProjektyVHDL/WukongBoard/tangerineA7_100/tangerineA7_100.srcs/sources_1/new/blitter/gouraudIterator16.vhd:42]
WARNING: [Synth 8-3936] Found unconnected internal register 'mul3_reg' and it is trimmed from '32' to '28' bits. [C:/Users/qubeck/Documents/Development/ProjektyVHDL/WukongBoard/tangerineA7_100/tangerineA7_100.srcs/sources_1/new/blitter/gouraudIterator16.vhd:43]
WARNING: [Synth 8-6014] Unused sequential element scColAdd_reg was removed.  [C:/Users/qubeck/Documents/Development/ProjektyVHDL/WukongBoard/tangerineA7_100/tangerineA7_100.srcs/sources_1/new/blitter/blitter.vhd:1093]
WARNING: [Synth 8-6014] Unused sequential element dbColAdd_reg was removed.  [C:/Users/qubeck/Documents/Development/ProjektyVHDL/WukongBoard/tangerineA7_100/tangerineA7_100.srcs/sources_1/new/blitter/blitter.vhd:1096]
WARNING: [Synth 8-7129] Port Din[1] in module xlslice_v1_0_2_xlslice__parameterized0 is either unconnected or has no load
WARNING: [Synth 8-7129] Port Din[0] in module xlslice_v1_0_2_xlslice is either unconnected or has no load
WARNING: [Synth 8-7129] Port a[15] in module is2Controller is either unconnected or has no load
WARNING: [Synth 8-7129] Port a[14] in module is2Controller is either unconnected or has no load
WARNING: [Synth 8-7129] Port a[13] in module is2Controller is either unconnected or has no load
WARNING: [Synth 8-7129] Port a[12] in module is2Controller is either unconnected or has no load
WARNING: [Synth 8-7129] Port a[11] in module is2Controller is either unconnected or has no load
WARNING: [Synth 8-7129] Port a[10] in module is2Controller is either unconnected or has no load
WARNING: [Synth 8-7129] Port a[9] in module is2Controller is either unconnected or has no load
WARNING: [Synth 8-7129] Port a[8] in module is2Controller is either unconnected or has no load
WARNING: [Synth 8-7129] Port dataMask[3] in module is2Controller is either unconnected or has no load
WARNING: [Synth 8-7129] Port dataMask[2] in module is2Controller is either unconnected or has no load
WARNING: [Synth 8-7129] Port dataMask[1] in module is2Controller is either unconnected or has no load
WARNING: [Synth 8-7129] Port dataMask[0] in module is2Controller is either unconnected or has no load
WARNING: [Synth 8-7129] Port a[15] in module fpAlu is either unconnected or has no load
WARNING: [Synth 8-7129] Port a[14] in module fpAlu is either unconnected or has no load
WARNING: [Synth 8-7129] Port a[13] in module fpAlu is either unconnected or has no load
WARNING: [Synth 8-7129] Port a[12] in module fpAlu is either unconnected or has no load
WARNING: [Synth 8-7129] Port a[11] in module fpAlu is either unconnected or has no load
WARNING: [Synth 8-7129] Port a[10] in module fpAlu is either unconnected or has no load
WARNING: [Synth 8-7129] Port a[9] in module fpAlu is either unconnected or has no load
WARNING: [Synth 8-7129] Port a[8] in module fpAlu is either unconnected or has no load
WARNING: [Synth 8-7129] Port dataMask[3] in module fpAlu is either unconnected or has no load
WARNING: [Synth 8-7129] Port dataMask[2] in module fpAlu is either unconnected or has no load
WARNING: [Synth 8-7129] Port dataMask[1] in module fpAlu is either unconnected or has no load
WARNING: [Synth 8-7129] Port dataMask[0] in module fpAlu is either unconnected or has no load
WARNING: [Synth 8-7129] Port a[15] in module SPI is either unconnected or has no load
WARNING: [Synth 8-7129] Port a[14] in module SPI is either unconnected or has no load
WARNING: [Synth 8-7129] Port a[13] in module SPI is either unconnected or has no load
WARNING: [Synth 8-7129] Port a[12] in module SPI is either unconnected or has no load
WARNING: [Synth 8-7129] Port a[11] in module SPI is either unconnected or has no load
WARNING: [Synth 8-7129] Port a[10] in module SPI is either unconnected or has no load
WARNING: [Synth 8-7129] Port a[9] in module SPI is either unconnected or has no load
WARNING: [Synth 8-7129] Port a[8] in module SPI is either unconnected or has no load
WARNING: [Synth 8-7129] Port din[31] in module SPI is either unconnected or has no load
WARNING: [Synth 8-7129] Port din[30] in module SPI is either unconnected or has no load
WARNING: [Synth 8-7129] Port din[29] in module SPI is either unconnected or has no load
WARNING: [Synth 8-7129] Port din[28] in module SPI is either unconnected or has no load
WARNING: [Synth 8-7129] Port din[27] in module SPI is either unconnected or has no load
WARNING: [Synth 8-7129] Port din[26] in module SPI is either unconnected or has no load
WARNING: [Synth 8-7129] Port din[25] in module SPI is either unconnected or has no load
WARNING: [Synth 8-7129] Port din[24] in module SPI is either unconnected or has no load
WARNING: [Synth 8-7129] Port din[23] in module SPI is either unconnected or has no load
WARNING: [Synth 8-7129] Port din[22] in module SPI is either unconnected or has no load
WARNING: [Synth 8-7129] Port din[21] in module SPI is either unconnected or has no load
WARNING: [Synth 8-7129] Port din[20] in module SPI is either unconnected or has no load
WARNING: [Synth 8-7129] Port din[19] in module SPI is either unconnected or has no load
WARNING: [Synth 8-7129] Port din[18] in module SPI is either unconnected or has no load
WARNING: [Synth 8-7129] Port din[17] in module SPI is either unconnected or has no load
WARNING: [Synth 8-7129] Port din[16] in module SPI is either unconnected or has no load
WARNING: [Synth 8-7129] Port din[15] in module SPI is either unconnected or has no load
WARNING: [Synth 8-7129] Port din[14] in module SPI is either unconnected or has no load
WARNING: [Synth 8-7129] Port din[13] in module SPI is either unconnected or has no load
WARNING: [Synth 8-7129] Port din[12] in module SPI is either unconnected or has no load
WARNING: [Synth 8-7129] Port din[11] in module SPI is either unconnected or has no load
WARNING: [Synth 8-7129] Port din[10] in module SPI is either unconnected or has no load
WARNING: [Synth 8-7129] Port din[9] in module SPI is either unconnected or has no load
WARNING: [Synth 8-7129] Port din[8] in module SPI is either unconnected or has no load
WARNING: [Synth 8-7129] Port dataMask[3] in module SPI is either unconnected or has no load
WARNING: [Synth 8-7129] Port dataMask[2] in module SPI is either unconnected or has no load
WARNING: [Synth 8-7129] Port dataMask[1] in module SPI is either unconnected or has no load
WARNING: [Synth 8-7129] Port dataMask[0] in module SPI is either unconnected or has no load
WARNING: [Synth 8-7129] Port a[15] in module ps2Host is either unconnected or has no load
WARNING: [Synth 8-7129] Port a[14] in module ps2Host is either unconnected or has no load
WARNING: [Synth 8-7129] Port a[13] in module ps2Host is either unconnected or has no load
WARNING: [Synth 8-7129] Port a[12] in module ps2Host is either unconnected or has no load
WARNING: [Synth 8-7129] Port a[11] in module ps2Host is either unconnected or has no load
WARNING: [Synth 8-7129] Port a[10] in module ps2Host is either unconnected or has no load
WARNING: [Synth 8-7129] Port a[9] in module ps2Host is either unconnected or has no load
WARNING: [Synth 8-7129] Port a[8] in module ps2Host is either unconnected or has no load
WARNING: [Synth 8-7129] Port din[31] in module ps2Host is either unconnected or has no load
WARNING: [Synth 8-7129] Port din[30] in module ps2Host is either unconnected or has no load
WARNING: [Synth 8-7129] Port din[29] in module ps2Host is either unconnected or has no load
WARNING: [Synth 8-7129] Port din[28] in module ps2Host is either unconnected or has no load
WARNING: [Synth 8-7129] Port din[27] in module ps2Host is either unconnected or has no load
WARNING: [Synth 8-7129] Port din[26] in module ps2Host is either unconnected or has no load
WARNING: [Synth 8-7129] Port din[25] in module ps2Host is either unconnected or has no load
WARNING: [Synth 8-7129] Port din[24] in module ps2Host is either unconnected or has no load
WARNING: [Synth 8-7129] Port din[23] in module ps2Host is either unconnected or has no load
WARNING: [Synth 8-7129] Port din[22] in module ps2Host is either unconnected or has no load
WARNING: [Synth 8-7129] Port din[21] in module ps2Host is either unconnected or has no load
WARNING: [Synth 8-7129] Port din[20] in module ps2Host is either unconnected or has no load
WARNING: [Synth 8-7129] Port din[19] in module ps2Host is either unconnected or has no load
WARNING: [Synth 8-7129] Port din[18] in module ps2Host is either unconnected or has no load
WARNING: [Synth 8-7129] Port din[17] in module ps2Host is either unconnected or has no load
WARNING: [Synth 8-7129] Port din[16] in module ps2Host is either unconnected or has no load
WARNING: [Synth 8-7129] Port din[15] in module ps2Host is either unconnected or has no load
WARNING: [Synth 8-7129] Port din[14] in module ps2Host is either unconnected or has no load
WARNING: [Synth 8-7129] Port din[13] in module ps2Host is either unconnected or has no load
WARNING: [Synth 8-7129] Port din[12] in module ps2Host is either unconnected or has no load
WARNING: [Synth 8-7129] Port din[11] in module ps2Host is either unconnected or has no load
WARNING: [Synth 8-7129] Port din[10] in module ps2Host is either unconnected or has no load
WARNING: [Synth 8-7129] Port din[9] in module ps2Host is either unconnected or has no load
WARNING: [Synth 8-7129] Port din[8] in module ps2Host is either unconnected or has no load
WARNING: [Synth 8-7129] Port dataMask[3] in module ps2Host is either unconnected or has no load
WARNING: [Synth 8-7129] Port dataMask[2] in module ps2Host is either unconnected or has no load
WARNING: [Synth 8-7129] Port dataMask[1] in module ps2Host is either unconnected or has no load
WARNING: [Synth 8-7129] Port dataMask[0] in module ps2Host is either unconnected or has no load
WARNING: [Synth 8-7129] Port a[15] in module UART is either unconnected or has no load
WARNING: [Synth 8-7129] Port a[14] in module UART is either unconnected or has no load
INFO: [Common 17-14] Message 'Synth 8-7129' appears 100 times and further instances of the messages will be disabled. Use the Tcl command set_msg_config to change the current settings.
---------------------------------------------------------------------------------
Finished RTL Elaboration : Time (s): cpu = 00:00:06 ; elapsed = 00:00:06 . Memory (MB): peak = 2583.586 ; gain = 633.328
---------------------------------------------------------------------------------
---------------------------------------------------------------------------------
Start Handling Custom Attributes
---------------------------------------------------------------------------------
---------------------------------------------------------------------------------
Finished Handling Custom Attributes : Time (s): cpu = 00:00:06 ; elapsed = 00:00:06 . Memory (MB): peak = 2601.512 ; gain = 651.254
---------------------------------------------------------------------------------
---------------------------------------------------------------------------------
Finished RTL Optimization Phase 1 : Time (s): cpu = 00:00:06 ; elapsed = 00:00:06 . Memory (MB): peak = 2601.512 ; gain = 651.254
---------------------------------------------------------------------------------
Netlist sorting complete. Time (s): cpu = 00:00:00 ; elapsed = 00:00:00.296 . Memory (MB): peak = 2613.543 ; gain = 0.000
INFO: [Netlist 29-17] Analyzing 11 Unisim elements for replacement
WARNING: [Netlist 29-151] Pin 'C1' on instance 'tangerineA7_100_i/hdmiOut_0/inst/dvidInst/ODDR2_blue' of cell type 'ODDR2' does not have an equivalent function on the new cell type 'ODDR'. Net 'clk_n' that is connected to this pin will not be connected to the replacement instance.
WARNING: [Netlist 29-151] Pin 'C1' on instance 'tangerineA7_100_i/hdmiOut_0/inst/dvidInst/ODDR2_clock' of cell type 'ODDR2' does not have an equivalent function on the new cell type 'ODDR'. Net 'clk_n' that is connected to this pin will not be connected to the replacement instance.
WARNING: [Netlist 29-151] Pin 'C1' on instance 'tangerineA7_100_i/hdmiOut_0/inst/dvidInst/ODDR2_green' of cell type 'ODDR2' does not have an equivalent function on the new cell type 'ODDR'. Net 'clk_n' that is connected to this pin will not be connected to the replacement instance.
WARNING: [Netlist 29-151] Pin 'C1' on instance 'tangerineA7_100_i/hdmiOut_0/inst/dvidInst/ODDR2_red' of cell type 'ODDR2' does not have an equivalent function on the new cell type 'ODDR'. Net 'clk_n' that is connected to this pin will not be connected to the replacement instance.
INFO: [Netlist 29-28] Unisim Transformation completed in 0 CPU seconds
INFO: [Project 1-570] Preparing netlist for logic optimization

Processing XDC Constraints
Initializing timing engine
Parsing XDC File [c:/Users/qubeck/Documents/Development/ProjektyVHDL/WukongBoard/tangerineA7_100/tangerineA7_100.gen/sources_1/ip/mig_7series_tangerine/mig_7series_tangerine/mig_7series_tangerine_in_context.xdc] for cell 'tangerineA7_100_i/tangerineMIGWrapper_0/inst/tangerineMIGInst'
Finished Parsing XDC File [c:/Users/qubeck/Documents/Development/ProjektyVHDL/WukongBoard/tangerineA7_100/tangerineA7_100.gen/sources_1/ip/mig_7series_tangerine/mig_7series_tangerine/mig_7series_tangerine_in_context.xdc] for cell 'tangerineA7_100_i/tangerineMIGWrapper_0/inst/tangerineMIGInst'
Parsing XDC File [c:/Users/qubeck/Documents/Development/ProjektyVHDL/WukongBoard/tangerineA7_100/tangerineA7_100.gen/sources_1/ip/i2sControllerFifo/i2sControllerFifo/i2sControllerFifo_in_context.xdc] for cell 'tangerineA7_100_i/tangerineSOC_0/inst/is2ControllerInst/i2sControllerFifoInst'
Finished Parsing XDC File [c:/Users/qubeck/Documents/Development/ProjektyVHDL/WukongBoard/tangerineA7_100/tangerineA7_100.gen/sources_1/ip/i2sControllerFifo/i2sControllerFifo/i2sControllerFifo_in_context.xdc] for cell 'tangerineA7_100_i/tangerineSOC_0/inst/is2ControllerInst/i2sControllerFifoInst'
Parsing XDC File [c:/Users/qubeck/Documents/Development/ProjektyVHDL/WukongBoard/tangerineA7_100/tangerineA7_100.gen/sources_1/ip/fpDiv/fpDiv/fpDiv_in_context.xdc] for cell 'tangerineA7_100_i/tangerineSOC_0/inst/fpAluInst/fpDivInst'
Finished Parsing XDC File [c:/Users/qubeck/Documents/Development/ProjektyVHDL/WukongBoard/tangerineA7_100/tangerineA7_100.gen/sources_1/ip/fpDiv/fpDiv/fpDiv_in_context.xdc] for cell 'tangerineA7_100_i/tangerineSOC_0/inst/fpAluInst/fpDivInst'
Parsing XDC File [c:/Users/qubeck/Documents/Development/ProjektyVHDL/WukongBoard/tangerineA7_100/tangerineA7_100.gen/sources_1/ip/fpMul/fpMul/fpMul_in_context.xdc] for cell 'tangerineA7_100_i/tangerineSOC_0/inst/fpAluInst/fpMulinst'
Finished Parsing XDC File [c:/Users/qubeck/Documents/Development/ProjektyVHDL/WukongBoard/tangerineA7_100/tangerineA7_100.gen/sources_1/ip/fpMul/fpMul/fpMul_in_context.xdc] for cell 'tangerineA7_100_i/tangerineSOC_0/inst/fpAluInst/fpMulinst'
Parsing XDC File [c:/Users/qubeck/Documents/Development/ProjektyVHDL/WukongBoard/tangerineA7_100/tangerineA7_100.gen/sources_1/ip/fpAddSub/fpAddSub/fpAddSub_in_context.xdc] for cell 'tangerineA7_100_i/tangerineSOC_0/inst/fpAluInst/fpAddSubInst'
Finished Parsing XDC File [c:/Users/qubeck/Documents/Development/ProjektyVHDL/WukongBoard/tangerineA7_100/tangerineA7_100.gen/sources_1/ip/fpAddSub/fpAddSub/fpAddSub_in_context.xdc] for cell 'tangerineA7_100_i/tangerineSOC_0/inst/fpAluInst/fpAddSubInst'
Parsing XDC File [c:/Users/qubeck/Documents/Development/ProjektyVHDL/WukongBoard/tangerineA7_100/tangerineA7_100.gen/sources_1/ip/ps2ControllerFifo/ps2ControllerFifo/ps2ControllerFifo_in_context.xdc] for cell 'tangerineA7_100_i/tangerineSOC_0/inst/ps2HostInst/ps2aFifoInst'
Finished Parsing XDC File [c:/Users/qubeck/Documents/Development/ProjektyVHDL/WukongBoard/tangerineA7_100/tangerineA7_100.gen/sources_1/ip/ps2ControllerFifo/ps2ControllerFifo/ps2ControllerFifo_in_context.xdc] for cell 'tangerineA7_100_i/tangerineSOC_0/inst/ps2HostInst/ps2aFifoInst'
Parsing XDC File [c:/Users/qubeck/Documents/Development/ProjektyVHDL/WukongBoard/tangerineA7_100/tangerineA7_100.gen/sources_1/ip/ps2ControllerFifo/ps2ControllerFifo/ps2ControllerFifo_in_context.xdc] for cell 'tangerineA7_100_i/tangerineSOC_0/inst/ps2HostInst/ps2bFifoInst'
Finished Parsing XDC File [c:/Users/qubeck/Documents/Development/ProjektyVHDL/WukongBoard/tangerineA7_100/tangerineA7_100.gen/sources_1/ip/ps2ControllerFifo/ps2ControllerFifo/ps2ControllerFifo_in_context.xdc] for cell 'tangerineA7_100_i/tangerineSOC_0/inst/ps2HostInst/ps2bFifoInst'
Parsing XDC File [c:/Users/qubeck/Documents/Development/ProjektyVHDL/WukongBoard/tangerineA7_100/tangerineA7_100.gen/sources_1/ip/uartFiFo/uartFiFo/uartFiFo_in_context.xdc] for cell 'tangerineA7_100_i/tangerineSOC_0/inst/UARTInst/rxFiFoInst'
Finished Parsing XDC File [c:/Users/qubeck/Documents/Development/ProjektyVHDL/WukongBoard/tangerineA7_100/tangerineA7_100.gen/sources_1/ip/uartFiFo/uartFiFo/uartFiFo_in_context.xdc] for cell 'tangerineA7_100_i/tangerineSOC_0/inst/UARTInst/rxFiFoInst'
Parsing XDC File [c:/Users/qubeck/Documents/Development/ProjektyVHDL/WukongBoard/tangerineA7_100/tangerineA7_100.gen/sources_1/ip/cacheTagRam/cacheTagRam/cacheTagRam_in_context.xdc] for cell 'tangerineA7_100_i/tangerineSOC_0/inst/axiDMAInst/cacheTagRamW0Inst'
Finished Parsing XDC File [c:/Users/qubeck/Documents/Development/ProjektyVHDL/WukongBoard/tangerineA7_100/tangerineA7_100.gen/sources_1/ip/cacheTagRam/cacheTagRam/cacheTagRam_in_context.xdc] for cell 'tangerineA7_100_i/tangerineSOC_0/inst/axiDMAInst/cacheTagRamW0Inst'
Parsing XDC File [c:/Users/qubeck/Documents/Development/ProjektyVHDL/WukongBoard/tangerineA7_100/tangerineA7_100.gen/sources_1/ip/cacheTagRam/cacheTagRam/cacheTagRam_in_context.xdc] for cell 'tangerineA7_100_i/tangerineSOC_0/inst/axiDMAInst/cacheTagRamW1Inst'
Finished Parsing XDC File [c:/Users/qubeck/Documents/Development/ProjektyVHDL/WukongBoard/tangerineA7_100/tangerineA7_100.gen/sources_1/ip/cacheTagRam/cacheTagRam/cacheTagRam_in_context.xdc] for cell 'tangerineA7_100_i/tangerineSOC_0/inst/axiDMAInst/cacheTagRamW1Inst'
Parsing XDC File [c:/Users/qubeck/Documents/Development/ProjektyVHDL/WukongBoard/tangerineA7_100/tangerineA7_100.gen/sources_1/ip/cacheTagRam/cacheTagRam/cacheTagRam_in_context.xdc] for cell 'tangerineA7_100_i/tangerineSOC_0/inst/axiDMAInst/cacheTagRamW2Inst'
Finished Parsing XDC File [c:/Users/qubeck/Documents/Development/ProjektyVHDL/WukongBoard/tangerineA7_100/tangerineA7_100.gen/sources_1/ip/cacheTagRam/cacheTagRam/cacheTagRam_in_context.xdc] for cell 'tangerineA7_100_i/tangerineSOC_0/inst/axiDMAInst/cacheTagRamW2Inst'
Parsing XDC File [c:/Users/qubeck/Documents/Development/ProjektyVHDL/WukongBoard/tangerineA7_100/tangerineA7_100.gen/sources_1/ip/cacheTagRam/cacheTagRam/cacheTagRam_in_context.xdc] for cell 'tangerineA7_100_i/tangerineSOC_0/inst/axiDMAInst/cacheTagRamW3Inst'
Finished Parsing XDC File [c:/Users/qubeck/Documents/Development/ProjektyVHDL/WukongBoard/tangerineA7_100/tangerineA7_100.gen/sources_1/ip/cacheTagRam/cacheTagRam/cacheTagRam_in_context.xdc] for cell 'tangerineA7_100_i/tangerineSOC_0/inst/axiDMAInst/cacheTagRamW3Inst'
Parsing XDC File [c:/Users/qubeck/Documents/Development/ProjektyVHDL/WukongBoard/tangerineA7_100/tangerineA7_100.gen/sources_1/ip/cacheDataRam/cacheDataRam/cacheDataRam_in_context.xdc] for cell 'tangerineA7_100_i/tangerineSOC_0/inst/axiDMAInst/cacheDataRamW0Inst'
Finished Parsing XDC File [c:/Users/qubeck/Documents/Development/ProjektyVHDL/WukongBoard/tangerineA7_100/tangerineA7_100.gen/sources_1/ip/cacheDataRam/cacheDataRam/cacheDataRam_in_context.xdc] for cell 'tangerineA7_100_i/tangerineSOC_0/inst/axiDMAInst/cacheDataRamW0Inst'
Parsing XDC File [c:/Users/qubeck/Documents/Development/ProjektyVHDL/WukongBoard/tangerineA7_100/tangerineA7_100.gen/sources_1/ip/cacheDataRam/cacheDataRam/cacheDataRam_in_context.xdc] for cell 'tangerineA7_100_i/tangerineSOC_0/inst/axiDMAInst/cacheDataRamW1Inst'
Finished Parsing XDC File [c:/Users/qubeck/Documents/Development/ProjektyVHDL/WukongBoard/tangerineA7_100/tangerineA7_100.gen/sources_1/ip/cacheDataRam/cacheDataRam/cacheDataRam_in_context.xdc] for cell 'tangerineA7_100_i/tangerineSOC_0/inst/axiDMAInst/cacheDataRamW1Inst'
Parsing XDC File [c:/Users/qubeck/Documents/Development/ProjektyVHDL/WukongBoard/tangerineA7_100/tangerineA7_100.gen/sources_1/ip/cacheDataRam/cacheDataRam/cacheDataRam_in_context.xdc] for cell 'tangerineA7_100_i/tangerineSOC_0/inst/axiDMAInst/cacheDataRamW2Inst'
Finished Parsing XDC File [c:/Users/qubeck/Documents/Development/ProjektyVHDL/WukongBoard/tangerineA7_100/tangerineA7_100.gen/sources_1/ip/cacheDataRam/cacheDataRam/cacheDataRam_in_context.xdc] for cell 'tangerineA7_100_i/tangerineSOC_0/inst/axiDMAInst/cacheDataRamW2Inst'
Parsing XDC File [c:/Users/qubeck/Documents/Development/ProjektyVHDL/WukongBoard/tangerineA7_100/tangerineA7_100.gen/sources_1/ip/cacheDataRam/cacheDataRam/cacheDataRam_in_context.xdc] for cell 'tangerineA7_100_i/tangerineSOC_0/inst/axiDMAInst/cacheDataRamW3Inst'
Finished Parsing XDC File [c:/Users/qubeck/Documents/Development/ProjektyVHDL/WukongBoard/tangerineA7_100/tangerineA7_100.gen/sources_1/ip/cacheDataRam/cacheDataRam/cacheDataRam_in_context.xdc] for cell 'tangerineA7_100_i/tangerineSOC_0/inst/axiDMAInst/cacheDataRamW3Inst'
Parsing XDC File [c:/Users/qubeck/Documents/Development/ProjektyVHDL/WukongBoard/tangerineA7_100/tangerineA7_100.gen/sources_1/ip/dmaCh1BufRam/dmaCh1BufRam/dmaCh1BufRam_in_context.xdc] for cell 'tangerineA7_100_i/tangerineSOC_0/inst/axiDMAInst/dmaCh1BufRamInst'
Finished Parsing XDC File [c:/Users/qubeck/Documents/Development/ProjektyVHDL/WukongBoard/tangerineA7_100/tangerineA7_100.gen/sources_1/ip/dmaCh1BufRam/dmaCh1BufRam/dmaCh1BufRam_in_context.xdc] for cell 'tangerineA7_100_i/tangerineSOC_0/inst/axiDMAInst/dmaCh1BufRamInst'
Parsing XDC File [c:/Users/qubeck/Documents/Development/ProjektyVHDL/WukongBoard/tangerineA7_100/tangerineA7_100.gen/sources_1/ip/fontPROM/fontPROM/fontPROM_in_context.xdc] for cell 'tangerineA7_100_i/tangerineSOC_0/inst/vgaInst/fontPromInst'
Finished Parsing XDC File [c:/Users/qubeck/Documents/Development/ProjektyVHDL/WukongBoard/tangerineA7_100/tangerineA7_100.gen/sources_1/ip/fontPROM/fontPROM/fontPROM_in_context.xdc] for cell 'tangerineA7_100_i/tangerineSOC_0/inst/vgaInst/fontPromInst'
Parsing XDC File [c:/Users/qubeck/Documents/Development/ProjektyVHDL/WukongBoard/tangerineA7_100/tangerineA7_100.gen/sources_1/ip/dmaCh2BufRam/dmaCh2BufRam/dmaCh2BufRam_in_context.xdc] for cell 'tangerineA7_100_i/tangerineSOC_0/inst/dmaCh2BufRamInst'
Finished Parsing XDC File [c:/Users/qubeck/Documents/Development/ProjektyVHDL/WukongBoard/tangerineA7_100/tangerineA7_100.gen/sources_1/ip/dmaCh2BufRam/dmaCh2BufRam/dmaCh2BufRam_in_context.xdc] for cell 'tangerineA7_100_i/tangerineSOC_0/inst/dmaCh2BufRamInst'
Parsing XDC File [c:/Users/qubeck/Documents/Development/ProjektyVHDL/WukongBoard/tangerineA7_100/tangerineA7_100.gen/sources_1/ip/fastRam/fastRam/fastRam_in_context.xdc] for cell 'tangerineA7_100_i/tangerineSOC_0/inst/fastRamInst'
Finished Parsing XDC File [c:/Users/qubeck/Documents/Development/ProjektyVHDL/WukongBoard/tangerineA7_100/tangerineA7_100.gen/sources_1/ip/fastRam/fastRam/fastRam_in_context.xdc] for cell 'tangerineA7_100_i/tangerineSOC_0/inst/fastRamInst'
Parsing XDC File [c:/Users/qubeck/Documents/Development/ProjektyVHDL/WukongBoard/tangerineA7_100/tangerineA7_100.gen/sources_1/ip/systemRam/systemRam/systemRam_in_context.xdc] for cell 'tangerineA7_100_i/tangerineSOC_0/inst/txtfbRamInst'
Finished Parsing XDC File [c:/Users/qubeck/Documents/Development/ProjektyVHDL/WukongBoard/tangerineA7_100/tangerineA7_100.gen/sources_1/ip/systemRam/systemRam/systemRam_in_context.xdc] for cell 'tangerineA7_100_i/tangerineSOC_0/inst/txtfbRamInst'
Parsing XDC File [c:/Users/qubeck/Documents/Development/ProjektyVHDL/WukongBoard/tangerineA7_100/tangerineA7_100.gen/sources_1/ip/systemRam/systemRam/systemRam_in_context.xdc] for cell 'tangerineA7_100_i/tangerineSOC_0/inst/systemRamInst'
Finished Parsing XDC File [c:/Users/qubeck/Documents/Development/ProjektyVHDL/WukongBoard/tangerineA7_100/tangerineA7_100.gen/sources_1/ip/systemRam/systemRam/systemRam_in_context.xdc] for cell 'tangerineA7_100_i/tangerineSOC_0/inst/systemRamInst'
Parsing XDC File [c:/Users/qubeck/Documents/Development/ProjektyVHDL/WukongBoard/tangerineA7_100/tangerineA7_100.gen/sources_1/bd/tangerineA7_100/ip/tangerineA7_100_clk_wiz_0_0/tangerineA7_100_clk_wiz_0_0_board.xdc] for cell 'tangerineA7_100_i/clk_wiz_0/inst'
Finished Parsing XDC File [c:/Users/qubeck/Documents/Development/ProjektyVHDL/WukongBoard/tangerineA7_100/tangerineA7_100.gen/sources_1/bd/tangerineA7_100/ip/tangerineA7_100_clk_wiz_0_0/tangerineA7_100_clk_wiz_0_0_board.xdc] for cell 'tangerineA7_100_i/clk_wiz_0/inst'
Parsing XDC File [c:/Users/qubeck/Documents/Development/ProjektyVHDL/WukongBoard/tangerineA7_100/tangerineA7_100.gen/sources_1/bd/tangerineA7_100/ip/tangerineA7_100_clk_wiz_0_0/tangerineA7_100_clk_wiz_0_0.xdc] for cell 'tangerineA7_100_i/clk_wiz_0/inst'
Finished Parsing XDC File [c:/Users/qubeck/Documents/Development/ProjektyVHDL/WukongBoard/tangerineA7_100/tangerineA7_100.gen/sources_1/bd/tangerineA7_100/ip/tangerineA7_100_clk_wiz_0_0/tangerineA7_100_clk_wiz_0_0.xdc] for cell 'tangerineA7_100_i/clk_wiz_0/inst'
Parsing XDC File [c:/Users/qubeck/Documents/Development/ProjektyVHDL/WukongBoard/tangerineA7_100/tangerineA7_100.gen/sources_1/bd/tangerineA7_100/ip/tangerineA7_100_clk_wiz_1_0/tangerineA7_100_clk_wiz_1_0_board.xdc] for cell 'tangerineA7_100_i/clk_wiz_1/inst'
Finished Parsing XDC File [c:/Users/qubeck/Documents/Development/ProjektyVHDL/WukongBoard/tangerineA7_100/tangerineA7_100.gen/sources_1/bd/tangerineA7_100/ip/tangerineA7_100_clk_wiz_1_0/tangerineA7_100_clk_wiz_1_0_board.xdc] for cell 'tangerineA7_100_i/clk_wiz_1/inst'
Parsing XDC File [c:/Users/qubeck/Documents/Development/ProjektyVHDL/WukongBoard/tangerineA7_100/tangerineA7_100.gen/sources_1/bd/tangerineA7_100/ip/tangerineA7_100_clk_wiz_1_0/tangerineA7_100_clk_wiz_1_0.xdc] for cell 'tangerineA7_100_i/clk_wiz_1/inst'
Finished Parsing XDC File [c:/Users/qubeck/Documents/Development/ProjektyVHDL/WukongBoard/tangerineA7_100/tangerineA7_100.gen/sources_1/bd/tangerineA7_100/ip/tangerineA7_100_clk_wiz_1_0/tangerineA7_100_clk_wiz_1_0.xdc] for cell 'tangerineA7_100_i/clk_wiz_1/inst'
Parsing XDC File [c:/Users/qubeck/Documents/Development/ProjektyVHDL/WukongBoard/tangerineA7_100/tangerineA7_100.gen/sources_1/bd/tangerineA7_100/ip/tangerineA7_100_clk_wiz_2_0/tangerineA7_100_clk_wiz_2_0_board.xdc] for cell 'tangerineA7_100_i/clk_wiz_2/inst'
Finished Parsing XDC File [c:/Users/qubeck/Documents/Development/ProjektyVHDL/WukongBoard/tangerineA7_100/tangerineA7_100.gen/sources_1/bd/tangerineA7_100/ip/tangerineA7_100_clk_wiz_2_0/tangerineA7_100_clk_wiz_2_0_board.xdc] for cell 'tangerineA7_100_i/clk_wiz_2/inst'
Parsing XDC File [c:/Users/qubeck/Documents/Development/ProjektyVHDL/WukongBoard/tangerineA7_100/tangerineA7_100.gen/sources_1/bd/tangerineA7_100/ip/tangerineA7_100_clk_wiz_2_0/tangerineA7_100_clk_wiz_2_0.xdc] for cell 'tangerineA7_100_i/clk_wiz_2/inst'
Finished Parsing XDC File [c:/Users/qubeck/Documents/Development/ProjektyVHDL/WukongBoard/tangerineA7_100/tangerineA7_100.gen/sources_1/bd/tangerineA7_100/ip/tangerineA7_100_clk_wiz_2_0/tangerineA7_100_clk_wiz_2_0.xdc] for cell 'tangerineA7_100_i/clk_wiz_2/inst'
Parsing XDC File [C:/Users/qubeck/Documents/Development/ProjektyVHDL/WukongBoard/tangerineA7_100/tangerineA7_100.srcs/constrs_1/new/tangerineA7_100.xdc]
Finished Parsing XDC File [C:/Users/qubeck/Documents/Development/ProjektyVHDL/WukongBoard/tangerineA7_100/tangerineA7_100.srcs/constrs_1/new/tangerineA7_100.xdc]
INFO: [Project 1-236] Implementation specific constraints were found while reading constraint file [C:/Users/qubeck/Documents/Development/ProjektyVHDL/WukongBoard/tangerineA7_100/tangerineA7_100.srcs/constrs_1/new/tangerineA7_100.xdc]. These constraints will be ignored for synthesis but will be used in implementation. Impacted constraints are listed in the file [.Xil/tangerineA7_100_wrapper_propImpl.xdc].
Resolution: To avoid this warning, move constraints listed in [.Xil/tangerineA7_100_wrapper_propImpl.xdc] to another XDC file and exclude this new file from synthesis with the used_in_synthesis property (File Properties dialog in GUI) and re-run elaboration/synthesis.
Parsing XDC File [C:/Users/qubeck/Documents/Development/ProjektyVHDL/WukongBoard/tangerineA7_100/tangerineA7_100.runs/synth_2/dont_touch.xdc]
Finished Parsing XDC File [C:/Users/qubeck/Documents/Development/ProjektyVHDL/WukongBoard/tangerineA7_100/tangerineA7_100.runs/synth_2/dont_touch.xdc]
INFO: [Project 1-236] Implementation specific constraints were found while reading constraint file [C:/Users/qubeck/Documents/Development/ProjektyVHDL/WukongBoard/tangerineA7_100/tangerineA7_100.runs/synth_2/dont_touch.xdc]. These constraints will be ignored for synthesis but will be used in implementation. Impacted constraints are listed in the file [.Xil/tangerineA7_100_wrapper_propImpl.xdc].
Resolution: To avoid this warning, move constraints listed in [.Xil/tangerineA7_100_wrapper_propImpl.xdc] to another XDC file and exclude this new file from synthesis with the used_in_synthesis property (File Properties dialog in GUI) and re-run elaboration/synthesis.
INFO: [Timing 38-2] Deriving generated clocks
Parsing XDC File [c:/Users/qubeck/Documents/Development/ProjektyVHDL/WukongBoard/tangerineA7_100/tangerineA7_100.gen/sources_1/bd/tangerineA7_100/ip/tangerineA7_100_clk_wiz_2_0/tangerineA7_100_clk_wiz_2_0_late.xdc] for cell 'tangerineA7_100_i/clk_wiz_2/inst'
Finished Parsing XDC File [c:/Users/qubeck/Documents/Development/ProjektyVHDL/WukongBoard/tangerineA7_100/tangerineA7_100.gen/sources_1/bd/tangerineA7_100/ip/tangerineA7_100_clk_wiz_2_0/tangerineA7_100_clk_wiz_2_0_late.xdc] for cell 'tangerineA7_100_i/clk_wiz_2/inst'
Completed Processing XDC Constraints

Netlist sorting complete. Time (s): cpu = 00:00:00 ; elapsed = 00:00:00.003 . Memory (MB): peak = 2735.867 ; gain = 0.000
INFO: [Project 1-111] Unisim Transformation Summary:
  A total of 8 instances were transformed.
  OBUFDS => OBUFDS: 4 instances
  ODDR2 => ODDR: 4 instances

Constraint Validation Runtime : Time (s): cpu = 00:00:00 ; elapsed = 00:00:00.068 . Memory (MB): peak = 2735.867 ; gain = 0.000
WARNING: [Timing 38-316] Clock period '20.000' specified during out-of-context synthesis of instance 'tangerineA7_100_i/tangerineSOC_0/inst/dmaCh2BufRamInst' at clock pin 'clka' is different from the actual clock period '6.154', this can lead to different synthesis results.
WARNING: [Timing 38-316] Clock period '20.000' specified during out-of-context synthesis of instance 'tangerineA7_100_i/tangerineSOC_0/inst/fastRamInst' at clock pin 'clka' is different from the actual clock period '6.154', this can lead to different synthesis results.
WARNING: [Timing 38-316] Clock period '20.000' specified during out-of-context synthesis of instance 'tangerineA7_100_i/tangerineSOC_0/inst/systemRamInst' at clock pin 'clka' is different from the actual clock period '6.154', this can lead to different synthesis results.
WARNING: [Timing 38-316] Clock period '20.000' specified during out-of-context synthesis of instance 'tangerineA7_100_i/tangerineSOC_0/inst/txtfbRamInst' at clock pin 'clka' is different from the actual clock period '6.154', this can lead to different synthesis results.
WARNING: [Timing 38-316] Clock period '10.000' specified during out-of-context synthesis of instance 'tangerineA7_100_i/tangerineSOC_0/inst/UARTInst/rxFiFoInst' at clock pin 'clk' is different from the actual clock period '6.154', this can lead to different synthesis results.
WARNING: [Timing 38-316] Clock period '20.000' specified during out-of-context synthesis of instance 'tangerineA7_100_i/tangerineSOC_0/inst/axiDMAInst/cacheDataRamW0Inst' at clock pin 'clka' is different from the actual clock period '6.154', this can lead to different synthesis results.
WARNING: [Timing 38-316] Clock period '20.000' specified during out-of-context synthesis of instance 'tangerineA7_100_i/tangerineSOC_0/inst/axiDMAInst/cacheDataRamW1Inst' at clock pin 'clka' is different from the actual clock period '6.154', this can lead to different synthesis results.
WARNING: [Timing 38-316] Clock period '20.000' specified during out-of-context synthesis of instance 'tangerineA7_100_i/tangerineSOC_0/inst/axiDMAInst/cacheDataRamW2Inst' at clock pin 'clka' is different from the actual clock period '6.154', this can lead to different synthesis results.
WARNING: [Timing 38-316] Clock period '20.000' specified during out-of-context synthesis of instance 'tangerineA7_100_i/tangerineSOC_0/inst/axiDMAInst/cacheDataRamW3Inst' at clock pin 'clka' is different from the actual clock period '6.154', this can lead to different synthesis results.
WARNING: [Timing 38-316] Clock period '20.000' specified during out-of-context synthesis of instance 'tangerineA7_100_i/tangerineSOC_0/inst/axiDMAInst/cacheTagRamW0Inst' at clock pin 'clka' is different from the actual clock period '6.154', this can lead to different synthesis results.
WARNING: [Timing 38-316] Clock period '20.000' specified during out-of-context synthesis of instance 'tangerineA7_100_i/tangerineSOC_0/inst/axiDMAInst/cacheTagRamW1Inst' at clock pin 'clka' is different from the actual clock period '6.154', this can lead to different synthesis results.
WARNING: [Timing 38-316] Clock period '20.000' specified during out-of-context synthesis of instance 'tangerineA7_100_i/tangerineSOC_0/inst/axiDMAInst/cacheTagRamW2Inst' at clock pin 'clka' is different from the actual clock period '6.154', this can lead to different synthesis results.
WARNING: [Timing 38-316] Clock period '20.000' specified during out-of-context synthesis of instance 'tangerineA7_100_i/tangerineSOC_0/inst/axiDMAInst/cacheTagRamW3Inst' at clock pin 'clka' is different from the actual clock period '6.154', this can lead to different synthesis results.
WARNING: [Timing 38-316] Clock period '20.000' specified during out-of-context synthesis of instance 'tangerineA7_100_i/tangerineSOC_0/inst/axiDMAInst/dmaCh1BufRamInst' at clock pin 'clka' is different from the actual clock period '12.308', this can lead to different synthesis results.
WARNING: [Timing 38-316] Clock period '100.000' specified during out-of-context synthesis of instance 'tangerineA7_100_i/tangerineSOC_0/inst/fpAluInst/fpAddSubInst' at clock pin 'aclk' is different from the actual clock period '6.154', this can lead to different synthesis results.
WARNING: [Timing 38-316] Clock period '100.000' specified during out-of-context synthesis of instance 'tangerineA7_100_i/tangerineSOC_0/inst/fpAluInst/fpDivInst' at clock pin 'aclk' is different from the actual clock period '6.154', this can lead to different synthesis results.
WARNING: [Timing 38-316] Clock period '100.000' specified during out-of-context synthesis of instance 'tangerineA7_100_i/tangerineSOC_0/inst/fpAluInst/fpMulinst' at clock pin 'aclk' is different from the actual clock period '6.154', this can lead to different synthesis results.
WARNING: [Timing 38-316] Clock period '10.000' specified during out-of-context synthesis of instance 'tangerineA7_100_i/tangerineSOC_0/inst/is2ControllerInst/i2sControllerFifoInst' at clock pin 'wr_clk' is different from the actual clock period '6.154', this can lead to different synthesis results.
WARNING: [Timing 38-316] Clock period '10.000' specified during out-of-context synthesis of instance 'tangerineA7_100_i/tangerineSOC_0/inst/ps2HostInst/ps2aFifoInst' at clock pin 'clk' is different from the actual clock period '6.154', this can lead to different synthesis results.
WARNING: [Timing 38-316] Clock period '10.000' specified during out-of-context synthesis of instance 'tangerineA7_100_i/tangerineSOC_0/inst/ps2HostInst/ps2bFifoInst' at clock pin 'clk' is different from the actual clock period '6.154', this can lead to different synthesis results.
WARNING: [Timing 38-316] Clock period '20.000' specified during out-of-context synthesis of instance 'tangerineA7_100_i/tangerineSOC_0/inst/vgaInst/fontPromInst' at clock pin 'clka' is different from the actual clock period '15.625', this can lead to different synthesis results.
---------------------------------------------------------------------------------
Finished Constraint Validation : Time (s): cpu = 00:00:14 ; elapsed = 00:00:14 . Memory (MB): peak = 2735.867 ; gain = 785.609
---------------------------------------------------------------------------------
---------------------------------------------------------------------------------
Start Loading Part and Timing Information
---------------------------------------------------------------------------------
Loading part: xc7a100tfgg676-1
---------------------------------------------------------------------------------
Finished Loading Part and Timing Information : Time (s): cpu = 00:00:14 ; elapsed = 00:00:14 . Memory (MB): peak = 2735.867 ; gain = 785.609
---------------------------------------------------------------------------------
---------------------------------------------------------------------------------
Start Applying 'set_property' XDC Constraints
---------------------------------------------------------------------------------
Applied set_property IO_BUFFER_TYPE = NONE for ddr3_addr[0]. (constraint file  c:/Users/qubeck/Documents/Development/ProjektyVHDL/WukongBoard/tangerineA7_100/tangerineA7_100.gen/sources_1/ip/mig_7series_tangerine/mig_7series_tangerine/mig_7series_tangerine_in_context.xdc, line 2).
Applied set_property CLOCK_BUFFER_TYPE = NONE for ddr3_addr[0]. (constraint file  c:/Users/qubeck/Documents/Development/ProjektyVHDL/WukongBoard/tangerineA7_100/tangerineA7_100.gen/sources_1/ip/mig_7series_tangerine/mig_7series_tangerine/mig_7series_tangerine_in_context.xdc, line 3).
Applied set_property IO_BUFFER_TYPE = NONE for ddr3_addr[10]. (constraint file  c:/Users/qubeck/Documents/Development/ProjektyVHDL/WukongBoard/tangerineA7_100/tangerineA7_100.gen/sources_1/ip/mig_7series_tangerine/mig_7series_tangerine/mig_7series_tangerine_in_context.xdc, line 4).
Applied set_property CLOCK_BUFFER_TYPE = NONE for ddr3_addr[10]. (constraint file  c:/Users/qubeck/Documents/Development/ProjektyVHDL/WukongBoard/tangerineA7_100/tangerineA7_100.gen/sources_1/ip/mig_7series_tangerine/mig_7series_tangerine/mig_7series_tangerine_in_context.xdc, line 5).
Applied set_property IO_BUFFER_TYPE = NONE for ddr3_addr[11]. (constraint file  c:/Users/qubeck/Documents/Development/ProjektyVHDL/WukongBoard/tangerineA7_100/tangerineA7_100.gen/sources_1/ip/mig_7series_tangerine/mig_7series_tangerine/mig_7series_tangerine_in_context.xdc, line 6).
Applied set_property CLOCK_BUFFER_TYPE = NONE for ddr3_addr[11]. (constraint file  c:/Users/qubeck/Documents/Development/ProjektyVHDL/WukongBoard/tangerineA7_100/tangerineA7_100.gen/sources_1/ip/mig_7series_tangerine/mig_7series_tangerine/mig_7series_tangerine_in_context.xdc, line 7).
Applied set_property IO_BUFFER_TYPE = NONE for ddr3_addr[12]. (constraint file  c:/Users/qubeck/Documents/Development/ProjektyVHDL/WukongBoard/tangerineA7_100/tangerineA7_100.gen/sources_1/ip/mig_7series_tangerine/mig_7series_tangerine/mig_7series_tangerine_in_context.xdc, line 8).
Applied set_property CLOCK_BUFFER_TYPE = NONE for ddr3_addr[12]. (constraint file  c:/Users/qubeck/Documents/Development/ProjektyVHDL/WukongBoard/tangerineA7_100/tangerineA7_100.gen/sources_1/ip/mig_7series_tangerine/mig_7series_tangerine/mig_7series_tangerine_in_context.xdc, line 9).
Applied set_property IO_BUFFER_TYPE = NONE for ddr3_addr[13]. (constraint file  c:/Users/qubeck/Documents/Development/ProjektyVHDL/WukongBoard/tangerineA7_100/tangerineA7_100.gen/sources_1/ip/mig_7series_tangerine/mig_7series_tangerine/mig_7series_tangerine_in_context.xdc, line 10).
Applied set_property CLOCK_BUFFER_TYPE = NONE for ddr3_addr[13]. (constraint file  c:/Users/qubeck/Documents/Development/ProjektyVHDL/WukongBoard/tangerineA7_100/tangerineA7_100.gen/sources_1/ip/mig_7series_tangerine/mig_7series_tangerine/mig_7series_tangerine_in_context.xdc, line 11).
Applied set_property IO_BUFFER_TYPE = NONE for ddr3_addr[1]. (constraint file  c:/Users/qubeck/Documents/Development/ProjektyVHDL/WukongBoard/tangerineA7_100/tangerineA7_100.gen/sources_1/ip/mig_7series_tangerine/mig_7series_tangerine/mig_7series_tangerine_in_context.xdc, line 12).
Applied set_property CLOCK_BUFFER_TYPE = NONE for ddr3_addr[1]. (constraint file  c:/Users/qubeck/Documents/Development/ProjektyVHDL/WukongBoard/tangerineA7_100/tangerineA7_100.gen/sources_1/ip/mig_7series_tangerine/mig_7series_tangerine/mig_7series_tangerine_in_context.xdc, line 13).
Applied set_property IO_BUFFER_TYPE = NONE for ddr3_addr[2]. (constraint file  c:/Users/qubeck/Documents/Development/ProjektyVHDL/WukongBoard/tangerineA7_100/tangerineA7_100.gen/sources_1/ip/mig_7series_tangerine/mig_7series_tangerine/mig_7series_tangerine_in_context.xdc, line 14).
Applied set_property CLOCK_BUFFER_TYPE = NONE for ddr3_addr[2]. (constraint file  c:/Users/qubeck/Documents/Development/ProjektyVHDL/WukongBoard/tangerineA7_100/tangerineA7_100.gen/sources_1/ip/mig_7series_tangerine/mig_7series_tangerine/mig_7series_tangerine_in_context.xdc, line 15).
Applied set_property IO_BUFFER_TYPE = NONE for ddr3_addr[3]. (constraint file  c:/Users/qubeck/Documents/Development/ProjektyVHDL/WukongBoard/tangerineA7_100/tangerineA7_100.gen/sources_1/ip/mig_7series_tangerine/mig_7series_tangerine/mig_7series_tangerine_in_context.xdc, line 16).
Applied set_property CLOCK_BUFFER_TYPE = NONE for ddr3_addr[3]. (constraint file  c:/Users/qubeck/Documents/Development/ProjektyVHDL/WukongBoard/tangerineA7_100/tangerineA7_100.gen/sources_1/ip/mig_7series_tangerine/mig_7series_tangerine/mig_7series_tangerine_in_context.xdc, line 17).
Applied set_property IO_BUFFER_TYPE = NONE for ddr3_addr[4]. (constraint file  c:/Users/qubeck/Documents/Development/ProjektyVHDL/WukongBoard/tangerineA7_100/tangerineA7_100.gen/sources_1/ip/mig_7series_tangerine/mig_7series_tangerine/mig_7series_tangerine_in_context.xdc, line 18).
Applied set_property CLOCK_BUFFER_TYPE = NONE for ddr3_addr[4]. (constraint file  c:/Users/qubeck/Documents/Development/ProjektyVHDL/WukongBoard/tangerineA7_100/tangerineA7_100.gen/sources_1/ip/mig_7series_tangerine/mig_7series_tangerine/mig_7series_tangerine_in_context.xdc, line 19).
Applied set_property IO_BUFFER_TYPE = NONE for ddr3_addr[5]. (constraint file  c:/Users/qubeck/Documents/Development/ProjektyVHDL/WukongBoard/tangerineA7_100/tangerineA7_100.gen/sources_1/ip/mig_7series_tangerine/mig_7series_tangerine/mig_7series_tangerine_in_context.xdc, line 20).
Applied set_property CLOCK_BUFFER_TYPE = NONE for ddr3_addr[5]. (constraint file  c:/Users/qubeck/Documents/Development/ProjektyVHDL/WukongBoard/tangerineA7_100/tangerineA7_100.gen/sources_1/ip/mig_7series_tangerine/mig_7series_tangerine/mig_7series_tangerine_in_context.xdc, line 21).
Applied set_property IO_BUFFER_TYPE = NONE for ddr3_addr[6]. (constraint file  c:/Users/qubeck/Documents/Development/ProjektyVHDL/WukongBoard/tangerineA7_100/tangerineA7_100.gen/sources_1/ip/mig_7series_tangerine/mig_7series_tangerine/mig_7series_tangerine_in_context.xdc, line 22).
Applied set_property CLOCK_BUFFER_TYPE = NONE for ddr3_addr[6]. (constraint file  c:/Users/qubeck/Documents/Development/ProjektyVHDL/WukongBoard/tangerineA7_100/tangerineA7_100.gen/sources_1/ip/mig_7series_tangerine/mig_7series_tangerine/mig_7series_tangerine_in_context.xdc, line 23).
Applied set_property IO_BUFFER_TYPE = NONE for ddr3_addr[7]. (constraint file  c:/Users/qubeck/Documents/Development/ProjektyVHDL/WukongBoard/tangerineA7_100/tangerineA7_100.gen/sources_1/ip/mig_7series_tangerine/mig_7series_tangerine/mig_7series_tangerine_in_context.xdc, line 24).
Applied set_property CLOCK_BUFFER_TYPE = NONE for ddr3_addr[7]. (constraint file  c:/Users/qubeck/Documents/Development/ProjektyVHDL/WukongBoard/tangerineA7_100/tangerineA7_100.gen/sources_1/ip/mig_7series_tangerine/mig_7series_tangerine/mig_7series_tangerine_in_context.xdc, line 25).
Applied set_property IO_BUFFER_TYPE = NONE for ddr3_addr[8]. (constraint file  c:/Users/qubeck/Documents/Development/ProjektyVHDL/WukongBoard/tangerineA7_100/tangerineA7_100.gen/sources_1/ip/mig_7series_tangerine/mig_7series_tangerine/mig_7series_tangerine_in_context.xdc, line 26).
Applied set_property CLOCK_BUFFER_TYPE = NONE for ddr3_addr[8]. (constraint file  c:/Users/qubeck/Documents/Development/ProjektyVHDL/WukongBoard/tangerineA7_100/tangerineA7_100.gen/sources_1/ip/mig_7series_tangerine/mig_7series_tangerine/mig_7series_tangerine_in_context.xdc, line 27).
Applied set_property IO_BUFFER_TYPE = NONE for ddr3_addr[9]. (constraint file  c:/Users/qubeck/Documents/Development/ProjektyVHDL/WukongBoard/tangerineA7_100/tangerineA7_100.gen/sources_1/ip/mig_7series_tangerine/mig_7series_tangerine/mig_7series_tangerine_in_context.xdc, line 28).
Applied set_property CLOCK_BUFFER_TYPE = NONE for ddr3_addr[9]. (constraint file  c:/Users/qubeck/Documents/Development/ProjektyVHDL/WukongBoard/tangerineA7_100/tangerineA7_100.gen/sources_1/ip/mig_7series_tangerine/mig_7series_tangerine/mig_7series_tangerine_in_context.xdc, line 29).
Applied set_property IO_BUFFER_TYPE = NONE for ddr3_ba[0]. (constraint file  c:/Users/qubeck/Documents/Development/ProjektyVHDL/WukongBoard/tangerineA7_100/tangerineA7_100.gen/sources_1/ip/mig_7series_tangerine/mig_7series_tangerine/mig_7series_tangerine_in_context.xdc, line 30).
Applied set_property CLOCK_BUFFER_TYPE = NONE for ddr3_ba[0]. (constraint file  c:/Users/qubeck/Documents/Development/ProjektyVHDL/WukongBoard/tangerineA7_100/tangerineA7_100.gen/sources_1/ip/mig_7series_tangerine/mig_7series_tangerine/mig_7series_tangerine_in_context.xdc, line 31).
Applied set_property IO_BUFFER_TYPE = NONE for ddr3_ba[1]. (constraint file  c:/Users/qubeck/Documents/Development/ProjektyVHDL/WukongBoard/tangerineA7_100/tangerineA7_100.gen/sources_1/ip/mig_7series_tangerine/mig_7series_tangerine/mig_7series_tangerine_in_context.xdc, line 32).
Applied set_property CLOCK_BUFFER_TYPE = NONE for ddr3_ba[1]. (constraint file  c:/Users/qubeck/Documents/Development/ProjektyVHDL/WukongBoard/tangerineA7_100/tangerineA7_100.gen/sources_1/ip/mig_7series_tangerine/mig_7series_tangerine/mig_7series_tangerine_in_context.xdc, line 33).
Applied set_property IO_BUFFER_TYPE = NONE for ddr3_ba[2]. (constraint file  c:/Users/qubeck/Documents/Development/ProjektyVHDL/WukongBoard/tangerineA7_100/tangerineA7_100.gen/sources_1/ip/mig_7series_tangerine/mig_7series_tangerine/mig_7series_tangerine_in_context.xdc, line 34).
Applied set_property CLOCK_BUFFER_TYPE = NONE for ddr3_ba[2]. (constraint file  c:/Users/qubeck/Documents/Development/ProjektyVHDL/WukongBoard/tangerineA7_100/tangerineA7_100.gen/sources_1/ip/mig_7series_tangerine/mig_7series_tangerine/mig_7series_tangerine_in_context.xdc, line 35).
Applied set_property IO_BUFFER_TYPE = NONE for ddr3_cas_n. (constraint file  c:/Users/qubeck/Documents/Development/ProjektyVHDL/WukongBoard/tangerineA7_100/tangerineA7_100.gen/sources_1/ip/mig_7series_tangerine/mig_7series_tangerine/mig_7series_tangerine_in_context.xdc, line 36).
Applied set_property CLOCK_BUFFER_TYPE = NONE for ddr3_cas_n. (constraint file  c:/Users/qubeck/Documents/Development/ProjektyVHDL/WukongBoard/tangerineA7_100/tangerineA7_100.gen/sources_1/ip/mig_7series_tangerine/mig_7series_tangerine/mig_7series_tangerine_in_context.xdc, line 37).
Applied set_property IO_BUFFER_TYPE = NONE for ddr3_ck_n[0]. (constraint file  c:/Users/qubeck/Documents/Development/ProjektyVHDL/WukongBoard/tangerineA7_100/tangerineA7_100.gen/sources_1/ip/mig_7series_tangerine/mig_7series_tangerine/mig_7series_tangerine_in_context.xdc, line 38).
Applied set_property CLOCK_BUFFER_TYPE = NONE for ddr3_ck_n[0]. (constraint file  c:/Users/qubeck/Documents/Development/ProjektyVHDL/WukongBoard/tangerineA7_100/tangerineA7_100.gen/sources_1/ip/mig_7series_tangerine/mig_7series_tangerine/mig_7series_tangerine_in_context.xdc, line 39).
Applied set_property IO_BUFFER_TYPE = NONE for ddr3_ck_p[0]. (constraint file  c:/Users/qubeck/Documents/Development/ProjektyVHDL/WukongBoard/tangerineA7_100/tangerineA7_100.gen/sources_1/ip/mig_7series_tangerine/mig_7series_tangerine/mig_7series_tangerine_in_context.xdc, line 40).
Applied set_property CLOCK_BUFFER_TYPE = NONE for ddr3_ck_p[0]. (constraint file  c:/Users/qubeck/Documents/Development/ProjektyVHDL/WukongBoard/tangerineA7_100/tangerineA7_100.gen/sources_1/ip/mig_7series_tangerine/mig_7series_tangerine/mig_7series_tangerine_in_context.xdc, line 41).
Applied set_property IO_BUFFER_TYPE = NONE for ddr3_cke[0]. (constraint file  c:/Users/qubeck/Documents/Development/ProjektyVHDL/WukongBoard/tangerineA7_100/tangerineA7_100.gen/sources_1/ip/mig_7series_tangerine/mig_7series_tangerine/mig_7series_tangerine_in_context.xdc, line 42).
Applied set_property CLOCK_BUFFER_TYPE = NONE for ddr3_cke[0]. (constraint file  c:/Users/qubeck/Documents/Development/ProjektyVHDL/WukongBoard/tangerineA7_100/tangerineA7_100.gen/sources_1/ip/mig_7series_tangerine/mig_7series_tangerine/mig_7series_tangerine_in_context.xdc, line 43).
Applied set_property IO_BUFFER_TYPE = NONE for ddr3_dm[0]. (constraint file  c:/Users/qubeck/Documents/Development/ProjektyVHDL/WukongBoard/tangerineA7_100/tangerineA7_100.gen/sources_1/ip/mig_7series_tangerine/mig_7series_tangerine/mig_7series_tangerine_in_context.xdc, line 44).
Applied set_property CLOCK_BUFFER_TYPE = NONE for ddr3_dm[0]. (constraint file  c:/Users/qubeck/Documents/Development/ProjektyVHDL/WukongBoard/tangerineA7_100/tangerineA7_100.gen/sources_1/ip/mig_7series_tangerine/mig_7series_tangerine/mig_7series_tangerine_in_context.xdc, line 45).
Applied set_property IO_BUFFER_TYPE = NONE for ddr3_dm[1]. (constraint file  c:/Users/qubeck/Documents/Development/ProjektyVHDL/WukongBoard/tangerineA7_100/tangerineA7_100.gen/sources_1/ip/mig_7series_tangerine/mig_7series_tangerine/mig_7series_tangerine_in_context.xdc, line 46).
Applied set_property CLOCK_BUFFER_TYPE = NONE for ddr3_dm[1]. (constraint file  c:/Users/qubeck/Documents/Development/ProjektyVHDL/WukongBoard/tangerineA7_100/tangerineA7_100.gen/sources_1/ip/mig_7series_tangerine/mig_7series_tangerine/mig_7series_tangerine_in_context.xdc, line 47).
Applied set_property IO_BUFFER_TYPE = NONE for ddr3_dq[0]. (constraint file  c:/Users/qubeck/Documents/Development/ProjektyVHDL/WukongBoard/tangerineA7_100/tangerineA7_100.gen/sources_1/ip/mig_7series_tangerine/mig_7series_tangerine/mig_7series_tangerine_in_context.xdc, line 48).
Applied set_property CLOCK_BUFFER_TYPE = NONE for ddr3_dq[0]. (constraint file  c:/Users/qubeck/Documents/Development/ProjektyVHDL/WukongBoard/tangerineA7_100/tangerineA7_100.gen/sources_1/ip/mig_7series_tangerine/mig_7series_tangerine/mig_7series_tangerine_in_context.xdc, line 49).
Applied set_property IO_BUFFER_TYPE = NONE for ddr3_dq[10]. (constraint file  c:/Users/qubeck/Documents/Development/ProjektyVHDL/WukongBoard/tangerineA7_100/tangerineA7_100.gen/sources_1/ip/mig_7series_tangerine/mig_7series_tangerine/mig_7series_tangerine_in_context.xdc, line 50).
Applied set_property CLOCK_BUFFER_TYPE = NONE for ddr3_dq[10]. (constraint file  c:/Users/qubeck/Documents/Development/ProjektyVHDL/WukongBoard/tangerineA7_100/tangerineA7_100.gen/sources_1/ip/mig_7series_tangerine/mig_7series_tangerine/mig_7series_tangerine_in_context.xdc, line 51).
Applied set_property IO_BUFFER_TYPE = NONE for ddr3_dq[11]. (constraint file  c:/Users/qubeck/Documents/Development/ProjektyVHDL/WukongBoard/tangerineA7_100/tangerineA7_100.gen/sources_1/ip/mig_7series_tangerine/mig_7series_tangerine/mig_7series_tangerine_in_context.xdc, line 52).
Applied set_property CLOCK_BUFFER_TYPE = NONE for ddr3_dq[11]. (constraint file  c:/Users/qubeck/Documents/Development/ProjektyVHDL/WukongBoard/tangerineA7_100/tangerineA7_100.gen/sources_1/ip/mig_7series_tangerine/mig_7series_tangerine/mig_7series_tangerine_in_context.xdc, line 53).
Applied set_property IO_BUFFER_TYPE = NONE for ddr3_dq[12]. (constraint file  c:/Users/qubeck/Documents/Development/ProjektyVHDL/WukongBoard/tangerineA7_100/tangerineA7_100.gen/sources_1/ip/mig_7series_tangerine/mig_7series_tangerine/mig_7series_tangerine_in_context.xdc, line 54).
Applied set_property CLOCK_BUFFER_TYPE = NONE for ddr3_dq[12]. (constraint file  c:/Users/qubeck/Documents/Development/ProjektyVHDL/WukongBoard/tangerineA7_100/tangerineA7_100.gen/sources_1/ip/mig_7series_tangerine/mig_7series_tangerine/mig_7series_tangerine_in_context.xdc, line 55).
Applied set_property IO_BUFFER_TYPE = NONE for ddr3_dq[13]. (constraint file  c:/Users/qubeck/Documents/Development/ProjektyVHDL/WukongBoard/tangerineA7_100/tangerineA7_100.gen/sources_1/ip/mig_7series_tangerine/mig_7series_tangerine/mig_7series_tangerine_in_context.xdc, line 56).
Applied set_property CLOCK_BUFFER_TYPE = NONE for ddr3_dq[13]. (constraint file  c:/Users/qubeck/Documents/Development/ProjektyVHDL/WukongBoard/tangerineA7_100/tangerineA7_100.gen/sources_1/ip/mig_7series_tangerine/mig_7series_tangerine/mig_7series_tangerine_in_context.xdc, line 57).
Applied set_property IO_BUFFER_TYPE = NONE for ddr3_dq[14]. (constraint file  c:/Users/qubeck/Documents/Development/ProjektyVHDL/WukongBoard/tangerineA7_100/tangerineA7_100.gen/sources_1/ip/mig_7series_tangerine/mig_7series_tangerine/mig_7series_tangerine_in_context.xdc, line 58).
Applied set_property CLOCK_BUFFER_TYPE = NONE for ddr3_dq[14]. (constraint file  c:/Users/qubeck/Documents/Development/ProjektyVHDL/WukongBoard/tangerineA7_100/tangerineA7_100.gen/sources_1/ip/mig_7series_tangerine/mig_7series_tangerine/mig_7series_tangerine_in_context.xdc, line 59).
Applied set_property IO_BUFFER_TYPE = NONE for ddr3_dq[15]. (constraint file  c:/Users/qubeck/Documents/Development/ProjektyVHDL/WukongBoard/tangerineA7_100/tangerineA7_100.gen/sources_1/ip/mig_7series_tangerine/mig_7series_tangerine/mig_7series_tangerine_in_context.xdc, line 60).
Applied set_property CLOCK_BUFFER_TYPE = NONE for ddr3_dq[15]. (constraint file  c:/Users/qubeck/Documents/Development/ProjektyVHDL/WukongBoard/tangerineA7_100/tangerineA7_100.gen/sources_1/ip/mig_7series_tangerine/mig_7series_tangerine/mig_7series_tangerine_in_context.xdc, line 61).
Applied set_property IO_BUFFER_TYPE = NONE for ddr3_dq[1]. (constraint file  c:/Users/qubeck/Documents/Development/ProjektyVHDL/WukongBoard/tangerineA7_100/tangerineA7_100.gen/sources_1/ip/mig_7series_tangerine/mig_7series_tangerine/mig_7series_tangerine_in_context.xdc, line 62).
Applied set_property CLOCK_BUFFER_TYPE = NONE for ddr3_dq[1]. (constraint file  c:/Users/qubeck/Documents/Development/ProjektyVHDL/WukongBoard/tangerineA7_100/tangerineA7_100.gen/sources_1/ip/mig_7series_tangerine/mig_7series_tangerine/mig_7series_tangerine_in_context.xdc, line 63).
Applied set_property IO_BUFFER_TYPE = NONE for ddr3_dq[2]. (constraint file  c:/Users/qubeck/Documents/Development/ProjektyVHDL/WukongBoard/tangerineA7_100/tangerineA7_100.gen/sources_1/ip/mig_7series_tangerine/mig_7series_tangerine/mig_7series_tangerine_in_context.xdc, line 64).
Applied set_property CLOCK_BUFFER_TYPE = NONE for ddr3_dq[2]. (constraint file  c:/Users/qubeck/Documents/Development/ProjektyVHDL/WukongBoard/tangerineA7_100/tangerineA7_100.gen/sources_1/ip/mig_7series_tangerine/mig_7series_tangerine/mig_7series_tangerine_in_context.xdc, line 65).
Applied set_property IO_BUFFER_TYPE = NONE for ddr3_dq[3]. (constraint file  c:/Users/qubeck/Documents/Development/ProjektyVHDL/WukongBoard/tangerineA7_100/tangerineA7_100.gen/sources_1/ip/mig_7series_tangerine/mig_7series_tangerine/mig_7series_tangerine_in_context.xdc, line 66).
Applied set_property CLOCK_BUFFER_TYPE = NONE for ddr3_dq[3]. (constraint file  c:/Users/qubeck/Documents/Development/ProjektyVHDL/WukongBoard/tangerineA7_100/tangerineA7_100.gen/sources_1/ip/mig_7series_tangerine/mig_7series_tangerine/mig_7series_tangerine_in_context.xdc, line 67).
Applied set_property IO_BUFFER_TYPE = NONE for ddr3_dq[4]. (constraint file  c:/Users/qubeck/Documents/Development/ProjektyVHDL/WukongBoard/tangerineA7_100/tangerineA7_100.gen/sources_1/ip/mig_7series_tangerine/mig_7series_tangerine/mig_7series_tangerine_in_context.xdc, line 68).
Applied set_property CLOCK_BUFFER_TYPE = NONE for ddr3_dq[4]. (constraint file  c:/Users/qubeck/Documents/Development/ProjektyVHDL/WukongBoard/tangerineA7_100/tangerineA7_100.gen/sources_1/ip/mig_7series_tangerine/mig_7series_tangerine/mig_7series_tangerine_in_context.xdc, line 69).
Applied set_property IO_BUFFER_TYPE = NONE for ddr3_dq[5]. (constraint file  c:/Users/qubeck/Documents/Development/ProjektyVHDL/WukongBoard/tangerineA7_100/tangerineA7_100.gen/sources_1/ip/mig_7series_tangerine/mig_7series_tangerine/mig_7series_tangerine_in_context.xdc, line 70).
Applied set_property CLOCK_BUFFER_TYPE = NONE for ddr3_dq[5]. (constraint file  c:/Users/qubeck/Documents/Development/ProjektyVHDL/WukongBoard/tangerineA7_100/tangerineA7_100.gen/sources_1/ip/mig_7series_tangerine/mig_7series_tangerine/mig_7series_tangerine_in_context.xdc, line 71).
Applied set_property IO_BUFFER_TYPE = NONE for ddr3_dq[6]. (constraint file  c:/Users/qubeck/Documents/Development/ProjektyVHDL/WukongBoard/tangerineA7_100/tangerineA7_100.gen/sources_1/ip/mig_7series_tangerine/mig_7series_tangerine/mig_7series_tangerine_in_context.xdc, line 72).
Applied set_property CLOCK_BUFFER_TYPE = NONE for ddr3_dq[6]. (constraint file  c:/Users/qubeck/Documents/Development/ProjektyVHDL/WukongBoard/tangerineA7_100/tangerineA7_100.gen/sources_1/ip/mig_7series_tangerine/mig_7series_tangerine/mig_7series_tangerine_in_context.xdc, line 73).
Applied set_property IO_BUFFER_TYPE = NONE for ddr3_dq[7]. (constraint file  c:/Users/qubeck/Documents/Development/ProjektyVHDL/WukongBoard/tangerineA7_100/tangerineA7_100.gen/sources_1/ip/mig_7series_tangerine/mig_7series_tangerine/mig_7series_tangerine_in_context.xdc, line 74).
Applied set_property CLOCK_BUFFER_TYPE = NONE for ddr3_dq[7]. (constraint file  c:/Users/qubeck/Documents/Development/ProjektyVHDL/WukongBoard/tangerineA7_100/tangerineA7_100.gen/sources_1/ip/mig_7series_tangerine/mig_7series_tangerine/mig_7series_tangerine_in_context.xdc, line 75).
Applied set_property IO_BUFFER_TYPE = NONE for ddr3_dq[8]. (constraint file  c:/Users/qubeck/Documents/Development/ProjektyVHDL/WukongBoard/tangerineA7_100/tangerineA7_100.gen/sources_1/ip/mig_7series_tangerine/mig_7series_tangerine/mig_7series_tangerine_in_context.xdc, line 76).
Applied set_property CLOCK_BUFFER_TYPE = NONE for ddr3_dq[8]. (constraint file  c:/Users/qubeck/Documents/Development/ProjektyVHDL/WukongBoard/tangerineA7_100/tangerineA7_100.gen/sources_1/ip/mig_7series_tangerine/mig_7series_tangerine/mig_7series_tangerine_in_context.xdc, line 77).
Applied set_property IO_BUFFER_TYPE = NONE for ddr3_dq[9]. (constraint file  c:/Users/qubeck/Documents/Development/ProjektyVHDL/WukongBoard/tangerineA7_100/tangerineA7_100.gen/sources_1/ip/mig_7series_tangerine/mig_7series_tangerine/mig_7series_tangerine_in_context.xdc, line 78).
Applied set_property CLOCK_BUFFER_TYPE = NONE for ddr3_dq[9]. (constraint file  c:/Users/qubeck/Documents/Development/ProjektyVHDL/WukongBoard/tangerineA7_100/tangerineA7_100.gen/sources_1/ip/mig_7series_tangerine/mig_7series_tangerine/mig_7series_tangerine_in_context.xdc, line 79).
Applied set_property IO_BUFFER_TYPE = NONE for ddr3_dqs_n[0]. (constraint file  c:/Users/qubeck/Documents/Development/ProjektyVHDL/WukongBoard/tangerineA7_100/tangerineA7_100.gen/sources_1/ip/mig_7series_tangerine/mig_7series_tangerine/mig_7series_tangerine_in_context.xdc, line 80).
Applied set_property CLOCK_BUFFER_TYPE = NONE for ddr3_dqs_n[0]. (constraint file  c:/Users/qubeck/Documents/Development/ProjektyVHDL/WukongBoard/tangerineA7_100/tangerineA7_100.gen/sources_1/ip/mig_7series_tangerine/mig_7series_tangerine/mig_7series_tangerine_in_context.xdc, line 81).
Applied set_property IO_BUFFER_TYPE = NONE for ddr3_dqs_n[1]. (constraint file  c:/Users/qubeck/Documents/Development/ProjektyVHDL/WukongBoard/tangerineA7_100/tangerineA7_100.gen/sources_1/ip/mig_7series_tangerine/mig_7series_tangerine/mig_7series_tangerine_in_context.xdc, line 82).
Applied set_property CLOCK_BUFFER_TYPE = NONE for ddr3_dqs_n[1]. (constraint file  c:/Users/qubeck/Documents/Development/ProjektyVHDL/WukongBoard/tangerineA7_100/tangerineA7_100.gen/sources_1/ip/mig_7series_tangerine/mig_7series_tangerine/mig_7series_tangerine_in_context.xdc, line 83).
Applied set_property IO_BUFFER_TYPE = NONE for ddr3_dqs_p[0]. (constraint file  c:/Users/qubeck/Documents/Development/ProjektyVHDL/WukongBoard/tangerineA7_100/tangerineA7_100.gen/sources_1/ip/mig_7series_tangerine/mig_7series_tangerine/mig_7series_tangerine_in_context.xdc, line 84).
Applied set_property CLOCK_BUFFER_TYPE = NONE for ddr3_dqs_p[0]. (constraint file  c:/Users/qubeck/Documents/Development/ProjektyVHDL/WukongBoard/tangerineA7_100/tangerineA7_100.gen/sources_1/ip/mig_7series_tangerine/mig_7series_tangerine/mig_7series_tangerine_in_context.xdc, line 85).
Applied set_property IO_BUFFER_TYPE = NONE for ddr3_dqs_p[1]. (constraint file  c:/Users/qubeck/Documents/Development/ProjektyVHDL/WukongBoard/tangerineA7_100/tangerineA7_100.gen/sources_1/ip/mig_7series_tangerine/mig_7series_tangerine/mig_7series_tangerine_in_context.xdc, line 86).
Applied set_property CLOCK_BUFFER_TYPE = NONE for ddr3_dqs_p[1]. (constraint file  c:/Users/qubeck/Documents/Development/ProjektyVHDL/WukongBoard/tangerineA7_100/tangerineA7_100.gen/sources_1/ip/mig_7series_tangerine/mig_7series_tangerine/mig_7series_tangerine_in_context.xdc, line 87).
Applied set_property IO_BUFFER_TYPE = NONE for ddr3_odt[0]. (constraint file  c:/Users/qubeck/Documents/Development/ProjektyVHDL/WukongBoard/tangerineA7_100/tangerineA7_100.gen/sources_1/ip/mig_7series_tangerine/mig_7series_tangerine/mig_7series_tangerine_in_context.xdc, line 88).
Applied set_property CLOCK_BUFFER_TYPE = NONE for ddr3_odt[0]. (constraint file  c:/Users/qubeck/Documents/Development/ProjektyVHDL/WukongBoard/tangerineA7_100/tangerineA7_100.gen/sources_1/ip/mig_7series_tangerine/mig_7series_tangerine/mig_7series_tangerine_in_context.xdc, line 89).
Applied set_property IO_BUFFER_TYPE = NONE for ddr3_ras_n. (constraint file  c:/Users/qubeck/Documents/Development/ProjektyVHDL/WukongBoard/tangerineA7_100/tangerineA7_100.gen/sources_1/ip/mig_7series_tangerine/mig_7series_tangerine/mig_7series_tangerine_in_context.xdc, line 90).
Applied set_property CLOCK_BUFFER_TYPE = NONE for ddr3_ras_n. (constraint file  c:/Users/qubeck/Documents/Development/ProjektyVHDL/WukongBoard/tangerineA7_100/tangerineA7_100.gen/sources_1/ip/mig_7series_tangerine/mig_7series_tangerine/mig_7series_tangerine_in_context.xdc, line 91).
Applied set_property IO_BUFFER_TYPE = NONE for ddr3_reset_n. (constraint file  c:/Users/qubeck/Documents/Development/ProjektyVHDL/WukongBoard/tangerineA7_100/tangerineA7_100.gen/sources_1/ip/mig_7series_tangerine/mig_7series_tangerine/mig_7series_tangerine_in_context.xdc, line 92).
Applied set_property CLOCK_BUFFER_TYPE = NONE for ddr3_reset_n. (constraint file  c:/Users/qubeck/Documents/Development/ProjektyVHDL/WukongBoard/tangerineA7_100/tangerineA7_100.gen/sources_1/ip/mig_7series_tangerine/mig_7series_tangerine/mig_7series_tangerine_in_context.xdc, line 93).
Applied set_property IO_BUFFER_TYPE = NONE for ddr3_we_n. (constraint file  c:/Users/qubeck/Documents/Development/ProjektyVHDL/WukongBoard/tangerineA7_100/tangerineA7_100.gen/sources_1/ip/mig_7series_tangerine/mig_7series_tangerine/mig_7series_tangerine_in_context.xdc, line 94).
Applied set_property CLOCK_BUFFER_TYPE = NONE for ddr3_we_n. (constraint file  c:/Users/qubeck/Documents/Development/ProjektyVHDL/WukongBoard/tangerineA7_100/tangerineA7_100.gen/sources_1/ip/mig_7series_tangerine/mig_7series_tangerine/mig_7series_tangerine_in_context.xdc, line 95).
Applied set_property KEEP_HIERARCHY = SOFT for tangerineA7_100_i/clk_wiz_0/inst. (constraint file  C:/Users/qubeck/Documents/Development/ProjektyVHDL/WukongBoard/tangerineA7_100/tangerineA7_100.runs/synth_2/dont_touch.xdc, line 82).
Applied set_property KEEP_HIERARCHY = SOFT for tangerineA7_100_i/clk_wiz_1/inst. (constraint file  C:/Users/qubeck/Documents/Development/ProjektyVHDL/WukongBoard/tangerineA7_100/tangerineA7_100.runs/synth_2/dont_touch.xdc, line 90).
Applied set_property KEEP_HIERARCHY = SOFT for tangerineA7_100_i/clk_wiz_2/inst. (constraint file  C:/Users/qubeck/Documents/Development/ProjektyVHDL/WukongBoard/tangerineA7_100/tangerineA7_100.runs/synth_2/dont_touch.xdc, line 98).
Applied set_property KEEP_HIERARCHY = SOFT for tangerineA7_100_i/tangerineMIGWrapper_0/inst/tangerineMIGInst. (constraint file  auto generated constraint).
Applied set_property KEEP_HIERARCHY = SOFT for tangerineA7_100_i/tangerineSOC_0/inst/is2ControllerInst/i2sControllerFifoInst. (constraint file  auto generated constraint).
Applied set_property KEEP_HIERARCHY = SOFT for tangerineA7_100_i/tangerineSOC_0/inst/fpAluInst/fpDivInst. (constraint file  auto generated constraint).
Applied set_property KEEP_HIERARCHY = SOFT for tangerineA7_100_i/tangerineSOC_0/inst/fpAluInst/fpMulinst. (constraint file  auto generated constraint).
Applied set_property KEEP_HIERARCHY = SOFT for tangerineA7_100_i/tangerineSOC_0/inst/fpAluInst/fpAddSubInst. (constraint file  auto generated constraint).
Applied set_property KEEP_HIERARCHY = SOFT for tangerineA7_100_i/tangerineSOC_0/inst/ps2HostInst/ps2aFifoInst. (constraint file  auto generated constraint).
Applied set_property KEEP_HIERARCHY = SOFT for tangerineA7_100_i/tangerineSOC_0/inst/ps2HostInst/ps2bFifoInst. (constraint file  auto generated constraint).
Applied set_property KEEP_HIERARCHY = SOFT for tangerineA7_100_i/tangerineSOC_0/inst/UARTInst/rxFiFoInst. (constraint file  auto generated constraint).
Applied set_property KEEP_HIERARCHY = SOFT for tangerineA7_100_i/tangerineSOC_0/inst/axiDMAInst/cacheTagRamW0Inst. (constraint file  auto generated constraint).
Applied set_property KEEP_HIERARCHY = SOFT for tangerineA7_100_i/tangerineSOC_0/inst/axiDMAInst/cacheTagRamW1Inst. (constraint file  auto generated constraint).
Applied set_property KEEP_HIERARCHY = SOFT for tangerineA7_100_i/tangerineSOC_0/inst/axiDMAInst/cacheTagRamW2Inst. (constraint file  auto generated constraint).
Applied set_property KEEP_HIERARCHY = SOFT for tangerineA7_100_i/tangerineSOC_0/inst/axiDMAInst/cacheTagRamW3Inst. (constraint file  auto generated constraint).
Applied set_property KEEP_HIERARCHY = SOFT for tangerineA7_100_i/tangerineSOC_0/inst/axiDMAInst/cacheDataRamW0Inst. (constraint file  auto generated constraint).
Applied set_property KEEP_HIERARCHY = SOFT for tangerineA7_100_i/tangerineSOC_0/inst/axiDMAInst/cacheDataRamW1Inst. (constraint file  auto generated constraint).
Applied set_property KEEP_HIERARCHY = SOFT for tangerineA7_100_i/tangerineSOC_0/inst/axiDMAInst/cacheDataRamW2Inst. (constraint file  auto generated constraint).
Applied set_property KEEP_HIERARCHY = SOFT for tangerineA7_100_i/tangerineSOC_0/inst/axiDMAInst/cacheDataRamW3Inst. (constraint file  auto generated constraint).
Applied set_property KEEP_HIERARCHY = SOFT for tangerineA7_100_i/tangerineSOC_0/inst/axiDMAInst/dmaCh1BufRamInst. (constraint file  auto generated constraint).
Applied set_property KEEP_HIERARCHY = SOFT for tangerineA7_100_i/tangerineSOC_0/inst/vgaInst/fontPromInst. (constraint file  auto generated constraint).
Applied set_property KEEP_HIERARCHY = SOFT for tangerineA7_100_i/tangerineSOC_0/inst/dmaCh2BufRamInst. (constraint file  auto generated constraint).
Applied set_property KEEP_HIERARCHY = SOFT for tangerineA7_100_i/tangerineSOC_0/inst/fastRamInst. (constraint file  auto generated constraint).
Applied set_property KEEP_HIERARCHY = SOFT for tangerineA7_100_i/tangerineSOC_0/inst/systemRamInst. (constraint file  auto generated constraint).
Applied set_property KEEP_HIERARCHY = SOFT for tangerineA7_100_i/tangerineSOC_0/inst/txtfbRamInst. (constraint file  auto generated constraint).
Applied set_property KEEP_HIERARCHY = SOFT for tangerineA7_100_i. (constraint file  auto generated constraint).
Applied set_property KEEP_HIERARCHY = SOFT for tangerineA7_100_i/clk_wiz_0. (constraint file  auto generated constraint).
Applied set_property KEEP_HIERARCHY = SOFT for tangerineA7_100_i/hdmiOut_0. (constraint file  auto generated constraint).
Applied set_property KEEP_HIERARCHY = SOFT for tangerineA7_100_i/clk_wiz_1. (constraint file  auto generated constraint).
Applied set_property KEEP_HIERARCHY = SOFT for tangerineA7_100_i/xlslice_0. (constraint file  auto generated constraint).
Applied set_property KEEP_HIERARCHY = SOFT for tangerineA7_100_i/xlconstant_0. (constraint file  auto generated constraint).
Applied set_property KEEP_HIERARCHY = SOFT for tangerineA7_100_i/tangerineMIGWrapper_0. (constraint file  auto generated constraint).
Applied set_property KEEP_HIERARCHY = SOFT for tangerineA7_100_i/clk_wiz_2. (constraint file  auto generated constraint).
Applied set_property KEEP_HIERARCHY = SOFT for tangerineA7_100_i/xlslice_1. (constraint file  auto generated constraint).
Applied set_property KEEP_HIERARCHY = SOFT for tangerineA7_100_i/tangerineSOC_0. (constraint file  auto generated constraint).
---------------------------------------------------------------------------------
Finished applying 'set_property' XDC Constraints : Time (s): cpu = 00:00:14 ; elapsed = 00:00:14 . Memory (MB): peak = 2735.867 ; gain = 785.609
---------------------------------------------------------------------------------
INFO: [Synth 8-802] inferred FSM for state register 'pgState_reg' in module 'pixelGenTxt'
INFO: [Synth 8-802] inferred FSM for state register 'pggState_reg' in module 'pixelGenGfx'
INFO: [Synth 8-802] inferred FSM for state register 'rvState_reg' in module 'nekoRv'
WARNING: [Synth 8-3936] Found unconnected internal register 'cacheA_reg' and it is trimmed from '32' to '28' bits. [C:/Users/qubeck/Documents/Development/ProjektyVHDL/WukongBoard/tangerineA7_100/tangerineA7_100.srcs/sources_1/new/axiDMA.vhd:363]
INFO: [Synth 8-802] inferred FSM for state register 'axiState_reg' in module 'axiDMA'
INFO: [Synth 8-802] inferred FSM for state register 'rxState_reg' in module 'UART'
INFO: [Synth 8-802] inferred FSM for state register 'txState_reg' in module 'UART'
INFO: [Synth 8-802] inferred FSM for state register 'ps2State_reg' in module 'ps2PortController'
INFO: [Synth 8-802] inferred FSM for state register 'spiState_reg' in module 'SPI'
INFO: [Synth 8-802] inferred FSM for state register 'regState_reg' in module 'fpAlu'
---------------------------------------------------------------------------------------------------
                   State |                     New Encoding |                Previous Encoding 
---------------------------------------------------------------------------------------------------
                  m0pre0 | 0000000000000000000000000000000000000001 |                           000000
                  m1pre0 | 0000000000000000000000000000000000000010 |                           011000
                  m1pre1 | 0000000000000000000000000000000000000100 |                           011001
                  m1pre2 | 0000000000000000000000000000000000001000 |                           011010
                  m1pre3 | 0000000000000000000000000000000000010000 |                           011011
                  m1pre4 | 0000000000000000000000000000000000100000 |                           011100
                  m1pre5 | 0000000000000000000000000000000001000000 |                           011101
                  m1pre6 | 0000000000000000000000000000000010000000 |                           011110
                    m1p0 | 0000000000000000000000000000000100000000 |                           011111
                    m1p1 | 0000000000000000000000000000001000000000 |                           100000
                    m1p2 | 0000000000000000000000000000010000000000 |                           100001
                    m1p3 | 0000000000000000000000000000100000000000 |                           100010
                    m1p4 | 0000000000000000000000000001000000000000 |                           100011
                    m1p5 | 0000000000000000000000000010000000000000 |                           100100
                    m1p6 | 0000000000000000000000000100000000000000 |                           100101
                    m1p7 | 0000000000000000000000001000000000000000 |                           100110
                m1hblank | 0000000000000000000000010000000000000000 |                           101111
                  m0pre1 | 0000000000000000000000100000000000000000 |                           000001
                  m0pre2 | 0000000000000000000001000000000000000000 |                           000010
                  m0pre3 | 0000000000000000000010000000000000000000 |                           000011
                  m0pre4 | 0000000000000000000100000000000000000000 |                           000100
                  m0pre5 | 0000000000000000001000000000000000000000 |                           000101
                  m0pre6 | 0000000000000000010000000000000000000000 |                           000110
                    m0p0 | 0000000000000000100000000000000000000000 |                           000111
                    m0p1 | 0000000000000001000000000000000000000000 |                           001000
                    m0p2 | 0000000000000010000000000000000000000000 |                           001001
                    m0p3 | 0000000000000100000000000000000000000000 |                           001010
                    m0p4 | 0000000000001000000000000000000000000000 |                           001011
                    m0p5 | 0000000000010000000000000000000000000000 |                           001100
                    m0p6 | 0000000000100000000000000000000000000000 |                           001101
                    m0p7 | 0000000001000000000000000000000000000000 |                           001110
                    m0p8 | 0000000010000000000000000000000000000000 |                           001111
                    m0p9 | 0000000100000000000000000000000000000000 |                           010000
                   m0p10 | 0000001000000000000000000000000000000000 |                           010001
                   m0p11 | 0000010000000000000000000000000000000000 |                           010010
                   m0p12 | 0000100000000000000000000000000000000000 |                           010011
                   m0p13 | 0001000000000000000000000000000000000000 |                           010100
                   m0p14 | 0010000000000000000000000000000000000000 |                           010101
                   m0p15 | 0100000000000000000000000000000000000000 |                           010110
                m0hblank | 1000000000000000000000000000000000000000 |                           010111
---------------------------------------------------------------------------------------------------
INFO: [Synth 8-3354] encoded FSM with state register 'pgState_reg' using encoding 'one-hot' in module 'pixelGenTxt'
---------------------------------------------------------------------------------------------------
                   State |                     New Encoding |                Previous Encoding 
---------------------------------------------------------------------------------------------------
                  m1pre0 | 0000000000000000000000000000000000001 |                           000001
               mdisabled | 0000000000000000000000000000000000010 |                           000000
                  m2pre0 | 0000000000000000000000000000000000100 |                           010100
                  m2pre1 | 0000000000000000000000000000000001000 |                           010101
                  m2pre2 | 0000000000000000000000000000000010000 |                           010110
                  m2pre3 | 0000000000000000000000000000000100000 |                           010111
                  m2pre4 | 0000000000000000000000000000001000000 |                           011000
                  m2pre5 | 0000000000000000000000000000010000000 |                           011001
                  m2pre6 | 0000000000000000000000000000100000000 |                           011010
                    m2p0 | 0000000000000000000000000001000000000 |                           011011
                    m2p1 | 0000000000000000000000000010000000000 |                           011100
                    m2p2 | 0000000000000000000000000100000000000 |                           011101
                    m2p3 | 0000000000000000000000001000000000000 |                           011110
                m2hblank | 0000000000000000000000010000000000000 |                           100010
                  m3pre0 | 0000000000000000000000100000000000000 |                           100011
                  m3pre1 | 0000000000000000000001000000000000000 |                           100100
                  m3pre2 | 0000000000000000000010000000000000000 |                           100101
                  m3pre3 | 0000000000000000000100000000000000000 |                           100110
                  m3pre4 | 0000000000000000001000000000000000000 |                           100111
                  m3pre5 | 0000000000000000010000000000000000000 |                           101000
                  m3pre6 | 0000000000000000100000000000000000000 |                           101001
                    m3p0 | 0000000000000001000000000000000000000 |                           101010
                    m3p1 | 0000000000000010000000000000000000000 |                           101011
                m3hblank | 0000000000000100000000000000000000000 |                           110001
                  m1pre1 | 0000000000001000000000000000000000000 |                           000010
                  m1pre2 | 0000000000010000000000000000000000000 |                           000011
                  m1pre3 | 0000000000100000000000000000000000000 |                           000100
                  m1pre4 | 0000000001000000000000000000000000000 |                           000101
                  m1pre5 | 0000000010000000000000000000000000000 |                           000110
                  m1pre6 | 0000000100000000000000000000000000000 |                           000111
                    m1p0 | 0000001000000000000000000000000000000 |                           001000
                    m1p1 | 0000010000000000000000000000000000000 |                           001001
                    m1p2 | 0000100000000000000000000000000000000 |                           001010
                    m1p3 | 0001000000000000000000000000000000000 |                           001011
                    m1p4 | 0010000000000000000000000000000000000 |                           001100
                    m1p5 | 0100000000000000000000000000000000000 |                           001101
                m1hblank | 1000000000000000000000000000000000000 |                           010011
---------------------------------------------------------------------------------------------------
INFO: [Synth 8-3354] encoded FSM with state register 'pggState_reg' using encoding 'one-hot' in module 'pixelGenGfx'
---------------------------------------------------------------------------------------------------
                   State |                     New Encoding |                Previous Encoding 
---------------------------------------------------------------------------------------------------
                  asidle | 00000000000000000000000000000000001 |                           000000
              asch1read0 | 00000000000000000000000000000000010 |                           001111
              asch1read1 | 00000000000000000000000000000000100 |                           010000
              asch1read2 | 00000000000000000000000000000001000 |                           010001
              asch2fill0 | 00000000000000000000000000000010000 |                           010011
              asch2fill1 | 00000000000000000000000000000100000 |                           010100
              asch2fill2 | 00000000000000000000000000001000000 |                           010101
              asch2read0 | 00000000000000000000000000010000000 |                           010110
              asch2read1 | 00000000000000000000000000100000000 |                           010111
              asch2read2 | 00000000000000000000000001000000000 |                           011000
             asch2write0 | 00000000000000000000000010000000000 |                           011001
             asch2write1 | 00000000000000000000000100000000000 |                           011010
             asch2write2 | 00000000000000000000001000000000000 |                           011011
         asch2readshift0 | 00000000000000000000010000000000000 |                           011100
         asch2readshift1 | 00000000000000000000100000000000000 |                           011101
         asch2readshift2 | 00000000000000000001000000000000000 |                           011110
         asch2readshift3 | 00000000000000000010000000000000000 |                           011111
         asch2maskwrite0 | 00000000000000000100000000000000000 |                           100000
         asch2maskwrite1 | 00000000000000001000000000000000000 |                           100001
         asch2maskwrite2 | 00000000000000010000000000000000000 |                           100010
                ascache0 | 00000000000000100000000000000000000 |                           000110
            ascachefill0 | 00000000000001000000000000000000000 |                           000111
            ascachefill1 | 00000000000010000000000000000000000 |                           001000
            ascachefill2 | 00000000000100000000000000000000000 |                           001001
            ascachefill3 | 00000000001000000000000000000000000 |                           001010
            ascachefill4 | 00000000010000000000000000000000000 |                           001011
            ascachefill5 | 00000000100000000000000000000000000 |                           001100
                aswrite0 | 00000001000000000000000000000000000 |                           000011
                aswrite1 | 00000010000000000000000000000000000 |                           000100
                aswrite2 | 00000100000000000000000000000000000 |                           000101
                 asread0 | 00001000000000000000000000000000000 |                           000001
                 asread1 | 00010000000000000000000000000000000 |                           000010
    asch0transactiondone | 00100000000000000000000000000000000 |                           001101
    asch3transactiondone | 01000000000000000000000000000000000 |                           001110
                  iSTATE | 10000000000000000000000000000000000 |                           111111
*
---------------------------------------------------------------------------------------------------
INFO: [Synth 8-3354] encoded FSM with state register 'axiState_reg' using encoding 'one-hot' in module 'axiDMA'
---------------------------------------------------------------------------------------------------
                   State |                     New Encoding |                Previous Encoding 
---------------------------------------------------------------------------------------------------
                 txsidle |                     000000000001 |                             0000
 txswaitforstroberelease |                     000000000010 |                             0001
             txsstartbit |                     000000000100 |                             0010
                   txsb0 |                     000000001000 |                             0011
                   txsb1 |                     000000010000 |                             0100
                   txsb2 |                     000000100000 |                             0101
                   txsb3 |                     000001000000 |                             0110
                   txsb4 |                     000010000000 |                             0111
                   txsb5 |                     000100000000 |                             1000
                   txsb6 |                     001000000000 |                             1001
                   txsb7 |                     010000000000 |                             1010
              txsstopbit |                     100000000000 |                             1011
---------------------------------------------------------------------------------------------------
INFO: [Synth 8-3354] encoded FSM with state register 'txState_reg' using encoding 'one-hot' in module 'UART'
---------------------------------------------------------------------------------------------------
                   State |                     New Encoding |                Previous Encoding 
---------------------------------------------------------------------------------------------------
      rxswaitforstartbit |                       0000000001 |                             0000
                   rxsb0 |                       0000000010 |                             0001
                   rxsb1 |                       0000000100 |                             0010
                   rxsb2 |                       0000001000 |                             0011
                   rxsb3 |                       0000010000 |                             0100
                   rxsb4 |                       0000100000 |                             0101
                   rxsb5 |                       0001000000 |                             0110
                   rxsb6 |                       0010000000 |                             0111
                   rxsb7 |                       0100000000 |                             1000
              rxsstopbit |                       1000000000 |                             1001
---------------------------------------------------------------------------------------------------
INFO: [Synth 8-3354] encoded FSM with state register 'rxState_reg' using encoding 'one-hot' in module 'UART'
---------------------------------------------------------------------------------------------------
                   State |                     New Encoding |                Previous Encoding 
---------------------------------------------------------------------------------------------------
               ps2starth |                00000000000000001 |                            00000
               ps2startl |                00000000000000010 |                            00001
                ps2datah |                00000000000000100 |                            00010
                ps2datal |                00000000000001000 |                            00011
              ps2parityh |                00000000000010000 |                            00100
              ps2parityl |                00000000000100000 |                            00101
                ps2stoph |                00000000001000000 |                            00110
                ps2stopl |                00000000010000000 |                            00111
         ps2wrpulseclock |                00000000100000000 |                            01000
             ps2wrstarth |                00000001000000000 |                            01001
              ps2wrdatal |                00000010000000000 |                            01100
              ps2wrdatah |                00000100000000000 |                            01011
            ps2wrparityl |                00001000000000000 |                            01110
            ps2wrparityh |                00010000000000000 |                            01101
              ps2wrstopl |                00100000000000000 |                            10000
              ps2wrstoph |                01000000000000000 |                            01111
               ps2wrackl |                10000000000000000 |                            10001
---------------------------------------------------------------------------------------------------
INFO: [Synth 8-3354] encoded FSM with state register 'ps2State_reg' using encoding 'one-hot' in module 'ps2PortController'
---------------------------------------------------------------------------------------------------
                   State |                     New Encoding |                Previous Encoding 
---------------------------------------------------------------------------------------------------
                 spiidle |               000000000000000001 |                            00000
 spiwaitforstroberelease |               000000000000000010 |                            00001
                  spib7l |               000000000000000100 |                            00010
                  spib7h |               000000000000001000 |                            00011
                  spib6l |               000000000000010000 |                            00100
                  spib6h |               000000000000100000 |                            00101
                  spib5l |               000000000001000000 |                            00110
                  spib5h |               000000000010000000 |                            00111
                  spib4l |               000000000100000000 |                            01000
                  spib4h |               000000001000000000 |                            01001
                  spib3l |               000000010000000000 |                            01010
                  spib3h |               000000100000000000 |                            01011
                  spib2l |               000001000000000000 |                            01100
                  spib2h |               000010000000000000 |                            01101
                  spib1l |               000100000000000000 |                            01110
                  spib1h |               001000000000000000 |                            01111
                  spib0l |               010000000000000000 |                            10000
                  spib0h |               100000000000000000 |                            10001
---------------------------------------------------------------------------------------------------
INFO: [Synth 8-3354] encoded FSM with state register 'spiState_reg' using encoding 'one-hot' in module 'SPI'
---------------------------------------------------------------------------------------------------
                   State |                     New Encoding |                Previous Encoding 
---------------------------------------------------------------------------------------------------
      rswaitforregaccess |                             0001 |                               00
         rswaitforresult |                             0010 |                               01
    rswaitforbuscycleend |                             0100 |                               10
                  iSTATE |                             1000 |                               11
*
---------------------------------------------------------------------------------------------------
INFO: [Synth 8-3354] encoded FSM with state register 'regState_reg' using encoding 'one-hot' in module 'fpAlu'
---------------------------------------------------------------------------------
Finished RTL Optimization Phase 2 : Time (s): cpu = 00:00:17 ; elapsed = 00:00:18 . Memory (MB): peak = 2735.867 ; gain = 785.609
---------------------------------------------------------------------------------
---------------------------------------------------------------------------------
Start RTL Component Statistics 
---------------------------------------------------------------------------------
Detailed RTL Component Info : 
+---Adders : 
	   2 Input   64 Bit       Adders := 1     
	   2 Input   32 Bit       Adders := 15    
	   3 Input   32 Bit       Adders := 6     
	   2 Input   25 Bit       Adders := 10    
	   3 Input   16 Bit       Adders := 21    
	   2 Input   16 Bit       Adders := 11    
	   2 Input   14 Bit       Adders := 1     
	   2 Input   12 Bit       Adders := 9     
	   3 Input   12 Bit       Adders := 2     
	   2 Input   11 Bit       Adders := 1     
	   2 Input    9 Bit       Adders := 1     
	   2 Input    8 Bit       Adders := 7     
	   2 Input    6 Bit       Adders := 1     
	   2 Input    5 Bit       Adders := 4     
	   8 Input    4 Bit       Adders := 3     
	   9 Input    4 Bit       Adders := 3     
	  11 Input    4 Bit       Adders := 3     
	   4 Input    4 Bit       Adders := 3     
	   3 Input    4 Bit       Adders := 3     
	  10 Input    4 Bit       Adders := 3     
	   2 Input    4 Bit       Adders := 5     
	   2 Input    3 Bit       Adders := 1     
	   2 Input    2 Bit       Adders := 1     
+---XORs : 
	   2 Input     32 Bit         XORs := 4     
	   2 Input      1 Bit         XORs := 43    
+---Registers : 
	              512 Bit    Registers := 4     
	              128 Bit    Registers := 9     
	               66 Bit    Registers := 1     
	               64 Bit    Registers := 5     
	               32 Bit    Registers := 115   
	               28 Bit    Registers := 1     
	               25 Bit    Registers := 6     
	               24 Bit    Registers := 4     
	               16 Bit    Registers := 82    
	               14 Bit    Registers := 3     
	               12 Bit    Registers := 12    
	               11 Bit    Registers := 7     
	               10 Bit    Registers := 10    
	                9 Bit    Registers := 2     
	                8 Bit    Registers := 54    
	                7 Bit    Registers := 2     
	                6 Bit    Registers := 1     
	                5 Bit    Registers := 6     
	                4 Bit    Registers := 20    
	                3 Bit    Registers := 6     
	                2 Bit    Registers := 13    
	                1 Bit    Registers := 112   
+---Multipliers : 
	              32x33  Multipliers := 1     
	              32x32  Multipliers := 5     
+---RAMs : 
	             1024 Bit	(512 X 2 bit)          RAMs := 1     
+---Muxes : 
	  35 Input  512 Bit        Muxes := 8     
	   4 Input  512 Bit        Muxes := 8     
	  35 Input  128 Bit        Muxes := 6     
	   5 Input  128 Bit        Muxes := 1     
	   2 Input  128 Bit        Muxes := 5     
	   8 Input  128 Bit        Muxes := 3     
	   4 Input  128 Bit        Muxes := 1     
	   2 Input  112 Bit        Muxes := 1     
	   8 Input  112 Bit        Muxes := 1     
	   2 Input   64 Bit        Muxes := 6     
	  13 Input   64 Bit        Muxes := 1     
	  11 Input   64 Bit        Muxes := 1     
	  40 Input   40 Bit        Muxes := 1     
	   2 Input   40 Bit        Muxes := 4     
	  37 Input   37 Bit        Muxes := 1     
	   4 Input   37 Bit        Muxes := 1     
	   2 Input   37 Bit        Muxes := 6     
	  35 Input   35 Bit        Muxes := 1     
	   2 Input   35 Bit        Muxes := 41    
	   6 Input   35 Bit        Muxes := 1     
	  35 Input   32 Bit        Muxes := 4     
	   2 Input   32 Bit        Muxes := 58    
	   4 Input   32 Bit        Muxes := 10    
	  29 Input   32 Bit        Muxes := 1     
	   7 Input   32 Bit        Muxes := 3     
	  17 Input   32 Bit        Muxes := 2     
	  10 Input   32 Bit        Muxes := 1     
	   3 Input   32 Bit        Muxes := 1     
	   8 Input   32 Bit        Muxes := 1     
	  13 Input   32 Bit        Muxes := 5     
	  11 Input   32 Bit        Muxes := 1     
	   2 Input   28 Bit        Muxes := 1     
	   4 Input   25 Bit        Muxes := 1     
	  29 Input   25 Bit        Muxes := 1     
	   2 Input   24 Bit        Muxes := 2     
	   2 Input   18 Bit        Muxes := 1     
	  17 Input   17 Bit        Muxes := 2     
	   2 Input   17 Bit        Muxes := 38    
	  35 Input   16 Bit        Muxes := 3     
	   4 Input   16 Bit        Muxes := 1     
	   2 Input   16 Bit        Muxes := 26    
	   8 Input   16 Bit        Muxes := 2     
	   5 Input   16 Bit        Muxes := 1     
	  12 Input   16 Bit        Muxes := 1     
	  10 Input   16 Bit        Muxes := 1     
	  17 Input   16 Bit        Muxes := 2     
	   2 Input   14 Bit        Muxes := 2     
	  40 Input   14 Bit        Muxes := 2     
	  13 Input   12 Bit        Muxes := 1     
	  35 Input   11 Bit        Muxes := 1     
	   2 Input   11 Bit        Muxes := 1     
	  40 Input   11 Bit        Muxes := 1     
	  37 Input   11 Bit        Muxes := 2     
	   5 Input   10 Bit        Muxes := 6     
	   4 Input   10 Bit        Muxes := 3     
	   2 Input   10 Bit        Muxes := 9     
	   2 Input    9 Bit        Muxes := 7     
	  35 Input    9 Bit        Muxes := 1     
	  35 Input    8 Bit        Muxes := 6     
	   2 Input    8 Bit        Muxes := 35    
	  40 Input    8 Bit        Muxes := 5     
	  37 Input    8 Bit        Muxes := 3     
	  10 Input    8 Bit        Muxes := 2     
	  17 Input    8 Bit        Muxes := 2     
	  18 Input    8 Bit        Muxes := 1     
	   4 Input    8 Bit        Muxes := 1     
	  13 Input    8 Bit        Muxes := 1     
	   2 Input    6 Bit        Muxes := 4     
	   2 Input    5 Bit        Muxes := 14    
	   8 Input    5 Bit        Muxes := 1     
	   3 Input    5 Bit        Muxes := 1     
	  29 Input    5 Bit        Muxes := 1     
	   2 Input    4 Bit        Muxes := 30    
	  35 Input    4 Bit        Muxes := 1     
	  40 Input    4 Bit        Muxes := 1     
	  29 Input    4 Bit        Muxes := 2     
	   8 Input    4 Bit        Muxes := 3     
	   6 Input    4 Bit        Muxes := 1     
	   3 Input    4 Bit        Muxes := 1     
	  17 Input    4 Bit        Muxes := 2     
	   4 Input    4 Bit        Muxes := 1     
	  11 Input    4 Bit        Muxes := 2     
	  13 Input    4 Bit        Muxes := 2     
	  19 Input    3 Bit        Muxes := 1     
	   2 Input    3 Bit        Muxes := 4     
	  37 Input    3 Bit        Muxes := 1     
	  29 Input    3 Bit        Muxes := 4     
	  11 Input    3 Bit        Muxes := 1     
	   4 Input    3 Bit        Muxes := 1     
	  35 Input    2 Bit        Muxes := 2     
	   2 Input    2 Bit        Muxes := 12    
	   5 Input    2 Bit        Muxes := 1     
	  37 Input    2 Bit        Muxes := 1     
	  29 Input    2 Bit        Muxes := 2     
	   3 Input    2 Bit        Muxes := 1     
	  13 Input    2 Bit        Muxes := 1     
	  35 Input    1 Bit        Muxes := 53    
	   2 Input    1 Bit        Muxes := 421   
	  19 Input    1 Bit        Muxes := 15    
	   6 Input    1 Bit        Muxes := 8     
	   7 Input    1 Bit        Muxes := 17    
	   5 Input    1 Bit        Muxes := 1     
	   4 Input    1 Bit        Muxes := 31    
	  40 Input    1 Bit        Muxes := 11    
	  37 Input    1 Bit        Muxes := 9     
	   3 Input    1 Bit        Muxes := 9     
	  46 Input    1 Bit        Muxes := 43    
	   8 Input    1 Bit        Muxes := 20    
	  29 Input    1 Bit        Muxes := 23    
	  13 Input    1 Bit        Muxes := 29    
	  12 Input    1 Bit        Muxes := 5     
	  10 Input    1 Bit        Muxes := 9     
	  17 Input    1 Bit        Muxes := 34    
	  18 Input    1 Bit        Muxes := 7     
	  11 Input    1 Bit        Muxes := 12    
---------------------------------------------------------------------------------
Finished RTL Component Statistics 
---------------------------------------------------------------------------------
---------------------------------------------------------------------------------
Start Part Resource Summary
---------------------------------------------------------------------------------
Part Resources:
DSPs: 240 (col length:80)
BRAMs: 270 (col length: RAMB18 80 RAMB36 40)
---------------------------------------------------------------------------------
Finished Part Resource Summary
---------------------------------------------------------------------------------
---------------------------------------------------------------------------------
Start Cross Boundary and Area Optimization
---------------------------------------------------------------------------------
INFO: [Synth 8-5544] ROM "p_2_out0" won't be mapped to Block RAM because address size (3) smaller than threshold (5)
INFO: [Synth 8-5544] ROM "m00_axi_wdata" won't be mapped to Block RAM because address size (2) smaller than threshold (5)
INFO: [Synth 8-5544] ROM "ch2BufDOut" won't be mapped to Block RAM because address size (3) smaller than threshold (5)
INFO: [Synth 8-3333] propagating constant 1 across sequential element (\m00_axi_awcache_reg[0] )
INFO: [Synth 8-3333] propagating constant 1 across sequential element (\m00_axi_awcache_reg[1] )
INFO: [Synth 8-3333] propagating constant 0 across sequential element (\m00_axi_awcache_reg[2] )
INFO: [Synth 8-3333] propagating constant 0 across sequential element (\m00_axi_awcache_reg[3] )
INFO: [Synth 8-3333] propagating constant 0 across sequential element (m00_axi_awlock_reg)
INFO: [Synth 8-3333] propagating constant 1 across sequential element (\m00_axi_awburst_reg[0] )
INFO: [Synth 8-3333] propagating constant 0 across sequential element (\m00_axi_awburst_reg[1] )
INFO: [Synth 8-3333] propagating constant 0 across sequential element (\m00_axi_awsize_reg[0] )
INFO: [Synth 8-3333] propagating constant 0 across sequential element (\m00_axi_awsize_reg[1] )
INFO: [Synth 8-3333] propagating constant 1 across sequential element (\m00_axi_awsize_reg[2] )
INFO: [Synth 8-3333] propagating constant 0 across sequential element (\m00_axi_awid_reg[0] )
INFO: [Synth 8-3333] propagating constant 0 across sequential element (\m00_axi_awid_reg[1] )
INFO: [Synth 8-3333] propagating constant 0 across sequential element (\m00_axi_awid_reg[2] )
INFO: [Synth 8-3333] propagating constant 0 across sequential element (\m00_axi_awid_reg[3] )
INFO: [Synth 8-3333] propagating constant 1 across sequential element (\m00_axi_arcache_reg[0] )
INFO: [Synth 8-3333] propagating constant 1 across sequential element (\m00_axi_arcache_reg[1] )
INFO: [Synth 8-3333] propagating constant 0 across sequential element (\m00_axi_arcache_reg[2] )
INFO: [Synth 8-3333] propagating constant 0 across sequential element (\m00_axi_arcache_reg[3] )
INFO: [Synth 8-3333] propagating constant 0 across sequential element (m00_axi_arlock_reg)
INFO: [Synth 8-3333] propagating constant 1 across sequential element (\m00_axi_arburst_reg[0] )
INFO: [Synth 8-3333] propagating constant 0 across sequential element (\m00_axi_arburst_reg[1] )
INFO: [Synth 8-3333] propagating constant 0 across sequential element (\m00_axi_arsize_reg[0] )
INFO: [Synth 8-3333] propagating constant 0 across sequential element (\m00_axi_arsize_reg[1] )
INFO: [Synth 8-3333] propagating constant 1 across sequential element (\m00_axi_arsize_reg[2] )
INFO: [Synth 8-3333] propagating constant 0 across sequential element (\m00_axi_arid_reg[0] )
INFO: [Synth 8-3333] propagating constant 0 across sequential element (\m00_axi_arid_reg[1] )
INFO: [Synth 8-3333] propagating constant 0 across sequential element (\m00_axi_arid_reg[2] )
INFO: [Synth 8-3333] propagating constant 0 across sequential element (\m00_axi_arid_reg[3] )
INFO: [Synth 8-3333] propagating constant 0 across sequential element (\m00_axi_arprot_reg[0] )
INFO: [Synth 8-3333] propagating constant 0 across sequential element (\m00_axi_arprot_reg[1] )
INFO: [Synth 8-3333] propagating constant 0 across sequential element (\m00_axi_arprot_reg[2] )
INFO: [Synth 8-3333] propagating constant 0 across sequential element (\m00_axi_awprot_reg[0] )
INFO: [Synth 8-3333] propagating constant 0 across sequential element (\m00_axi_awprot_reg[1] )
INFO: [Synth 8-3333] propagating constant 0 across sequential element (\m00_axi_awprot_reg[2] )
INFO: [Synth 8-3333] propagating constant 0 across sequential element (\selectedChannel_reg[2] )
INFO: [Synth 8-3333] propagating constant 0 across sequential element (\selectedChannel_reg[3] )
INFO: [Synth 8-5544] ROM "lutBackgroundColorVar" won't be mapped to Block RAM because address size (4) smaller than threshold (5)
INFO: [Synth 8-5544] ROM "lutLetterColorVar" won't be mapped to Block RAM because address size (4) smaller than threshold (5)
INFO: [Synth 8-5544] ROM "pixelGenGfxInst/pggState" won't be mapped to Block RAM because address size (2) smaller than threshold (5)
DSP Report: Generating DSP leftMult_reg, operation Mode is: (A2*B2)'.
DSP Report: register b_y_reg is absorbed into DSP leftMult_reg.
DSP Report: register a_x_reg is absorbed into DSP leftMult_reg.
DSP Report: register leftMult_reg is absorbed into DSP leftMult_reg.
DSP Report: operator multOp is absorbed into DSP leftMult_reg.
DSP Report: Generating DSP edge_reg, operation Mode is: (PCIN-(A2*B2)')'.
DSP Report: register b_x_reg is absorbed into DSP edge_reg.
DSP Report: register a_y_reg is absorbed into DSP edge_reg.
DSP Report: register edge_reg is absorbed into DSP edge_reg.
DSP Report: register rightMult_reg is absorbed into DSP edge_reg.
DSP Report: operator minusOp is absorbed into DSP edge_reg.
DSP Report: operator multOp is absorbed into DSP edge_reg.
DSP Report: Generating DSP leftMult_reg, operation Mode is: (A2*B2)'.
DSP Report: register b_y_reg is absorbed into DSP leftMult_reg.
DSP Report: register a_x_reg is absorbed into DSP leftMult_reg.
DSP Report: register leftMult_reg is absorbed into DSP leftMult_reg.
DSP Report: operator multOp is absorbed into DSP leftMult_reg.
DSP Report: Generating DSP edge_reg, operation Mode is: (PCIN-(A2*B2)')'.
DSP Report: register b_x_reg is absorbed into DSP edge_reg.
DSP Report: register a_y_reg is absorbed into DSP edge_reg.
DSP Report: register edge_reg is absorbed into DSP edge_reg.
DSP Report: register rightMult_reg is absorbed into DSP edge_reg.
DSP Report: operator minusOp is absorbed into DSP edge_reg.
DSP Report: operator multOp is absorbed into DSP edge_reg.
DSP Report: Generating DSP leftMult_reg, operation Mode is: (A2*B2)'.
DSP Report: register b_y_reg is absorbed into DSP leftMult_reg.
DSP Report: register a_x_reg is absorbed into DSP leftMult_reg.
DSP Report: register leftMult_reg is absorbed into DSP leftMult_reg.
DSP Report: operator multOp is absorbed into DSP leftMult_reg.
DSP Report: Generating DSP edge_reg, operation Mode is: (PCIN-(A2*B2)')'.
DSP Report: register b_x_reg is absorbed into DSP edge_reg.
DSP Report: register a_y_reg is absorbed into DSP edge_reg.
DSP Report: register edge_reg is absorbed into DSP edge_reg.
DSP Report: register rightMult_reg is absorbed into DSP edge_reg.
DSP Report: operator minusOp is absorbed into DSP edge_reg.
DSP Report: operator multOp is absorbed into DSP edge_reg.
DSP Report: Generating DSP leftMult_reg, operation Mode is: (A2*B2)'.
DSP Report: register b_y_reg is absorbed into DSP leftMult_reg.
DSP Report: register a_x_reg is absorbed into DSP leftMult_reg.
DSP Report: register leftMult_reg is absorbed into DSP leftMult_reg.
DSP Report: operator multOp is absorbed into DSP leftMult_reg.
DSP Report: Generating DSP edge_reg, operation Mode is: (PCIN-(A2*B2)')'.
DSP Report: register b_x_reg is absorbed into DSP edge_reg.
DSP Report: register a_y_reg is absorbed into DSP edge_reg.
DSP Report: register edge_reg is absorbed into DSP edge_reg.
DSP Report: register rightMult_reg is absorbed into DSP edge_reg.
DSP Report: operator minusOp is absorbed into DSP edge_reg.
DSP Report: operator multOp is absorbed into DSP edge_reg.
INFO: [Synth 8-5845] Not enough pipeline registers after wide multiplier. Recommended levels of pipeline registers is 4 [C:/Users/qubeck/Documents/Development/ProjektyVHDL/WukongBoard/tangerineA7_100/tangerineA7_100.srcs/sources_1/new/blitter/gouraudWeight.vhd:39]
INFO: [Synth 8-5845] Not enough pipeline registers after wide multiplier. Recommended levels of pipeline registers is 4 [C:/Users/qubeck/Documents/Development/ProjektyVHDL/WukongBoard/tangerineA7_100/tangerineA7_100.srcs/sources_1/new/blitter/gouraudWeight.vhd:39]
INFO: [Synth 8-5845] Not enough pipeline registers after wide multiplier. Recommended levels of pipeline registers is 4 [C:/Users/qubeck/Documents/Development/ProjektyVHDL/WukongBoard/tangerineA7_100/tangerineA7_100.srcs/sources_1/new/blitter/gouraudWeight.vhd:39]
WARNING: [Synth 8-6014] Unused sequential element gouraudWeightBAInst/weight_reg was removed.  [C:/Users/qubeck/Documents/Development/ProjektyVHDL/WukongBoard/tangerineA7_100/tangerineA7_100.srcs/sources_1/new/blitter/gouraudWeight.vhd:41]
WARNING: [Synth 8-6014] Unused sequential element gouraudWeightCBInst/weight_reg was removed.  [C:/Users/qubeck/Documents/Development/ProjektyVHDL/WukongBoard/tangerineA7_100/tangerineA7_100.srcs/sources_1/new/blitter/gouraudWeight.vhd:41]
WARNING: [Synth 8-6014] Unused sequential element gouraudWeightACInst/weight_reg was removed.  [C:/Users/qubeck/Documents/Development/ProjektyVHDL/WukongBoard/tangerineA7_100/tangerineA7_100.srcs/sources_1/new/blitter/gouraudWeight.vhd:41]
DSP Report: Generating DSP dpSa0, operation Mode is: C+A*B2.
DSP Report: register dpSa0 is absorbed into DSP dpSa0.
DSP Report: operator dpSa0 is absorbed into DSP dpSa0.
DSP Report: operator dpSa1 is absorbed into DSP dpSa0.
DSP Report: Generating DSP gouraudWeightACInst/weight0, operation Mode is: A*B.
DSP Report: operator gouraudWeightACInst/weight0 is absorbed into DSP gouraudWeightACInst/weight0.
DSP Report: operator gouraudWeightACInst/weight0 is absorbed into DSP gouraudWeightACInst/weight0.
DSP Report: Generating DSP gouraudWeightACInst/weight_reg, operation Mode is: (PCIN>>17)+A*B.
DSP Report: register gouraudWeightACInst/weight_reg is absorbed into DSP gouraudWeightACInst/weight_reg.
DSP Report: operator gouraudWeightACInst/weight0 is absorbed into DSP gouraudWeightACInst/weight_reg.
DSP Report: operator gouraudWeightACInst/weight0 is absorbed into DSP gouraudWeightACInst/weight_reg.
DSP Report: Generating DSP gouraudWeightACInst/weight0, operation Mode is: A*B.
DSP Report: operator gouraudWeightACInst/weight0 is absorbed into DSP gouraudWeightACInst/weight0.
DSP Report: operator gouraudWeightACInst/weight0 is absorbed into DSP gouraudWeightACInst/weight0.
DSP Report: Generating DSP gouraudWeightACInst/weight_reg, operation Mode is: (PCIN>>17)+A*B.
DSP Report: register gouraudWeightACInst/weight_reg is absorbed into DSP gouraudWeightACInst/weight_reg.
DSP Report: operator gouraudWeightACInst/weight0 is absorbed into DSP gouraudWeightACInst/weight_reg.
DSP Report: operator gouraudWeightACInst/weight0 is absorbed into DSP gouraudWeightACInst/weight_reg.
DSP Report: Generating DSP gouraudWeightCBInst/weight0, operation Mode is: A*B.
DSP Report: operator gouraudWeightCBInst/weight0 is absorbed into DSP gouraudWeightCBInst/weight0.
DSP Report: operator gouraudWeightCBInst/weight0 is absorbed into DSP gouraudWeightCBInst/weight0.
DSP Report: Generating DSP gouraudWeightCBInst/weight_reg, operation Mode is: (PCIN>>17)+A*B.
DSP Report: register gouraudWeightCBInst/weight_reg is absorbed into DSP gouraudWeightCBInst/weight_reg.
DSP Report: operator gouraudWeightCBInst/weight0 is absorbed into DSP gouraudWeightCBInst/weight_reg.
DSP Report: operator gouraudWeightCBInst/weight0 is absorbed into DSP gouraudWeightCBInst/weight_reg.
DSP Report: Generating DSP gouraudWeightCBInst/weight0, operation Mode is: A*B.
DSP Report: operator gouraudWeightCBInst/weight0 is absorbed into DSP gouraudWeightCBInst/weight0.
DSP Report: operator gouraudWeightCBInst/weight0 is absorbed into DSP gouraudWeightCBInst/weight0.
DSP Report: Generating DSP gouraudWeightCBInst/weight_reg, operation Mode is: (PCIN>>17)+A*B.
DSP Report: register gouraudWeightCBInst/weight_reg is absorbed into DSP gouraudWeightCBInst/weight_reg.
DSP Report: operator gouraudWeightCBInst/weight0 is absorbed into DSP gouraudWeightCBInst/weight_reg.
DSP Report: operator gouraudWeightCBInst/weight0 is absorbed into DSP gouraudWeightCBInst/weight_reg.
DSP Report: Generating DSP gouraudWeightBAInst/weight0, operation Mode is: A*B.
DSP Report: operator gouraudWeightBAInst/weight0 is absorbed into DSP gouraudWeightBAInst/weight0.
DSP Report: operator gouraudWeightBAInst/weight0 is absorbed into DSP gouraudWeightBAInst/weight0.
DSP Report: Generating DSP gouraudWeightBAInst/weight_reg, operation Mode is: (PCIN>>17)+A*B.
DSP Report: register gouraudWeightBAInst/weight_reg is absorbed into DSP gouraudWeightBAInst/weight_reg.
DSP Report: operator gouraudWeightBAInst/weight0 is absorbed into DSP gouraudWeightBAInst/weight_reg.
DSP Report: operator gouraudWeightBAInst/weight0 is absorbed into DSP gouraudWeightBAInst/weight_reg.
DSP Report: Generating DSP gouraudWeightBAInst/weight0, operation Mode is: A*B.
DSP Report: operator gouraudWeightBAInst/weight0 is absorbed into DSP gouraudWeightBAInst/weight0.
DSP Report: operator gouraudWeightBAInst/weight0 is absorbed into DSP gouraudWeightBAInst/weight0.
DSP Report: Generating DSP gouraudWeightBAInst/weight_reg, operation Mode is: (PCIN>>17)+A*B.
DSP Report: register gouraudWeightBAInst/weight_reg is absorbed into DSP gouraudWeightBAInst/weight_reg.
DSP Report: operator gouraudWeightBAInst/weight0 is absorbed into DSP gouraudWeightBAInst/weight_reg.
DSP Report: operator gouraudWeightBAInst/weight0 is absorbed into DSP gouraudWeightBAInst/weight_reg.
DSP Report: Generating DSP gouraudIterator0Inst/mul3_reg, operation Mode is: (A*B)'.
DSP Report: register gouraudIterator0Inst/mul3_reg is absorbed into DSP gouraudIterator0Inst/mul3_reg.
DSP Report: operator gouraudIterator0Inst/multOp is absorbed into DSP gouraudIterator0Inst/mul3_reg.
DSP Report: Generating DSP gouraudIterator0Inst/plusOp, operation Mode is: PCIN+(A*B)'.
DSP Report: register gouraudIterator0Inst/mul1_reg is absorbed into DSP gouraudIterator0Inst/plusOp.
DSP Report: operator gouraudIterator0Inst/multOp is absorbed into DSP gouraudIterator0Inst/plusOp.
DSP Report: operator gouraudIterator0Inst/plusOp is absorbed into DSP gouraudIterator0Inst/plusOp.
DSP Report: Generating DSP gouraudIterator0Inst/plusOp, operation Mode is: PCIN+(A*B)'.
DSP Report: register gouraudIterator0Inst/mul2_reg is absorbed into DSP gouraudIterator0Inst/plusOp.
DSP Report: operator gouraudIterator0Inst/multOp is absorbed into DSP gouraudIterator0Inst/plusOp.
DSP Report: operator gouraudIterator0Inst/plusOp is absorbed into DSP gouraudIterator0Inst/plusOp.
DSP Report: Generating DSP gouraudIterator1Inst/mul3_reg, operation Mode is: (A*B)'.
DSP Report: register gouraudIterator1Inst/mul3_reg is absorbed into DSP gouraudIterator1Inst/mul3_reg.
DSP Report: operator gouraudIterator1Inst/multOp is absorbed into DSP gouraudIterator1Inst/mul3_reg.
DSP Report: Generating DSP gouraudIterator1Inst/plusOp, operation Mode is: PCIN+(A*B)'.
DSP Report: register gouraudIterator1Inst/mul1_reg is absorbed into DSP gouraudIterator1Inst/plusOp.
DSP Report: operator gouraudIterator1Inst/multOp is absorbed into DSP gouraudIterator1Inst/plusOp.
DSP Report: operator gouraudIterator1Inst/plusOp is absorbed into DSP gouraudIterator1Inst/plusOp.
DSP Report: Generating DSP gouraudIterator1Inst/plusOp, operation Mode is: PCIN+(A*B)'.
DSP Report: register gouraudIterator1Inst/mul2_reg is absorbed into DSP gouraudIterator1Inst/plusOp.
DSP Report: operator gouraudIterator1Inst/multOp is absorbed into DSP gouraudIterator1Inst/plusOp.
DSP Report: operator gouraudIterator1Inst/plusOp is absorbed into DSP gouraudIterator1Inst/plusOp.
DSP Report: Generating DSP gouraudIterator3Inst/mul3_reg, operation Mode is: (A*B)'.
DSP Report: register gouraudIterator3Inst/mul3_reg is absorbed into DSP gouraudIterator3Inst/mul3_reg.
DSP Report: operator gouraudIterator3Inst/multOp is absorbed into DSP gouraudIterator3Inst/mul3_reg.
DSP Report: Generating DSP gouraudIterator3Inst/plusOp, operation Mode is: PCIN+(A*B)'.
DSP Report: register gouraudIterator3Inst/mul1_reg is absorbed into DSP gouraudIterator3Inst/plusOp.
DSP Report: operator gouraudIterator3Inst/multOp is absorbed into DSP gouraudIterator3Inst/plusOp.
DSP Report: operator gouraudIterator3Inst/plusOp is absorbed into DSP gouraudIterator3Inst/plusOp.
DSP Report: Generating DSP gouraudIterator3Inst/plusOp, operation Mode is: PCIN+(A*B)'.
DSP Report: register gouraudIterator3Inst/mul2_reg is absorbed into DSP gouraudIterator3Inst/plusOp.
DSP Report: operator gouraudIterator3Inst/multOp is absorbed into DSP gouraudIterator3Inst/plusOp.
DSP Report: operator gouraudIterator3Inst/plusOp is absorbed into DSP gouraudIterator3Inst/plusOp.
DSP Report: Generating DSP gouraudIterator2Inst/mul3_reg, operation Mode is: (A*B)'.
DSP Report: register gouraudIterator2Inst/mul3_reg is absorbed into DSP gouraudIterator2Inst/mul3_reg.
DSP Report: operator gouraudIterator2Inst/multOp is absorbed into DSP gouraudIterator2Inst/mul3_reg.
DSP Report: Generating DSP gouraudIterator2Inst/plusOp, operation Mode is: PCIN+(A*B)'.
DSP Report: register gouraudIterator2Inst/mul1_reg is absorbed into DSP gouraudIterator2Inst/plusOp.
DSP Report: operator gouraudIterator2Inst/multOp is absorbed into DSP gouraudIterator2Inst/plusOp.
DSP Report: operator gouraudIterator2Inst/plusOp is absorbed into DSP gouraudIterator2Inst/plusOp.
DSP Report: Generating DSP gouraudIterator2Inst/plusOp, operation Mode is: PCIN+(A*B)'.
DSP Report: register gouraudIterator2Inst/mul2_reg is absorbed into DSP gouraudIterator2Inst/plusOp.
DSP Report: operator gouraudIterator2Inst/multOp is absorbed into DSP gouraudIterator2Inst/plusOp.
DSP Report: operator gouraudIterator2Inst/plusOp is absorbed into DSP gouraudIterator2Inst/plusOp.
INFO: [Common 17-14] Message 'Synth 8-7129' appears 100 times and further instances of the messages will be disabled. Use the Tcl command set_msg_config to change the current settings.
INFO: [Synth 8-3333] propagating constant 0 across sequential element (vgaInst/\pixelGenInst/pgVTotal_reg[0] )
INFO: [Synth 8-3333] propagating constant 0 across sequential element (vgaInst/\pixelGenInst/pgVTotal_reg[1] )
INFO: [Synth 8-3333] propagating constant 1 across sequential element (vgaInst/\pixelGenInst/pgVTotal_reg[2] )
INFO: [Synth 8-3333] propagating constant 0 across sequential element (vgaInst/\pixelGenInst/pgVTotal_reg[3] )
INFO: [Synth 8-3333] propagating constant 0 across sequential element (vgaInst/\pixelGenInst/pgVTotal_reg[4] )
INFO: [Synth 8-3333] propagating constant 1 across sequential element (vgaInst/\pixelGenInst/pgVTotal_reg[5] )
INFO: [Synth 8-3333] propagating constant 1 across sequential element (vgaInst/\pixelGenInst/pgVTotal_reg[6] )
INFO: [Synth 8-3333] propagating constant 1 across sequential element (vgaInst/\pixelGenInst/pgVTotal_reg[7] )
INFO: [Synth 8-3333] propagating constant 0 across sequential element (vgaInst/\pixelGenInst/pgVTotal_reg[8] )
INFO: [Synth 8-3333] propagating constant 1 across sequential element (vgaInst/\pixelGenInst/pgVTotal_reg[9] )
INFO: [Synth 8-3333] propagating constant 0 across sequential element (vgaInst/\pixelGenInst/pgVTotal_reg[10] )
INFO: [Synth 8-3333] propagating constant 0 across sequential element (vgaInst/\pixelGenInst/pgVTotal_reg[11] )
INFO: [Synth 8-3333] propagating constant 1 across sequential element (vgaInst/\pixelGenInst/pgHTotal_reg[0] )
INFO: [Synth 8-3333] propagating constant 1 across sequential element (vgaInst/\pixelGenInst/pgHTotal_reg[1] )
INFO: [Synth 8-3333] propagating constant 1 across sequential element (vgaInst/\pixelGenInst/pgHTotal_reg[2] )
INFO: [Synth 8-3333] propagating constant 1 across sequential element (vgaInst/\pixelGenInst/pgHTotal_reg[3] )
INFO: [Synth 8-3333] propagating constant 1 across sequential element (vgaInst/\pixelGenInst/pgHTotal_reg[4] )
INFO: [Synth 8-3333] propagating constant 0 across sequential element (vgaInst/\pixelGenInst/pgHTotal_reg[5] )
INFO: [Synth 8-3333] propagating constant 0 across sequential element (vgaInst/\pixelGenInst/pgHTotal_reg[6] )
INFO: [Synth 8-3333] propagating constant 1 across sequential element (vgaInst/\pixelGenInst/pgHTotal_reg[7] )
INFO: [Synth 8-3333] propagating constant 1 across sequential element (vgaInst/\pixelGenInst/pgHTotal_reg[8] )
INFO: [Synth 8-3333] propagating constant 0 across sequential element (vgaInst/\pixelGenInst/pgHTotal_reg[9] )
INFO: [Synth 8-3333] propagating constant 1 across sequential element (vgaInst/\pixelGenInst/pgHTotal_reg[10] )
INFO: [Synth 8-3333] propagating constant 0 across sequential element (vgaInst/\pixelGenInst/pgHTotal_reg[11] )
INFO: [Synth 8-3333] propagating constant 0 across sequential element (vgaInst/\pixelGenInst/pgFetchEnableEnd_reg[0] )
INFO: [Synth 8-3333] propagating constant 0 across sequential element (vgaInst/\pixelGenInst/pgFetchEnableEnd_reg[1] )
INFO: [Synth 8-3333] propagating constant 0 across sequential element (vgaInst/\pixelGenInst/pgFetchEnableEnd_reg[2] )
INFO: [Synth 8-3333] propagating constant 1 across sequential element (vgaInst/\pixelGenInst/pgFetchEnableEnd_reg[3] )
INFO: [Synth 8-3333] propagating constant 0 across sequential element (vgaInst/\pixelGenInst/pgFetchEnableEnd_reg[4] )
INFO: [Synth 8-3333] propagating constant 0 across sequential element (vgaInst/\pixelGenInst/pgFetchEnableEnd_reg[5] )
INFO: [Synth 8-3333] propagating constant 1 across sequential element (vgaInst/\pixelGenInst/pgFetchEnableEnd_reg[6] )
INFO: [Synth 8-3333] propagating constant 0 across sequential element (vgaInst/\pixelGenInst/pgFetchEnableEnd_reg[7] )
INFO: [Synth 8-3333] propagating constant 1 across sequential element (vgaInst/\pixelGenInst/pgFetchEnableEnd_reg[8] )
INFO: [Synth 8-3333] propagating constant 0 across sequential element (vgaInst/\pixelGenInst/pgFetchEnableEnd_reg[9] )
INFO: [Synth 8-3333] propagating constant 1 across sequential element (vgaInst/\pixelGenInst/pgFetchEnableEnd_reg[10] )
INFO: [Synth 8-3333] propagating constant 0 across sequential element (vgaInst/\pixelGenInst/pgFetchEnableEnd_reg[11] )
INFO: [Synth 8-3333] propagating constant 0 across sequential element (vgaInst/\pixelGenInst/pgFetchEnableStart_reg[0] )
INFO: [Synth 8-3333] propagating constant 0 across sequential element (vgaInst/\pixelGenInst/pgFetchEnableStart_reg[1] )
INFO: [Synth 8-3333] propagating constant 0 across sequential element (vgaInst/\pixelGenInst/pgFetchEnableStart_reg[2] )
INFO: [Synth 8-3333] propagating constant 1 across sequential element (vgaInst/\pixelGenInst/pgFetchEnableStart_reg[3] )
INFO: [Synth 8-3333] propagating constant 0 across sequential element (vgaInst/\pixelGenInst/pgFetchEnableStart_reg[4] )
INFO: [Synth 8-3333] propagating constant 0 across sequential element (vgaInst/\pixelGenInst/pgFetchEnableStart_reg[5] )
INFO: [Synth 8-3333] propagating constant 1 across sequential element (vgaInst/\pixelGenInst/pgFetchEnableStart_reg[6] )
INFO: [Synth 8-3333] propagating constant 0 across sequential element (vgaInst/\pixelGenInst/pgFetchEnableStart_reg[7] )
INFO: [Synth 8-3333] propagating constant 0 across sequential element (vgaInst/\pixelGenInst/pgFetchEnableStart_reg[8] )
INFO: [Synth 8-3333] propagating constant 0 across sequential element (vgaInst/\pixelGenInst/pgFetchEnableStart_reg[9] )
INFO: [Synth 8-3333] propagating constant 0 across sequential element (vgaInst/\pixelGenInst/pgFetchEnableStart_reg[10] )
INFO: [Synth 8-3333] propagating constant 0 across sequential element (vgaInst/\pixelGenInst/pgFetchEnableStart_reg[11] )
INFO: [Synth 8-3333] propagating constant 1 across sequential element (blitterInst/triangleAreaDivisorInst/\n_reg[31] )
INFO: [Synth 8-3333] propagating constant 1 across sequential element (blitterInst/triangleAreaDivisorInst/\n_reg[30] )
INFO: [Synth 8-3333] propagating constant 1 across sequential element (blitterInst/triangleAreaDivisorInst/\n_reg[29] )
INFO: [Synth 8-3333] propagating constant 1 across sequential element (blitterInst/triangleAreaDivisorInst/\n_reg[28] )
INFO: [Synth 8-3333] propagating constant 1 across sequential element (blitterInst/triangleAreaDivisorInst/\n_reg[27] )
INFO: [Synth 8-3333] propagating constant 1 across sequential element (blitterInst/triangleAreaDivisorInst/\n_reg[26] )
INFO: [Synth 8-3333] propagating constant 1 across sequential element (blitterInst/triangleAreaDivisorInst/\n_reg[25] )
INFO: [Synth 8-3333] propagating constant 1 across sequential element (blitterInst/triangleAreaDivisorInst/\n_reg[24] )
INFO: [Synth 8-3333] propagating constant 1 across sequential element (blitterInst/triangleAreaDivisorInst/\n_reg[23] )
INFO: [Synth 8-3333] propagating constant 1 across sequential element (blitterInst/triangleAreaDivisorInst/\n_reg[22] )
INFO: [Synth 8-3333] propagating constant 1 across sequential element (blitterInst/triangleAreaDivisorInst/\n_reg[21] )
INFO: [Synth 8-3333] propagating constant 1 across sequential element (blitterInst/triangleAreaDivisorInst/\n_reg[20] )
INFO: [Synth 8-3333] propagating constant 1 across sequential element (blitterInst/triangleAreaDivisorInst/\n_reg[19] )
INFO: [Synth 8-3333] propagating constant 1 across sequential element (blitterInst/triangleAreaDivisorInst/\n_reg[18] )
INFO: [Synth 8-3333] propagating constant 1 across sequential element (blitterInst/triangleAreaDivisorInst/\n_reg[17] )
INFO: [Synth 8-3333] propagating constant 1 across sequential element (blitterInst/triangleAreaDivisorInst/\n_reg[16] )
INFO: [Common 17-14] Message 'Synth 8-3333' appears 100 times and further instances of the messages will be disabled. Use the Tcl command set_msg_config to change the current settings.
INFO: [Common 17-14] Message 'Synth 8-3333' appears 100 times and further instances of the messages will be disabled. Use the Tcl command set_msg_config to change the current settings.
WARNING: [Synth 8-3332] Sequential element (gouraudWeightACInst/weight_reg[47]) is unused and will be removed from module blitter.
WARNING: [Synth 8-3332] Sequential element (gouraudWeightACInst/weight_reg[46]) is unused and will be removed from module blitter.
WARNING: [Synth 8-3332] Sequential element (gouraudWeightACInst/weight_reg[45]) is unused and will be removed from module blitter.
WARNING: [Synth 8-3332] Sequential element (gouraudWeightACInst/weight_reg[44]) is unused and will be removed from module blitter.
WARNING: [Synth 8-3332] Sequential element (gouraudWeightACInst/weight_reg[43]) is unused and will be removed from module blitter.
WARNING: [Synth 8-3332] Sequential element (gouraudWeightACInst/weight_reg[42]) is unused and will be removed from module blitter.
WARNING: [Synth 8-3332] Sequential element (gouraudWeightACInst/weight_reg[41]) is unused and will be removed from module blitter.
WARNING: [Synth 8-3332] Sequential element (gouraudWeightACInst/weight_reg[40]) is unused and will be removed from module blitter.
WARNING: [Synth 8-3332] Sequential element (gouraudWeightACInst/weight_reg[39]) is unused and will be removed from module blitter.
WARNING: [Synth 8-3332] Sequential element (gouraudWeightACInst/weight_reg[38]) is unused and will be removed from module blitter.
WARNING: [Synth 8-3332] Sequential element (gouraudWeightACInst/weight_reg[37]) is unused and will be removed from module blitter.
WARNING: [Synth 8-3332] Sequential element (gouraudWeightACInst/weight_reg[36]) is unused and will be removed from module blitter.
WARNING: [Synth 8-3332] Sequential element (gouraudWeightACInst/weight_reg[35]) is unused and will be removed from module blitter.
WARNING: [Synth 8-3332] Sequential element (gouraudWeightACInst/weight_reg[34]) is unused and will be removed from module blitter.
WARNING: [Synth 8-3332] Sequential element (gouraudWeightACInst/weight_reg[33]) is unused and will be removed from module blitter.
WARNING: [Synth 8-3332] Sequential element (gouraudWeightACInst/weight_reg[32]) is unused and will be removed from module blitter.
WARNING: [Synth 8-3332] Sequential element (gouraudWeightACInst/weight_reg[31]) is unused and will be removed from module blitter.
WARNING: [Synth 8-3332] Sequential element (gouraudWeightACInst/weight_reg[30]) is unused and will be removed from module blitter.
WARNING: [Synth 8-3332] Sequential element (gouraudWeightACInst/weight_reg[29]) is unused and will be removed from module blitter.
WARNING: [Synth 8-3332] Sequential element (gouraudWeightACInst/weight_reg[28]) is unused and will be removed from module blitter.
WARNING: [Synth 8-3332] Sequential element (gouraudWeightACInst/weight_reg[27]) is unused and will be removed from module blitter.
WARNING: [Synth 8-3332] Sequential element (gouraudWeightACInst/weight_reg[26]) is unused and will be removed from module blitter.
WARNING: [Synth 8-3332] Sequential element (gouraudWeightACInst/weight_reg[25]) is unused and will be removed from module blitter.
WARNING: [Synth 8-3332] Sequential element (gouraudWeightACInst/weight_reg[24]) is unused and will be removed from module blitter.
WARNING: [Synth 8-3332] Sequential element (gouraudWeightACInst/weight_reg[23]) is unused and will be removed from module blitter.
WARNING: [Synth 8-3332] Sequential element (gouraudWeightACInst/weight_reg[22]) is unused and will be removed from module blitter.
WARNING: [Synth 8-3332] Sequential element (gouraudWeightACInst/weight_reg[21]) is unused and will be removed from module blitter.
WARNING: [Synth 8-3332] Sequential element (gouraudWeightACInst/weight_reg[20]) is unused and will be removed from module blitter.
WARNING: [Synth 8-3332] Sequential element (gouraudWeightACInst/weight_reg[19]) is unused and will be removed from module blitter.
WARNING: [Synth 8-3332] Sequential element (gouraudWeightACInst/weight_reg[18]) is unused and will be removed from module blitter.
WARNING: [Synth 8-3332] Sequential element (gouraudWeightACInst/weight_reg[17]) is unused and will be removed from module blitter.
WARNING: [Synth 8-3332] Sequential element (gouraudWeightACInst/weight_reg[16]) is unused and will be removed from module blitter.
WARNING: [Synth 8-3332] Sequential element (gouraudWeightACInst/weight_reg[15]) is unused and will be removed from module blitter.
WARNING: [Synth 8-3332] Sequential element (gouraudWeightACInst/weight_reg[47]__0) is unused and will be removed from module blitter.
WARNING: [Synth 8-3332] Sequential element (gouraudWeightACInst/weight_reg[46]__0) is unused and will be removed from module blitter.
WARNING: [Synth 8-3332] Sequential element (gouraudWeightACInst/weight_reg[45]__0) is unused and will be removed from module blitter.
WARNING: [Synth 8-3332] Sequential element (gouraudWeightACInst/weight_reg[44]__0) is unused and will be removed from module blitter.
WARNING: [Synth 8-3332] Sequential element (gouraudWeightACInst/weight_reg[43]__0) is unused and will be removed from module blitter.
WARNING: [Synth 8-3332] Sequential element (gouraudWeightACInst/weight_reg[42]__0) is unused and will be removed from module blitter.
WARNING: [Synth 8-3332] Sequential element (gouraudWeightACInst/weight_reg[41]__0) is unused and will be removed from module blitter.
WARNING: [Synth 8-3332] Sequential element (gouraudWeightACInst/weight_reg[40]__0) is unused and will be removed from module blitter.
WARNING: [Synth 8-3332] Sequential element (gouraudWeightACInst/weight_reg[39]__0) is unused and will be removed from module blitter.
WARNING: [Synth 8-3332] Sequential element (gouraudWeightACInst/weight_reg[38]__0) is unused and will be removed from module blitter.
WARNING: [Synth 8-3332] Sequential element (gouraudWeightACInst/weight_reg[37]__0) is unused and will be removed from module blitter.
WARNING: [Synth 8-3332] Sequential element (gouraudWeightACInst/weight_reg[36]__0) is unused and will be removed from module blitter.
WARNING: [Synth 8-3332] Sequential element (gouraudWeightACInst/weight_reg[35]__0) is unused and will be removed from module blitter.
WARNING: [Synth 8-3332] Sequential element (gouraudWeightACInst/weight_reg[34]__0) is unused and will be removed from module blitter.
WARNING: [Synth 8-3332] Sequential element (gouraudWeightACInst/weight_reg[33]__0) is unused and will be removed from module blitter.
WARNING: [Synth 8-3332] Sequential element (gouraudWeightACInst/weight_reg[32]__0) is unused and will be removed from module blitter.
WARNING: [Synth 8-3332] Sequential element (gouraudWeightACInst/weight_reg[31]__0) is unused and will be removed from module blitter.
WARNING: [Synth 8-3332] Sequential element (gouraudWeightACInst/weight_reg[30]__0) is unused and will be removed from module blitter.
WARNING: [Synth 8-3332] Sequential element (gouraudWeightACInst/weight_reg[29]__0) is unused and will be removed from module blitter.
WARNING: [Synth 8-3332] Sequential element (gouraudWeightACInst/weight_reg[28]__0) is unused and will be removed from module blitter.
WARNING: [Synth 8-3332] Sequential element (gouraudWeightACInst/weight_reg[27]__0) is unused and will be removed from module blitter.
WARNING: [Synth 8-3332] Sequential element (gouraudWeightACInst/weight_reg[26]__0) is unused and will be removed from module blitter.
WARNING: [Synth 8-3332] Sequential element (gouraudWeightACInst/weight_reg[25]__0) is unused and will be removed from module blitter.
WARNING: [Synth 8-3332] Sequential element (gouraudWeightACInst/weight_reg[24]__0) is unused and will be removed from module blitter.
WARNING: [Synth 8-3332] Sequential element (gouraudWeightACInst/weight_reg[23]__0) is unused and will be removed from module blitter.
WARNING: [Synth 8-3332] Sequential element (gouraudWeightACInst/weight_reg[22]__0) is unused and will be removed from module blitter.
WARNING: [Synth 8-3332] Sequential element (gouraudWeightACInst/weight_reg[21]__0) is unused and will be removed from module blitter.
WARNING: [Synth 8-3332] Sequential element (gouraudWeightACInst/weight_reg[20]__0) is unused and will be removed from module blitter.
WARNING: [Synth 8-3332] Sequential element (gouraudWeightACInst/weight_reg[19]__0) is unused and will be removed from module blitter.
WARNING: [Synth 8-3332] Sequential element (gouraudWeightACInst/weight_reg[18]__0) is unused and will be removed from module blitter.
WARNING: [Synth 8-3332] Sequential element (gouraudWeightACInst/weight_reg[17]__0) is unused and will be removed from module blitter.
WARNING: [Synth 8-3332] Sequential element (gouraudWeightACInst/weight_reg[15]__0) is unused and will be removed from module blitter.
WARNING: [Synth 8-3332] Sequential element (gouraudWeightACInst/weight_reg[14]__0) is unused and will be removed from module blitter.
WARNING: [Synth 8-3332] Sequential element (gouraudWeightACInst/weight_reg[13]__0) is unused and will be removed from module blitter.
WARNING: [Synth 8-3332] Sequential element (gouraudWeightACInst/weight_reg[12]__0) is unused and will be removed from module blitter.
WARNING: [Synth 8-3332] Sequential element (gouraudWeightACInst/weight_reg[11]__0) is unused and will be removed from module blitter.
WARNING: [Synth 8-3332] Sequential element (gouraudWeightACInst/weight_reg[10]__0) is unused and will be removed from module blitter.
WARNING: [Synth 8-3332] Sequential element (gouraudWeightACInst/weight_reg[9]__0) is unused and will be removed from module blitter.
WARNING: [Synth 8-3332] Sequential element (gouraudWeightACInst/weight_reg[8]__0) is unused and will be removed from module blitter.
WARNING: [Synth 8-3332] Sequential element (gouraudWeightACInst/weight_reg[7]__0) is unused and will be removed from module blitter.
WARNING: [Synth 8-3332] Sequential element (gouraudWeightACInst/weight_reg[6]__0) is unused and will be removed from module blitter.
WARNING: [Synth 8-3332] Sequential element (gouraudWeightACInst/weight_reg[5]__0) is unused and will be removed from module blitter.
WARNING: [Synth 8-3332] Sequential element (gouraudWeightACInst/weight_reg[4]__0) is unused and will be removed from module blitter.
WARNING: [Synth 8-3332] Sequential element (gouraudWeightACInst/weight_reg[3]__0) is unused and will be removed from module blitter.
WARNING: [Synth 8-3332] Sequential element (gouraudWeightACInst/weight_reg[2]__0) is unused and will be removed from module blitter.
WARNING: [Synth 8-3332] Sequential element (gouraudWeightACInst/weight_reg[1]__0) is unused and will be removed from module blitter.
WARNING: [Synth 8-3332] Sequential element (gouraudWeightACInst/weight_reg[0]__0) is unused and will be removed from module blitter.
WARNING: [Synth 8-3332] Sequential element (gouraudWeightCBInst/weight_reg[47]) is unused and will be removed from module blitter.
WARNING: [Synth 8-3332] Sequential element (gouraudWeightCBInst/weight_reg[46]) is unused and will be removed from module blitter.
WARNING: [Synth 8-3332] Sequential element (gouraudWeightCBInst/weight_reg[45]) is unused and will be removed from module blitter.
WARNING: [Synth 8-3332] Sequential element (gouraudWeightCBInst/weight_reg[44]) is unused and will be removed from module blitter.
WARNING: [Synth 8-3332] Sequential element (gouraudWeightCBInst/weight_reg[43]) is unused and will be removed from module blitter.
WARNING: [Synth 8-3332] Sequential element (gouraudWeightCBInst/weight_reg[42]) is unused and will be removed from module blitter.
WARNING: [Synth 8-3332] Sequential element (gouraudWeightCBInst/weight_reg[41]) is unused and will be removed from module blitter.
WARNING: [Synth 8-3332] Sequential element (gouraudWeightCBInst/weight_reg[40]) is unused and will be removed from module blitter.
WARNING: [Synth 8-3332] Sequential element (gouraudWeightCBInst/weight_reg[39]) is unused and will be removed from module blitter.
WARNING: [Synth 8-3332] Sequential element (gouraudWeightCBInst/weight_reg[38]) is unused and will be removed from module blitter.
WARNING: [Synth 8-3332] Sequential element (gouraudWeightCBInst/weight_reg[37]) is unused and will be removed from module blitter.
WARNING: [Synth 8-3332] Sequential element (gouraudWeightCBInst/weight_reg[36]) is unused and will be removed from module blitter.
WARNING: [Synth 8-3332] Sequential element (gouraudWeightCBInst/weight_reg[35]) is unused and will be removed from module blitter.
WARNING: [Synth 8-3332] Sequential element (gouraudWeightCBInst/weight_reg[34]) is unused and will be removed from module blitter.
WARNING: [Synth 8-3332] Sequential element (gouraudWeightCBInst/weight_reg[33]) is unused and will be removed from module blitter.
WARNING: [Synth 8-3332] Sequential element (gouraudWeightCBInst/weight_reg[32]) is unused and will be removed from module blitter.
WARNING: [Synth 8-3332] Sequential element (gouraudWeightCBInst/weight_reg[31]) is unused and will be removed from module blitter.
WARNING: [Synth 8-3332] Sequential element (gouraudWeightCBInst/weight_reg[30]) is unused and will be removed from module blitter.
WARNING: [Synth 8-3332] Sequential element (gouraudWeightCBInst/weight_reg[29]) is unused and will be removed from module blitter.
WARNING: [Synth 8-3332] Sequential element (gouraudWeightCBInst/weight_reg[28]) is unused and will be removed from module blitter.
INFO: [Common 17-14] Message 'Synth 8-3332' appears 100 times and further instances of the messages will be disabled. Use the Tcl command set_msg_config to change the current settings.
INFO: [Common 17-14] Message 'Synth 8-3332' appears 100 times and further instances of the messages will be disabled. Use the Tcl command set_msg_config to change the current settings.
INFO: [Synth 8-5546] ROM "csrMip" won't be mapped to RAM because it is too sparse
INFO: [Synth 8-5546] ROM "csrMie" won't be mapped to RAM because it is too sparse
INFO: [Synth 8-5546] ROM "csrMtvec" won't be mapped to RAM because it is too sparse
INFO: [Synth 8-5546] ROM "csrMscratch" won't be mapped to RAM because it is too sparse
INFO: [Synth 8-5546] ROM "csrMepc" won't be mapped to RAM because it is too sparse
INFO: [Synth 8-5546] ROM "csrMcause" won't be mapped to RAM because it is too sparse
INFO: [Synth 8-5546] ROM "csrMtval" won't be mapped to RAM because it is too sparse
INFO: [Synth 8-5845] Not enough pipeline registers after wide multiplier. Recommended levels of pipeline registers is 4 [C:/Users/qubeck/Documents/Development/ProjektyVHDL/WukongBoard/tangerineA7_100/tangerineA7_100.srcs/sources_1/new/nekoRv/nekoRv.vhd:991]
INFO: [Synth 8-5845] Not enough pipeline registers after wide multiplier. Recommended levels of pipeline registers is 4 [C:/Users/qubeck/Documents/Development/ProjektyVHDL/WukongBoard/tangerineA7_100/tangerineA7_100.srcs/sources_1/new/nekoRv/nekoRv.vhd:990]
INFO: [Synth 8-5845] Not enough pipeline registers after wide multiplier. Recommended levels of pipeline registers is 4 [C:/Users/qubeck/Documents/Development/ProjektyVHDL/WukongBoard/tangerineA7_100/tangerineA7_100.srcs/sources_1/new/nekoRv/nekoRv.vhd:989]
INFO: [Synth 8-5546] ROM "csrMip" won't be mapped to RAM because it is too sparse
INFO: [Synth 8-5546] ROM "csrMie" won't be mapped to RAM because it is too sparse
INFO: [Synth 8-5546] ROM "csrMtvec" won't be mapped to RAM because it is too sparse
INFO: [Synth 8-5546] ROM "csrMscratch" won't be mapped to RAM because it is too sparse
INFO: [Synth 8-5546] ROM "csrMepc" won't be mapped to RAM because it is too sparse
INFO: [Synth 8-5546] ROM "csrMcause" won't be mapped to RAM because it is too sparse
INFO: [Synth 8-5546] ROM "csrMtval" won't be mapped to RAM because it is too sparse
DSP Report: Generating DSP resultMuluu0, operation Mode is: A2*B2.
DSP Report: register rs1Val_reg is absorbed into DSP resultMuluu0.
DSP Report: register resultMuluu0 is absorbed into DSP resultMuluu0.
DSP Report: operator resultMuluu0 is absorbed into DSP resultMuluu0.
DSP Report: operator resultMuluu0 is absorbed into DSP resultMuluu0.
DSP Report: Generating DSP resultMuluu0, operation Mode is: (PCIN>>17)+A2*B2.
DSP Report: register rs2Val_reg is absorbed into DSP resultMuluu0.
DSP Report: register rs1Val_reg is absorbed into DSP resultMuluu0.
DSP Report: operator resultMuluu0 is absorbed into DSP resultMuluu0.
DSP Report: operator resultMuluu0 is absorbed into DSP resultMuluu0.
DSP Report: Generating DSP resultMuluu0, operation Mode is: A2*B2.
DSP Report: register resultMuluu0 is absorbed into DSP resultMuluu0.
DSP Report: register resultMuluu0 is absorbed into DSP resultMuluu0.
DSP Report: operator resultMuluu0 is absorbed into DSP resultMuluu0.
DSP Report: operator resultMuluu0 is absorbed into DSP resultMuluu0.
DSP Report: Generating DSP resultMuluu0, operation Mode is: (PCIN>>17)+A2*B2.
DSP Report: register rs2Val_reg is absorbed into DSP resultMuluu0.
DSP Report: register resultMuluu0 is absorbed into DSP resultMuluu0.
DSP Report: operator resultMuluu0 is absorbed into DSP resultMuluu0.
DSP Report: operator resultMuluu0 is absorbed into DSP resultMuluu0.
DSP Report: Generating DSP resultMulsu0, operation Mode is: A2*B2.
DSP Report: register rs1Val_reg is absorbed into DSP resultMulsu0.
DSP Report: register resultMulsu0 is absorbed into DSP resultMulsu0.
DSP Report: operator resultMulsu0 is absorbed into DSP resultMulsu0.
DSP Report: operator resultMulsu0 is absorbed into DSP resultMulsu0.
DSP Report: Generating DSP resultMulsu0, operation Mode is: (PCIN>>17)+A2*B2.
DSP Report: register rs1Val_reg is absorbed into DSP resultMulsu0.
DSP Report: register rs2Val_reg is absorbed into DSP resultMulsu0.
DSP Report: operator resultMulsu0 is absorbed into DSP resultMulsu0.
DSP Report: operator resultMulsu0 is absorbed into DSP resultMulsu0.
DSP Report: Generating DSP resultMulsu0, operation Mode is: A2*B2.
DSP Report: register resultMulsu0 is absorbed into DSP resultMulsu0.
DSP Report: register resultMulsu0 is absorbed into DSP resultMulsu0.
DSP Report: operator resultMulsu0 is absorbed into DSP resultMulsu0.
DSP Report: operator resultMulsu0 is absorbed into DSP resultMulsu0.
DSP Report: Generating DSP resultMulsu0, operation Mode is: (PCIN>>17)+A2*B2.
DSP Report: register rs2Val_reg is absorbed into DSP resultMulsu0.
DSP Report: register resultMulsu0 is absorbed into DSP resultMulsu0.
DSP Report: operator resultMulsu0 is absorbed into DSP resultMulsu0.
DSP Report: operator resultMulsu0 is absorbed into DSP resultMulsu0.
DSP Report: Generating DSP resultMul0, operation Mode is: A2*B2.
DSP Report: register rs1Val_reg is absorbed into DSP resultMul0.
DSP Report: register resultMul0 is absorbed into DSP resultMul0.
DSP Report: operator resultMul0 is absorbed into DSP resultMul0.
DSP Report: operator resultMul0 is absorbed into DSP resultMul0.
DSP Report: Generating DSP resultMul0, operation Mode is: (PCIN>>17)+A2*B2.
DSP Report: register rs2Val_reg is absorbed into DSP resultMul0.
DSP Report: register rs1Val_reg is absorbed into DSP resultMul0.
DSP Report: operator resultMul0 is absorbed into DSP resultMul0.
DSP Report: operator resultMul0 is absorbed into DSP resultMul0.
DSP Report: Generating DSP resultMul0, operation Mode is: A2*B2.
DSP Report: register resultMul0 is absorbed into DSP resultMul0.
DSP Report: register resultMul0 is absorbed into DSP resultMul0.
DSP Report: operator resultMul0 is absorbed into DSP resultMul0.
DSP Report: operator resultMul0 is absorbed into DSP resultMul0.
DSP Report: Generating DSP resultMul0, operation Mode is: (PCIN>>17)+A2*B2.
DSP Report: register rs2Val_reg is absorbed into DSP resultMul0.
DSP Report: register resultMul0 is absorbed into DSP resultMul0.
DSP Report: operator resultMul0 is absorbed into DSP resultMul0.
DSP Report: operator resultMul0 is absorbed into DSP resultMul0.
INFO: [Common 17-14] Message 'Synth 8-3332' appears 100 times and further instances of the messages will be disabled. Use the Tcl command set_msg_config to change the current settings.
---------------------------------------------------------------------------------
Finished Cross Boundary and Area Optimization : Time (s): cpu = 00:00:39 ; elapsed = 00:00:57 . Memory (MB): peak = 2735.867 ; gain = 785.609
---------------------------------------------------------------------------------
---------------------------------------------------------------------------------
Start ROM, RAM, DSP, Shift Register and Retiming Reporting
---------------------------------------------------------------------------------

Distributed RAM: Preliminary Mapping Report (see note below)
+------------+-------------------------+-----------+----------------------+----------------+
|Module Name | RTL Object              | Inference | Size (Depth x Width) | Primitives     | 
+------------+-------------------------+-----------+----------------------+----------------+
|axiDMA__GC0 | cachePageWayCounter_reg | Implied   | 512 x 2              | RAM256X1S x 4  | 
+------------+-------------------------+-----------+----------------------+----------------+

Note: The table above is a preliminary report that shows the Distributed RAMs at the current stage of the synthesis flow. Some Distributed RAMs may be reimplemented as non Distributed RAM primitives later in the synthesis flow. Multiple instantiated RAMs are reported only once.

DSP: Preliminary Mapping Report (see note below. The ' indicates corresponding REG is set)
+------------------+------------------+--------+--------+--------+--------+--------+------+------+------+------+-------+------+------+
|Module Name       | DSP Mapping      | A Size | B Size | C Size | D Size | P Size | AREG | BREG | CREG | DREG | ADREG | MREG | PREG | 
+------------------+------------------+--------+--------+--------+--------+--------+------+------+------+------+-------+------+------+
|gouraudEdge       | (A2*B2)'         | 16     | 16     | -      | -      | 32     | 1    | 1    | -    | -    | -     | 1    | 0    | 
|gouraudEdge       | (PCIN-(A2*B2)')' | 16     | 16     | -      | -      | 32     | 1    | 1    | -    | -    | -     | 1    | 1    | 
|gouraudEdge       | (A2*B2)'         | 16     | 16     | -      | -      | 32     | 1    | 1    | -    | -    | -     | 1    | 0    | 
|gouraudEdge       | (PCIN-(A2*B2)')' | 16     | 16     | -      | -      | 32     | 1    | 1    | -    | -    | -     | 1    | 1    | 
|gouraudEdge       | (A2*B2)'         | 16     | 16     | -      | -      | 32     | 1    | 1    | -    | -    | -     | 1    | 0    | 
|gouraudEdge       | (PCIN-(A2*B2)')' | 16     | 16     | -      | -      | 32     | 1    | 1    | -    | -    | -     | 1    | 1    | 
|gouraudEdge       | (A2*B2)'         | 16     | 16     | -      | -      | 32     | 1    | 1    | -    | -    | -     | 1    | 0    | 
|gouraudEdge       | (PCIN-(A2*B2)')' | 16     | 16     | -      | -      | 32     | 1    | 1    | -    | -    | -     | 1    | 1    | 
|blitter           | C+A*B2           | 16     | 16     | 25     | -      | 25     | 0    | 1    | 0    | -    | -     | 0    | 0    | 
|blitter           | A*B              | 18     | 16     | -      | -      | 48     | 0    | 0    | -    | -    | -     | 0    | 0    | 
|blitter           | (PCIN>>17)+A*B   | 16     | 16     | -      | -      | 48     | 0    | 0    | -    | -    | -     | 0    | 1    | 
|blitter           | A*B              | 18     | 18     | -      | -      | 48     | 0    | 0    | -    | -    | -     | 0    | 0    | 
|blitter           | (PCIN>>17)+A*B   | 18     | 16     | -      | -      | 48     | 0    | 0    | -    | -    | -     | 0    | 1    | 
|blitter           | A*B              | 18     | 16     | -      | -      | 48     | 0    | 0    | -    | -    | -     | 0    | 0    | 
|blitter           | (PCIN>>17)+A*B   | 16     | 16     | -      | -      | 48     | 0    | 0    | -    | -    | -     | 0    | 1    | 
|blitter           | A*B              | 18     | 18     | -      | -      | 48     | 0    | 0    | -    | -    | -     | 0    | 0    | 
|blitter           | (PCIN>>17)+A*B   | 18     | 16     | -      | -      | 48     | 0    | 0    | -    | -    | -     | 0    | 1    | 
|blitter           | A*B              | 18     | 16     | -      | -      | 48     | 0    | 0    | -    | -    | -     | 0    | 0    | 
|blitter           | (PCIN>>17)+A*B   | 16     | 16     | -      | -      | 48     | 0    | 0    | -    | -    | -     | 0    | 1    | 
|blitter           | A*B              | 18     | 18     | -      | -      | 48     | 0    | 0    | -    | -    | -     | 0    | 0    | 
|blitter           | (PCIN>>17)+A*B   | 18     | 16     | -      | -      | 48     | 0    | 0    | -    | -    | -     | 0    | 1    | 
|gouraudIterator   | (A*B)'           | 12     | 8      | -      | -      | 20     | 0    | 0    | -    | -    | -     | 1    | 0    | 
|gouraudIterator   | PCIN+(A*B)'      | 12     | 8      | -      | -      | 20     | 0    | 0    | -    | -    | -     | 1    | 0    | 
|gouraudIterator   | PCIN+(A*B)'      | 12     | 8      | -      | -      | 20     | 0    | 0    | -    | -    | -     | 1    | 0    | 
|gouraudIterator   | (A*B)'           | 12     | 8      | -      | -      | 20     | 0    | 0    | -    | -    | -     | 1    | 0    | 
|gouraudIterator   | PCIN+(A*B)'      | 12     | 8      | -      | -      | 20     | 0    | 0    | -    | -    | -     | 1    | 0    | 
|gouraudIterator   | PCIN+(A*B)'      | 12     | 8      | -      | -      | 20     | 0    | 0    | -    | -    | -     | 1    | 0    | 
|gouraudIterator16 | (A*B)'           | 16     | 12     | -      | -      | 28     | 0    | 0    | -    | -    | -     | 1    | 0    | 
|gouraudIterator16 | PCIN+(A*B)'      | 16     | 12     | -      | -      | 28     | 0    | 0    | -    | -    | -     | 1    | 0    | 
|gouraudIterator16 | PCIN+(A*B)'      | 16     | 12     | -      | -      | 28     | 0    | 0    | -    | -    | -     | 1    | 0    | 
|gouraudIterator   | (A*B)'           | 12     | 8      | -      | -      | 20     | 0    | 0    | -    | -    | -     | 1    | 0    | 
|gouraudIterator   | PCIN+(A*B)'      | 12     | 8      | -      | -      | 20     | 0    | 0    | -    | -    | -     | 1    | 0    | 
|gouraudIterator   | PCIN+(A*B)'      | 12     | 8      | -      | -      | 20     | 0    | 0    | -    | -    | -     | 1    | 0    | 
|nekoRv            | A2*B2            | 18     | 16     | -      | -      | 48     | 1    | 1    | -    | -    | -     | 0    | 0    | 
|nekoRv            | (PCIN>>17)+A2*B2 | 16     | 16     | -      | -      | 48     | 1    | 1    | -    | -    | -     | 0    | 0    | 
|nekoRv            | A2*B2            | 18     | 18     | -      | -      | 48     | 1    | 1    | -    | -    | -     | 0    | 0    | 
|nekoRv            | (PCIN>>17)+A2*B2 | 18     | 16     | -      | -      | 48     | 1    | 1    | -    | -    | -     | 0    | 0    | 
|nekoRv            | A2*B2            | 18     | 15     | -      | -      | 48     | 1    | 1    | -    | -    | -     | 0    | 0    | 
|nekoRv            | (PCIN>>17)+A2*B2 | 16     | 15     | -      | -      | 48     | 1    | 1    | -    | -    | -     | 0    | 0    | 
|nekoRv            | A2*B2            | 18     | 18     | -      | -      | 48     | 1    | 1    | -    | -    | -     | 0    | 0    | 
|nekoRv            | (PCIN>>17)+A2*B2 | 18     | 16     | -      | -      | 48     | 1    | 1    | -    | -    | -     | 0    | 0    | 
|nekoRv            | A2*B2            | 18     | 15     | -      | -      | 48     | 1    | 1    | -    | -    | -     | 0    | 0    | 
|nekoRv            | (PCIN>>17)+A2*B2 | 15     | 15     | -      | -      | 48     | 1    | 1    | -    | -    | -     | 0    | 0    | 
|nekoRv            | A2*B2            | 18     | 18     | -      | -      | 48     | 1    | 1    | -    | -    | -     | 0    | 0    | 
|nekoRv            | (PCIN>>17)+A2*B2 | 18     | 15     | -      | -      | 48     | 1    | 1    | -    | -    | -     | 0    | 0    | 
+------------------+------------------+--------+--------+--------+--------+--------+------+------+------+------+-------+------+------+

Note: The table above is a preliminary report that shows the DSPs inferred at the current stage of the synthesis flow. Some DSP may be reimplemented as non DSP primitives later in the synthesis flow. Multiple instantiated DSPs are reported only once.
---------------------------------------------------------------------------------
Finished ROM, RAM, DSP, Shift Register and Retiming Reporting
---------------------------------------------------------------------------------
---------------------------------------------------------------------------------
Start Applying XDC Timing Constraints
---------------------------------------------------------------------------------
---------------------------------------------------------------------------------
Finished Applying XDC Timing Constraints : Time (s): cpu = 00:00:44 ; elapsed = 00:01:02 . Memory (MB): peak = 2735.867 ; gain = 785.609
---------------------------------------------------------------------------------
---------------------------------------------------------------------------------
Start Timing Optimization
---------------------------------------------------------------------------------
---------------------------------------------------------------------------------
Finished Timing Optimization : Time (s): cpu = 00:00:50 ; elapsed = 00:01:08 . Memory (MB): peak = 2776.223 ; gain = 825.965
---------------------------------------------------------------------------------
---------------------------------------------------------------------------------
Start ROM, RAM, DSP, Shift Register and Retiming Reporting
---------------------------------------------------------------------------------

Distributed RAM: Final Mapping Report
+------------+-------------------------+-----------+----------------------+----------------+
|Module Name | RTL Object              | Inference | Size (Depth x Width) | Primitives     | 
+------------+-------------------------+-----------+----------------------+----------------+
|axiDMA__GC0 | cachePageWayCounter_reg | Implied   | 512 x 2              | RAM256X1S x 4  | 
+------------+-------------------------+-----------+----------------------+----------------+

---------------------------------------------------------------------------------
Finished ROM, RAM, DSP, Shift Register and Retiming Reporting
---------------------------------------------------------------------------------
---------------------------------------------------------------------------------
Start Technology Mapping
---------------------------------------------------------------------------------
INFO: [Synth 8-5844] Detected registers with asynchronous reset at DSP/BRAM block boundary. Consider using synchronous reset for optimal packing [C:/Users/qubeck/Documents/Development/ProjektyVHDL/WukongBoard/tangerineA7_100/tangerineA7_100.srcs/sources_1/new/blitter/blitter.vhd:416]
INFO: [Synth 8-5844] Detected registers with asynchronous reset at DSP/BRAM block boundary. Consider using synchronous reset for optimal packing [C:/Users/qubeck/Documents/Development/ProjektyVHDL/WukongBoard/tangerineA7_100/tangerineA7_100.srcs/sources_1/new/blitter/blitter.vhd:414]
INFO: [Synth 8-5844] Detected registers with asynchronous reset at DSP/BRAM block boundary. Consider using synchronous reset for optimal packing [C:/Users/qubeck/Documents/Development/ProjektyVHDL/WukongBoard/tangerineA7_100/tangerineA7_100.srcs/sources_1/new/blitter/blitter.vhd:455]
INFO: [Synth 8-5844] Detected registers with asynchronous reset at DSP/BRAM block boundary. Consider using synchronous reset for optimal packing [C:/Users/qubeck/Documents/Development/ProjektyVHDL/WukongBoard/tangerineA7_100/tangerineA7_100.srcs/sources_1/new/blitter/blitter.vhd:441]
INFO: [Synth 8-5844] Detected registers with asynchronous reset at DSP/BRAM block boundary. Consider using synchronous reset for optimal packing [C:/Users/qubeck/Documents/Development/ProjektyVHDL/WukongBoard/tangerineA7_100/tangerineA7_100.srcs/sources_1/new/blitter/blitter.vhd:448]
INFO: [Synth 8-5844] Detected registers with asynchronous reset at DSP/BRAM block boundary. Consider using synchronous reset for optimal packing [C:/Users/qubeck/Documents/Development/ProjektyVHDL/WukongBoard/tangerineA7_100/tangerineA7_100.srcs/sources_1/new/blitter/blitter.vhd:456]
INFO: [Synth 8-5844] Detected registers with asynchronous reset at DSP/BRAM block boundary. Consider using synchronous reset for optimal packing [C:/Users/qubeck/Documents/Development/ProjektyVHDL/WukongBoard/tangerineA7_100/tangerineA7_100.srcs/sources_1/new/blitter/blitter.vhd:442]
INFO: [Synth 8-5844] Detected registers with asynchronous reset at DSP/BRAM block boundary. Consider using synchronous reset for optimal packing [C:/Users/qubeck/Documents/Development/ProjektyVHDL/WukongBoard/tangerineA7_100/tangerineA7_100.srcs/sources_1/new/blitter/blitter.vhd:449]
INFO: [Synth 8-5844] Detected registers with asynchronous reset at DSP/BRAM block boundary. Consider using synchronous reset for optimal packing [C:/Users/qubeck/Documents/Development/ProjektyVHDL/WukongBoard/tangerineA7_100/tangerineA7_100.srcs/sources_1/new/blitter/blitter.vhd:454]
INFO: [Synth 8-5844] Detected registers with asynchronous reset at DSP/BRAM block boundary. Consider using synchronous reset for optimal packing [C:/Users/qubeck/Documents/Development/ProjektyVHDL/WukongBoard/tangerineA7_100/tangerineA7_100.srcs/sources_1/new/blitter/blitter.vhd:440]
INFO: [Synth 8-5844] Detected registers with asynchronous reset at DSP/BRAM block boundary. Consider using synchronous reset for optimal packing [C:/Users/qubeck/Documents/Development/ProjektyVHDL/WukongBoard/tangerineA7_100/tangerineA7_100.srcs/sources_1/new/blitter/blitter.vhd:447]
INFO: [Synth 8-5844] Detected registers with asynchronous reset at DSP/BRAM block boundary. Consider using synchronous reset for optimal packing [C:/Users/qubeck/Documents/Development/ProjektyVHDL/WukongBoard/tangerineA7_100/tangerineA7_100.srcs/sources_1/new/blitter/blitter.vhd:457]
INFO: [Synth 8-5844] Detected registers with asynchronous reset at DSP/BRAM block boundary. Consider using synchronous reset for optimal packing [C:/Users/qubeck/Documents/Development/ProjektyVHDL/WukongBoard/tangerineA7_100/tangerineA7_100.srcs/sources_1/new/blitter/blitter.vhd:443]
INFO: [Synth 8-5844] Detected registers with asynchronous reset at DSP/BRAM block boundary. Consider using synchronous reset for optimal packing [C:/Users/qubeck/Documents/Development/ProjektyVHDL/WukongBoard/tangerineA7_100/tangerineA7_100.srcs/sources_1/new/blitter/blitter.vhd:450]
INFO: [Synth 8-5844] Detected registers with asynchronous reset at DSP/BRAM block boundary. Consider using synchronous reset for optimal packing [C:/Users/qubeck/Documents/Development/ProjektyVHDL/WukongBoard/tangerineA7_100/tangerineA7_100.srcs/sources_1/new/nekoRv/nekoRv.vhd:374]
INFO: [Synth 8-5844] Detected registers with asynchronous reset at DSP/BRAM block boundary. Consider using synchronous reset for optimal packing [C:/Users/qubeck/Documents/Development/ProjektyVHDL/WukongBoard/tangerineA7_100/tangerineA7_100.srcs/sources_1/new/nekoRv/nekoRv.vhd:374]
INFO: [Synth 8-5844] Detected registers with asynchronous reset at DSP/BRAM block boundary. Consider using synchronous reset for optimal packing [C:/Users/qubeck/Documents/Development/ProjektyVHDL/WukongBoard/tangerineA7_100/tangerineA7_100.srcs/sources_1/new/nekoRv/nekoRv.vhd:373]
INFO: [Synth 8-5844] Detected registers with asynchronous reset at DSP/BRAM block boundary. Consider using synchronous reset for optimal packing [C:/Users/qubeck/Documents/Development/ProjektyVHDL/WukongBoard/tangerineA7_100/tangerineA7_100.srcs/sources_1/new/nekoRv/nekoRv.vhd:373]
INFO: [Synth 8-5844] Detected registers with asynchronous reset at DSP/BRAM block boundary. Consider using synchronous reset for optimal packing [C:/Users/qubeck/Documents/Development/ProjektyVHDL/WukongBoard/tangerineA7_100/tangerineA7_100.srcs/sources_1/new/nekoRv/nekoRv.vhd:372]
INFO: [Synth 8-5844] Detected registers with asynchronous reset at DSP/BRAM block boundary. Consider using synchronous reset for optimal packing [C:/Users/qubeck/Documents/Development/ProjektyVHDL/WukongBoard/tangerineA7_100/tangerineA7_100.srcs/sources_1/new/nekoRv/nekoRv.vhd:372]
---------------------------------------------------------------------------------
Finished Technology Mapping : Time (s): cpu = 00:00:57 ; elapsed = 00:01:22 . Memory (MB): peak = 2785.184 ; gain = 834.926
---------------------------------------------------------------------------------
---------------------------------------------------------------------------------
Start IO Insertion
---------------------------------------------------------------------------------
---------------------------------------------------------------------------------
Start Flattening Before IO Insertion
---------------------------------------------------------------------------------
---------------------------------------------------------------------------------
Finished Flattening Before IO Insertion
---------------------------------------------------------------------------------
---------------------------------------------------------------------------------
Start Final Netlist Cleanup
---------------------------------------------------------------------------------
---------------------------------------------------------------------------------
Finished Final Netlist Cleanup
---------------------------------------------------------------------------------
---------------------------------------------------------------------------------
Finished IO Insertion : Time (s): cpu = 00:01:03 ; elapsed = 00:01:29 . Memory (MB): peak = 2785.184 ; gain = 834.926
---------------------------------------------------------------------------------
---------------------------------------------------------------------------------
Start Renaming Generated Instances
---------------------------------------------------------------------------------
---------------------------------------------------------------------------------
Finished Renaming Generated Instances : Time (s): cpu = 00:01:03 ; elapsed = 00:01:29 . Memory (MB): peak = 2785.184 ; gain = 834.926
---------------------------------------------------------------------------------
---------------------------------------------------------------------------------
Start Handling Custom Attributes
---------------------------------------------------------------------------------
---------------------------------------------------------------------------------
Finished Handling Custom Attributes : Time (s): cpu = 00:01:04 ; elapsed = 00:01:29 . Memory (MB): peak = 2785.184 ; gain = 834.926
---------------------------------------------------------------------------------
---------------------------------------------------------------------------------
Start Writing Synthesis Report
---------------------------------------------------------------------------------

DSP Final Report (the ' indicates corresponding REG is set)
+------------------+--------------------+--------+--------+--------+--------+--------+------+------+------+------+-------+------+------+
|Module Name       | DSP Mapping        | A Size | B Size | C Size | D Size | P Size | AREG | BREG | CREG | DREG | ADREG | MREG | PREG | 
+------------------+--------------------+--------+--------+--------+--------+--------+------+------+------+------+-------+------+------+
|gouraudEdge       | (A'*B')'           | 30     | 18     | -      | -      | 0      | 1    | 1    | -    | -    | -     | 0    | 1    | 
|gouraudEdge       | (PCIN-((A'*B')'))' | 30     | 18     | -      | -      | 32     | 1    | 1    | -    | -    | -     | 1    | 1    | 
|gouraudEdge       | (A'*B')'           | 30     | 18     | -      | -      | 0      | 1    | 1    | -    | -    | -     | 0    | 1    | 
|gouraudEdge       | (PCIN-((A'*B')'))' | 30     | 18     | -      | -      | 32     | 1    | 1    | -    | -    | -     | 1    | 1    | 
|gouraudEdge       | (A'*B')'           | 30     | 18     | -      | -      | 0      | 1    | 1    | -    | -    | -     | 0    | 1    | 
|gouraudEdge       | (PCIN-((A'*B')'))' | 30     | 18     | -      | -      | 32     | 1    | 1    | -    | -    | -     | 1    | 1    | 
|gouraudEdge       | (A'*B')'           | 30     | 18     | -      | -      | 0      | 1    | 1    | -    | -    | -     | 0    | 1    | 
|gouraudEdge       | (PCIN-((A'*B')'))' | 30     | 18     | -      | -      | 32     | 1    | 1    | -    | -    | -     | 1    | 1    | 
|blitter           | C+A*B'             | 16     | 16     | 25     | -      | 25     | 0    | 1    | 1    | -    | -     | 0    | 0    | 
|blitter           | (A''*B)'           | 17     | 15     | -      | -      | 48     | 2    | 0    | -    | -    | -     | 0    | 1    | 
|blitter           | A*B''              | 17     | 17     | -      | -      | 48     | 0    | 2    | -    | -    | -     | 0    | 0    | 
|blitter           | (PCIN>>17+A*B'')'  | 0      | 15     | -      | -      | 48     | 0    | 2    | -    | -    | -     | 0    | 1    | 
|blitter           | (A''*B)'           | 17     | 15     | -      | -      | 48     | 2    | 0    | -    | -    | -     | 0    | 1    | 
|blitter           | A*B''              | 17     | 17     | -      | -      | 48     | 0    | 2    | -    | -    | -     | 0    | 0    | 
|blitter           | (PCIN>>17+A*B'')'  | 0      | 15     | -      | -      | 48     | 0    | 2    | -    | -    | -     | 0    | 1    | 
|blitter           | (A''*B)'           | 17     | 15     | -      | -      | 48     | 2    | 0    | -    | -    | -     | 0    | 1    | 
|blitter           | A*B''              | 17     | 17     | -      | -      | 48     | 0    | 2    | -    | -    | -     | 0    | 0    | 
|blitter           | (PCIN>>17+A*B'')'  | 0      | 15     | -      | -      | 48     | 0    | 2    | -    | -    | -     | 0    | 1    | 
|gouraudIterator   | (A*B)'             | 12     | 8      | -      | -      | 20     | 0    | 0    | -    | -    | -     | 0    | 1    | 
|gouraudIterator   | PCIN+(A*B)'        | 12     | 8      | -      | -      | 20     | 0    | 0    | -    | -    | -     | 1    | 0    | 
|gouraudIterator   | (PCIN+(A*B)')'     | 12     | 8      | -      | -      | 20     | 0    | 0    | -    | -    | -     | 1    | 1    | 
|gouraudIterator   | (A*B)'             | 12     | 8      | -      | -      | 20     | 0    | 0    | -    | -    | -     | 0    | 1    | 
|gouraudIterator   | PCIN+(A*B)'        | 12     | 8      | -      | -      | 20     | 0    | 0    | -    | -    | -     | 1    | 0    | 
|gouraudIterator   | (PCIN+(A*B)')'     | 12     | 8      | -      | -      | 20     | 0    | 0    | -    | -    | -     | 1    | 1    | 
|gouraudIterator16 | (A*B)'             | 16     | 12     | -      | -      | 28     | 0    | 0    | -    | -    | -     | 0    | 1    | 
|gouraudIterator16 | PCIN+(A*B)'        | 16     | 12     | -      | -      | 28     | 0    | 0    | -    | -    | -     | 1    | 0    | 
|gouraudIterator16 | (PCIN+(A*B)')'     | 16     | 12     | -      | -      | 28     | 0    | 0    | -    | -    | -     | 1    | 1    | 
|gouraudIterator   | (A*B)'             | 12     | 8      | -      | -      | 20     | 0    | 0    | -    | -    | -     | 0    | 1    | 
|gouraudIterator   | PCIN+(A*B)'        | 12     | 8      | -      | -      | 20     | 0    | 0    | -    | -    | -     | 1    | 0    | 
|gouraudIterator   | (PCIN+(A*B)')'     | 12     | 8      | -      | -      | 20     | 0    | 0    | -    | -    | -     | 1    | 1    | 
|nekoRv            | A'*B'              | 17     | 15     | -      | -      | 48     | 1    | 1    | -    | -    | -     | 0    | 0    | 
|nekoRv            | (PCIN>>17+A'*B')'  | 15     | 15     | -      | -      | 48     | 1    | 1    | -    | -    | -     | 0    | 1    | 
|nekoRv            | A'*B'              | 17     | 17     | -      | -      | 48     | 1    | 1    | -    | -    | -     | 0    | 0    | 
|nekoRv            | (PCIN>>17+A'*B')'  | 17     | 15     | -      | -      | 48     | 1    | 1    | -    | -    | -     | 0    | 1    | 
|nekoRv            | A'*B'              | 17     | 18     | -      | -      | 48     | 1    | 1    | -    | -    | -     | 0    | 0    | 
|nekoRv            | (PCIN>>17+A'*B')'  | 15     | 18     | -      | -      | 48     | 1    | 1    | -    | -    | -     | 0    | 1    | 
|nekoRv            | A'*B'              | 17     | 17     | -      | -      | 48     | 1    | 1    | -    | -    | -     | 0    | 0    | 
|nekoRv            | (PCIN>>17+A'*B')'  | 17     | 15     | -      | -      | 48     | 1    | 1    | -    | -    | -     | 0    | 1    | 
|nekoRv            | A'*B'              | 17     | 18     | -      | -      | 48     | 1    | 1    | -    | -    | -     | 0    | 0    | 
|nekoRv            | (PCIN>>17+A'*B')'  | 30     | 18     | -      | -      | 48     | 1    | 1    | -    | -    | -     | 0    | 1    | 
|nekoRv            | A'*B'              | 17     | 17     | -      | -      | 48     | 1    | 1    | -    | -    | -     | 0    | 0    | 
|nekoRv            | (PCIN>>17+A'*B')'  | 17     | 18     | -      | -      | 48     | 1    | 1    | -    | -    | -     | 0    | 1    | 
+------------------+--------------------+--------+--------+--------+--------+--------+------+------+------+------+-------+------+------+


Report BlackBoxes: 
+------+----------------------+----------+
|      |BlackBox name         |Instances |
+------+----------------------+----------+
|1     |dmaCh1BufRam          |         1|
|2     |cacheDataRam          |         4|
|3     |cacheTagRam           |         4|
|4     |fontPROM              |         1|
|5     |uartFiFo              |         1|
|6     |ps2ControllerFifo     |         2|
|7     |i2sControllerFifo     |         1|
|8     |systemRam             |         2|
|9     |dmaCh2BufRam          |         1|
|10    |fastRam               |         1|
|11    |fpAddSub              |         1|
|12    |fpMul                 |         1|
|13    |fpDiv                 |         1|
|14    |mig_7series_tangerine |         1|
+------+----------------------+----------+

Report Cell Usage: 
+------+----------------------+------+
|      |Cell                  |Count |
+------+----------------------+------+
|1     |cacheDataRam          |     4|
|5     |cacheTagRam           |     4|
|9     |dmaCh1BufRam          |     1|
|10    |dmaCh2BufRam          |     1|
|11    |fastRam               |     1|
|12    |fontPROM              |     1|
|13    |fpAddSub              |     1|
|14    |fpDiv                 |     1|
|15    |fpMul                 |     1|
|16    |i2sControllerFifo     |     1|
|17    |mig_7series_tangerine |     1|
|18    |ps2ControllerFifo     |     2|
|20    |systemRam             |     2|
|22    |uartFiFo              |     1|
|23    |BUFG                  |    14|
|24    |CARRY4                |   640|
|25    |DSP48E1               |    42|
|36    |LUT1                  |   423|
|37    |LUT2                  |  1675|
|38    |LUT3                  |  1227|
|39    |LUT4                  |  3540|
|40    |LUT5                  |  1837|
|41    |LUT6                  | 10483|
|42    |MMCME2_ADV            |     3|
|43    |MUXF7                 |   585|
|44    |MUXF8                 |   134|
|45    |ODDR2                 |     4|
|46    |RAM256X1S             |     4|
|47    |FDCE                  |  1599|
|48    |FDPE                  |    41|
|49    |FDRE                  |  7737|
|50    |FDSE                  |   144|
|51    |IBUF                  |     6|
|52    |IOBUF                 |     4|
|53    |OBUF                  |    10|
|54    |OBUFDS                |     4|
+------+----------------------+------+
---------------------------------------------------------------------------------
Finished Writing Synthesis Report : Time (s): cpu = 00:01:04 ; elapsed = 00:01:29 . Memory (MB): peak = 2785.184 ; gain = 834.926
---------------------------------------------------------------------------------
Synthesis finished with 0 errors, 0 critical warnings and 315 warnings.
Synthesis Optimization Runtime : Time (s): cpu = 00:00:53 ; elapsed = 00:01:26 . Memory (MB): peak = 2785.184 ; gain = 700.570
Synthesis Optimization Complete : Time (s): cpu = 00:01:04 ; elapsed = 00:01:30 . Memory (MB): peak = 2785.184 ; gain = 834.926
INFO: [Project 1-571] Translating synthesized netlist
Netlist sorting complete. Time (s): cpu = 00:00:00 ; elapsed = 00:00:00.157 . Memory (MB): peak = 2791.902 ; gain = 0.000
INFO: [Netlist 29-17] Analyzing 1420 Unisim elements for replacement
WARNING: [Netlist 29-151] Pin 'C1' on instance 'tangerineA7_100_i/hdmiOut_0/inst/dvidInst/ODDR2_blue' of cell type 'ODDR2' does not have an equivalent function on the new cell type 'ODDR'. Net 'pixelClkx5Ps' that is connected to this pin will not be connected to the replacement instance.
WARNING: [Netlist 29-151] Pin 'C1' on instance 'tangerineA7_100_i/hdmiOut_0/inst/dvidInst/ODDR2_clock' of cell type 'ODDR2' does not have an equivalent function on the new cell type 'ODDR'. Net 'pixelClkx5Ps' that is connected to this pin will not be connected to the replacement instance.
WARNING: [Netlist 29-151] Pin 'C1' on instance 'tangerineA7_100_i/hdmiOut_0/inst/dvidInst/ODDR2_green' of cell type 'ODDR2' does not have an equivalent function on the new cell type 'ODDR'. Net 'pixelClkx5Ps' that is connected to this pin will not be connected to the replacement instance.
WARNING: [Netlist 29-151] Pin 'C1' on instance 'tangerineA7_100_i/hdmiOut_0/inst/dvidInst/ODDR2_red' of cell type 'ODDR2' does not have an equivalent function on the new cell type 'ODDR'. Net 'pixelClkx5Ps' that is connected to this pin will not be connected to the replacement instance.
INFO: [Netlist 29-28] Unisim Transformation completed in 0 CPU seconds
WARNING: [Netlist 29-101] Netlist 'tangerineA7_100_wrapper' is not ideal for floorplanning, since the cellview 'tangerineA7_100_tangerineSOC_0_0' contains a large number of primitives.  Please consider enabling hierarchy in synthesis if you want to do floorplanning.
INFO: [Project 1-570] Preparing netlist for logic optimization
INFO: [Opt 31-138] Pushed 0 inverter(s) to 0 load pin(s).
Netlist sorting complete. Time (s): cpu = 00:00:00 ; elapsed = 00:00:00.003 . Memory (MB): peak = 2802.535 ; gain = 0.000
INFO: [Project 1-111] Unisim Transformation Summary:
  A total of 16 instances were transformed.
  IOBUF => IOBUF (IBUF, OBUFT): 4 instances
  OBUFDS => OBUFDS_DUAL_BUF (INV, OBUFDS(x2)): 4 instances
  ODDR2 => ODDR: 4 instances
  RAM256X1S => RAM256X1S (MUXF7(x2), MUXF8, RAMS64E(x4)): 4 instances

Synth Design complete | Checksum: 888cdc3
INFO: [Common 17-83] Releasing license: Synthesis
421 Infos, 263 Warnings, 4 Critical Warnings and 0 Errors encountered.
synth_design completed successfully
synth_design: Time (s): cpu = 00:01:08 ; elapsed = 00:01:35 . Memory (MB): peak = 2802.535 ; gain = 1262.715
INFO: [runtcl-6] Synthesis results are not added to the cache due to CRITICAL_WARNING
INFO: [Common 17-1381] The checkpoint 'C:/Users/qubeck/Documents/Development/ProjektyVHDL/WukongBoard/tangerineA7_100/tangerineA7_100.runs/synth_2/tangerineA7_100_wrapper.dcp' has been generated.
INFO: [runtcl-4] Executing : report_utilization -file tangerineA7_100_wrapper_utilization_synth.rpt -pb tangerineA7_100_wrapper_utilization_synth.pb
INFO: [Common 17-206] Exiting Vivado at Fri Feb 28 17:53:26 2025...
